[?2004h]11;?[?u[c[?2004h]0;⌘ Command Code · orch-go · deepseek-v4-flash-(latest)]2;⌘ Command Code · orch-go · deepseek-v4-flash-(latest)[?2026h[48;2;43;39;88m[38;2;43;39;88m                                                                      [39m[49m
[48;2;43;39;88m[38;2;43;39;88m   [38;2;177;186;249m███████[38;2;43;39;88m [38;2;177;186;249m███████[38;2;43;39;88m [38;2;177;186;249m███████████[38;2;43;39;88m [38;2;177;186;249m███████████[38;2;43;39;88m [38;2;177;186;249m███████[38;2;43;39;88m [38;2;177;186;249m████████[38;2;43;39;88m    [38;2;177;186;249m████[38;2;43;39;88m   [39m[49m
[48;2;43;39;88m[38;2;43;39;88m   [38;2;177;186;249m███[38;2;43;39;88m [38;2;177;186;249m███[38;2;43;39;88m [38;2;177;186;249m██[38;2;43;39;88m  [38;2;177;186;249m███[38;2;43;39;88m [38;2;177;186;249m███[38;2;43;39;88m [38;2;177;186;249m███[38;2;43;39;88m [38;2;177;186;249m███[38;2;43;39;88m [38;2;177;186;249m███[38;2;43;39;88m [38;2;177;186;249m███[38;2;43;39;88m [38;2;177;186;249m███[38;2;43;39;88m [38;2;177;186;249m███[38;2;43;39;88m [38;2;177;186;249m███[38;2;43;39;88m [38;2;177;186;249m███[38;2;43;39;88m  [38;2;177;186;249m███[38;2;43;39;88m [38;2;177;186;249m███████[38;2;43;39;88m   [39m[49m
[48;2;43;39;88m[38;2;43;39;88m   [38;2;177;186;249m███[38;2;43;39;88m     [38;2;177;186;249m██[38;2;43;39;88m  [38;2;177;186;249m███[38;2;43;39;88m [38;2;177;186;249m███[38;2;43;39;88m [38;2;177;186;249m███[38;2;43;39;88m [38;2;177;186;249m███[38;2;43;39;88m [38;2;177;186;249m███[38;2;43;39;88m [38;2;177;186;249m███[38;2;43;39;88m [38;2;177;186;249m███[38;2;43;39;88m [38;2;177;186;249m███████[38;2;43;39;88m [38;2;177;186;249m███[38;2;43;39;88m  [38;2;177;186;249m███[38;2;43;39;88m [38;2;177;186;249m███[38;2;43;39;88m [38;2;177;186;249m███[38;2;43;39;88m   [39m[49m
[48;2;43;39;88m[38;2;43;39;88m   [38;2;177;186;249m███[38;2;43;39;88m [38;2;177;186;249m███[38;2;43;39;88m [38;2;177;186;249m██[38;2;43;39;88m  [38;2;177;186;249m███[38;2;43;39;88m [38;2;177;186;249m███[38;2;43;39;88m [38;2;177;186;249m███[38;2;43;39;88m [38;2;177;186;249m███[38;2;43;39;88m [38;2;177;186;249m███[38;2;43;39;88m [38;2;177;186;249m███[38;2;43;39;88m [38;2;177;186;249m███[38;2;43;39;88m [38;2;177;186;249m███████[38;2;43;39;88m [38;2;177;186;249m███[38;2;43;39;88m  [38;2;177;186;249m███[38;2;43;39;88m [38;2;177;186;249m███[38;2;43;39;88m [38;2;177;186;249m███[38;2;43;39;88m   [39m[49m
[48;2;43;39;88m[38;2;43;39;88m   [38;2;177;186;249m███████[38;2;43;39;88m [38;2;177;186;249m███████[38;2;43;39;88m [38;2;177;186;249m███[38;2;43;39;88m [38;2;177;186;249m███[38;2;43;39;88m [38;2;177;186;249m███[38;2;43;39;88m [38;2;177;186;249m███[38;2;43;39;88m [38;2;177;186;249m███[38;2;43;39;88m [38;2;177;186;249m███[38;2;43;39;88m [38;2;177;186;249m███[38;2;43;39;88m [38;2;177;186;249m███[38;2;43;39;88m [38;2;177;186;249m███[38;2;43;39;88m  [38;2;177;186;249m███[38;2;43;39;88m [38;2;177;186;249m███████[38;2;43;39;88m   [39m[49m
[48;2;43;39;88m[38;2;43;39;88m                                                                      [39m[49m

[38;2;138;148;168m# [39m[1mCommand Code[22m[38;2;138;148;168m v1.58.1[39m
[38;2;138;148;168m# models: deepseek-v4-flash-(latest) · taste-1[39m
[38;2;138;148;168m# ~/Developer/orch-go[39m

[?25l[?2026h[38;2;138;148;168m────────────────────────────────────────────────────────────────────────────────[39m
❯ [7mA[27m[38;2;138;148;168msk your question...[39m
[38;2;138;148;168m────────────────────────────────────────────────────────────────────────────────[39m
  [38;2;138;148;168m? for shortcuts[39m



[?2026l[?2026l[?2026h[2K[1A[2K[1A[2K[1A[2K[1A[2K[1A[2K[1A[2K[1A[2K[G[38;2;138;148;168m────────────────────────────────────────────────────────────────────────────────[39m
❯ [7mA[27m[38;2;138;148;168msk your question...[39m
[38;2;138;148;168m────────────────────────────────────────────────────────────────────────────────[39m
  [38;2;138;148;168m? for shortcuts · [38;2;2;136;142mtaste on[39m



[?2026l[?2026h[2K[1A[2K[1A[2K[1A[2K[1A[2K[1A[2K[1A[2K[1A[2K[G[1m[48;2;45;43;85m[38;2;165;153;233m❯[39m[22m [38;2;229;229;229mYou are the IMPLEMENTATION REVIEW stage of an orch build workflow. [39m   [49m
[48;2;45;43;85m  [38;2;229;229;229mVerify the work that was just done.[39m                                   [49m
[48;2;45;43;85m                                                                        [49m
[48;2;45;43;85m  [38;2;229;229;229mTask:[39m                                                                 [49m
[48;2;45;43;85m  [38;2;229;229;229mAdd a simple README.md that documents the orch CLI commands and the [39m  [49m
[48;2;45;43;85m  [38;2;229;229;229mthree supported agents. Do not modify Go source files.[39m                [49m
[48;2;45;43;85m                                                                        [49m
[48;2;45;43;85m  [38;2;229;229;229mRepository: /Users/najmiraihan/Developer/orch-go[39m                      [49m
[48;2;45;43;85m                                                                        [49m
[48;2;45;43;85m  [38;2;229;229;229m--- plan: [39m                                                            [49m
[48;2;45;43;85m  [38;2;229;229;229m/Users/najmiraihan/Developer/orch-go/.orch/20260921-170242/1-plan.md [39m [49m
[48;2;45;43;85m  [38;2;229;229;229m---[39m                                                                   [49m
[48;2;45;43;85m  [38;2;229;229;229m# Implementation Plan: README.md for orch[39m                             [49m
[48;2;45;43;85m                                                                        [49m
[48;2;45;43;85m  [38;2;229;229;229m## Objective[39m                                                          [49m
[48;2;45;43;85m  [38;2;229;229;229mAdd a concise, comprehensive `README.md` to the root of the repository[39m[49m
[48;2;45;43;85m  [38;2;229;229;229m (`/Users/najmiraihan/Developer/orch-go/README.md`) documenting the [39m  [49m
[48;2;45;43;85m  [38;2;229;229;229m`orch` CLI commands, usage patterns, and the three supported coding [39m  [49m
[48;2;45;43;85m  [38;2;229;229;229magents (`agy`, `command-code`, `copilot`), adhering strictly to the [39m  [49m
[48;2;45;43;85m  [38;2;229;229;229mconstraint of not modifying any Go source files.[39m                      [49m
[48;2;45;43;85m                                                                        [49m
[48;2;45;43;85m  [38;2;229;229;229m---[39m                                                                   [49m
[48;2;45;43;85m                                                                        [49m
[48;2;45;43;85m  [38;2;229;229;229m## 1. Scope & Constraints[39m                                             [49m
[48;2;45;43;85m  [38;2;229;229;229m- **Target File**: `README.md` (root directory).[39m                      [49m
[48;2;45;43;85m  [38;2;229;229;229m- **Zero Go Changes**: Do not touch or modify any `*.go` files.[39m       [49m
[48;2;45;43;85m  [38;2;229;229;229m- **Accuracy**: Base documentation directly on actual implementation [39m [49m
[48;2;45;43;85m  [38;2;229;229;229min `main.go`, `agent.go`, and `build.go`.[39m                             [49m
[48;2;45;43;85m  [38;2;229;229;229m- **Tone & Style**: Direct, clean, minimal (Ponytail style).[39m          [49m
[48;2;45;43;85m                                                                        [49m
[48;2;45;43;85m  [38;2;229;229;229m---[39m                                                                   [49m
[48;2;45;43;85m                                                                        [49m
[48;2;45;43;85m  [38;2;229;229;229m## 2. Content Structure for `README.md`[39m                               [49m
[48;2;45;43;85m                                                                        [49m
[48;2;45;43;85m  [38;2;229;229;229m### 2.1 Header & Overview[39m                                             [49m
[48;2;45;43;85m  [38;2;229;229;229m- What `orch` is: A minimal Go CLI orchestrator that runs coding [39m     [49m
[48;2;45;43;85m  [38;2;229;229;229magents in real pseudo-terminals (PTYs), preserving native terminal UIs[39m[49m
[48;2;45;43;85m  [38;2;229;229;229m and interactive permission prompts verbatim.[39m                         [49m
[48;2;45;43;85m  [38;2;229;229;229m- Key philosophy:[39m                                                     [49m
[48;2;45;43;85m  [38;2;229;229;229m  - Real PTY allocation and raw mode terminal handling.[39m               [49m
[48;2;45;43;85m  [38;2;229;229;229m  - Zero permission bypass: does not pass [39m                            [49m
[48;2;45;43;85m  [38;2;229;229;229m`--dangerously-skip-permissions`, `--yolo`, `--auto-accept`, [39m         [49m
[48;2;45;43;85m  [38;2;229;229;229m`--trust`, etc.[39m                                                       [49m
[48;2;45;43;85m  [38;2;229;229;229m  - Sequential execution: agents run one after another, each owning [39m  [49m
[48;2;45;43;85m  [38;2;229;229;229mthe terminal.[39m                                                         [49m
[48;2;45;43;85m                                                                        [49m
[48;2;45;43;85m  [38;2;229;229;229m### 2.2 Supported Agents[39m                                              [49m
[48;2;45;43;85m  [38;2;229;229;229mDocument the three supported agents and their CLI integrations:[39m       [49m
[48;2;45;43;85m  [38;2;229;229;229m1. **`agy`**: Google Antigravity CLI (native terminal UI).[39m            [49m
[48;2;45;43;85m  [38;2;229;229;229m   - Binary: `agy`[39m                                                    [49m
[48;2;45;43;85m  [38;2;229;229;229m   - Prompt flag: `--prompt-interactive <text>`[39m                       [49m
[48;2;45;43;85m  [38;2;229;229;229m   - Continue flag: `--continue`[39m                                      [49m
[48;2;45;43;85m  [38;2;229;229;229m2. **`command-code`**: Command Code coding agent.[39m                     [49m
[48;2;45;43;85m  [38;2;229;229;229m   - Binary: `command-code`[39m                                           [49m
[48;2;45;43;85m  [38;2;229;229;229m   - Prompt: Positional argument[39m                                      [49m
[48;2;45;43;85m  [38;2;229;229;229m   - Continue flag: `--continue`[39m                                      [49m
[48;2;45;43;85m  [38;2;229;229;229m   - Denied flags: `--trust`, `-t`[39m                                    [49m
[48;2;45;43;85m  [38;2;229;229;229m3. **`copilot`**: GitHub Copilot CLI.[39m                                 [49m
[48;2;45;43;85m  [38;2;229;229;229m   - Binary: `copilot`[39m                                                [49m
[48;2;45;43;85m  [38;2;229;229;229m   - Prompt flag: `--interactive <text>`[39m                              [49m
[48;2;45;43;85m  [38;2;229;229;229m   - Continue flag: `--continue`[39m                                      [49m
[48;2;45;43;85m  [38;2;229;229;229m- Common denied flags across all agents: [39m                             [49m
[48;2;45;43;85m  [38;2;229;229;229m`--dangerously-skip-permissions`, `--yolo`, `--auto-accept`, [39m         [49m
[48;2;45;43;85m  [38;2;229;229;229m`--tools-all`, `--permission-mode auto-accept|accept-all`, `--mode [39m   [49m
[48;2;45;43;85m  [38;2;229;229;229maccept-edits`.[39m                                                        [49m
[48;2;45;43;85m                                                                        [49m
[48;2;45;43;85m  [38;2;229;229;229m### 2.3 Installation & Building[39m                                       [49m
[48;2;45;43;85m  [38;2;229;229;229m- Prerequisites: Go 1.22+, macOS (Darwin PTY implementation), agent [39m  [49m
[48;2;45;43;85m  [38;2;229;229;229mbinaries on `$PATH`.[39m                                                  [49m
[48;2;45;43;85m  [38;2;229;229;229m- Build instructions:[39m                                                 [49m
[48;2;45;43;85m  [38;2;229;229;229m  ```sh[39m                                                               [49m
[48;2;45;43;85m  [38;2;229;229;229m  go build -o orch .[39m                                                  [49m
[48;2;45;43;85m  [38;2;229;229;229m  ```[39m                                                                 [49m
[48;2;45;43;85m                                                                        [49m
[48;2;45;43;85m  [38;2;229;229;229m### 2.4 CLI Commands Reference[39m                                        [49m
[48;2;45;43;85m  [38;2;229;229;229mDocument syntax, options, and behavior for all commands:[39m              [49m
[48;2;45;43;85m                                                                        [49m
[48;2;45;43;85m  [38;2;229;229;229m1. **`orch list` (alias: `orch ls`)**[39m                                 [49m
[48;2;45;43;85m  [38;2;229;229;229m   - Lists registered agents, their installation status on `$PATH`, [39m  [49m
[48;2;45;43;85m  [38;2;229;229;229mand descriptions.[39m                                                     [49m
[48;2;45;43;85m                                                                        [49m
[48;2;45;43;85m  [38;2;229;229;229m2. **`orch run <agent> [agent...] [flags]`**[39m                          [49m
[48;2;45;43;85m  [38;2;229;229;229m   - Runs one or more agents sequentially in the current terminal.[39m    [49m
[48;2;45;43;85m  [38;2;229;229;229m   - Flags:[39m                                                           [49m
[48;2;45;43;85m  [38;2;229;229;229m     - `-C, --dir <path>`: Working directory for agents (default: [39m    [49m
[48;2;45;43;85m  [38;2;229;229;229mcurrent directory).[39m                                                   [49m
[48;2;45;43;85m  [38;2;229;229;229m     - `-c, --continue`: Resume each agent's most recent session.[39m     [49m
[48;2;45;43;85m  [38;2;229;229;229m     - `-p, --prompt <text>`: Initial prompt to start the session [39m    [49m
[48;2;45;43;85m  [38;2;229;229;229minteractively.[39m                                                        [49m
[48;2;45;43;85m  [38;2;229;229;229m     - `-- <args...>`: Raw pass-through flags handed to the agent [39m    [49m
[48;2;45;43;85m  [38;2;229;229;229m(single-agent invocations only; permission-bypass flags strictly [39m     [49m
[48;2;45;43;85m  [38;2;229;229;229mblocked).[39m                                                             [49m
[48;2;45;43;85m  [38;2;229;229;229m   - Behavior: If an agent exits non-zero, execution halts immediately[39m[49m
[48;2;45;43;85m  [38;2;229;229;229m and `orch` exits with that status code.[39m                              [49m
[48;2;45;43;85m                                                                        [49m
[48;2;45;43;85m  [38;2;229;229;229m3. **`orch build "<task>" [flags]`**[39m                                  [49m
[48;2;45;43;85m  [38;2;229;229;229m   - Automated multi-agent lifecycle orchestrating `agy` and [39m         [49m
[48;2;45;43;85m  [38;2;229;229;229m`command-code`:[39m                                                       [49m
[48;2;45;43;85m  [38;2;229;229;229m     1. Stage 1: `agy` plans the task.[39m                                [49m
[48;2;45;43;85m  [38;2;229;229;229m     2. Stage 2: `command-code` reviews the plan.[39m                     [49m
[48;2;45;43;85m  [38;2;229;229;229m     3. Stage 3: `agy` implements the task based on plan and review.[39m  [49m
[48;2;45;43;85m  [38;2;229;229;229m     4. Stage 4: `command-code` reviews implementation (repeats [39m      [49m
[48;2;45;43;85m  [38;2;229;229;229mfix/review loop up to 3 cycles until `VERDICT: APPROVED`).[39m            [49m
[48;2;45;43;85m  [38;2;229;229;229m     5. Final Stage: Runs verification (`gofmt`, `go vet ./...`, `go [39m [49m
[48;2;45;43;85m  [38;2;229;229;229mtest ./...`).[39m                                                         [49m
[48;2;45;43;85m  [38;2;229;229;229m   - Flags:[39m                                                           [49m
[48;2;45;43;85m  [38;2;229;229;229m     - `-C, --dir <path>`: Repository directory where agents work [39m    [49m
[48;2;45;43;85m  [38;2;229;229;229m(default: current directory).[39m                                         [49m
[48;2;45;43;85m  [38;2;229;229;229m   - Artifacts: Stored under `.orch/<timestamp>/` containing Markdown [39m[49m
[48;2;45;43;85m  [38;2;229;229;229mdocuments (`*-plan.md`, `*-review.md`, etc.) and raw terminal logs [39m   [49m
[48;2;45;43;85m  [38;2;229;229;229m(`*.log`).[39m                                                            [49m
[48;2;45;43;85m                                                                        [49m
[48;2;45;43;85m  [38;2;229;229;229m4. **`orch version`** (`-v`, `--version`)[39m                             [49m
[48;2;45;43;85m  [38;2;229;229;229m   - Prints version (`orch 0.1.0`).[39m                                   [49m
[48;2;45;43;85m                                                                        [49m
[48;2;45;43;85m  [38;2;229;229;229m5. **`orch help`** (`-h`, `--help`)[39m                                   [49m
[48;2;45;43;85m  [38;2;229;229;229m   - Displays CLI usage and flag help.[39m                                [49m
[48;2;45;43;85m                                                                        [49m
[48;2;45;43;85m  [38;2;229;229;229m---[39m                                                                   [49m
[48;2;45;43;85m                                                                        [49m
[48;2;45;43;85m  [38;2;229;229;229m## 3. Implementation Steps (for Implementation Stage)[39m                 [49m
[48;2;45;43;85m  [38;2;229;229;229m1. Draft `/Users/najmiraihan/Developer/orch-go/README.md` following [39m  [49m
[48;2;45;43;85m  [38;2;229;229;229mthe structure above.[39m                                                  [49m
[48;2;45;43;85m  [38;2;229;229;229m2. Review markdown formatting and link syntax.[39m                        [49m
[48;2;45;43;85m  [38;2;229;229;229m3. Validate that no `.go` files were altered (`git status [39m            [49m
[48;2;45;43;85m  [38;2;229;229;229m--porcelain`).[39m                                                        [49m
[48;2;45;43;85m  [38;2;229;229;229m4. Run project checks (`go vet ./...` and `go test ./...`) to ensure [39m [49m
[48;2;45;43;85m  [38;2;229;229;229mrepository integrity remains 100% green.[39m                              [49m
[48;2;45;43;85m                                                                        [49m
[48;2;45;43;85m  [38;2;229;229;229m---[39m                                                                   [49m
[48;2;45;43;85m                                                                        [49m
[48;2;45;43;85m  [38;2;229;229;229m## 4. Verification Checklist[39m                                          [49m
[48;2;45;43;85m  [38;2;229;229;229m- [ ] `README.md` exists and is readable.[39m                             [49m
[48;2;45;43;85m  [38;2;229;229;229m- [ ] All 5 commands documented (`list`/`ls`, `run`, `build`, [39m        [49m
[48;2;45;43;85m  [38;2;229;229;229m`version`, `help`).[39m                                                   [49m
[48;2;45;43;85m  [38;2;229;229;229m- [ ] All 3 agents documented (`agy`, `command-code`, `copilot`).[39m     [49m
[48;2;45;43;85m  [38;2;229;229;229m- [ ] Permission philosophy and safety guarantees clearly stated.[39m     [49m
[48;2;45;43;85m  [38;2;229;229;229m- [ ] No changes to Go files (`git diff --stat *.go` produces no [39m     [49m
[48;2;45;43;85m  [38;2;229;229;229moutput).[39m                                                              [49m
[48;2;45;43;85m  [38;2;229;229;229m- [ ] `go test ./...` passes.[39m                                         [49m
[48;2;45;43;85m                                                                        [49m
[48;2;45;43;85m  [38;2;229;229;229m--- implementation summary: /Users/najmiraihan/Developer/orch-go/.orch[39m[49m
[48;2;45;43;85m  [38;2;229;229;229m/20260921-170242/3-implement.md ---[39m                                   [49m
[48;2;45;43;85m  [38;2;229;229;229m# Implementation Summary: README.md for orch[39m                          [49m
[48;2;45;43;85m                                                                        [49m
[48;2;45;43;85m  [38;2;229;229;229m## Changes Made[39m                                                       [49m
[48;2;45;43;85m  [38;2;229;229;229mAdded root [39m                                                           [49m
[48;2;45;43;85m  [38;2;229;229;229m[README.md](file:///Users/najmiraihan/Developer/orch-go/README.md) [39m   [49m
[48;2;45;43;85m  [38;2;229;229;229mdocumenting the `orch` CLI orchestrator, its commands, options, exit [39m [49m
[48;2;45;43;85m  [38;2;229;229;229mcodes, and supported coding agents, without modifying any Go source [39m  [49m
[48;2;45;43;85m  [38;2;229;229;229mfiles.[39m                                                                [49m
[48;2;45;43;85m                                                                        [49m
[48;2;45;43;85m  [38;2;229;229;229m## Review Feedback Addressed[39m                                          [49m
[48;2;45;43;85m  [38;2;229;229;229mAll feedback from the Plan Review ([2-plan-review.md](file:///Users/na[39m[49m
[48;2;45;43;85m  [38;2;229;229;229mjmiraihan/Developer/orch-go/.orch/20260921-170242/2-plan-review.md)) [39m [49m
[48;2;45;43;85m  [38;2;229;229;229mwas addressed:[39m                                                        [49m
[48;2;45;43;85m                                                                        [49m
[48;2;45;43;85m  [38;2;229;229;229m1. **Prerequisites Accuracy:**[39m                                        [49m
[48;2;45;43;85m  [38;2;229;229;229m   - Documented Go toolchain requirement as Go 1.25+ (`go.mod` pins [39m  [49m
[48;2;45;43;85m  [38;2;229;229;229m`go 1.25.6`).[39m                                                         [49m
[48;2;45;43;85m  [38;2;229;229;229m   - Mentioned single runtime dependency `github.com/creack/pty [39m      [49m
[48;2;45;43;85m  [38;2;229;229;229mv1.1.24` and module name `orch`.[39m                                      [49m
[48;2;45;43;85m                                                                        [49m
[48;2;45;43;85m  [38;2;229;229;229m2. **Platform Constraints:**[39m                                          [49m
[48;2;45;43;85m  [38;2;229;229;229m   - Explicitly documented that full-screen interactive agent UIs [39m    [49m
[48;2;45;43;85m  [38;2;229;229;229mrequire macOS (`darwin`) where terminal raw mode is implemented [39m      [49m
[48;2;45;43;85m  [38;2;229;229;229mnatively via `syscall` ioctls (`term_darwin.go`).[39m                     [49m
[48;2;45;43;85m  [38;2;229;229;229m   - Clarified that on non-darwin platforms (`term_other.go`), raw [39m   [49m
[48;2;45;43;85m  [38;2;229;229;229mmode is unsupported (`errNoRawMode`) and the terminal is left [39m        [49m
[48;2;45;43;85m  [38;2;229;229;229muntouched (permitting piped/non-interactive execution, but not [39m       [49m
[48;2;45;43;85m  [38;2;229;229;229minteractive TUIs).[39m                                                    [49m
[48;2;45;43;85m                                                                        [49m
[48;2;45;43;85m  [38;2;229;229;229m3. **Zero Go Source Modifications (Baseline Relative):**[39m              [49m
[48;2;45;43;85m  [38;2;229;229;229m   - No `*.go` files were created or edited. Pre-existing changes to [39m [49m
[48;2;45;43;85m  [38;2;229;229;229m`main.go` and untracked `build*.go` remain completely untouched.[39m      [49m
[48;2;45;43;85m  [38;2;229;229;229m   - Baseline diff was preserved with `git status --porcelain` [39m       [49m
[48;2;45;43;85m  [38;2;229;229;229mconfirming only `README.md` and this summary file were added.[39m         [49m
[48;2;45;43;85m                                                                        [49m
[48;2;45;43;85m  [38;2;229;229;229m4. **Agent Registry & Summaries:**[39m                                    [49m
[48;2;45;43;85m  [38;2;229;229;229m   - Used verbatim agent summaries from `agents` in `agent.go`:[39m       [49m
[48;2;45;43;85m  [38;2;229;229;229m     - `agy`: `Antigravity CLI (native terminal UI)`[39m                  [49m
[48;2;45;43;85m  [38;2;229;229;229m     - `command-code`: `Command Code coding agent`[39m                    [49m
[48;2;45;43;85m  [38;2;229;229;229m     - `copilot`: `GitHub Copilot CLI`[39m                                [49m
[48;2;45;43;85m  [38;2;229;229;229m   - Omitted unverified attributions (e.g. "Google").[39m                 [49m
[48;2;45;43;85m  [38;2;229;229;229m   - Documented exact invocation flags (`--prompt-interactive`, [39m      [49m
[48;2;45;43;85m  [38;2;229;229;229mpositional, `--interactive`) and continue flags (`--continue`).[39m       [49m
[48;2;45;43;85m                                                                        [49m
[48;2;45;43;85m  [38;2;229;229;229m5. **Permission Safety Guarantees:**[39m                                  [49m
[48;2;45;43;85m  [38;2;229;229;229m   - Reflected the exact policy in `checkPermissionFlags`: `orch` adds[39m[49m
[48;2;45;43;85m  [38;2;229;229;229m no bypass flags and strictly blocks user pass-through of bypass flags[39m[49m
[48;2;45;43;85m  [38;2;229;229;229m (`--dangerously-skip-permissions`, `--yolo`, `--auto-accept`, [39m       [49m
[48;2;45;43;85m  [38;2;229;229;229m`--tools-all`, `--permission-mode`, `--mode accept-edits`, and [39m       [49m
[48;2;45;43;85m  [38;2;229;229;229m`command-code`'s `--trust`/`-t`).[39m                                     [49m
[48;2;45;43;85m                                                                        [49m
[48;2;45;43;85m  [38;2;229;229;229m6. **Workflow & Command Nuances Documented:**[39m                         [49m
[48;2;45;43;85m  [38;2;229;229;229m   - Clarified that `orch build` is hard-wired to `buildPlanAgent = [39m  [49m
[48;2;45;43;85m  [38;2;229;229;229magy` and `buildReviewAgent = command-code`.[39m                           [49m
[48;2;45;43;85m  [38;2;229;229;229m   - Included real `.orch/<run-id>/` directory artifact structure and [39m[49m
[48;2;45;43;85m  [38;2;229;229;229mthe 3-cycle review cap (`buildPlanCycles = 3`).[39m                       [49m
[48;2;45;43;85m  [38;2;229;229;229m   - Documented position-independent flag parsing for `orch run`.[39m     [49m
[48;2;45;43;85m  [38;2;229;229;229m   - Added complete exit code table (`0`, `1`, `2`, `127`, `>0` / [39m    [49m
[48;2;45;43;85m  [38;2;229;229;229m`128+N`).[39m                                                             [49m
[48;2;45;43;85m  [38;2;229;229;229m   - Referenced `usage()` in `main.go` as the source of truth.[39m        [49m
[48;2;45;43;85m                                                                        [49m
[48;2;45;43;85m  [38;2;229;229;229m## Verification[39m                                                       [49m
[48;2;45;43;85m  [38;2;229;229;229m- Verified `git status --porcelain`: only `README.md` and [39m            [49m
[48;2;45;43;85m  [38;2;229;229;229m`.orch/.../3-implement.md` added.[39m                                     [49m
[48;2;45;43;85m  [38;2;229;229;229m- Verified test suite uncached: `go test -count=1 ./...` passed in [39m   [49m
[48;2;45;43;85m  [38;2;229;229;229m1.38s.[39m                                                                [49m
[48;2;45;43;85m  [38;2;229;229;229m- Verified vet check: `go vet ./...` passed with zero warnings.[39m       [49m
[48;2;45;43;85m                                                                        [49m
[48;2;45;43;85m  [38;2;229;229;229mInspect the real repository and confirm whether the task is fully and [39m[49m
[48;2;45;43;85m  [38;2;229;229;229mcorrectly implemented. Do not take the summary's word for it.[39m         [49m
[48;2;45;43;85m                                                                        [49m
[48;2;45;43;85m  [38;2;229;229;229mWrite your review as Markdown to:[39m                                     [49m
[48;2;45;43;85m  [38;2;229;229;229m/Users/najmiraihan/Developer/orch-go/.orch/20260921-170242/4-review.md[39m[49m
[48;2;45;43;85m                                                                        [49m
[48;2;45;43;85m  [38;2;229;229;229mEnd the review with a final line in exactly one of these forms:[39m       [49m
[48;2;45;43;85m                                                                        [49m
[48;2;45;43;85m  [38;2;229;229;229mVERDICT: APPROVED[39m                                                     [49m
[48;2;45;43;85m  [38;2;229;229;229mVERDICT: REJECTED[39m                                                     [49m
[48;2;45;43;85m                                                                        [49m
[48;2;45;43;85m  [38;2;229;229;229mChoose APPROVED only when the task is complete and correct with no [39m   [49m
[48;2;45;43;85m  [38;2;229;229;229mrequired changes. Otherwise choose REJECTED and list the specific [39m    [49m
[48;2;45;43;85m  [38;2;229;229;229mchanges required.[39m                                                     [49m
[48;2;45;43;85m                                                                        [49m

[?2026h[48;2;45;43;85m[38;2;228;204;255m [1m· [22m[38;2;234;218;255mM[38;2;171;165;206ma[38;2;228;204;255mp[38;2;165;153;233mp[38;2;110;97;163ming…[38;2;228;204;255m [39m[49m [1m[38;2;138;148;168mesc[39m[22m [38;2;138;148;168mto interrupt[39m [38;2;138;148;168m•[39m [38;2;138;148;168m0s[39m [38;2;138;148;168m•[39m [38;2;138;148;168m↓[39m [38;2;138;148;168m0[39m
[38;2;138;148;168m────────────────────────────────────────────────────────────────────────────────[39m
❯ [7mA[27m[38;2;138;148;168msk your question...[39m
[38;2;138;148;168m────────────────────────────────────────────────────────────────────────────────[39m
  [38;2;138;148;168m? for shortcuts · [38;2;2;136;142mtaste on[39m



[?2026l[?2026l]0;⌘ Command Code · orch-go · deepseek-v4-flash-(latest)]2;⌘ Command Code · orch-go · deepseek-v4-flash-(latest)[?2026h[2K[1A[2K[1A[2K[1A[2K[1A[2K[1A[2K[1A[2K[1A[2K[1A[2K[G[48;2;45;43;85m[38;2;228;204;255m [1m· [22m[38;2;255;255;255mM[38;2;234;218;255ma[38;2;171;165;206mp[38;2;228;204;255mp[38;2;165;153;233mi[38;2;110;97;163mng…[38;2;228;204;255m [39m[49m [1m[38;2;138;148;168mesc[39m[22m [38;2;138;148;168mto interrupt[39m [38;2;138;148;168m•[39m [38;2;138;148;168m0s[39m [38;2;138;148;168m•[39m [38;2;138;148;168m↓[39m [38;2;138;148;168m0[39m
[38;2;138;148;168m────────────────────────────────────────────────────────────────────────────────[39m
❯ [7mA[27m[38;2;138;148;168msk your question...[39m
[38;2;138;148;168m────────────────────────────────────────────────────────────────────────────────[39m
  [38;2;138;148;168m? for shortcuts · [38;2;2;136;142mtaste on[39m



[?2026l[?2026h[2K[1A[2K[1A[2K[1A[2K[1A[2K[1A[2K[1A[2K[1A[2K[1A[2K[G[48;2;45;43;85m[38;2;228;204;255m [1m· [22m[38;2;204;199;225mM[38;2;255;255;255ma[38;2;234;218;255mp[38;2;171;165;206mp[38;2;228;204;255mi[38;2;165;153;233mn[38;2;110;97;163mg…[38;2;228;204;255m [39m[49m [1m[38;2;138;148;168mesc[39m[22m [38;2;138;148;168mto interrupt[39m [38;2;138;148;168m•[39m [38;2;138;148;168m0s[39m [38;2;138;148;168m•[39m [38;2;138;148;168m↓[39m [38;2;138;148;168m0[39m
[38;2;138;148;168m────────────────────────────────────────────────────────────────────────────────[39m
❯ [7mA[27m[38;2;138;148;168msk your question...[39m
[38;2;138;148;168m────────────────────────────────────────────────────────────────────────────────[39m
  [38;2;138;148;168m? for shortcuts · [38;2;2;136;142mtaste on[39m



[?2026l[?2026h[2K[1A[2K[1A[2K[1A[2K[1A[2K[1A[2K[1A[2K[1A[2K[1A[2K[G[48;2;45;43;85m[38;2;228;204;255m [1m○ [22m[38;2;171;165;206mM[38;2;204;199;225ma[38;2;255;255;255mp[38;2;234;218;255mp[38;2;171;165;206mi[38;2;228;204;255mn[38;2;165;153;233mg[38;2;110;97;163m…[38;2;228;204;255m [39m[49m [1m[38;2;138;148;168mesc[39m[22m [38;2;138;148;168mto interrupt[39m [38;2;138;148;168m•[39m [38;2;138;148;168m0s[39m [38;2;138;148;168m•[39m [38;2;138;148;168m↓[39m [38;2;138;148;168m0[39m
[38;2;138;148;168m────────────────────────────────────────────────────────────────────────────────[39m
❯ [7mA[27m[38;2;138;148;168msk your question...[39m
[38;2;138;148;168m────────────────────────────────────────────────────────────────────────────────[39m
  [38;2;138;148;168m? for shortcuts · [38;2;2;136;142mtaste on[39m



[?2026l[?2026h[2K[1A[2K[1A[2K[1A[2K[1A[2K[1A[2K[1A[2K[1A[2K[1A[2K[G[48;2;45;43;85m[38;2;228;204;255m [1m○ [22mM[38;2;171;165;206ma[38;2;204;199;225mp[38;2;255;255;255mp[38;2;234;218;255mi[38;2;171;165;206mn[38;2;228;204;255mg[38;2;165;153;233m…[38;2;228;204;255m [39m[49m [1m[38;2;138;148;168mesc[39m[22m [38;2;138;148;168mto interrupt[39m [38;2;138;148;168m•[39m [38;2;138;148;168m0s[39m [38;2;138;148;168m•[39m [38;2;138;148;168m↓[39m [38;2;138;148;168m0[39m
[38;2;138;148;168m────────────────────────────────────────────────────────────────────────────────[39m
❯ [7mA[27m[38;2;138;148;168msk your question...[39m
[38;2;138;148;168m────────────────────────────────────────────────────────────────────────────────[39m
  [38;2;138;148;168m? for shortcuts · [38;2;2;136;142mtaste on[39m



[?2026l[?2026h[2K[1A[2K[1A[2K[1A[2K[1A[2K[1A[2K[1A[2K[1A[2K[1A[2K[G[48;2;45;43;85m[38;2;228;204;255m [1m◇ [22m[38;2;165;153;233mM[38;2;228;204;255ma[38;2;171;165;206mp[38;2;204;199;225mp[38;2;255;255;255mi[38;2;234;218;255mn[38;2;171;165;206mg[38;2;228;204;255m… [39m[49m [1m[38;2;138;148;168mesc[39m[22m [38;2;138;148;168mto interrupt[39m [38;2;138;148;168m•[39m [38;2;138;148;168m0s[39m [38;2;138;148;168m•[39m [38;2;138;148;168m↓[39m [38;2;138;148;168m0[39m
[38;2;138;148;168m────────────────────────────────────────────────────────────────────────────────[39m
❯ [7mA[27m[38;2;138;148;168msk your question...[39m
[38;2;138;148;168m────────────────────────────────────────────────────────────────────────────────[39m
  [38;2;138;148;168m? for shortcuts · [38;2;2;136;142mtaste on[39m



[?2026l[?2026h[2K[1A[2K[1A[2K[1A[2K[1A[2K[1A[2K[1A[2K[1A[2K[1A[2K[G[48;2;45;43;85m[38;2;228;204;255m [1m☆ [22m[38;2;110;97;163mM[38;2;165;153;233ma[38;2;228;204;255mp[38;2;171;165;206mp[38;2;204;199;225mi[38;2;255;255;255mn[38;2;234;218;255mg[38;2;171;165;206m…[38;2;228;204;255m [39m[49m [1m[38;2;138;148;168mesc[39m[22m [38;2;138;148;168mto interrupt[39m [38;2;138;148;168m•[39m [38;2;138;148;168m0s[39m [38;2;138;148;168m•[39m [38;2;138;148;168m↓[39m [38;2;138;148;168m0[39m
[38;2;138;148;168m────────────────────────────────────────────────────────────────────────────────[39m
❯ [7mA[27m[38;2;138;148;168msk your question...[39m
[38;2;138;148;168m────────────────────────────────────────────────────────────────────────────────[39m
  [38;2;138;148;168m? for shortcuts · [38;2;2;136;142mtaste on[39m



[?2026l[?2026h[2K[1A[2K[1A[2K[1A[2K[1A[2K[1A[2K[1A[2K[1A[2K[1A[2K[G[48;2;45;43;85m[38;2;228;204;255m [1m✧ [22m[38;2;110;97;163mMa[38;2;165;153;233mp[38;2;228;204;255mp[38;2;171;165;206mi[38;2;204;199;225mn[38;2;255;255;255mg[38;2;234;218;255m…[38;2;228;204;255m [39m[49m [1m[38;2;138;148;168mesc[39m[22m [38;2;138;148;168mto interrupt[39m [38;2;138;148;168m•[39m [38;2;138;148;168m0s[39m [38;2;138;148;168m•[39m [38;2;138;148;168m↓[39m [38;2;138;148;168m0[39m
[38;2;138;148;168m────────────────────────────────────────────────────────────────────────────────[39m
❯ [7mA[27m[38;2;138;148;168msk your question...[39m
[38;2;138;148;168m────────────────────────────────────────────────────────────────────────────────[39m
  [38;2;138;148;168m? for shortcuts · [38;2;2;136;142mtaste on[39m



[?2026l[?2026h[2K[1A[2K[1A[2K[1A[2K[1A[2K[1A[2K[1A[2K[1A[2K[1A[2K[G[48;2;45;43;85m[38;2;228;204;255m [1m☆ [22m[38;2;110;97;163mMap[38;2;165;153;233mp[38;2;228;204;255mi[38;2;171;165;206mn[38;2;204;199;225mg[38;2;255;255;255m…[38;2;228;204;255m [39m[49m [1m[38;2;138;148;168mesc[39m[22m [38;2;138;148;168mto interrupt[39m [38;2;138;148;168m•[39m [38;2;138;148;168m0s[39m [38;2;138;148;168m•[39m [38;2;138;148;168m↓[39m [38;2;138;148;168m0[39m
[38;2;138;148;168m────────────────────────────────────────────────────────────────────────────────[39m
❯ [7mA[27m[38;2;138;148;168msk your question...[39m
[38;2;138;148;168m────────────────────────────────────────────────────────────────────────────────[39m
  [38;2;138;148;168m? for shortcuts · [38;2;2;136;142mtaste on[39m



[?2026l[?2026h[2K[1A[2K[1A[2K[1A[2K[1A[2K[1A[2K[1A[2K[1A[2K[1A[2K[G[48;2;45;43;85m[38;2;228;204;255m [1m◇ [22m[38;2;110;97;163mMapp[38;2;165;153;233mi[38;2;228;204;255mn[38;2;171;165;206mg[38;2;204;199;225m…[38;2;228;204;255m [39m[49m [1m[38;2;138;148;168mesc[39m[22m [38;2;138;148;168mto interrupt[39m [38;2;138;148;168m•[39m [38;2;138;148;168m0s[39m [38;2;138;148;168m•[39m [38;2;138;148;168m↓[39m [38;2;138;148;168m0[39m
[38;2;138;148;168m────────────────────────────────────────────────────────────────────────────────[39m
❯ [7mA[27m[38;2;138;148;168msk your question...[39m
[38;2;138;148;168m────────────────────────────────────────────────────────────────────────────────[39m
  [38;2;138;148;168m? for shortcuts · [38;2;2;136;142mtaste on[39m



[?2026l[?2026h[2K[1A[2K[1A[2K[1A[2K[1A[2K[1A[2K[1A[2K[1A[2K[1A[2K[G[48;2;45;43;85m[38;2;228;204;255m [1m○ [22m[38;2;110;97;163mMappi[38;2;165;153;233mn[38;2;228;204;255mg[38;2;171;165;206m…[38;2;228;204;255m [39m[49m [1m[38;2;138;148;168mesc[39m[22m [38;2;138;148;168mto interrupt[39m [38;2;138;148;168m•[39m [38;2;138;148;168m0s[39m [38;2;138;148;168m•[39m [38;2;138;148;168m↓[39m [38;2;138;148;168m0[39m
[38;2;138;148;168m────────────────────────────────────────────────────────────────────────────────[39m
❯ [7mA[27m[38;2;138;148;168msk your question...[39m
[38;2;138;148;168m────────────────────────────────────────────────────────────────────────────────[39m
  [38;2;138;148;168m? for shortcuts · [38;2;2;136;142mtaste on[39m



[?2026l[?2026h[2K[1A[2K[1A[2K[1A[2K[1A[2K[1A[2K[1A[2K[1A[2K[1A[2K[G[48;2;45;43;85m[38;2;228;204;255m [1m⌘ [22m[38;2;110;97;163mMappin[38;2;165;153;233mg[38;2;228;204;255m… [39m[49m [1m[38;2;138;148;168mesc[39m[22m [38;2;138;148;168mto interrupt[39m [38;2;138;148;168m•[39m [38;2;138;148;168m0s[39m [38;2;138;148;168m•[39m [38;2;138;148;168m↓[39m [38;2;138;148;168m0[39m
[38;2;138;148;168m────────────────────────────────────────────────────────────────────────────────[39m
❯ [7mA[27m[38;2;138;148;168msk your question...[39m
[38;2;138;148;168m────────────────────────────────────────────────────────────────────────────────[39m
  [38;2;138;148;168m? for shortcuts · [38;2;2;136;142mtaste on[39m



[?2026l[?2026h[2K[1A[2K[1A[2K[1A[2K[1A[2K[1A[2K[1A[2K[1A[2K[1A[2K[G[48;2;45;43;85m[38;2;228;204;255m [1m⌘ [22m[38;2;110;97;163mMapping[38;2;165;153;233m…[38;2;228;204;255m [39m[49m [1m[38;2;138;148;168mesc[39m[22m [38;2;138;148;168mto interrupt[39m [38;2;138;148;168m•[39m [38;2;138;148;168m0s[39m [38;2;138;148;168m•[39m [38;2;138;148;168m↓[39m [38;2;138;148;168m0[39m
[38;2;138;148;168m────────────────────────────────────────────────────────────────────────────────[39m
❯ [7mA[27m[38;2;138;148;168msk your question...[39m
[38;2;138;148;168m────────────────────────────────────────────────────────────────────────────────[39m
  [38;2;138;148;168m? for shortcuts · [38;2;2;136;142mtaste on[39m



[?2026l[?2026h[2K[1A[2K[1A[2K[1A[2K[1A[2K[1A[2K[1A[2K[1A[2K[1A[2K[G[48;2;45;43;85m[38;2;228;204;255m [1m⌘ [22m[38;2;110;97;163mMapping[38;2;165;153;233m…[38;2;228;204;255m [39m[49m [1m[38;2;138;148;168mesc[39m[22m [38;2;138;148;168mto interrupt[39m [38;2;138;148;168m•[39m [38;2;138;148;168m1s[39m [38;2;138;148;168m•[39m [38;2;138;148;168m↓[39m [38;2;138;148;168m0[39m
[38;2;138;148;168m────────────────────────────────────────────────────────────────────────────────[39m
❯ [7mA[27m[38;2;138;148;168msk your question...[39m
[38;2;138;148;168m────────────────────────────────────────────────────────────────────────────────[39m
  [38;2;138;148;168m? for shortcuts · [38;2;2;136;142mtaste on[39m



[?2026l[?2026h[2K[1A[2K[1A[2K[1A[2K[1A[2K[1A[2K[1A[2K[1A[2K[1A[2K[G[48;2;45;43;85m[38;2;228;204;255m [1m⌘ [22m[38;2;110;97;163mMapping…[38;2;228;204;255m [39m[49m [1m[38;2;138;148;168mesc[39m[22m [38;2;138;148;168mto interrupt[39m [38;2;138;148;168m•[39m [38;2;138;148;168m1s[39m [38;2;138;148;168m•[39m [38;2;138;148;168m↓[39m [38;2;138;148;168m0[39m
[38;2;138;148;168m────────────────────────────────────────────────────────────────────────────────[39m
❯ [7mA[27m[38;2;138;148;168msk your question...[39m
[38;2;138;148;168m────────────────────────────────────────────────────────────────────────────────[39m
  [38;2;138;148;168m? for shortcuts · [38;2;2;136;142mtaste on[39m



[?2026l[?2026h[2K[1A[2K[1A[2K[1A[2K[1A[2K[1A[2K[1A[2K[1A[2K[1A[2K[G[48;2;45;43;85m[38;2;228;204;255m [1m○ [22m[38;2;110;97;163mMapping…[38;2;228;204;255m [39m[49m [1m[38;2;138;148;168mesc[39m[22m [38;2;138;148;168mto interrupt[39m [38;2;138;148;168m•[39m [38;2;138;148;168m1s[39m [38;2;138;148;168m•[39m [38;2;138;148;168m↓[39m [38;2;138;148;168m0[39m
[38;2;138;148;168m────────────────────────────────────────────────────────────────────────────────[39m
❯ [7mA[27m[38;2;138;148;168msk your question...[39m
[38;2;138;148;168m────────────────────────────────────────────────────────────────────────────────[39m
  [38;2;138;148;168m? for shortcuts · [38;2;2;136;142mtaste on[39m



[?2026l[?2026h[2K[1A[2K[1A[2K[1A[2K[1A[2K[1A[2K[1A[2K[1A[2K[1A[2K[G[48;2;45;43;85m[38;2;228;204;255m [1m◇ [22m[38;2;110;97;163mMapping…[38;2;228;204;255m [39m[49m [1m[38;2;138;148;168mesc[39m[22m [38;2;138;148;168mto interrupt[39m [38;2;138;148;168m•[39m [38;2;138;148;168m1s[39m [38;2;138;148;168m•[39m [38;2;138;148;168m↓[39m [38;2;138;148;168m0[39m
[38;2;138;148;168m────────────────────────────────────────────────────────────────────────────────[39m
❯ [7mA[27m[38;2;138;148;168msk your question...[39m
[38;2;138;148;168m────────────────────────────────────────────────────────────────────────────────[39m
  [38;2;138;148;168m? for shortcuts · [38;2;2;136;142mtaste on[39m



[?2026l[?2026h[2K[1A[2K[1A[2K[1A[2K[1A[2K[1A[2K[1A[2K[1A[2K[1A[2K[G[48;2;45;43;85m[38;2;228;204;255m [1m☆ [22m[38;2;110;97;163mMapping…[38;2;228;204;255m [39m[49m [1m[38;2;138;148;168mesc[39m[22m [38;2;138;148;168mto interrupt[39m [38;2;138;148;168m•[39m [38;2;138;148;168m1s[39m [38;2;138;148;168m•[39m [38;2;138;148;168m↓[39m [38;2;138;148;168m0[39m
[38;2;138;148;168m────────────────────────────────────────────────────────────────────────────────[39m
❯ [7mA[27m[38;2;138;148;168msk your question...[39m
[38;2;138;148;168m────────────────────────────────────────────────────────────────────────────────[39m
  [38;2;138;148;168m? for shortcuts · [38;2;2;136;142mtaste on[39m



[?2026l[?2026h[2K[1A[2K[1A[2K[1A[2K[1A[2K[1A[2K[1A[2K[1A[2K[1A[2K[G[48;2;45;43;85m[38;2;228;204;255m [1m✧ [22m[38;2;234;218;255mM[38;2;171;165;206ma[38;2;228;204;255mp[38;2;165;153;233mp[38;2;110;97;163ming…[38;2;228;204;255m [39m[49m [1m[38;2;138;148;168mesc[39m[22m [38;2;138;148;168mto interrupt[39m [38;2;138;148;168m•[39m [38;2;138;148;168m1s[39m [38;2;138;148;168m•[39m [38;2;138;148;168m↓[39m [38;2;138;148;168m0[39m
[38;2;138;148;168m────────────────────────────────────────────────────────────────────────────────[39m
❯ [7mA[27m[38;2;138;148;168msk your question...[39m
[38;2;138;148;168m────────────────────────────────────────────────────────────────────────────────[39m
  [38;2;138;148;168m? for shortcuts · [38;2;2;136;142mtaste on[39m



[?2026l[?2026h[2K[1A[2K[1A[2K[1A[2K[1A[2K[1A[2K[1A[2K[1A[2K[1A[2K[G[48;2;45;43;85m[38;2;228;204;255m [1m☆ [22m[38;2;255;255;255mM[38;2;234;218;255ma[38;2;171;165;206mp[38;2;228;204;255mp[38;2;165;153;233mi[38;2;110;97;163mng…[38;2;228;204;255m [39m[49m [1m[38;2;138;148;168mesc[39m[22m [38;2;138;148;168mto interrupt[39m [38;2;138;148;168m•[39m [38;2;138;148;168m1s[39m [38;2;138;148;168m•[39m [38;2;138;148;168m↓[39m [38;2;138;148;168m0[39m
[38;2;138;148;168m────────────────────────────────────────────────────────────────────────────────[39m
❯ [7mA[27m[38;2;138;148;168msk your question...[39m
[38;2;138;148;168m────────────────────────────────────────────────────────────────────────────────[39m
  [38;2;138;148;168m? for shortcuts · [38;2;2;136;142mtaste on[39m



[?2026l[?2026h[2K[1A[2K[1A[2K[1A[2K[1A[2K[1A[2K[1A[2K[1A[2K[1A[2K[G[48;2;45;43;85m[38;2;228;204;255m [1m◇ [22m[38;2;204;199;225mM[38;2;255;255;255ma[38;2;234;218;255mp[38;2;171;165;206mp[38;2;228;204;255mi[38;2;165;153;233mn[38;2;110;97;163mg…[38;2;228;204;255m [39m[49m [1m[38;2;138;148;168mesc[39m[22m [38;2;138;148;168mto interrupt[39m [38;2;138;148;168m•[39m [38;2;138;148;168m1s[39m [38;2;138;148;168m•[39m [38;2;138;148;168m↓[39m [38;2;138;148;168m0[39m
[38;2;138;148;168m────────────────────────────────────────────────────────────────────────────────[39m
❯ [7mA[27m[38;2;138;148;168msk your question...[39m
[38;2;138;148;168m────────────────────────────────────────────────────────────────────────────────[39m
  [38;2;138;148;168m? for shortcuts · [38;2;2;136;142mtaste on[39m



[?2026l[?2026h[2K[1A[2K[1A[2K[1A[2K[1A[2K[1A[2K[1A[2K[1A[2K[1A[2K[G[48;2;45;43;85m[38;2;228;204;255m [1m○ [22m[38;2;171;165;206mM[38;2;204;199;225ma[38;2;255;255;255mp[38;2;234;218;255mp[38;2;171;165;206mi[38;2;228;204;255mn[38;2;165;153;233mg[38;2;110;97;163m…[38;2;228;204;255m [39m[49m [1m[38;2;138;148;168mesc[39m[22m [38;2;138;148;168mto interrupt[39m [38;2;138;148;168m•[39m [38;2;138;148;168m1s[39m [38;2;138;148;168m•[39m [38;2;138;148;168m↓[39m [38;2;138;148;168m0[39m
[38;2;138;148;168m────────────────────────────────────────────────────────────────────────────────[39m
❯ [7mA[27m[38;2;138;148;168msk your question...[39m
[38;2;138;148;168m────────────────────────────────────────────────────────────────────────────────[39m
  [38;2;138;148;168m? for shortcuts · [38;2;2;136;142mtaste on[39m



[?2026l[?2026h[2K[1A[2K[1A[2K[1A[2K[1A[2K[1A[2K[1A[2K[1A[2K[1A[2K[G[48;2;45;43;85m[38;2;228;204;255m [1m· [22mM[38;2;171;165;206ma[38;2;204;199;225mp[38;2;255;255;255mp[38;2;234;218;255mi[38;2;171;165;206mn[38;2;228;204;255mg[38;2;165;153;233m…[38;2;228;204;255m [39m[49m [1m[38;2;138;148;168mesc[39m[22m [38;2;138;148;168mto interrupt[39m [38;2;138;148;168m•[39m [38;2;138;148;168m1s[39m [38;2;138;148;168m•[39m [38;2;138;148;168m↓[39m [38;2;138;148;168m0[39m
[38;2;138;148;168m────────────────────────────────────────────────────────────────────────────────[39m
❯ [7mA[27m[38;2;138;148;168msk your question...[39m
[38;2;138;148;168m────────────────────────────────────────────────────────────────────────────────[39m
  [38;2;138;148;168m? for shortcuts · [38;2;2;136;142mtaste on[39m



[?2026l[?2026h[2K[1A[2K[1A[2K[1A[2K[1A[2K[1A[2K[1A[2K[1A[2K[1A[2K[G[48;2;45;43;85m[38;2;228;204;255m [1m· [22m[38;2;165;153;233mM[38;2;228;204;255ma[38;2;171;165;206mp[38;2;204;199;225mp[38;2;255;255;255mi[38;2;234;218;255mn[38;2;171;165;206mg[38;2;228;204;255m… [39m[49m [1m[38;2;138;148;168mesc[39m[22m [38;2;138;148;168mto interrupt[39m [38;2;138;148;168m•[39m [38;2;138;148;168m1s[39m [38;2;138;148;168m•[39m [38;2;138;148;168m↓[39m [38;2;138;148;168m0[39m
[38;2;138;148;168m────────────────────────────────────────────────────────────────────────────────[39m
❯ [7mA[27m[38;2;138;148;168msk your question...[39m
[38;2;138;148;168m────────────────────────────────────────────────────────────────────────────────[39m
  [38;2;138;148;168m? for shortcuts · [38;2;2;136;142mtaste on[39m



[?2026l[?2026h[2K[1A[2K[1A[2K[1A[2K[1A[2K[1A[2K[1A[2K[1A[2K[1A[2K[G[48;2;45;43;85m[38;2;228;204;255m [1m· [22m[38;2;110;97;163mM[38;2;165;153;233ma[38;2;228;204;255mp[38;2;171;165;206mp[38;2;204;199;225mi[38;2;255;255;255mn[38;2;234;218;255mg[38;2;171;165;206m…[38;2;228;204;255m [39m[49m [1m[38;2;138;148;168mesc[39m[22m [38;2;138;148;168mto interrupt[39m [38;2;138;148;168m•[39m [38;2;138;148;168m1s[39m [38;2;138;148;168m•[39m [38;2;138;148;168m↓[39m [38;2;138;148;168m0[39m
[38;2;138;148;168m────────────────────────────────────────────────────────────────────────────────[39m
❯ [7mA[27m[38;2;138;148;168msk your question...[39m
[38;2;138;148;168m────────────────────────────────────────────────────────────────────────────────[39m
  [38;2;138;148;168m? for shortcuts · [38;2;2;136;142mtaste on[39m



[?2026l[?2026h[2K[1A[2K[1A[2K[1A[2K[1A[2K[1A[2K[1A[2K[1A[2K[1A[2K[G[48;2;45;43;85m[38;2;228;204;255m [1m· [22m[38;2;110;97;163mM[38;2;165;153;233ma[38;2;228;204;255mp[38;2;171;165;206mp[38;2;204;199;225mi[38;2;255;255;255mn[38;2;234;218;255mg[38;2;171;165;206m…[38;2;228;204;255m [39m[49m [1m[38;2;138;148;168mesc[39m[22m [38;2;138;148;168mto interrupt[39m [38;2;138;148;168m•[39m [38;2;138;148;168m2s[39m [38;2;138;148;168m•[39m [38;2;138;148;168m↓[39m [38;2;138;148;168m0[39m
[38;2;138;148;168m────────────────────────────────────────────────────────────────────────────────[39m
❯ [7mA[27m[38;2;138;148;168msk your question...[39m
[38;2;138;148;168m────────────────────────────────────────────────────────────────────────────────[39m
  [38;2;138;148;168m? for shortcuts · [38;2;2;136;142mtaste on[39m



[?2026l[?2026h[2K[1A[2K[1A[2K[1A[2K[1A[2K[1A[2K[1A[2K[1A[2K[1A[2K[G[48;2;45;43;85m[38;2;228;204;255m [1m○ [22m[38;2;110;97;163mMa[38;2;165;153;233mp[38;2;228;204;255mp[38;2;171;165;206mi[38;2;204;199;225mn[38;2;255;255;255mg[38;2;234;218;255m…[38;2;228;204;255m [39m[49m [1m[38;2;138;148;168mesc[39m[22m [38;2;138;148;168mto interrupt[39m [38;2;138;148;168m•[39m [38;2;138;148;168m2s[39m [38;2;138;148;168m•[39m [38;2;138;148;168m↓[39m [38;2;138;148;168m0[39m
[38;2;138;148;168m────────────────────────────────────────────────────────────────────────────────[39m
❯ [7mA[27m[38;2;138;148;168msk your question...[39m
[38;2;138;148;168m────────────────────────────────────────────────────────────────────────────────[39m
  [38;2;138;148;168m? for shortcuts · [38;2;2;136;142mtaste on[39m



[?2026l[?2026h[2K[1A[2K[1A[2K[1A[2K[1A[2K[1A[2K[1A[2K[1A[2K[1A[2K[G[48;2;45;43;85m[38;2;228;204;255m [1m○ [22m[38;2;110;97;163mMap[38;2;165;153;233mp[38;2;228;204;255mi[38;2;171;165;206mn[38;2;204;199;225mg[38;2;255;255;255m…[38;2;228;204;255m [39m[49m [1m[38;2;138;148;168mesc[39m[22m [38;2;138;148;168mto interrupt[39m [38;2;138;148;168m•[39m [38;2;138;148;168m2s[39m [38;2;138;148;168m•[39m [38;2;138;148;168m↓[39m [38;2;138;148;168m0[39m
[38;2;138;148;168m────────────────────────────────────────────────────────────────────────────────[39m
❯ [7mA[27m[38;2;138;148;168msk your question...[39m
[38;2;138;148;168m────────────────────────────────────────────────────────────────────────────────[39m
  [38;2;138;148;168m? for shortcuts · [38;2;2;136;142mtaste on[39m



[?2026l[?2026h[2K[1A[2K[1A[2K[1A[2K[1A[2K[1A[2K[1A[2K[1A[2K[1A[2K[G[48;2;45;43;85m[38;2;228;204;255m [1m◇ [22m[38;2;110;97;163mMapp[38;2;165;153;233mi[38;2;228;204;255mn[38;2;171;165;206mg[38;2;204;199;225m…[38;2;228;204;255m [39m[49m [1m[38;2;138;148;168mesc[39m[22m [38;2;138;148;168mto interrupt[39m [38;2;138;148;168m•[39m [38;2;138;148;168m2s[39m [38;2;138;148;168m•[39m [38;2;138;148;168m↓[39m [38;2;138;148;168m0[39m
[38;2;138;148;168m────────────────────────────────────────────────────────────────────────────────[39m
❯ [7mA[27m[38;2;138;148;168msk your question...[39m
[38;2;138;148;168m────────────────────────────────────────────────────────────────────────────────[39m
  [38;2;138;148;168m? for shortcuts · [38;2;2;136;142mtaste on[39m



[?2026l[?2026h[2K[1A[2K[1A[2K[1A[2K[1A[2K[1A[2K[1A[2K[1A[2K[1A[2K[G[48;2;45;43;85m[38;2;228;204;255m [1m☆ [22m[38;2;110;97;163mMappi[38;2;165;153;233mn[38;2;228;204;255mg[38;2;171;165;206m…[38;2;228;204;255m [39m[49m [1m[38;2;138;148;168mesc[39m[22m [38;2;138;148;168mto interrupt[39m [38;2;138;148;168m•[39m [38;2;138;148;168m2s[39m [38;2;138;148;168m•[39m [38;2;138;148;168m↓[39m [38;2;138;148;168m0[39m
[38;2;138;148;168m────────────────────────────────────────────────────────────────────────────────[39m
❯ [7mA[27m[38;2;138;148;168msk your question...[39m
[38;2;138;148;168m────────────────────────────────────────────────────────────────────────────────[39m
  [38;2;138;148;168m? for shortcuts · [38;2;2;136;142mtaste on[39m



[?2026l[?2026h[2K[1A[2K[1A[2K[1A[2K[1A[2K[1A[2K[1A[2K[1A[2K[1A[2K[G[48;2;45;43;85m[38;2;228;204;255m [1m✧ [22m[38;2;110;97;163mMappin[38;2;165;153;233mg[38;2;228;204;255m… [39m[49m [1m[38;2;138;148;168mesc[39m[22m [38;2;138;148;168mto interrupt[39m [38;2;138;148;168m•[39m [38;2;138;148;168m2s[39m [38;2;138;148;168m•[39m [38;2;138;148;168m↓[39m [38;2;138;148;168m0[39m
[38;2;138;148;168m────────────────────────────────────────────────────────────────────────────────[39m
❯ [7mA[27m[38;2;138;148;168msk your question...[39m
[38;2;138;148;168m────────────────────────────────────────────────────────────────────────────────[39m
  [38;2;138;148;168m? for shortcuts · [38;2;2;136;142mtaste on[39m



[?2026l[?2026h[2K[1A[2K[1A[2K[1A[2K[1A[2K[1A[2K[1A[2K[1A[2K[1A[2K[G[48;2;45;43;85m[38;2;228;204;255m [1m☆ [22m[38;2;110;97;163mMapping[38;2;165;153;233m…[38;2;228;204;255m [39m[49m [1m[38;2;138;148;168mesc[39m[22m [38;2;138;148;168mto interrupt[39m [38;2;138;148;168m•[39m [38;2;138;148;168m2s[39m [38;2;138;148;168m•[39m [38;2;138;148;168m↓[39m [38;2;138;148;168m0[39m
[38;2;138;148;168m────────────────────────────────────────────────────────────────────────────────[39m
❯ [7mA[27m[38;2;138;148;168msk your question...[39m
[38;2;138;148;168m────────────────────────────────────────────────────────────────────────────────[39m
  [38;2;138;148;168m? for shortcuts · [38;2;2;136;142mtaste on[39m



[?2026l[?2026h[2K[1A[2K[1A[2K[1A[2K[1A[2K[1A[2K[1A[2K[1A[2K[1A[2K[G[48;2;45;43;85m[38;2;228;204;255m [1m◇ [22m[38;2;110;97;163mMapping…[38;2;228;204;255m [39m[49m [1m[38;2;138;148;168mesc[39m[22m [38;2;138;148;168mto interrupt[39m [38;2;138;148;168m•[39m [38;2;138;148;168m2s[39m [38;2;138;148;168m•[39m [38;2;138;148;168m↓[39m [38;2;138;148;168m0[39m
[38;2;138;148;168m────────────────────────────────────────────────────────────────────────────────[39m
❯ [7mA[27m[38;2;138;148;168msk your question...[39m
[38;2;138;148;168m────────────────────────────────────────────────────────────────────────────────[39m
  [38;2;138;148;168m? for shortcuts · [38;2;2;136;142mtaste on[39m



[?2026l[?2026h[2K[1A[2K[1A[2K[1A[2K[1A[2K[1A[2K[1A[2K[1A[2K[1A[2K[G[48;2;45;43;85m[38;2;228;204;255m [1m○ [22m[38;2;110;97;163mMapping…[38;2;228;204;255m [39m[49m [1m[38;2;138;148;168mesc[39m[22m [38;2;138;148;168mto interrupt[39m [38;2;138;148;168m•[39m [38;2;138;148;168m2s[39m [38;2;138;148;168m•[39m [38;2;138;148;168m↓[39m [38;2;138;148;168m0[39m
[38;2;138;148;168m────────────────────────────────────────────────────────────────────────────────[39m
❯ [7mA[27m[38;2;138;148;168msk your question...[39m
[38;2;138;148;168m────────────────────────────────────────────────────────────────────────────────[39m
  [38;2;138;148;168m? for shortcuts · [38;2;2;136;142mtaste on[39m



[?2026l[?2026h[2K[1A[2K[1A[2K[1A[2K[1A[2K[1A[2K[1A[2K[1A[2K[1A[2K[G[48;2;45;43;85m[38;2;228;204;255m [1m⌘ [22m[38;2;110;97;163mMapping…[38;2;228;204;255m [39m[49m [1m[38;2;138;148;168mesc[39m[22m [38;2;138;148;168mto interrupt[39m [38;2;138;148;168m•[39m [38;2;138;148;168m2s[39m [38;2;138;148;168m•[39m [38;2;138;148;168m↓[39m [38;2;138;148;168m0[39m
[38;2;138;148;168m────────────────────────────────────────────────────────────────────────────────[39m
❯ [7mA[27m[38;2;138;148;168msk your question...[39m
[38;2;138;148;168m────────────────────────────────────────────────────────────────────────────────[39m
  [38;2;138;148;168m? for shortcuts · [38;2;2;136;142mtaste on[39m



[?2026l[?2026h[2K[1A[2K[1A[2K[1A[2K[1A[2K[1A[2K[1A[2K[1A[2K[1A[2K[G[48;2;45;43;85m[38;2;228;204;255m [1m⌘ [22m[38;2;234;218;255mM[38;2;171;165;206ma[38;2;228;204;255mp[38;2;165;153;233mp[38;2;110;97;163ming…[38;2;228;204;255m [39m[49m [1m[38;2;138;148;168mesc[39m[22m [38;2;138;148;168mto interrupt[39m [38;2;138;148;168m•[39m [38;2;138;148;168m2s[39m [38;2;138;148;168m•[39m [38;2;138;148;168m↓[39m [38;2;138;148;168m0[39m
[38;2;138;148;168m────────────────────────────────────────────────────────────────────────────────[39m
❯ [7mA[27m[38;2;138;148;168msk your question...[39m
[38;2;138;148;168m────────────────────────────────────────────────────────────────────────────────[39m
  [38;2;138;148;168m? for shortcuts · [38;2;2;136;142mtaste on[39m



[?2026l[?2026h[2K[1A[2K[1A[2K[1A[2K[1A[2K[1A[2K[1A[2K[1A[2K[1A[2K[G[48;2;45;43;85m[38;2;228;204;255m [1m○ [22m[38;2;255;255;255mM[38;2;234;218;255ma[38;2;171;165;206mp[38;2;228;204;255mp[38;2;165;153;233mi[38;2;110;97;163mng…[38;2;228;204;255m [39m[49m [1m[38;2;138;148;168mesc[39m[22m [38;2;138;148;168mto interrupt[39m [38;2;138;148;168m•[39m [38;2;138;148;168m3s[39m [38;2;138;148;168m•[39m [38;2;138;148;168m↓[39m [38;2;138;148;168m0[39m
[38;2;138;148;168m────────────────────────────────────────────────────────────────────────────────[39m
❯ [7mA[27m[38;2;138;148;168msk your question...[39m
[38;2;138;148;168m────────────────────────────────────────────────────────────────────────────────[39m
  [38;2;138;148;168m? for shortcuts · [38;2;2;136;142mtaste on[39m



[?2026l[?2026h[2K[1A[2K[1A[2K[1A[2K[1A[2K[1A[2K[1A[2K[1A[2K[1A[2K[G[48;2;45;43;85m[38;2;228;204;255m [1m◇ [22m[38;2;204;199;225mM[38;2;255;255;255ma[38;2;234;218;255mp[38;2;171;165;206mp[38;2;228;204;255mi[38;2;165;153;233mn[38;2;110;97;163mg…[38;2;228;204;255m [39m[49m [1m[38;2;138;148;168mesc[39m[22m [38;2;138;148;168mto interrupt[39m [38;2;138;148;168m•[39m [38;2;138;148;168m3s[39m [38;2;138;148;168m•[39m [38;2;138;148;168m↓[39m [38;2;138;148;168m0[39m
[38;2;138;148;168m────────────────────────────────────────────────────────────────────────────────[39m
❯ [7mA[27m[38;2;138;148;168msk your question...[39m
[38;2;138;148;168m────────────────────────────────────────────────────────────────────────────────[39m
  [38;2;138;148;168m? for shortcuts · [38;2;2;136;142mtaste on[39m



[?2026l[?2026h[2K[1A[2K[1A[2K[1A[2K[1A[2K[1A[2K[1A[2K[1A[2K[1A[2K[G[48;2;45;43;85m[38;2;228;204;255m [1m☆ [22m[38;2;171;165;206mM[38;2;204;199;225ma[38;2;255;255;255mp[38;2;234;218;255mp[38;2;171;165;206mi[38;2;228;204;255mn[38;2;165;153;233mg[38;2;110;97;163m…[38;2;228;204;255m [39m[49m [1m[38;2;138;148;168mesc[39m[22m [38;2;138;148;168mto interrupt[39m [38;2;138;148;168m•[39m [38;2;138;148;168m3s[39m [38;2;138;148;168m•[39m [38;2;138;148;168m↓[39m [38;2;138;148;168m0[39m
[38;2;138;148;168m────────────────────────────────────────────────────────────────────────────────[39m
❯ [7mA[27m[38;2;138;148;168msk your question...[39m
[38;2;138;148;168m────────────────────────────────────────────────────────────────────────────────[39m
  [38;2;138;148;168m? for shortcuts · [38;2;2;136;142mtaste on[39m



[?2026l[?2026h[2K[1A[2K[1A[2K[1A[2K[1A[2K[1A[2K[1A[2K[1A[2K[1A[2K[G[48;2;45;43;85m[38;2;228;204;255m [1m✧ [22mM[38;2;171;165;206ma[38;2;204;199;225mp[38;2;255;255;255mp[38;2;234;218;255mi[38;2;171;165;206mn[38;2;228;204;255mg[38;2;165;153;233m…[38;2;228;204;255m [39m[49m [1m[38;2;138;148;168mesc[39m[22m [38;2;138;148;168mto interrupt[39m [38;2;138;148;168m•[39m [38;2;138;148;168m3s[39m [38;2;138;148;168m•[39m [38;2;138;148;168m↓[39m [38;2;138;148;168m0[39m
[38;2;138;148;168m────────────────────────────────────────────────────────────────────────────────[39m
❯ [7mA[27m[38;2;138;148;168msk your question...[39m
[38;2;138;148;168m────────────────────────────────────────────────────────────────────────────────[39m
  [38;2;138;148;168m? for shortcuts · [38;2;2;136;142mtaste on[39m



[?2026l[?2026h[2K[1A[2K[1A[2K[1A[2K[1A[2K[1A[2K[1A[2K[1A[2K[1A[2K[G[48;2;45;43;85m[38;2;228;204;255m [1m☆ [22m[38;2;165;153;233mM[38;2;228;204;255ma[38;2;171;165;206mp[38;2;204;199;225mp[38;2;255;255;255mi[38;2;234;218;255mn[38;2;171;165;206mg[38;2;228;204;255m… [39m[49m [1m[38;2;138;148;168mesc[39m[22m [38;2;138;148;168mto interrupt[39m [38;2;138;148;168m•[39m [38;2;138;148;168m3s[39m [38;2;138;148;168m•[39m [38;2;138;148;168m↓[39m [38;2;138;148;168m0[39m
[38;2;138;148;168m────────────────────────────────────────────────────────────────────────────────[39m
❯ [7mA[27m[38;2;138;148;168msk your question...[39m
[38;2;138;148;168m────────────────────────────────────────────────────────────────────────────────[39m
  [38;2;138;148;168m? for shortcuts · [38;2;2;136;142mtaste on[39m



[?2026l[?2026h[2K[1A[2K[1A[2K[1A[2K[1A[2K[1A[2K[1A[2K[1A[2K[1A[2K[G[48;2;45;43;85m[38;2;228;204;255m [1m◇ [22m[38;2;110;97;163mM[38;2;165;153;233ma[38;2;228;204;255mp[38;2;171;165;206mp[38;2;204;199;225mi[38;2;255;255;255mn[38;2;234;218;255mg[38;2;171;165;206m…[38;2;228;204;255m [39m[49m [1m[38;2;138;148;168mesc[39m[22m [38;2;138;148;168mto interrupt[39m [38;2;138;148;168m•[39m [38;2;138;148;168m3s[39m [38;2;138;148;168m•[39m [38;2;138;148;168m↓[39m [38;2;138;148;168m0[39m
[38;2;138;148;168m────────────────────────────────────────────────────────────────────────────────[39m
❯ [7mA[27m[38;2;138;148;168msk your question...[39m
[38;2;138;148;168m────────────────────────────────────────────────────────────────────────────────[39m
  [38;2;138;148;168m? for shortcuts · [38;2;2;136;142mtaste on[39m



[?2026l[?2026h[2K[1A[2K[1A[2K[1A[2K[1A[2K[1A[2K[1A[2K[1A[2K[1A[2K[G[38;2;228;204;255m✻ Thinking… (1 line) [38;2;53;61;80m[[38;2;138;148;168mctrl+o to expand[38;2;53;61;80m][39m

[48;2;45;43;85m[38;2;228;204;255m [1m◇ [22m[38;2;110;97;163mM[38;2;165;153;233ma[38;2;228;204;255mp[38;2;171;165;206mp[38;2;204;199;225mi[38;2;255;255;255mn[38;2;234;218;255mg[38;2;171;165;206m…[38;2;228;204;255m [39m[49m [1m[38;2;138;148;168mesc[39m[22m [38;2;138;148;168mto interrupt[39m [38;2;138;148;168m•[39m [38;2;138;148;168m3s[39m [38;2;138;148;168m•[39m [38;2;138;148;168m↓[39m [38;2;138;148;168m0[39m
[38;2;138;148;168m────────────────────────────────────────────────────────────────────────────────[39m
❯ [7mA[27m[38;2;138;148;168msk your question...[39m
[38;2;138;148;168m────────────────────────────────────────────────────────────────────────────────[39m
  [38;2;138;148;168m? for shortcuts · [38;2;2;136;142mtaste on[39m



[?2026l[?2026h[2K[1A[2K[1A[2K[1A[2K[1A[2K[1A[2K[1A[2K[1A[2K[1A[2K[1A[2K[1A[2K[G[38;2;228;204;255m✻ Thinking… (1 line) [38;2;53;61;80m[[38;2;138;148;168mctrl+o to expand[38;2;53;61;80m][39m

[48;2;45;43;85m[38;2;228;204;255m [1m○ [22m[38;2;110;97;163mMa[38;2;165;153;233mp[38;2;228;204;255mp[38;2;171;165;206mi[38;2;204;199;225mn[38;2;255;255;255mg[38;2;234;218;255m…[38;2;228;204;255m [39m[49m [1m[38;2;138;148;168mesc[39m[22m [38;2;138;148;168mto interrupt[39m [38;2;138;148;168m•[39m [38;2;138;148;168m3s[39m [38;2;138;148;168m•[39m [38;2;138;148;168m↓[39m [38;2;138;148;168m1[39m
[38;2;138;148;168m────────────────────────────────────────────────────────────────────────────────[39m
❯ [7mA[27m[38;2;138;148;168msk your question...[39m
[38;2;138;148;168m────────────────────────────────────────────────────────────────────────────────[39m
  [38;2;138;148;168m? for shortcuts · [38;2;2;136;142mtaste on[39m



[?2026l[?2026h[2K[1A[2K[1A[2K[1A[2K[1A[2K[1A[2K[1A[2K[1A[2K[1A[2K[1A[2K[1A[2K[G[38;2;228;204;255m✻ Thinking… (1 line) [38;2;53;61;80m[[38;2;138;148;168mctrl+o to expand[38;2;53;61;80m][39m

[48;2;45;43;85m[38;2;228;204;255m [1m· [22m[38;2;110;97;163mMap[38;2;165;153;233mp[38;2;228;204;255mi[38;2;171;165;206mn[38;2;204;199;225mg[38;2;255;255;255m…[38;2;228;204;255m [39m[49m [1m[38;2;138;148;168mesc[39m[22m [38;2;138;148;168mto interrupt[39m [38;2;138;148;168m•[39m [38;2;138;148;168m3s[39m [38;2;138;148;168m•[39m [38;2;138;148;168m↓[39m [38;2;138;148;168m2[39m
[38;2;138;148;168m────────────────────────────────────────────────────────────────────────────────[39m
❯ [7mA[27m[38;2;138;148;168msk your question...[39m
[38;2;138;148;168m────────────────────────────────────────────────────────────────────────────────[39m
  [38;2;138;148;168m? for shortcuts · [38;2;2;136;142mtaste on[39m



[?2026l[?2026h[2K[1A[2K[1A[2K[1A[2K[1A[2K[1A[2K[1A[2K[1A[2K[1A[2K[1A[2K[1A[2K[G[38;2;228;204;255m✻ Thinking… (1 line) [38;2;53;61;80m[[38;2;138;148;168mctrl+o to expand[38;2;53;61;80m][39m

[48;2;45;43;85m[38;2;228;204;255m [1m· [22m[38;2;110;97;163mMapp[38;2;165;153;233mi[38;2;228;204;255mn[38;2;171;165;206mg[38;2;204;199;225m…[38;2;228;204;255m [39m[49m [1m[38;2;138;148;168mesc[39m[22m [38;2;138;148;168mto interrupt[39m [38;2;138;148;168m•[39m [38;2;138;148;168m3s[39m [38;2;138;148;168m•[39m [38;2;138;148;168m↓[39m [38;2;138;148;168m5[39m
[38;2;138;148;168m────────────────────────────────────────────────────────────────────────────────[39m
❯ [7mA[27m[38;2;138;148;168msk your question...[39m
[38;2;138;148;168m────────────────────────────────────────────────────────────────────────────────[39m
  [38;2;138;148;168m? for shortcuts · [38;2;2;136;142mtaste on[39m



[?2026l[?2026h[2K[1A[2K[1A[2K[1A[2K[1A[2K[1A[2K[1A[2K[1A[2K[1A[2K[1A[2K[1A[2K[G[38;2;228;204;255m✻ Thinking… (3 lines) [38;2;53;61;80m[[38;2;138;148;168mctrl+o to expand[38;2;53;61;80m][39m

[48;2;45;43;85m[38;2;228;204;255m [1m· [22m[38;2;110;97;163mMapp[38;2;165;153;233mi[38;2;228;204;255mn[38;2;171;165;206mg[38;2;204;199;225m…[38;2;228;204;255m [39m[49m [1m[38;2;138;148;168mesc[39m[22m [38;2;138;148;168mto interrupt[39m [38;2;138;148;168m•[39m [38;2;138;148;168m3s[39m [38;2;138;148;168m•[39m [38;2;138;148;168m↓[39m [38;2;138;148;168m5[39m
[38;2;138;148;168m────────────────────────────────────────────────────────────────────────────────[39m
❯ [7mA[27m[38;2;138;148;168msk your question...[39m
[38;2;138;148;168m────────────────────────────────────────────────────────────────────────────────[39m
  [38;2;138;148;168m? for shortcuts · [38;2;2;136;142mtaste on[39m



[?2026l[?2026h[2K[1A[2K[1A[2K[1A[2K[1A[2K[1A[2K[1A[2K[1A[2K[1A[2K[1A[2K[1A[2K[G[38;2;228;204;255m✻ Thinking… (3 lines) [38;2;53;61;80m[[38;2;138;148;168mctrl+o to expand[38;2;53;61;80m][39m

[48;2;45;43;85m[38;2;228;204;255m [1m· [22m[38;2;110;97;163mMappi[38;2;165;153;233mn[38;2;228;204;255mg[38;2;171;165;206m…[38;2;228;204;255m [39m[49m [1m[38;2;138;148;168mesc[39m[22m [38;2;138;148;168mto interrupt[39m [38;2;138;148;168m•[39m [38;2;138;148;168m3s[39m [38;2;138;148;168m•[39m [38;2;138;148;168m↓[39m [38;2;138;148;168m13[39m
[38;2;138;148;168m────────────────────────────────────────────────────────────────────────────────[39m
❯ [7mA[27m[38;2;138;148;168msk your question...[39m
[38;2;138;148;168m────────────────────────────────────────────────────────────────────────────────[39m
  [38;2;138;148;168m? for shortcuts · [38;2;2;136;142mtaste on[39m



[?2026l[?2026h[2K[1A[2K[1A[2K[1A[2K[1A[2K[1A[2K[1A[2K[1A[2K[1A[2K[1A[2K[1A[2K[G[38;2;228;204;255m✻ Thinking… (5 lines) [38;2;53;61;80m[[38;2;138;148;168mctrl+o to expand[38;2;53;61;80m][39m

[48;2;45;43;85m[38;2;228;204;255m [1m· [22m[38;2;110;97;163mMappi[38;2;165;153;233mn[38;2;228;204;255mg[38;2;171;165;206m…[38;2;228;204;255m [39m[49m [1m[38;2;138;148;168mesc[39m[22m [38;2;138;148;168mto interrupt[39m [38;2;138;148;168m•[39m [38;2;138;148;168m3s[39m [38;2;138;148;168m•[39m [38;2;138;148;168m↓[39m [38;2;138;148;168m13[39m
[38;2;138;148;168m────────────────────────────────────────────────────────────────────────────────[39m
❯ [7mA[27m[38;2;138;148;168msk your question...[39m
[38;2;138;148;168m────────────────────────────────────────────────────────────────────────────────[39m
  [38;2;138;148;168m? for shortcuts · [38;2;2;136;142mtaste on[39m



[?2026l[?2026h[2K[1A[2K[1A[2K[1A[2K[1A[2K[1A[2K[1A[2K[1A[2K[1A[2K[1A[2K[1A[2K[G[38;2;228;204;255m✻ Thinking… (5 lines) [38;2;53;61;80m[[38;2;138;148;168mctrl+o to expand[38;2;53;61;80m][39m

[48;2;45;43;85m[38;2;228;204;255m [1m○ [22m[38;2;110;97;163mMappin[38;2;165;153;233mg[38;2;228;204;255m… [39m[49m [1m[38;2;138;148;168mesc[39m[22m [38;2;138;148;168mto interrupt[39m [38;2;138;148;168m•[39m [38;2;138;148;168m3s[39m [38;2;138;148;168m•[39m [38;2;138;148;168m↓[39m [38;2;138;148;168m22[39m
[38;2;138;148;168m────────────────────────────────────────────────────────────────────────────────[39m
❯ [7mA[27m[38;2;138;148;168msk your question...[39m
[38;2;138;148;168m────────────────────────────────────────────────────────────────────────────────[39m
  [38;2;138;148;168m? for shortcuts · [38;2;2;136;142mtaste on[39m



[?2026l[?2026h[2K[1A[2K[1A[2K[1A[2K[1A[2K[1A[2K[1A[2K[1A[2K[1A[2K[1A[2K[1A[2K[G[38;2;228;204;255m✻ Thought for 1 second [38;2;53;61;80m[[38;2;138;148;168mctrl+o to expand[38;2;53;61;80m][39m

[?2026h[38;2;165;153;233m⠶[39m I'll inspect the repo directly to verify the README against the actual
  implementation

[48;2;45;43;85m[38;2;228;204;255m [1m○ [22m[38;2;110;97;163mMapping[38;2;165;153;233m…[38;2;228;204;255m [39m[49m [1m[38;2;138;148;168mesc[39m[22m [38;2;138;148;168mto interrupt[39m [38;2;138;148;168m•[39m [38;2;138;148;168m3s[39m [38;2;138;148;168m•[39m [38;2;138;148;168m↓[39m [38;2;138;148;168m31[39m
[38;2;138;148;168m────────────────────────────────────────────────────────────────────────────────[39m
❯ [7mA[27m[38;2;138;148;168msk your question...[39m
[38;2;138;148;168m────────────────────────────────────────────────────────────────────────────────[39m
  [38;2;138;148;168m? for shortcuts · [38;2;2;136;142mtaste on[39m



[?2026l[?2026l[?2026h[2K[1A[2K[1A[2K[1A[2K[1A[2K[1A[2K[1A[2K[1A[2K[1A[2K[1A[2K[1A[2K[1A[2K[G[38;2;165;153;233m⠶[39m I'll inspect the repo directly to verify the README against the actual
  implementation

[48;2;45;43;85m[38;2;228;204;255m [1m◇ [22m[38;2;110;97;163mMapping…[38;2;228;204;255m [39m[49m [1m[38;2;138;148;168mesc[39m[22m [38;2;138;148;168mto interrupt[39m [38;2;138;148;168m•[39m [38;2;138;148;168m3s[39m [38;2;138;148;168m•[39m [38;2;138;148;168m↓[39m [38;2;138;148;168m44[39m
[38;2;138;148;168m────────────────────────────────────────────────────────────────────────────────[39m
❯ [7mA[27m[38;2;138;148;168msk your question...[39m
[38;2;138;148;168m────────────────────────────────────────────────────────────────────────────────[39m
  [38;2;138;148;168m? for shortcuts · [38;2;2;136;142mtaste on[39m



[?2026l[?2026h[2K[1A[2K[1A[2K[1A[2K[1A[2K[1A[2K[1A[2K[1A[2K[1A[2K[1A[2K[1A[2K[1A[2K[G[38;2;165;153;233m⠶[39m I'll inspect the repo directly to verify the README against the actual
  implementation

[48;2;45;43;85m[38;2;228;204;255m [1m◇ [22m[38;2;110;97;163mMapping…[38;2;228;204;255m [39m[49m [1m[38;2;138;148;168mesc[39m[22m [38;2;138;148;168mto interrupt[39m [38;2;138;148;168m•[39m [38;2;138;148;168m4s[39m [38;2;138;148;168m•[39m [38;2;138;148;168m↓[39m [38;2;138;148;168m44[39m
[38;2;138;148;168m────────────────────────────────────────────────────────────────────────────────[39m
❯ [7mA[27m[38;2;138;148;168msk your question...[39m
[38;2;138;148;168m────────────────────────────────────────────────────────────────────────────────[39m
  [38;2;138;148;168m? for shortcuts · [38;2;2;136;142mtaste on[39m



[?2026l[?2026h[2K[1A[2K[1A[2K[1A[2K[1A[2K[1A[2K[1A[2K[1A[2K[1A[2K[1A[2K[1A[2K[1A[2K[G[38;2;165;153;233m⠶[39m I'll inspect the repo directly to verify the README against the actual
  implementation

[48;2;45;43;85m[38;2;228;204;255m [1m☆ [22m[38;2;110;97;163mMapping…[38;2;228;204;255m [39m[49m [1m[38;2;138;148;168mesc[39m[22m [38;2;138;148;168mto interrupt[39m [38;2;138;148;168m•[39m [38;2;138;148;168m4s[39m [38;2;138;148;168m•[39m [38;2;138;148;168m↓[39m [38;2;138;148;168m56[39m
[38;2;138;148;168m────────────────────────────────────────────────────────────────────────────────[39m
❯ [7mA[27m[38;2;138;148;168msk your question...[39m
[38;2;138;148;168m────────────────────────────────────────────────────────────────────────────────[39m
  [38;2;138;148;168m? for shortcuts · [38;2;2;136;142mtaste on[39m



[?2026l[?2026h[2K[1A[2K[1A[2K[1A[2K[1A[2K[1A[2K[1A[2K[1A[2K[1A[2K[1A[2K[1A[2K[1A[2K[G[38;2;165;153;233m⠶[39m I'll inspect the repo directly to verify the README against the actual
  implementation

[48;2;45;43;85m[38;2;228;204;255m [1m✧ [22m[38;2;110;97;163mMapping…[38;2;228;204;255m [39m[49m [1m[38;2;138;148;168mesc[39m[22m [38;2;138;148;168mto interrupt[39m [38;2;138;148;168m•[39m [38;2;138;148;168m4s[39m [38;2;138;148;168m•[39m [38;2;138;148;168m↓[39m [38;2;138;148;168m67[39m
[38;2;138;148;168m────────────────────────────────────────────────────────────────────────────────[39m
❯ [7mA[27m[38;2;138;148;168msk your question...[39m
[38;2;138;148;168m────────────────────────────────────────────────────────────────────────────────[39m
  [38;2;138;148;168m? for shortcuts · [38;2;2;136;142mtaste on[39m



[?2026l[?2026h[2K[1A[2K[1A[2K[1A[2K[1A[2K[1A[2K[1A[2K[1A[2K[1A[2K[1A[2K[1A[2K[1A[2K[G[38;2;165;153;233m⠶[39m I'll inspect the repo directly to verify the README against the actual
  implementation

[48;2;45;43;85m[38;2;228;204;255m [1m☆ [22m[38;2;110;97;163mMapping…[38;2;228;204;255m [39m[49m [1m[38;2;138;148;168mesc[39m[22m [38;2;138;148;168mto interrupt[39m [38;2;138;148;168m•[39m [38;2;138;148;168m4s[39m [38;2;138;148;168m•[39m [38;2;138;148;168m↓[39m [38;2;138;148;168m77[39m
[38;2;138;148;168m────────────────────────────────────────────────────────────────────────────────[39m
❯ [7mA[27m[38;2;138;148;168msk your question...[39m
[38;2;138;148;168m────────────────────────────────────────────────────────────────────────────────[39m
  [38;2;138;148;168m? for shortcuts · [38;2;2;136;142mtaste on[39m



[?2026l[?2026h[2K[1A[2K[1A[2K[1A[2K[1A[2K[1A[2K[1A[2K[1A[2K[1A[2K[1A[2K[1A[2K[1A[2K[G[38;2;165;153;233m⠶[39m I'll inspect the repo directly to verify the README against the actual
  implementation.

[48;2;45;43;85m[38;2;228;204;255m [1m☆ [22m[38;2;110;97;163mMapping…[38;2;228;204;255m [39m[49m [1m[38;2;138;148;168mesc[39m[22m [38;2;138;148;168mto interrupt[39m [38;2;138;148;168m•[39m [38;2;138;148;168m4s[39m [38;2;138;148;168m•[39m [38;2;138;148;168m↓[39m [38;2;138;148;168m77[39m
[38;2;138;148;168m────────────────────────────────────────────────────────────────────────────────[39m
❯ [7mA[27m[38;2;138;148;168msk your question...[39m
[38;2;138;148;168m────────────────────────────────────────────────────────────────────────────────[39m
  [38;2;138;148;168m? for shortcuts · [38;2;2;136;142mtaste on[39m



[?2026l[?2026h[2K[1A[2K[1A[2K[1A[2K[1A[2K[1A[2K[1A[2K[1A[2K[1A[2K[1A[2K[1A[2K[1A[2K[G[38;2;165;153;233m⠶[39m I'll inspect the repo directly to verify the README against the actual
  implementation.

[48;2;45;43;85m[38;2;228;204;255m [1m◇ [22m[38;2;110;97;163mMapping…[38;2;228;204;255m [39m[49m [1m[38;2;138;148;168mesc[39m[22m [38;2;138;148;168mto interrupt[39m [38;2;138;148;168m•[39m [38;2;138;148;168m4s[39m [38;2;138;148;168m•[39m [38;2;138;148;168m↓[39m [38;2;138;148;168m86[39m
[38;2;138;148;168m────────────────────────────────────────────────────────────────────────────────[39m
❯ [7mA[27m[38;2;138;148;168msk your question...[39m
[38;2;138;148;168m────────────────────────────────────────────────────────────────────────────────[39m
  [38;2;138;148;168m? for shortcuts · [38;2;2;136;142mtaste on[39m



[?2026l[?2026h[2K[1A[2K[1A[2K[1A[2K[1A[2K[1A[2K[1A[2K[1A[2K[1A[2K[1A[2K[1A[2K[1A[2K[G[38;2;165;153;233m⠶[39m I'll inspect the repo directly to verify the README against the actual
  implementation.

[48;2;45;43;85m[38;2;228;204;255m [1m○ [22m[38;2;234;218;255mM[38;2;171;165;206ma[38;2;228;204;255mp[38;2;165;153;233mp[38;2;110;97;163ming…[38;2;228;204;255m [39m[49m [1m[38;2;138;148;168mesc[39m[22m [38;2;138;148;168mto interrupt[39m [38;2;138;148;168m•[39m [38;2;138;148;168m4s[39m [38;2;138;148;168m•[39m [38;2;138;148;168m↓[39m [38;2;138;148;168m94[39m
[38;2;138;148;168m────────────────────────────────────────────────────────────────────────────────[39m
❯ [7mA[27m[38;2;138;148;168msk your question...[39m
[38;2;138;148;168m────────────────────────────────────────────────────────────────────────────────[39m
  [38;2;138;148;168m? for shortcuts · [38;2;2;136;142mtaste on[39m



[?2026l[?2026h[2K[1A[2K[1A[2K[1A[2K[1A[2K[1A[2K[1A[2K[1A[2K[1A[2K[1A[2K[1A[2K[1A[2K[G[38;2;165;153;233m⠶[39m I'll inspect the repo directly to verify the README against the actual
  implementation.

[48;2;45;43;85m[38;2;228;204;255m [1m⌘ [22m[38;2;255;255;255mM[38;2;234;218;255ma[38;2;171;165;206mp[38;2;228;204;255mp[38;2;165;153;233mi[38;2;110;97;163mng…[38;2;228;204;255m [39m[49m [1m[38;2;138;148;168mesc[39m[22m [38;2;138;148;168mto interrupt[39m [38;2;138;148;168m•[39m [38;2;138;148;168m4s[39m [38;2;138;148;168m•[39m [38;2;138;148;168m↓[39m [38;2;138;148;168m101[39m
[38;2;138;148;168m────────────────────────────────────────────────────────────────────────────────[39m
❯ [7mA[27m[38;2;138;148;168msk your question...[39m
[38;2;138;148;168m────────────────────────────────────────────────────────────────────────────────[39m
  [38;2;138;148;168m? for shortcuts · [38;2;2;136;142mtaste on[39m



[?2026l[?2026h[2K[1A[2K[1A[2K[1A[2K[1A[2K[1A[2K[1A[2K[1A[2K[1A[2K[1A[2K[1A[2K[1A[2K[G[38;2;165;153;233m⠶[39m I'll inspect the repo directly to verify the README against the actual
  implementation.

[48;2;45;43;85m[38;2;228;204;255m [1m⌘ [22m[38;2;204;199;225mM[38;2;255;255;255ma[38;2;234;218;255mp[38;2;171;165;206mp[38;2;228;204;255mi[38;2;165;153;233mn[38;2;110;97;163mg…[38;2;228;204;255m [39m[49m [1m[38;2;138;148;168mesc[39m[22m [38;2;138;148;168mto interrupt[39m [38;2;138;148;168m•[39m [38;2;138;148;168m4s[39m [38;2;138;148;168m•[39m [38;2;138;148;168m↓[39m [38;2;138;148;168m108[39m
[38;2;138;148;168m────────────────────────────────────────────────────────────────────────────────[39m
❯ [7mA[27m[38;2;138;148;168msk your question...[39m
[38;2;138;148;168m────────────────────────────────────────────────────────────────────────────────[39m
  [38;2;138;148;168m? for shortcuts · [38;2;2;136;142mtaste on[39m



[?2026l[?2026h[2K[1A[2K[1A[2K[1A[2K[1A[2K[1A[2K[1A[2K[1A[2K[1A[2K[1A[2K[1A[2K[1A[2K[G[38;2;165;153;233m⠶[39m I'll inspect the repo directly to verify the README against the actual
  implementation.

[?2026h[48;2;45;43;85m[38;2;228;204;255m [1m⌘ [22m[38;2;204;199;225mM[38;2;255;255;255ma[38;2;234;218;255mp[38;2;171;165;206mp[38;2;228;204;255mi[38;2;165;153;233mn[38;2;110;97;163mg…[38;2;228;204;255m [39m[49m [1m[38;2;138;148;168mesc[39m[22m [38;2;138;148;168mto interrupt[39m [38;2;138;148;168m•[39m [38;2;138;148;168m4s[39m [38;2;138;148;168m•[39m [38;2;138;148;168m↓[39m [38;2;138;148;168m108[39m
[38;2;138;148;168m────────────────────────────────────────────────────────────────────────────────[39m
❯ [7mA[27m[38;2;138;148;168msk your question...[39m
[38;2;138;148;168m────────────────────────────────────────────────────────────────────────────────[39m
  [38;2;138;148;168m? for shortcuts · [38;2;2;136;142mtaste on[39m



[?2026l[?2026l[?2026h[2K[1A[2K[1A[2K[1A[2K[1A[2K[1A[2K[1A[2K[1A[2K[1A[2K[G[1m[48;2;89;69;177m[38;2;244;244;244m READ [39m[49m[22m [38;2;53;61;80m[[39mREADME.md, agent.go (+2 more)[38;2;53;61;80m][39m
 [38;2;138;148;168m└ [39m [38;2;138;148;168mProcessing…[39m

[1m[48;2;89;69;177m[38;2;244;244;244m SHELL [39m[49m[22m [38;2;53;61;80m[[39mgit status --porcelain && ...[38;2;53;61;80m][39m
 [38;2;138;148;168m└ [39m [38;2;138;148;168mProcessing…[39m

[48;2;45;43;85m[38;2;228;204;255m [1m⌘ [22m[38;2;204;199;225mM[38;2;255;255;255ma[38;2;234;218;255mp[38;2;171;165;206mp[38;2;228;204;255mi[38;2;165;153;233mn[38;2;110;97;163mg…[38;2;228;204;255m [39m[49m [1m[38;2;138;148;168mesc[39m[22m [38;2;138;148;168mto interrupt[39m [38;2;138;148;168m•[39m [38;2;138;148;168m4s[39m [38;2;138;148;168m•[39m [38;2;138;148;168m↓[39m [38;2;138;148;168m108[39m
[38;2;138;148;168m────────────────────────────────────────────────────────────────────────────────[39m
❯ [7mA[27m[38;2;138;148;168msk your question...[39m
[38;2;138;148;168m────────────────────────────────────────────────────────────────────────────────[39m
  [38;2;138;148;168m? for shortcuts · [38;2;2;136;142mtaste on[39m



[?2026l[?2026h[2K[1A[2K[1A[2K[1A[2K[1A[2K[1A[2K[1A[2K[1A[2K[1A[2K[1A[2K[1A[2K[1A[2K[1A[2K[1A[2K[1A[2K[G[1m[48;2;89;69;177m[38;2;244;244;244m READ[4] [39m[49m[22m [38;2;53;61;80m[[39mREADME.md, agent.go (+2 more)[38;2;53;61;80m][39m

[?2026h[1m[48;2;89;69;177m[38;2;244;244;244m SHELL [39m[49m[22m [38;2;53;61;80m[[39mgit status --porcelain && ...[38;2;53;61;80m][39m
 [38;2;138;148;168m└ [39m [38;2;138;148;168mProcessing…[39m

[48;2;45;43;85m[38;2;228;204;255m [1m⌘ [22m[38;2;204;199;225mM[38;2;255;255;255ma[38;2;234;218;255mp[38;2;171;165;206mp[38;2;228;204;255mi[38;2;165;153;233mn[38;2;110;97;163mg…[38;2;228;204;255m [39m[49m [1m[38;2;138;148;168mesc[39m[22m [38;2;138;148;168mto interrupt[39m [38;2;138;148;168m•[39m [38;2;138;148;168m4s[39m [38;2;138;148;168m•[39m [38;2;138;148;168m↓[39m [38;2;138;148;168m108[39m
[38;2;138;148;168m────────────────────────────────────────────────────────────────────────────────[39m
❯ [7mA[27m[38;2;138;148;168msk your question...[39m
[38;2;138;148;168m────────────────────────────────────────────────────────────────────────────────[39m
  [38;2;138;148;168m? for shortcuts · [38;2;2;136;142mtaste on[39m



[?2026l[?2026l[?2026h[2K[1A[2K[1A[2K[1A[2K[1A[2K[1A[2K[1A[2K[1A[2K[1A[2K[1A[2K[1A[2K[1A[2K[G[1m[48;2;89;69;177m[38;2;244;244;244m SHELL [39m[49m[22m [38;2;53;61;80m[[39mgit status --porcelain && ...[38;2;53;61;80m][39m
 [38;2;138;148;168m│[39m M .commandcode/taste/taste.md
 [38;2;138;148;168m│[39m M main.go
 [38;2;138;148;168m└ [39m [38;2;138;148;168m... +30 lines [38;2;53;61;80m[[38;2;138;148;168mctrl+o to expand[38;2;53;61;80m][39m

[?2026h[48;2;45;43;85m[38;2;228;204;255m [1m⌘ [22m[38;2;171;165;206mM[38;2;204;199;225ma[38;2;255;255;255mp[38;2;234;218;255mp[38;2;171;165;206mi[38;2;228;204;255mn[38;2;165;153;233mg[38;2;110;97;163m…[38;2;228;204;255m [39m[49m [1m[38;2;138;148;168mesc[39m[22m [38;2;138;148;168mto interrupt[39m [38;2;138;148;168m•[39m [38;2;138;148;168m4s[39m [38;2;138;148;168m•[39m [38;2;138;148;168m↓[39m [38;2;138;148;168m883[39m
[38;2;138;148;168m────────────────────────────────────────────────────────────────────────────────[39m
❯ [7mA[27m[38;2;138;148;168msk your question...[39m
[38;2;138;148;168m────────────────────────────────────────────────────────────────────────────────[39m
  [38;2;138;148;168m? for shortcuts · [38;2;2;136;142mtaste on[39m



[?2026l[?2026l[?2026h[2K[1A[2K[1A[2K[1A[2K[1A[2K[1A[2K[1A[2K[1A[2K[1A[2K[G[48;2;45;43;85m[38;2;228;204;255m [1m⌘ [22mM[38;2;171;165;206ma[38;2;204;199;225mp[38;2;255;255;255mp[38;2;234;218;255mi[38;2;171;165;206mn[38;2;228;204;255mg[38;2;165;153;233m…[38;2;228;204;255m [39m[49m [1m[38;2;138;148;168mesc[39m[22m [38;2;138;148;168mto interrupt[39m [38;2;138;148;168m•[39m [38;2;138;148;168m4s[39m [38;2;138;148;168m•[39m [38;2;138;148;168m↓[39m [38;2;138;148;168m1.6k[39m
[38;2;138;148;168m────────────────────────────────────────────────────────────────────────────────[39m
❯ [7mA[27m[38;2;138;148;168msk your question...[39m
[38;2;138;148;168m────────────────────────────────────────────────────────────────────────────────[39m
  [38;2;138;148;168m? for shortcuts · [38;2;2;136;142mtaste on[39m



[?2026l]0;⌘ Command Code · orch-go · deepseek-v4-flash-(latest)]2;⌘ Command Code · orch-go · deepseek-v4-flash-(latest)[?2026h[2K[1A[2K[1A[2K[1A[2K[1A[2K[1A[2K[1A[2K[1A[2K[1A[2K[G[48;2;45;43;85m[38;2;228;204;255m [1m○ [22m[38;2;165;153;233mM[38;2;228;204;255ma[38;2;171;165;206mp[38;2;204;199;225mp[38;2;255;255;255mi[38;2;234;218;255mn[38;2;171;165;206mg[38;2;228;204;255m… [39m[49m [1m[38;2;138;148;168mesc[39m[22m [38;2;138;148;168mto interrupt[39m [38;2;138;148;168m•[39m [38;2;138;148;168m4s[39m [38;2;138;148;168m•[39m [38;2;138;148;168m↓[39m [38;2;138;148;168m2.3k[39m
[38;2;138;148;168m────────────────────────────────────────────────────────────────────────────────[39m
❯ [7mA[27m[38;2;138;148;168msk your question...[39m
[38;2;138;148;168m────────────────────────────────────────────────────────────────────────────────[39m
  [38;2;138;148;168m? for shortcuts · [38;2;2;136;142mtaste on[39m



[?2026l[?2026h[2K[1A[2K[1A[2K[1A[2K[1A[2K[1A[2K[1A[2K[1A[2K[1A[2K[G[48;2;45;43;85m[38;2;228;204;255m [1m◇ [22m[38;2;110;97;163mM[38;2;165;153;233ma[38;2;228;204;255mp[38;2;171;165;206mp[38;2;204;199;225mi[38;2;255;255;255mn[38;2;234;218;255mg[38;2;171;165;206m…[38;2;228;204;255m [39m[49m [1m[38;2;138;148;168mesc[39m[22m [38;2;138;148;168mto interrupt[39m [38;2;138;148;168m•[39m [38;2;138;148;168m4s[39m [38;2;138;148;168m•[39m [38;2;138;148;168m↓[39m [38;2;138;148;168m2.9k[39m
[38;2;138;148;168m────────────────────────────────────────────────────────────────────────────────[39m
❯ [7mA[27m[38;2;138;148;168msk your question...[39m
[38;2;138;148;168m────────────────────────────────────────────────────────────────────────────────[39m
  [38;2;138;148;168m? for shortcuts · [38;2;2;136;142mtaste on[39m



[?2026l[?2026h[2K[1A[2K[1A[2K[1A[2K[1A[2K[1A[2K[1A[2K[1A[2K[1A[2K[G[48;2;45;43;85m[38;2;228;204;255m [1m☆ [22m[38;2;110;97;163mMa[38;2;165;153;233mp[38;2;228;204;255mp[38;2;171;165;206mi[38;2;204;199;225mn[38;2;255;255;255mg[38;2;234;218;255m…[38;2;228;204;255m [39m[49m [1m[38;2;138;148;168mesc[39m[22m [38;2;138;148;168mto interrupt[39m [38;2;138;148;168m•[39m [38;2;138;148;168m4s[39m [38;2;138;148;168m•[39m [38;2;138;148;168m↓[39m [38;2;138;148;168m3.4k[39m
[38;2;138;148;168m────────────────────────────────────────────────────────────────────────────────[39m
❯ [7mA[27m[38;2;138;148;168msk your question...[39m
[38;2;138;148;168m────────────────────────────────────────────────────────────────────────────────[39m
  [38;2;138;148;168m? for shortcuts · [38;2;2;136;142mtaste on[39m



[?2026l[?2026h[2K[1A[2K[1A[2K[1A[2K[1A[2K[1A[2K[1A[2K[1A[2K[1A[2K[G[48;2;45;43;85m[38;2;228;204;255m [1m☆ [22m[38;2;110;97;163mMa[38;2;165;153;233mp[38;2;228;204;255mp[38;2;171;165;206mi[38;2;204;199;225mn[38;2;255;255;255mg[38;2;234;218;255m…[38;2;228;204;255m [39m[49m [1m[38;2;138;148;168mesc[39m[22m [38;2;138;148;168mto interrupt[39m [38;2;138;148;168m•[39m [38;2;138;148;168m5s[39m [38;2;138;148;168m•[39m [38;2;138;148;168m↓[39m [38;2;138;148;168m3.4k[39m
[38;2;138;148;168m────────────────────────────────────────────────────────────────────────────────[39m
❯ [7mA[27m[38;2;138;148;168msk your question...[39m
[38;2;138;148;168m────────────────────────────────────────────────────────────────────────────────[39m
  [38;2;138;148;168m? for shortcuts · [38;2;2;136;142mtaste on[39m



[?2026l[?2026h[2K[1A[2K[1A[2K[1A[2K[1A[2K[1A[2K[1A[2K[1A[2K[1A[2K[G[48;2;45;43;85m[38;2;228;204;255m [1m✧ [22m[38;2;110;97;163mMap[38;2;165;153;233mp[38;2;228;204;255mi[38;2;171;165;206mn[38;2;204;199;225mg[38;2;255;255;255m…[38;2;228;204;255m [39m[49m [1m[38;2;138;148;168mesc[39m[22m [38;2;138;148;168mto interrupt[39m [38;2;138;148;168m•[39m [38;2;138;148;168m5s[39m [38;2;138;148;168m•[39m [38;2;138;148;168m↓[39m [38;2;138;148;168m3.9k[39m
[38;2;138;148;168m────────────────────────────────────────────────────────────────────────────────[39m
❯ [7mA[27m[38;2;138;148;168msk your question...[39m
[38;2;138;148;168m────────────────────────────────────────────────────────────────────────────────[39m
  [38;2;138;148;168m? for shortcuts · [38;2;2;136;142mtaste on[39m



[?2026l[?2026h[2K[1A[2K[1A[2K[1A[2K[1A[2K[1A[2K[1A[2K[1A[2K[1A[2K[G[48;2;45;43;85m[38;2;228;204;255m [1m☆ [22m[38;2;110;97;163mMapp[38;2;165;153;233mi[38;2;228;204;255mn[38;2;171;165;206mg[38;2;204;199;225m…[38;2;228;204;255m [39m[49m [1m[38;2;138;148;168mesc[39m[22m [38;2;138;148;168mto interrupt[39m [38;2;138;148;168m•[39m [38;2;138;148;168m5s[39m [38;2;138;148;168m•[39m [38;2;138;148;168m↓[39m [38;2;138;148;168m4.3k[39m
[38;2;138;148;168m────────────────────────────────────────────────────────────────────────────────[39m
❯ [7mA[27m[38;2;138;148;168msk your question...[39m
[38;2;138;148;168m────────────────────────────────────────────────────────────────────────────────[39m
  [38;2;138;148;168m? for shortcuts · [38;2;2;136;142mtaste on[39m



[?2026l[?2026h[2K[1A[2K[1A[2K[1A[2K[1A[2K[1A[2K[1A[2K[1A[2K[1A[2K[G[48;2;45;43;85m[38;2;228;204;255m [1m◇ [22m[38;2;110;97;163mMappi[38;2;165;153;233mn[38;2;228;204;255mg[38;2;171;165;206m…[38;2;228;204;255m [39m[49m [1m[38;2;138;148;168mesc[39m[22m [38;2;138;148;168mto interrupt[39m [38;2;138;148;168m•[39m [38;2;138;148;168m5s[39m [38;2;138;148;168m•[39m [38;2;138;148;168m↓[39m [38;2;138;148;168m4.7k[39m
[38;2;138;148;168m────────────────────────────────────────────────────────────────────────────────[39m
❯ [7mA[27m[38;2;138;148;168msk your question...[39m
[38;2;138;148;168m────────────────────────────────────────────────────────────────────────────────[39m
  [38;2;138;148;168m? for shortcuts · [38;2;2;136;142mtaste on[39m



[?2026l[?2026h[2K[1A[2K[1A[2K[1A[2K[1A[2K[1A[2K[1A[2K[1A[2K[1A[2K[G[48;2;45;43;85m[38;2;228;204;255m [1m○ [22m[38;2;110;97;163mMappin[38;2;165;153;233mg[38;2;228;204;255m… [39m[49m [1m[38;2;138;148;168mesc[39m[22m [38;2;138;148;168mto interrupt[39m [38;2;138;148;168m•[39m [38;2;138;148;168m5s[39m [38;2;138;148;168m•[39m [38;2;138;148;168m↓[39m [38;2;138;148;168m5.1k[39m
[38;2;138;148;168m────────────────────────────────────────────────────────────────────────────────[39m
❯ [7mA[27m[38;2;138;148;168msk your question...[39m
[38;2;138;148;168m────────────────────────────────────────────────────────────────────────────────[39m
  [38;2;138;148;168m? for shortcuts · [38;2;2;136;142mtaste on[39m



[?2026l[?2026h[2K[1A[2K[1A[2K[1A[2K[1A[2K[1A[2K[1A[2K[1A[2K[1A[2K[G[48;2;45;43;85m[38;2;228;204;255m [1m· [22m[38;2;110;97;163mMapping[38;2;165;153;233m…[38;2;228;204;255m [39m[49m [1m[38;2;138;148;168mesc[39m[22m [38;2;138;148;168mto interrupt[39m [38;2;138;148;168m•[39m [38;2;138;148;168m5s[39m [38;2;138;148;168m•[39m [38;2;138;148;168m↓[39m [38;2;138;148;168m5.4k[39m
[38;2;138;148;168m────────────────────────────────────────────────────────────────────────────────[39m
❯ [7mA[27m[38;2;138;148;168msk your question...[39m
[38;2;138;148;168m────────────────────────────────────────────────────────────────────────────────[39m
  [38;2;138;148;168m? for shortcuts · [38;2;2;136;142mtaste on[39m



[?2026l[?2026h[2K[1A[2K[1A[2K[1A[2K[1A[2K[1A[2K[1A[2K[1A[2K[1A[2K[G[48;2;45;43;85m[38;2;228;204;255m [1m· [22m[38;2;110;97;163mMapping…[38;2;228;204;255m [39m[49m [1m[38;2;138;148;168mesc[39m[22m [38;2;138;148;168mto interrupt[39m [38;2;138;148;168m•[39m [38;2;138;148;168m5s[39m [38;2;138;148;168m•[39m [38;2;138;148;168m↓[39m [38;2;138;148;168m5.7k[39m
[38;2;138;148;168m────────────────────────────────────────────────────────────────────────────────[39m
❯ [7mA[27m[38;2;138;148;168msk your question...[39m
[38;2;138;148;168m────────────────────────────────────────────────────────────────────────────────[39m
  [38;2;138;148;168m? for shortcuts · [38;2;2;136;142mtaste on[39m



[?2026l[?2026h[2K[1A[2K[1A[2K[1A[2K[1A[2K[1A[2K[1A[2K[1A[2K[1A[2K[G[48;2;45;43;85m[38;2;228;204;255m [1m· [22m[38;2;110;97;163mMapping…[38;2;228;204;255m [39m[49m [1m[38;2;138;148;168mesc[39m[22m [38;2;138;148;168mto interrupt[39m [38;2;138;148;168m•[39m [38;2;138;148;168m5s[39m [38;2;138;148;168m•[39m [38;2;138;148;168m↓[39m [38;2;138;148;168m5.9k[39m
[38;2;138;148;168m────────────────────────────────────────────────────────────────────────────────[39m
❯ [7mA[27m[38;2;138;148;168msk your question...[39m
[38;2;138;148;168m────────────────────────────────────────────────────────────────────────────────[39m
  [38;2;138;148;168m? for shortcuts · [38;2;2;136;142mtaste on[39m



[?2026l[?2026h[2K[1A[2K[1A[2K[1A[2K[1A[2K[1A[2K[1A[2K[1A[2K[1A[2K[G[48;2;45;43;85m[38;2;228;204;255m [1m○ [22m[38;2;110;97;163mMapping…[38;2;228;204;255m [39m[49m [1m[38;2;138;148;168mesc[39m[22m [38;2;138;148;168mto interrupt[39m [38;2;138;148;168m•[39m [38;2;138;148;168m5s[39m [38;2;138;148;168m•[39m [38;2;138;148;168m↓[39m [38;2;138;148;168m6.2k[39m
[38;2;138;148;168m────────────────────────────────────────────────────────────────────────────────[39m
❯ [7mA[27m[38;2;138;148;168msk your question...[39m
[38;2;138;148;168m────────────────────────────────────────────────────────────────────────────────[39m
  [38;2;138;148;168m? for shortcuts · [38;2;2;136;142mtaste on[39m



[?2026l[?2026h[2K[1A[2K[1A[2K[1A[2K[1A[2K[1A[2K[1A[2K[1A[2K[1A[2K[G[48;2;45;43;85m[38;2;228;204;255m [1m○ [22m[38;2;110;97;163mMapping…[38;2;228;204;255m [39m[49m [1m[38;2;138;148;168mesc[39m[22m [38;2;138;148;168mto interrupt[39m [38;2;138;148;168m•[39m [38;2;138;148;168m5s[39m [38;2;138;148;168m•[39m [38;2;138;148;168m↓[39m [38;2;138;148;168m6.4k[39m
[38;2;138;148;168m────────────────────────────────────────────────────────────────────────────────[39m
❯ [7mA[27m[38;2;138;148;168msk your question...[39m
[38;2;138;148;168m────────────────────────────────────────────────────────────────────────────────[39m
  [38;2;138;148;168m? for shortcuts · [38;2;2;136;142mtaste on[39m



[?2026l[?2026h[2K[1A[2K[1A[2K[1A[2K[1A[2K[1A[2K[1A[2K[1A[2K[1A[2K[G[48;2;45;43;85m[38;2;228;204;255m [1m◇ [22m[38;2;110;97;163mMapping…[38;2;228;204;255m [39m[49m [1m[38;2;138;148;168mesc[39m[22m [38;2;138;148;168mto interrupt[39m [38;2;138;148;168m•[39m [38;2;138;148;168m5s[39m [38;2;138;148;168m•[39m [38;2;138;148;168m↓[39m [38;2;138;148;168m6.6k[39m
[38;2;138;148;168m────────────────────────────────────────────────────────────────────────────────[39m
❯ [7mA[27m[38;2;138;148;168msk your question...[39m
[38;2;138;148;168m────────────────────────────────────────────────────────────────────────────────[39m
  [38;2;138;148;168m? for shortcuts · [38;2;2;136;142mtaste on[39m



[?2026l[?2026h[2K[1A[2K[1A[2K[1A[2K[1A[2K[1A[2K[1A[2K[1A[2K[1A[2K[G[48;2;45;43;85m[38;2;228;204;255m [1m☆ [22m[38;2;234;218;255mM[38;2;171;165;206ma[38;2;228;204;255mp[38;2;165;153;233mp[38;2;110;97;163ming…[38;2;228;204;255m [39m[49m [1m[38;2;138;148;168mesc[39m[22m [38;2;138;148;168mto interrupt[39m [38;2;138;148;168m•[39m [38;2;138;148;168m5s[39m [38;2;138;148;168m•[39m [38;2;138;148;168m↓[39m [38;2;138;148;168m6.7k[39m
[38;2;138;148;168m────────────────────────────────────────────────────────────────────────────────[39m
❯ [7mA[27m[38;2;138;148;168msk your question...[39m
[38;2;138;148;168m────────────────────────────────────────────────────────────────────────────────[39m
  [38;2;138;148;168m? for shortcuts · [38;2;2;136;142mtaste on[39m



[?2026l[?2026h[2K[1A[2K[1A[2K[1A[2K[1A[2K[1A[2K[1A[2K[1A[2K[1A[2K[G[48;2;45;43;85m[38;2;228;204;255m [1m✧ [22m[38;2;255;255;255mM[38;2;234;218;255ma[38;2;171;165;206mp[38;2;228;204;255mp[38;2;165;153;233mi[38;2;110;97;163mng…[38;2;228;204;255m [39m[49m [1m[38;2;138;148;168mesc[39m[22m [38;2;138;148;168mto interrupt[39m [38;2;138;148;168m•[39m [38;2;138;148;168m5s[39m [38;2;138;148;168m•[39m [38;2;138;148;168m↓[39m [38;2;138;148;168m6.9k[39m
[38;2;138;148;168m────────────────────────────────────────────────────────────────────────────────[39m
❯ [7mA[27m[38;2;138;148;168msk your question...[39m
[38;2;138;148;168m────────────────────────────────────────────────────────────────────────────────[39m
  [38;2;138;148;168m? for shortcuts · [38;2;2;136;142mtaste on[39m



[?2026l[?2026h[2K[1A[2K[1A[2K[1A[2K[1A[2K[1A[2K[1A[2K[1A[2K[1A[2K[G[48;2;45;43;85m[38;2;228;204;255m [1m☆ [22m[38;2;204;199;225mM[38;2;255;255;255ma[38;2;234;218;255mp[38;2;171;165;206mp[38;2;228;204;255mi[38;2;165;153;233mn[38;2;110;97;163mg…[38;2;228;204;255m [39m[49m [1m[38;2;138;148;168mesc[39m[22m [38;2;138;148;168mto interrupt[39m [38;2;138;148;168m•[39m [38;2;138;148;168m5s[39m [38;2;138;148;168m•[39m [38;2;138;148;168m↓[39m [38;2;138;148;168m7.0k[39m
[38;2;138;148;168m────────────────────────────────────────────────────────────────────────────────[39m
❯ [7mA[27m[38;2;138;148;168msk your question...[39m
[38;2;138;148;168m────────────────────────────────────────────────────────────────────────────────[39m
  [38;2;138;148;168m? for shortcuts · [38;2;2;136;142mtaste on[39m



[?2026l[?2026h[2K[1A[2K[1A[2K[1A[2K[1A[2K[1A[2K[1A[2K[1A[2K[1A[2K[G[48;2;45;43;85m[38;2;228;204;255m [1m☆ [22m[38;2;204;199;225mM[38;2;255;255;255ma[38;2;234;218;255mp[38;2;171;165;206mp[38;2;228;204;255mi[38;2;165;153;233mn[38;2;110;97;163mg…[38;2;228;204;255m [39m[49m [1m[38;2;138;148;168mesc[39m[22m [38;2;138;148;168mto interrupt[39m [38;2;138;148;168m•[39m [38;2;138;148;168m6s[39m [38;2;138;148;168m•[39m [38;2;138;148;168m↓[39m [38;2;138;148;168m7.0k[39m
[38;2;138;148;168m────────────────────────────────────────────────────────────────────────────────[39m
❯ [7mA[27m[38;2;138;148;168msk your question...[39m
[38;2;138;148;168m────────────────────────────────────────────────────────────────────────────────[39m
  [38;2;138;148;168m? for shortcuts · [38;2;2;136;142mtaste on[39m



[?2026l[?2026h[2K[1A[2K[1A[2K[1A[2K[1A[2K[1A[2K[1A[2K[1A[2K[1A[2K[G[48;2;45;43;85m[38;2;228;204;255m [1m◇ [22m[38;2;171;165;206mM[38;2;204;199;225ma[38;2;255;255;255mp[38;2;234;218;255mp[38;2;171;165;206mi[38;2;228;204;255mn[38;2;165;153;233mg[38;2;110;97;163m…[38;2;228;204;255m [39m[49m [1m[38;2;138;148;168mesc[39m[22m [38;2;138;148;168mto interrupt[39m [38;2;138;148;168m•[39m [38;2;138;148;168m6s[39m [38;2;138;148;168m•[39m [38;2;138;148;168m↓[39m [38;2;138;148;168m7.1k[39m
[38;2;138;148;168m────────────────────────────────────────────────────────────────────────────────[39m
❯ [7mA[27m[38;2;138;148;168msk your question...[39m
[38;2;138;148;168m────────────────────────────────────────────────────────────────────────────────[39m
  [38;2;138;148;168m? for shortcuts · [38;2;2;136;142mtaste on[39m



[?2026l[?2026h[2K[1A[2K[1A[2K[1A[2K[1A[2K[1A[2K[1A[2K[1A[2K[1A[2K[G[48;2;45;43;85m[38;2;228;204;255m [1m○ [22mM[38;2;171;165;206ma[38;2;204;199;225mp[38;2;255;255;255mp[38;2;234;218;255mi[38;2;171;165;206mn[38;2;228;204;255mg[38;2;165;153;233m…[38;2;228;204;255m [39m[49m [1m[38;2;138;148;168mesc[39m[22m [38;2;138;148;168mto interrupt[39m [38;2;138;148;168m•[39m [38;2;138;148;168m6s[39m [38;2;138;148;168m•[39m [38;2;138;148;168m↓[39m [38;2;138;148;168m7.3k[39m
[38;2;138;148;168m────────────────────────────────────────────────────────────────────────────────[39m
❯ [7mA[27m[38;2;138;148;168msk your question...[39m
[38;2;138;148;168m────────────────────────────────────────────────────────────────────────────────[39m
  [38;2;138;148;168m? for shortcuts · [38;2;2;136;142mtaste on[39m



[?2026l[?2026h[2K[1A[2K[1A[2K[1A[2K[1A[2K[1A[2K[1A[2K[1A[2K[1A[2K[G[48;2;45;43;85m[38;2;228;204;255m [1m⌘ [22m[38;2;165;153;233mM[38;2;228;204;255ma[38;2;171;165;206mp[38;2;204;199;225mp[38;2;255;255;255mi[38;2;234;218;255mn[38;2;171;165;206mg[38;2;228;204;255m… [39m[49m [1m[38;2;138;148;168mesc[39m[22m [38;2;138;148;168mto interrupt[39m [38;2;138;148;168m•[39m [38;2;138;148;168m6s[39m [38;2;138;148;168m•[39m [38;2;138;148;168m↓[39m [38;2;138;148;168m7.3k[39m
[38;2;138;148;168m────────────────────────────────────────────────────────────────────────────────[39m
❯ [7mA[27m[38;2;138;148;168msk your question...[39m
[38;2;138;148;168m────────────────────────────────────────────────────────────────────────────────[39m
  [38;2;138;148;168m? for shortcuts · [38;2;2;136;142mtaste on[39m



[?2026l[?2026h[2K[1A[2K[1A[2K[1A[2K[1A[2K[1A[2K[1A[2K[1A[2K[1A[2K[G[48;2;45;43;85m[38;2;228;204;255m [1m⌘ [22m[38;2;110;97;163mM[38;2;165;153;233ma[38;2;228;204;255mp[38;2;171;165;206mp[38;2;204;199;225mi[38;2;255;255;255mn[38;2;234;218;255mg[38;2;171;165;206m…[38;2;228;204;255m [39m[49m [1m[38;2;138;148;168mesc[39m[22m [38;2;138;148;168mto interrupt[39m [38;2;138;148;168m•[39m [38;2;138;148;168m6s[39m [38;2;138;148;168m•[39m [38;2;138;148;168m↓[39m [38;2;138;148;168m7.4k[39m
[38;2;138;148;168m────────────────────────────────────────────────────────────────────────────────[39m
❯ [7mA[27m[38;2;138;148;168msk your question...[39m
[38;2;138;148;168m────────────────────────────────────────────────────────────────────────────────[39m
  [38;2;138;148;168m? for shortcuts · [38;2;2;136;142mtaste on[39m



[?2026l[?2026h[2K[1A[2K[1A[2K[1A[2K[1A[2K[1A[2K[1A[2K[1A[2K[1A[2K[G[48;2;45;43;85m[38;2;228;204;255m [1m⌘ [22m[38;2;110;97;163mMa[38;2;165;153;233mp[38;2;228;204;255mp[38;2;171;165;206mi[38;2;204;199;225mn[38;2;255;255;255mg[38;2;234;218;255m…[38;2;228;204;255m [39m[49m [1m[38;2;138;148;168mesc[39m[22m [38;2;138;148;168mto interrupt[39m [38;2;138;148;168m•[39m [38;2;138;148;168m6s[39m [38;2;138;148;168m•[39m [38;2;138;148;168m↓[39m [38;2;138;148;168m7.5k[39m
[38;2;138;148;168m────────────────────────────────────────────────────────────────────────────────[39m
❯ [7mA[27m[38;2;138;148;168msk your question...[39m
[38;2;138;148;168m────────────────────────────────────────────────────────────────────────────────[39m
  [38;2;138;148;168m? for shortcuts · [38;2;2;136;142mtaste on[39m



[?2026l[?2026h[2K[1A[2K[1A[2K[1A[2K[1A[2K[1A[2K[1A[2K[1A[2K[1A[2K[G[48;2;45;43;85m[38;2;228;204;255m [1m⌘ [22m[38;2;110;97;163mMap[38;2;165;153;233mp[38;2;228;204;255mi[38;2;171;165;206mn[38;2;204;199;225mg[38;2;255;255;255m…[38;2;228;204;255m [39m[49m [1m[38;2;138;148;168mesc[39m[22m [38;2;138;148;168mto interrupt[39m [38;2;138;148;168m•[39m [38;2;138;148;168m6s[39m [38;2;138;148;168m•[39m [38;2;138;148;168m↓[39m [38;2;138;148;168m7.6k[39m
[38;2;138;148;168m────────────────────────────────────────────────────────────────────────────────[39m
❯ [7mA[27m[38;2;138;148;168msk your question...[39m
[38;2;138;148;168m────────────────────────────────────────────────────────────────────────────────[39m
  [38;2;138;148;168m? for shortcuts · [38;2;2;136;142mtaste on[39m



[?2026l[?2026h[2K[1A[2K[1A[2K[1A[2K[1A[2K[1A[2K[1A[2K[1A[2K[1A[2K[G[48;2;45;43;85m[38;2;228;204;255m [1m○ [22m[38;2;110;97;163mMapp[38;2;165;153;233mi[38;2;228;204;255mn[38;2;171;165;206mg[38;2;204;199;225m…[38;2;228;204;255m [39m[49m [1m[38;2;138;148;168mesc[39m[22m [38;2;138;148;168mto interrupt[39m [38;2;138;148;168m•[39m [38;2;138;148;168m6s[39m [38;2;138;148;168m•[39m [38;2;138;148;168m↓[39m [38;2;138;148;168m7.7k[39m
[38;2;138;148;168m────────────────────────────────────────────────────────────────────────────────[39m
❯ [7mA[27m[38;2;138;148;168msk your question...[39m
[38;2;138;148;168m────────────────────────────────────────────────────────────────────────────────[39m
  [38;2;138;148;168m? for shortcuts · [38;2;2;136;142mtaste on[39m



[?2026l[?2026h[2K[1A[2K[1A[2K[1A[2K[1A[2K[1A[2K[1A[2K[1A[2K[1A[2K[G[48;2;45;43;85m[38;2;228;204;255m [1m◇ [22m[38;2;110;97;163mMappi[38;2;165;153;233mn[38;2;228;204;255mg[38;2;171;165;206m…[38;2;228;204;255m [39m[49m [1m[38;2;138;148;168mesc[39m[22m [38;2;138;148;168mto interrupt[39m [38;2;138;148;168m•[39m [38;2;138;148;168m6s[39m [38;2;138;148;168m•[39m [38;2;138;148;168m↓[39m [38;2;138;148;168m7.7k[39m
[38;2;138;148;168m────────────────────────────────────────────────────────────────────────────────[39m
❯ [7mA[27m[38;2;138;148;168msk your question...[39m
[38;2;138;148;168m────────────────────────────────────────────────────────────────────────────────[39m
  [38;2;138;148;168m? for shortcuts · [38;2;2;136;142mtaste on[39m



[?2026l[?2026h[2K[1A[2K[1A[2K[1A[2K[1A[2K[1A[2K[1A[2K[1A[2K[1A[2K[G[48;2;45;43;85m[38;2;228;204;255m [1m☆ [22m[38;2;110;97;163mMappin[38;2;165;153;233mg[38;2;228;204;255m… [39m[49m [1m[38;2;138;148;168mesc[39m[22m [38;2;138;148;168mto interrupt[39m [38;2;138;148;168m•[39m [38;2;138;148;168m6s[39m [38;2;138;148;168m•[39m [38;2;138;148;168m↓[39m [38;2;138;148;168m7.8k[39m
[38;2;138;148;168m────────────────────────────────────────────────────────────────────────────────[39m
❯ [7mA[27m[38;2;138;148;168msk your question...[39m
[38;2;138;148;168m────────────────────────────────────────────────────────────────────────────────[39m
  [38;2;138;148;168m? for shortcuts · [38;2;2;136;142mtaste on[39m



[?2026l[?2026h[2K[1A[2K[1A[2K[1A[2K[1A[2K[1A[2K[1A[2K[1A[2K[1A[2K[G[48;2;45;43;85m[38;2;228;204;255m [1m✧ [22m[38;2;110;97;163mMapping[38;2;165;153;233m…[38;2;228;204;255m [39m[49m [1m[38;2;138;148;168mesc[39m[22m [38;2;138;148;168mto interrupt[39m [38;2;138;148;168m•[39m [38;2;138;148;168m6s[39m [38;2;138;148;168m•[39m [38;2;138;148;168m↓[39m [38;2;138;148;168m7.8k[39m
[38;2;138;148;168m────────────────────────────────────────────────────────────────────────────────[39m
❯ [7mA[27m[38;2;138;148;168msk your question...[39m
[38;2;138;148;168m────────────────────────────────────────────────────────────────────────────────[39m
  [38;2;138;148;168m? for shortcuts · [38;2;2;136;142mtaste on[39m



[?2026l[?2026h[2K[1A[2K[1A[2K[1A[2K[1A[2K[1A[2K[1A[2K[1A[2K[1A[2K[G[48;2;45;43;85m[38;2;228;204;255m [1m☆ [22m[38;2;110;97;163mMapping…[38;2;228;204;255m [39m[49m [1m[38;2;138;148;168mesc[39m[22m [38;2;138;148;168mto interrupt[39m [38;2;138;148;168m•[39m [38;2;138;148;168m6s[39m [38;2;138;148;168m•[39m [38;2;138;148;168m↓[39m [38;2;138;148;168m7.9k[39m
[38;2;138;148;168m────────────────────────────────────────────────────────────────────────────────[39m
❯ [7mA[27m[38;2;138;148;168msk your question...[39m
[38;2;138;148;168m────────────────────────────────────────────────────────────────────────────────[39m
  [38;2;138;148;168m? for shortcuts · [38;2;2;136;142mtaste on[39m



[?2026l[?2026h[2K[1A[2K[1A[2K[1A[2K[1A[2K[1A[2K[1A[2K[1A[2K[1A[2K[G[48;2;45;43;85m[38;2;228;204;255m [1m◇ [22m[38;2;110;97;163mMapping…[38;2;228;204;255m [39m[49m [1m[38;2;138;148;168mesc[39m[22m [38;2;138;148;168mto interrupt[39m [38;2;138;148;168m•[39m [38;2;138;148;168m6s[39m [38;2;138;148;168m•[39m [38;2;138;148;168m↓[39m [38;2;138;148;168m7.9k[39m
[38;2;138;148;168m────────────────────────────────────────────────────────────────────────────────[39m
❯ [7mA[27m[38;2;138;148;168msk your question...[39m
[38;2;138;148;168m────────────────────────────────────────────────────────────────────────────────[39m
  [38;2;138;148;168m? for shortcuts · [38;2;2;136;142mtaste on[39m



[?2026l[?2026h[2K[1A[2K[1A[2K[1A[2K[1A[2K[1A[2K[1A[2K[1A[2K[1A[2K[G[48;2;45;43;85m[38;2;228;204;255m [1m◇ [22m[38;2;110;97;163mT[38;2;165;153;233mh[38;2;228;204;255mr[38;2;171;165;206me[38;2;204;199;225ma[38;2;255;255;255md[38;2;234;218;255mi[38;2;171;165;206mn[38;2;228;204;255mg[38;2;165;153;233m…[38;2;228;204;255m [39m[49m [1m[38;2;138;148;168mesc[39m[22m [38;2;138;148;168mto interrupt[39m [38;2;138;148;168m•[39m [38;2;138;148;168m6s[39m [38;2;138;148;168m•[39m [38;2;138;148;168m↓[39m [38;2;138;148;168m7.9k[39m
[38;2;138;148;168m────────────────────────────────────────────────────────────────────────────────[39m
❯ [7mA[27m[38;2;138;148;168msk your question...[39m
[38;2;138;148;168m────────────────────────────────────────────────────────────────────────────────[39m
  [38;2;138;148;168m? for shortcuts · [38;2;2;136;142mtaste on[39m



[?2026l[?2026h[2K[1A[2K[1A[2K[1A[2K[1A[2K[1A[2K[1A[2K[1A[2K[1A[2K[G[48;2;45;43;85m[38;2;228;204;255m [1m○ [22m[38;2;110;97;163mTh[38;2;165;153;233mr[38;2;228;204;255me[38;2;171;165;206ma[38;2;204;199;225md[38;2;255;255;255mi[38;2;234;218;255mn[38;2;171;165;206mg[38;2;228;204;255m… [39m[49m [1m[38;2;138;148;168mesc[39m[22m [38;2;138;148;168mto interrupt[39m [38;2;138;148;168m•[39m [38;2;138;148;168m7s[39m [38;2;138;148;168m•[39m [38;2;138;148;168m↓[39m [38;2;138;148;168m7.9k[39m
[38;2;138;148;168m────────────────────────────────────────────────────────────────────────────────[39m
❯ [7mA[27m[38;2;138;148;168msk your question...[39m
[38;2;138;148;168m────────────────────────────────────────────────────────────────────────────────[39m
  [38;2;138;148;168m? for shortcuts · [38;2;2;136;142mtaste on[39m



[?2026l[?2026h[2K[1A[2K[1A[2K[1A[2K[1A[2K[1A[2K[1A[2K[1A[2K[1A[2K[G[48;2;45;43;85m[38;2;228;204;255m [1m· [22m[38;2;234;218;255mT[38;2;171;165;206mh[38;2;228;204;255mr[38;2;165;153;233me[38;2;110;97;163mading…[38;2;228;204;255m [39m[49m [1m[38;2;138;148;168mesc[39m[22m [38;2;138;148;168mto interrupt[39m [38;2;138;148;168m•[39m [38;2;138;148;168m7s[39m [38;2;138;148;168m•[39m [38;2;138;148;168m↓[39m [38;2;138;148;168m8.0k[39m
[38;2;138;148;168m────────────────────────────────────────────────────────────────────────────────[39m
❯ [7mA[27m[38;2;138;148;168msk your question...[39m
[38;2;138;148;168m────────────────────────────────────────────────────────────────────────────────[39m
  [38;2;138;148;168m? for shortcuts · [38;2;2;136;142mtaste on[39m



[?2026l[?2026h[2K[1A[2K[1A[2K[1A[2K[1A[2K[1A[2K[1A[2K[1A[2K[1A[2K[G[48;2;45;43;85m[38;2;228;204;255m [1m· [22m[38;2;255;255;255mT[38;2;234;218;255mh[38;2;171;165;206mr[38;2;228;204;255me[38;2;165;153;233ma[38;2;110;97;163mding…[38;2;228;204;255m [39m[49m [1m[38;2;138;148;168mesc[39m[22m [38;2;138;148;168mto interrupt[39m [38;2;138;148;168m•[39m [38;2;138;148;168m7s[39m [38;2;138;148;168m•[39m [38;2;138;148;168m↓[39m [38;2;138;148;168m8.0k[39m
[38;2;138;148;168m────────────────────────────────────────────────────────────────────────────────[39m
❯ [7mA[27m[38;2;138;148;168msk your question...[39m
[38;2;138;148;168m────────────────────────────────────────────────────────────────────────────────[39m
  [38;2;138;148;168m? for shortcuts · [38;2;2;136;142mtaste on[39m



[?2026l[?2026h[2K[1A[2K[1A[2K[1A[2K[1A[2K[1A[2K[1A[2K[1A[2K[1A[2K[G[48;2;45;43;85m[38;2;228;204;255m [1m· [22m[38;2;204;199;225mT[38;2;255;255;255mh[38;2;234;218;255mr[38;2;171;165;206me[38;2;228;204;255ma[38;2;165;153;233md[38;2;110;97;163ming…[38;2;228;204;255m [39m[49m [1m[38;2;138;148;168mesc[39m[22m [38;2;138;148;168mto interrupt[39m [38;2;138;148;168m•[39m [38;2;138;148;168m7s[39m [38;2;138;148;168m•[39m [38;2;138;148;168m↓[39m [38;2;138;148;168m8.0k[39m
[38;2;138;148;168m────────────────────────────────────────────────────────────────────────────────[39m
❯ [7mA[27m[38;2;138;148;168msk your question...[39m
[38;2;138;148;168m────────────────────────────────────────────────────────────────────────────────[39m
  [38;2;138;148;168m? for shortcuts · [38;2;2;136;142mtaste on[39m



[?2026l[?2026h[2K[1A[2K[1A[2K[1A[2K[1A[2K[1A[2K[1A[2K[1A[2K[1A[2K[G[48;2;45;43;85m[38;2;228;204;255m [1m○ [22m[38;2;171;165;206mT[38;2;204;199;225mh[38;2;255;255;255mr[38;2;234;218;255me[38;2;171;165;206ma[38;2;228;204;255md[38;2;165;153;233mi[38;2;110;97;163mng…[38;2;228;204;255m [39m[49m [1m[38;2;138;148;168mesc[39m[22m [38;2;138;148;168mto interrupt[39m [38;2;138;148;168m•[39m [38;2;138;148;168m7s[39m [38;2;138;148;168m•[39m [38;2;138;148;168m↓[39m [38;2;138;148;168m8.0k[39m
[38;2;138;148;168m────────────────────────────────────────────────────────────────────────────────[39m
❯ [7mA[27m[38;2;138;148;168msk your question...[39m
[38;2;138;148;168m────────────────────────────────────────────────────────────────────────────────[39m
  [38;2;138;148;168m? for shortcuts · [38;2;2;136;142mtaste on[39m



[?2026l[?2026h[2K[1A[2K[1A[2K[1A[2K[1A[2K[1A[2K[1A[2K[1A[2K[1A[2K[G[48;2;45;43;85m[38;2;228;204;255m [1m○ [22mT[38;2;171;165;206mh[38;2;204;199;225mr[38;2;255;255;255me[38;2;234;218;255ma[38;2;171;165;206md[38;2;228;204;255mi[38;2;165;153;233mn[38;2;110;97;163mg…[38;2;228;204;255m [39m[49m [1m[38;2;138;148;168mesc[39m[22m [38;2;138;148;168mto interrupt[39m [38;2;138;148;168m•[39m [38;2;138;148;168m7s[39m [38;2;138;148;168m•[39m [38;2;138;148;168m↓[39m [38;2;138;148;168m8.1k[39m
[38;2;138;148;168m────────────────────────────────────────────────────────────────────────────────[39m
❯ [7mA[27m[38;2;138;148;168msk your question...[39m
[38;2;138;148;168m────────────────────────────────────────────────────────────────────────────────[39m
  [38;2;138;148;168m? for shortcuts · [38;2;2;136;142mtaste on[39m



[?2026l[?2026h[2K[1A[2K[1A[2K[1A[2K[1A[2K[1A[2K[1A[2K[1A[2K[1A[2K[G[38;2;228;204;255m✻ Thinking… (1 line) [38;2;53;61;80m[[38;2;138;148;168mctrl+o to expand[38;2;53;61;80m][39m

[48;2;45;43;85m[38;2;228;204;255m [1m○ [22mT[38;2;171;165;206mh[38;2;204;199;225mr[38;2;255;255;255me[38;2;234;218;255ma[38;2;171;165;206md[38;2;228;204;255mi[38;2;165;153;233mn[38;2;110;97;163mg…[38;2;228;204;255m [39m[49m [1m[38;2;138;148;168mesc[39m[22m [38;2;138;148;168mto interrupt[39m [38;2;138;148;168m•[39m [38;2;138;148;168m7s[39m [38;2;138;148;168m•[39m [38;2;138;148;168m↓[39m [38;2;138;148;168m8.1k[39m
[38;2;138;148;168m────────────────────────────────────────────────────────────────────────────────[39m
❯ [7mA[27m[38;2;138;148;168msk your question...[39m
[38;2;138;148;168m────────────────────────────────────────────────────────────────────────────────[39m
  [38;2;138;148;168m? for shortcuts · [38;2;2;136;142mtaste on[39m



[?2026l[?2026h[2K[1A[2K[1A[2K[1A[2K[1A[2K[1A[2K[1A[2K[1A[2K[1A[2K[1A[2K[1A[2K[G[38;2;228;204;255m✻ Thinking… (1 line) [38;2;53;61;80m[[38;2;138;148;168mctrl+o to expand[38;2;53;61;80m][39m

[48;2;45;43;85m[38;2;228;204;255m [1m◇ [22m[38;2;165;153;233mT[38;2;228;204;255mh[38;2;171;165;206mr[38;2;204;199;225me[38;2;255;255;255ma[38;2;234;218;255md[38;2;171;165;206mi[38;2;228;204;255mn[38;2;165;153;233mg[38;2;110;97;163m…[38;2;228;204;255m [39m[49m [1m[38;2;138;148;168mesc[39m[22m [38;2;138;148;168mto interrupt[39m [38;2;138;148;168m•[39m [38;2;138;148;168m7s[39m [38;2;138;148;168m•[39m [38;2;138;148;168m↓[39m [38;2;138;148;168m8.1k[39m
[38;2;138;148;168m────────────────────────────────────────────────────────────────────────────────[39m
❯ [7mA[27m[38;2;138;148;168msk your question...[39m
[38;2;138;148;168m────────────────────────────────────────────────────────────────────────────────[39m
  [38;2;138;148;168m? for shortcuts · [38;2;2;136;142mtaste on[39m



[?2026l[?2026h[2K[1A[2K[1A[2K[1A[2K[1A[2K[1A[2K[1A[2K[1A[2K[1A[2K[1A[2K[1A[2K[G[38;2;228;204;255m✻ Thinking… (3 lines) [38;2;53;61;80m[[38;2;138;148;168mctrl+o to expand[38;2;53;61;80m][39m

[48;2;45;43;85m[38;2;228;204;255m [1m◇ [22m[38;2;165;153;233mT[38;2;228;204;255mh[38;2;171;165;206mr[38;2;204;199;225me[38;2;255;255;255ma[38;2;234;218;255md[38;2;171;165;206mi[38;2;228;204;255mn[38;2;165;153;233mg[38;2;110;97;163m…[38;2;228;204;255m [39m[49m [1m[38;2;138;148;168mesc[39m[22m [38;2;138;148;168mto interrupt[39m [38;2;138;148;168m•[39m [38;2;138;148;168m7s[39m [38;2;138;148;168m•[39m [38;2;138;148;168m↓[39m [38;2;138;148;168m8.1k[39m
[38;2;138;148;168m────────────────────────────────────────────────────────────────────────────────[39m
❯ [7mA[27m[38;2;138;148;168msk your question...[39m
[38;2;138;148;168m────────────────────────────────────────────────────────────────────────────────[39m
  [38;2;138;148;168m? for shortcuts · [38;2;2;136;142mtaste on[39m



[?2026l[?2026h[2K[1A[2K[1A[2K[1A[2K[1A[2K[1A[2K[1A[2K[1A[2K[1A[2K[1A[2K[1A[2K[G[38;2;228;204;255m✻ Thinking… (3 lines) [38;2;53;61;80m[[38;2;138;148;168mctrl+o to expand[38;2;53;61;80m][39m

[48;2;45;43;85m[38;2;228;204;255m [1m☆ [22m[38;2;110;97;163mT[38;2;165;153;233mh[38;2;228;204;255mr[38;2;171;165;206me[38;2;204;199;225ma[38;2;255;255;255md[38;2;234;218;255mi[38;2;171;165;206mn[38;2;228;204;255mg[38;2;165;153;233m…[38;2;228;204;255m [39m[49m [1m[38;2;138;148;168mesc[39m[22m [38;2;138;148;168mto interrupt[39m [38;2;138;148;168m•[39m [38;2;138;148;168m7s[39m [38;2;138;148;168m•[39m [38;2;138;148;168m↓[39m [38;2;138;148;168m8.1k[39m
[38;2;138;148;168m────────────────────────────────────────────────────────────────────────────────[39m
❯ [7mA[27m[38;2;138;148;168msk your question...[39m
[38;2;138;148;168m────────────────────────────────────────────────────────────────────────────────[39m
  [38;2;138;148;168m? for shortcuts · [38;2;2;136;142mtaste on[39m



[?2026l[?2026h[2K[1A[2K[1A[2K[1A[2K[1A[2K[1A[2K[1A[2K[1A[2K[1A[2K[1A[2K[1A[2K[G[38;2;228;204;255m✻ Thinking… (3 lines) [38;2;53;61;80m[[38;2;138;148;168mctrl+o to expand[38;2;53;61;80m][39m

[48;2;45;43;85m[38;2;228;204;255m [1m✧ [22m[38;2;110;97;163mTh[38;2;165;153;233mr[38;2;228;204;255me[38;2;171;165;206ma[38;2;204;199;225md[38;2;255;255;255mi[38;2;234;218;255mn[38;2;171;165;206mg[38;2;228;204;255m… [39m[49m [1m[38;2;138;148;168mesc[39m[22m [38;2;138;148;168mto interrupt[39m [38;2;138;148;168m•[39m [38;2;138;148;168m7s[39m [38;2;138;148;168m•[39m [38;2;138;148;168m↓[39m [38;2;138;148;168m8.1k[39m
[38;2;138;148;168m────────────────────────────────────────────────────────────────────────────────[39m
❯ [7mA[27m[38;2;138;148;168msk your question...[39m
[38;2;138;148;168m────────────────────────────────────────────────────────────────────────────────[39m
  [38;2;138;148;168m? for shortcuts · [38;2;2;136;142mtaste on[39m



[?2026l[?2026h[2K[1A[2K[1A[2K[1A[2K[1A[2K[1A[2K[1A[2K[1A[2K[1A[2K[1A[2K[1A[2K[G[38;2;228;204;255m✻ Thinking… (3 lines) [38;2;53;61;80m[[38;2;138;148;168mctrl+o to expand[38;2;53;61;80m][39m

[48;2;45;43;85m[38;2;228;204;255m [1m☆ [22m[38;2;110;97;163mThr[38;2;165;153;233me[38;2;228;204;255ma[38;2;171;165;206md[38;2;204;199;225mi[38;2;255;255;255mn[38;2;234;218;255mg[38;2;171;165;206m…[38;2;228;204;255m [39m[49m [1m[38;2;138;148;168mesc[39m[22m [38;2;138;148;168mto interrupt[39m [38;2;138;148;168m•[39m [38;2;138;148;168m7s[39m [38;2;138;148;168m•[39m [38;2;138;148;168m↓[39m [38;2;138;148;168m8.1k[39m
[38;2;138;148;168m────────────────────────────────────────────────────────────────────────────────[39m
❯ [7mA[27m[38;2;138;148;168msk your question...[39m
[38;2;138;148;168m────────────────────────────────────────────────────────────────────────────────[39m
  [38;2;138;148;168m? for shortcuts · [38;2;2;136;142mtaste on[39m



[?2026l[?2026h[2K[1A[2K[1A[2K[1A[2K[1A[2K[1A[2K[1A[2K[1A[2K[1A[2K[1A[2K[1A[2K[G[38;2;228;204;255m✻ Thinking… (3 lines) [38;2;53;61;80m[[38;2;138;148;168mctrl+o to expand[38;2;53;61;80m][39m

[48;2;45;43;85m[38;2;228;204;255m [1m◇ [22m[38;2;110;97;163mThre[38;2;165;153;233ma[38;2;228;204;255md[38;2;171;165;206mi[38;2;204;199;225mn[38;2;255;255;255mg[38;2;234;218;255m…[38;2;228;204;255m [39m[49m [1m[38;2;138;148;168mesc[39m[22m [38;2;138;148;168mto interrupt[39m [38;2;138;148;168m•[39m [38;2;138;148;168m7s[39m [38;2;138;148;168m•[39m [38;2;138;148;168m↓[39m [38;2;138;148;168m8.2k[39m
[38;2;138;148;168m────────────────────────────────────────────────────────────────────────────────[39m
❯ [7mA[27m[38;2;138;148;168msk your question...[39m
[38;2;138;148;168m────────────────────────────────────────────────────────────────────────────────[39m
  [38;2;138;148;168m? for shortcuts · [38;2;2;136;142mtaste on[39m



[?2026l[?2026h[2K[1A[2K[1A[2K[1A[2K[1A[2K[1A[2K[1A[2K[1A[2K[1A[2K[1A[2K[1A[2K[G[38;2;228;204;255m✻ Thinking… (3 lines) [38;2;53;61;80m[[38;2;138;148;168mctrl+o to expand[38;2;53;61;80m][39m

[48;2;45;43;85m[38;2;228;204;255m [1m○ [22m[38;2;110;97;163mThrea[38;2;165;153;233md[38;2;228;204;255mi[38;2;171;165;206mn[38;2;204;199;225mg[38;2;255;255;255m…[38;2;228;204;255m [39m[49m [1m[38;2;138;148;168mesc[39m[22m [38;2;138;148;168mto interrupt[39m [38;2;138;148;168m•[39m [38;2;138;148;168m7s[39m [38;2;138;148;168m•[39m [38;2;138;148;168m↓[39m [38;2;138;148;168m8.2k[39m
[38;2;138;148;168m────────────────────────────────────────────────────────────────────────────────[39m
❯ [7mA[27m[38;2;138;148;168msk your question...[39m
[38;2;138;148;168m────────────────────────────────────────────────────────────────────────────────[39m
  [38;2;138;148;168m? for shortcuts · [38;2;2;136;142mtaste on[39m



[?2026l[?2026h[2K[1A[2K[1A[2K[1A[2K[1A[2K[1A[2K[1A[2K[1A[2K[1A[2K[1A[2K[1A[2K[G[38;2;228;204;255m✻ Thinking… (11 lines) [38;2;53;61;80m[[38;2;138;148;168mctrl+o to expand[38;2;53;61;80m][39m

[48;2;45;43;85m[38;2;228;204;255m [1m⌘ [22m[38;2;110;97;163mThread[38;2;165;153;233mi[38;2;228;204;255mn[38;2;171;165;206mg[38;2;204;199;225m…[38;2;228;204;255m [39m[49m [1m[38;2;138;148;168mesc[39m[22m [38;2;138;148;168mto interrupt[39m [38;2;138;148;168m•[39m [38;2;138;148;168m8s[39m [38;2;138;148;168m•[39m [38;2;138;148;168m↓[39m [38;2;138;148;168m8.2k[39m
[38;2;138;148;168m────────────────────────────────────────────────────────────────────────────────[39m
❯ [7mA[27m[38;2;138;148;168msk your question...[39m
[38;2;138;148;168m────────────────────────────────────────────────────────────────────────────────[39m
  [38;2;138;148;168m? for shortcuts · [38;2;2;136;142mtaste on[39m



[?2026l[?2026h[2K[1A[2K[1A[2K[1A[2K[1A[2K[1A[2K[1A[2K[1A[2K[1A[2K[1A[2K[1A[2K[G[38;2;228;204;255m✻ Thinking… (14 lines) [38;2;53;61;80m[[38;2;138;148;168mctrl+o to expand[38;2;53;61;80m][39m

[48;2;45;43;85m[38;2;228;204;255m [1m⌘ [22m[38;2;110;97;163mThread[38;2;165;153;233mi[38;2;228;204;255mn[38;2;171;165;206mg[38;2;204;199;225m…[38;2;228;204;255m [39m[49m [1m[38;2;138;148;168mesc[39m[22m [38;2;138;148;168mto interrupt[39m [38;2;138;148;168m•[39m [38;2;138;148;168m8s[39m [38;2;138;148;168m•[39m [38;2;138;148;168m↓[39m [38;2;138;148;168m8.2k[39m
[38;2;138;148;168m────────────────────────────────────────────────────────────────────────────────[39m
❯ [7mA[27m[38;2;138;148;168msk your question...[39m
[38;2;138;148;168m────────────────────────────────────────────────────────────────────────────────[39m
  [38;2;138;148;168m? for shortcuts · [38;2;2;136;142mtaste on[39m



[?2026l[?2026h[2K[1A[2K[1A[2K[1A[2K[1A[2K[1A[2K[1A[2K[1A[2K[1A[2K[1A[2K[1A[2K[G[38;2;228;204;255m✻ Thinking… (14 lines) [38;2;53;61;80m[[38;2;138;148;168mctrl+o to expand[38;2;53;61;80m][39m

[48;2;45;43;85m[38;2;228;204;255m [1m⌘ [22m[38;2;110;97;163mThreadi[38;2;165;153;233mn[38;2;228;204;255mg[38;2;171;165;206m…[38;2;228;204;255m [39m[49m [1m[38;2;138;148;168mesc[39m[22m [38;2;138;148;168mto interrupt[39m [38;2;138;148;168m•[39m [38;2;138;148;168m8s[39m [38;2;138;148;168m•[39m [38;2;138;148;168m↓[39m [38;2;138;148;168m8.2k[39m
[38;2;138;148;168m────────────────────────────────────────────────────────────────────────────────[39m
❯ [7mA[27m[38;2;138;148;168msk your question...[39m
[38;2;138;148;168m────────────────────────────────────────────────────────────────────────────────[39m
  [38;2;138;148;168m? for shortcuts · [38;2;2;136;142mtaste on[39m



[?2026l[?2026h[2K[1A[2K[1A[2K[1A[2K[1A[2K[1A[2K[1A[2K[1A[2K[1A[2K[1A[2K[1A[2K[G[38;2;228;204;255m✻ Thinking… (14 lines) [38;2;53;61;80m[[38;2;138;148;168mctrl+o to expand[38;2;53;61;80m][39m

[48;2;45;43;85m[38;2;228;204;255m [1m⌘ [22m[38;2;110;97;163mThreadin[38;2;165;153;233mg[38;2;228;204;255m… [39m[49m [1m[38;2;138;148;168mesc[39m[22m [38;2;138;148;168mto interrupt[39m [38;2;138;148;168m•[39m [38;2;138;148;168m8s[39m [38;2;138;148;168m•[39m [38;2;138;148;168m↓[39m [38;2;138;148;168m8.3k[39m
[38;2;138;148;168m────────────────────────────────────────────────────────────────────────────────[39m
❯ [7mA[27m[38;2;138;148;168msk your question...[39m
[38;2;138;148;168m────────────────────────────────────────────────────────────────────────────────[39m
  [38;2;138;148;168m? for shortcuts · [38;2;2;136;142mtaste on[39m



[?2026l[?2026h[2K[1A[2K[1A[2K[1A[2K[1A[2K[1A[2K[1A[2K[1A[2K[1A[2K[1A[2K[1A[2K[G[38;2;228;204;255m✻ Thinking… (14 lines) [38;2;53;61;80m[[38;2;138;148;168mctrl+o to expand[38;2;53;61;80m][39m

[48;2;45;43;85m[38;2;228;204;255m [1m⌘ [22m[38;2;110;97;163mThreading[38;2;165;153;233m…[38;2;228;204;255m [39m[49m [1m[38;2;138;148;168mesc[39m[22m [38;2;138;148;168mto interrupt[39m [38;2;138;148;168m•[39m [38;2;138;148;168m8s[39m [38;2;138;148;168m•[39m [38;2;138;148;168m↓[39m [38;2;138;148;168m8.3k[39m
[38;2;138;148;168m────────────────────────────────────────────────────────────────────────────────[39m
❯ [7mA[27m[38;2;138;148;168msk your question...[39m
[38;2;138;148;168m────────────────────────────────────────────────────────────────────────────────[39m
  [38;2;138;148;168m? for shortcuts · [38;2;2;136;142mtaste on[39m



[?2026l[?2026h[2K[1A[2K[1A[2K[1A[2K[1A[2K[1A[2K[1A[2K[1A[2K[1A[2K[1A[2K[1A[2K[G[38;2;228;204;255m✻ Thinking… (16 lines) [38;2;53;61;80m[[38;2;138;148;168mctrl+o to expand[38;2;53;61;80m][39m

[48;2;45;43;85m[38;2;228;204;255m [1m○ [22m[38;2;110;97;163mThreading…[38;2;228;204;255m [39m[49m [1m[38;2;138;148;168mesc[39m[22m [38;2;138;148;168mto interrupt[39m [38;2;138;148;168m•[39m [38;2;138;148;168m8s[39m [38;2;138;148;168m•[39m [38;2;138;148;168m↓[39m [38;2;138;148;168m8.3k[39m
[38;2;138;148;168m────────────────────────────────────────────────────────────────────────────────[39m
❯ [7mA[27m[38;2;138;148;168msk your question...[39m
[38;2;138;148;168m────────────────────────────────────────────────────────────────────────────────[39m
  [38;2;138;148;168m? for shortcuts · [38;2;2;136;142mtaste on[39m



[?2026l[?2026h[2K[1A[2K[1A[2K[1A[2K[1A[2K[1A[2K[1A[2K[1A[2K[1A[2K[1A[2K[1A[2K[G[38;2;228;204;255m✻ Thinking… (16 lines) [38;2;53;61;80m[[38;2;138;148;168mctrl+o to expand[38;2;53;61;80m][39m

[48;2;45;43;85m[38;2;228;204;255m [1m◇ [22m[38;2;110;97;163mThreading…[38;2;228;204;255m [39m[49m [1m[38;2;138;148;168mesc[39m[22m [38;2;138;148;168mto interrupt[39m [38;2;138;148;168m•[39m [38;2;138;148;168m8s[39m [38;2;138;148;168m•[39m [38;2;138;148;168m↓[39m [38;2;138;148;168m8.4k[39m
[38;2;138;148;168m────────────────────────────────────────────────────────────────────────────────[39m
❯ [7mA[27m[38;2;138;148;168msk your question...[39m
[38;2;138;148;168m────────────────────────────────────────────────────────────────────────────────[39m
  [38;2;138;148;168m? for shortcuts · [38;2;2;136;142mtaste on[39m



[?2026l[?2026h[2K[1A[2K[1A[2K[1A[2K[1A[2K[1A[2K[1A[2K[1A[2K[1A[2K[1A[2K[1A[2K[G[38;2;228;204;255m✻ Thinking… (16 lines) [38;2;53;61;80m[[38;2;138;148;168mctrl+o to expand[38;2;53;61;80m][39m

[48;2;45;43;85m[38;2;228;204;255m [1m☆ [22m[38;2;110;97;163mThreading…[38;2;228;204;255m [39m[49m [1m[38;2;138;148;168mesc[39m[22m [38;2;138;148;168mto interrupt[39m [38;2;138;148;168m•[39m [38;2;138;148;168m8s[39m [38;2;138;148;168m•[39m [38;2;138;148;168m↓[39m [38;2;138;148;168m8.4k[39m
[38;2;138;148;168m────────────────────────────────────────────────────────────────────────────────[39m
❯ [7mA[27m[38;2;138;148;168msk your question...[39m
[38;2;138;148;168m────────────────────────────────────────────────────────────────────────────────[39m
  [38;2;138;148;168m? for shortcuts · [38;2;2;136;142mtaste on[39m



[?2026l[?2026h[2K[1A[2K[1A[2K[1A[2K[1A[2K[1A[2K[1A[2K[1A[2K[1A[2K[1A[2K[1A[2K[G[38;2;228;204;255m✻ Thinking… (18 lines) [38;2;53;61;80m[[38;2;138;148;168mctrl+o to expand[38;2;53;61;80m][39m

[48;2;45;43;85m[38;2;228;204;255m [1m☆ [22m[38;2;110;97;163mThreading…[38;2;228;204;255m [39m[49m [1m[38;2;138;148;168mesc[39m[22m [38;2;138;148;168mto interrupt[39m [38;2;138;148;168m•[39m [38;2;138;148;168m8s[39m [38;2;138;148;168m•[39m [38;2;138;148;168m↓[39m [38;2;138;148;168m8.4k[39m
[38;2;138;148;168m────────────────────────────────────────────────────────────────────────────────[39m
❯ [7mA[27m[38;2;138;148;168msk your question...[39m
[38;2;138;148;168m────────────────────────────────────────────────────────────────────────────────[39m
  [38;2;138;148;168m? for shortcuts · [38;2;2;136;142mtaste on[39m



[?2026l[?2026h[2K[1A[2K[1A[2K[1A[2K[1A[2K[1A[2K[1A[2K[1A[2K[1A[2K[1A[2K[1A[2K[G[38;2;228;204;255m✻ Thinking… (18 lines) [38;2;53;61;80m[[38;2;138;148;168mctrl+o to expand[38;2;53;61;80m][39m

[48;2;45;43;85m[38;2;228;204;255m [1m✧ [22m[38;2;110;97;163mThreading…[38;2;228;204;255m [39m[49m [1m[38;2;138;148;168mesc[39m[22m [38;2;138;148;168mto interrupt[39m [38;2;138;148;168m•[39m [38;2;138;148;168m8s[39m [38;2;138;148;168m•[39m [38;2;138;148;168m↓[39m [38;2;138;148;168m8.4k[39m
[38;2;138;148;168m────────────────────────────────────────────────────────────────────────────────[39m
❯ [7mA[27m[38;2;138;148;168msk your question...[39m
[38;2;138;148;168m────────────────────────────────────────────────────────────────────────────────[39m
  [38;2;138;148;168m? for shortcuts · [38;2;2;136;142mtaste on[39m



[?2026l[?2026h[2K[1A[2K[1A[2K[1A[2K[1A[2K[1A[2K[1A[2K[1A[2K[1A[2K[1A[2K[1A[2K[G[38;2;228;204;255m✻ Thinking… (23 lines) [38;2;53;61;80m[[38;2;138;148;168mctrl+o to expand[38;2;53;61;80m][39m

[48;2;45;43;85m[38;2;228;204;255m [1m☆ [22m[38;2;110;97;163mThreading…[38;2;228;204;255m [39m[49m [1m[38;2;138;148;168mesc[39m[22m [38;2;138;148;168mto interrupt[39m [38;2;138;148;168m•[39m [38;2;138;148;168m8s[39m [38;2;138;148;168m•[39m [38;2;138;148;168m↓[39m [38;2;138;148;168m8.4k[39m
[38;2;138;148;168m────────────────────────────────────────────────────────────────────────────────[39m
❯ [7mA[27m[38;2;138;148;168msk your question...[39m
[38;2;138;148;168m────────────────────────────────────────────────────────────────────────────────[39m
  [38;2;138;148;168m? for shortcuts · [38;2;2;136;142mtaste on[39m



[?2026l[?2026h[2K[1A[2K[1A[2K[1A[2K[1A[2K[1A[2K[1A[2K[1A[2K[1A[2K[1A[2K[1A[2K[G[38;2;228;204;255m✻ Thinking… (23 lines) [38;2;53;61;80m[[38;2;138;148;168mctrl+o to expand[38;2;53;61;80m][39m

[48;2;45;43;85m[38;2;228;204;255m [1m◇ [22m[38;2;234;218;255mT[38;2;171;165;206mh[38;2;228;204;255mr[38;2;165;153;233me[38;2;110;97;163mading…[38;2;228;204;255m [39m[49m [1m[38;2;138;148;168mesc[39m[22m [38;2;138;148;168mto interrupt[39m [38;2;138;148;168m•[39m [38;2;138;148;168m8s[39m [38;2;138;148;168m•[39m [38;2;138;148;168m↓[39m [38;2;138;148;168m8.5k[39m
[38;2;138;148;168m────────────────────────────────────────────────────────────────────────────────[39m
❯ [7mA[27m[38;2;138;148;168msk your question...[39m
[38;2;138;148;168m────────────────────────────────────────────────────────────────────────────────[39m
  [38;2;138;148;168m? for shortcuts · [38;2;2;136;142mtaste on[39m



[?2026l[?2026h[2K[1A[2K[1A[2K[1A[2K[1A[2K[1A[2K[1A[2K[1A[2K[1A[2K[1A[2K[1A[2K[G[38;2;228;204;255m✻ Thinking… (23 lines) [38;2;53;61;80m[[38;2;138;148;168mctrl+o to expand[38;2;53;61;80m][39m

[48;2;45;43;85m[38;2;228;204;255m [1m○ [22m[38;2;255;255;255mT[38;2;234;218;255mh[38;2;171;165;206mr[38;2;228;204;255me[38;2;165;153;233ma[38;2;110;97;163mding…[38;2;228;204;255m [39m[49m [1m[38;2;138;148;168mesc[39m[22m [38;2;138;148;168mto interrupt[39m [38;2;138;148;168m•[39m [38;2;138;148;168m8s[39m [38;2;138;148;168m•[39m [38;2;138;148;168m↓[39m [38;2;138;148;168m8.5k[39m
[38;2;138;148;168m────────────────────────────────────────────────────────────────────────────────[39m
❯ [7mA[27m[38;2;138;148;168msk your question...[39m
[38;2;138;148;168m────────────────────────────────────────────────────────────────────────────────[39m
  [38;2;138;148;168m? for shortcuts · [38;2;2;136;142mtaste on[39m



[?2026l[?2026h[2K[1A[2K[1A[2K[1A[2K[1A[2K[1A[2K[1A[2K[1A[2K[1A[2K[1A[2K[1A[2K[G[38;2;228;204;255m✻ Thinking… (23 lines) [38;2;53;61;80m[[38;2;138;148;168mctrl+o to expand[38;2;53;61;80m][39m

[48;2;45;43;85m[38;2;228;204;255m [1m· [22m[38;2;204;199;225mT[38;2;255;255;255mh[38;2;234;218;255mr[38;2;171;165;206me[38;2;228;204;255ma[38;2;165;153;233md[38;2;110;97;163ming…[38;2;228;204;255m [39m[49m [1m[38;2;138;148;168mesc[39m[22m [38;2;138;148;168mto interrupt[39m [38;2;138;148;168m•[39m [38;2;138;148;168m8s[39m [38;2;138;148;168m•[39m [38;2;138;148;168m↓[39m [38;2;138;148;168m8.5k[39m
[38;2;138;148;168m────────────────────────────────────────────────────────────────────────────────[39m
❯ [7mA[27m[38;2;138;148;168msk your question...[39m
[38;2;138;148;168m────────────────────────────────────────────────────────────────────────────────[39m
  [38;2;138;148;168m? for shortcuts · [38;2;2;136;142mtaste on[39m



[?2026l[?2026h[2K[1A[2K[1A[2K[1A[2K[1A[2K[1A[2K[1A[2K[1A[2K[1A[2K[1A[2K[1A[2K[G[38;2;228;204;255m✻ Thinking… (23 lines) [38;2;53;61;80m[[38;2;138;148;168mctrl+o to expand[38;2;53;61;80m][39m

[48;2;45;43;85m[38;2;228;204;255m [1m· [22m[38;2;171;165;206mT[38;2;204;199;225mh[38;2;255;255;255mr[38;2;234;218;255me[38;2;171;165;206ma[38;2;228;204;255md[38;2;165;153;233mi[38;2;110;97;163mng…[38;2;228;204;255m [39m[49m [1m[38;2;138;148;168mesc[39m[22m [38;2;138;148;168mto interrupt[39m [38;2;138;148;168m•[39m [38;2;138;148;168m9s[39m [38;2;138;148;168m•[39m [38;2;138;148;168m↓[39m [38;2;138;148;168m8.6k[39m
[38;2;138;148;168m────────────────────────────────────────────────────────────────────────────────[39m
❯ [7mA[27m[38;2;138;148;168msk your question...[39m
[38;2;138;148;168m────────────────────────────────────────────────────────────────────────────────[39m
  [38;2;138;148;168m? for shortcuts · [38;2;2;136;142mtaste on[39m



[?2026l[?2026h[2K[1A[2K[1A[2K[1A[2K[1A[2K[1A[2K[1A[2K[1A[2K[1A[2K[1A[2K[1A[2K[G[38;2;228;204;255m✻ Thinking… (23 lines) [38;2;53;61;80m[[38;2;138;148;168mctrl+o to expand[38;2;53;61;80m][39m

[48;2;45;43;85m[38;2;228;204;255m [1m· [22mT[38;2;171;165;206mh[38;2;204;199;225mr[38;2;255;255;255me[38;2;234;218;255ma[38;2;171;165;206md[38;2;228;204;255mi[38;2;165;153;233mn[38;2;110;97;163mg…[38;2;228;204;255m [39m[49m [1m[38;2;138;148;168mesc[39m[22m [38;2;138;148;168mto interrupt[39m [38;2;138;148;168m•[39m [38;2;138;148;168m9s[39m [38;2;138;148;168m•[39m [38;2;138;148;168m↓[39m [38;2;138;148;168m8.6k[39m
[38;2;138;148;168m────────────────────────────────────────────────────────────────────────────────[39m
❯ [7mA[27m[38;2;138;148;168msk your question...[39m
[38;2;138;148;168m────────────────────────────────────────────────────────────────────────────────[39m
  [38;2;138;148;168m? for shortcuts · [38;2;2;136;142mtaste on[39m



[?2026l[?2026h[2K[1A[2K[1A[2K[1A[2K[1A[2K[1A[2K[1A[2K[1A[2K[1A[2K[1A[2K[1A[2K[G[38;2;228;204;255m✻ Thinking… (23 lines) [38;2;53;61;80m[[38;2;138;148;168mctrl+o to expand[38;2;53;61;80m][39m

[48;2;45;43;85m[38;2;228;204;255m [1m○ [22m[38;2;165;153;233mT[38;2;228;204;255mh[38;2;171;165;206mr[38;2;204;199;225me[38;2;255;255;255ma[38;2;234;218;255md[38;2;171;165;206mi[38;2;228;204;255mn[38;2;165;153;233mg[38;2;110;97;163m…[38;2;228;204;255m [39m[49m [1m[38;2;138;148;168mesc[39m[22m [38;2;138;148;168mto interrupt[39m [38;2;138;148;168m•[39m [38;2;138;148;168m9s[39m [38;2;138;148;168m•[39m [38;2;138;148;168m↓[39m [38;2;138;148;168m8.6k[39m
[38;2;138;148;168m────────────────────────────────────────────────────────────────────────────────[39m
❯ [7mA[27m[38;2;138;148;168msk your question...[39m
[38;2;138;148;168m────────────────────────────────────────────────────────────────────────────────[39m
  [38;2;138;148;168m? for shortcuts · [38;2;2;136;142mtaste on[39m



[?2026l[?2026h[2K[1A[2K[1A[2K[1A[2K[1A[2K[1A[2K[1A[2K[1A[2K[1A[2K[1A[2K[1A[2K[G[38;2;228;204;255m✻ Thinking… (24 lines) [38;2;53;61;80m[[38;2;138;148;168mctrl+o to expand[38;2;53;61;80m][39m

[48;2;45;43;85m[38;2;228;204;255m [1m○ [22m[38;2;165;153;233mT[38;2;228;204;255mh[38;2;171;165;206mr[38;2;204;199;225me[38;2;255;255;255ma[38;2;234;218;255md[38;2;171;165;206mi[38;2;228;204;255mn[38;2;165;153;233mg[38;2;110;97;163m…[38;2;228;204;255m [39m[49m [1m[38;2;138;148;168mesc[39m[22m [38;2;138;148;168mto interrupt[39m [38;2;138;148;168m•[39m [38;2;138;148;168m9s[39m [38;2;138;148;168m•[39m [38;2;138;148;168m↓[39m [38;2;138;148;168m8.6k[39m
[38;2;138;148;168m────────────────────────────────────────────────────────────────────────────────[39m
❯ [7mA[27m[38;2;138;148;168msk your question...[39m
[38;2;138;148;168m────────────────────────────────────────────────────────────────────────────────[39m
  [38;2;138;148;168m? for shortcuts · [38;2;2;136;142mtaste on[39m



[?2026l[?2026h[2K[1A[2K[1A[2K[1A[2K[1A[2K[1A[2K[1A[2K[1A[2K[1A[2K[1A[2K[1A[2K[G[38;2;228;204;255m✻ Thinking… (24 lines) [38;2;53;61;80m[[38;2;138;148;168mctrl+o to expand[38;2;53;61;80m][39m

[48;2;45;43;85m[38;2;228;204;255m [1m○ [22m[38;2;110;97;163mT[38;2;165;153;233mh[38;2;228;204;255mr[38;2;171;165;206me[38;2;204;199;225ma[38;2;255;255;255md[38;2;234;218;255mi[38;2;171;165;206mn[38;2;228;204;255mg[38;2;165;153;233m…[38;2;228;204;255m [39m[49m [1m[38;2;138;148;168mesc[39m[22m [38;2;138;148;168mto interrupt[39m [38;2;138;148;168m•[39m [38;2;138;148;168m9s[39m [38;2;138;148;168m•[39m [38;2;138;148;168m↓[39m [38;2;138;148;168m8.6k[39m
[38;2;138;148;168m────────────────────────────────────────────────────────────────────────────────[39m
❯ [7mA[27m[38;2;138;148;168msk your question...[39m
[38;2;138;148;168m────────────────────────────────────────────────────────────────────────────────[39m
  [38;2;138;148;168m? for shortcuts · [38;2;2;136;142mtaste on[39m



[?2026l[?2026h[2K[1A[2K[1A[2K[1A[2K[1A[2K[1A[2K[1A[2K[1A[2K[1A[2K[1A[2K[1A[2K[G[38;2;228;204;255m✻ Thinking… (24 lines) [38;2;53;61;80m[[38;2;138;148;168mctrl+o to expand[38;2;53;61;80m][39m

[48;2;45;43;85m[38;2;228;204;255m [1m◇ [22m[38;2;110;97;163mTh[38;2;165;153;233mr[38;2;228;204;255me[38;2;171;165;206ma[38;2;204;199;225md[38;2;255;255;255mi[38;2;234;218;255mn[38;2;171;165;206mg[38;2;228;204;255m… [39m[49m [1m[38;2;138;148;168mesc[39m[22m [38;2;138;148;168mto interrupt[39m [38;2;138;148;168m•[39m [38;2;138;148;168m9s[39m [38;2;138;148;168m•[39m [38;2;138;148;168m↓[39m [38;2;138;148;168m8.7k[39m
[38;2;138;148;168m────────────────────────────────────────────────────────────────────────────────[39m
❯ [7mA[27m[38;2;138;148;168msk your question...[39m
[38;2;138;148;168m────────────────────────────────────────────────────────────────────────────────[39m
  [38;2;138;148;168m? for shortcuts · [38;2;2;136;142mtaste on[39m



[?2026l[?2026h[2K[1A[2K[1A[2K[1A[2K[1A[2K[1A[2K[1A[2K[1A[2K[1A[2K[1A[2K[1A[2K[G[38;2;228;204;255m✻ Thinking… (29 lines) [38;2;53;61;80m[[38;2;138;148;168mctrl+o to expand[38;2;53;61;80m][39m

[48;2;45;43;85m[38;2;228;204;255m [1m☆ [22m[38;2;110;97;163mThr[38;2;165;153;233me[38;2;228;204;255ma[38;2;171;165;206md[38;2;204;199;225mi[38;2;255;255;255mn[38;2;234;218;255mg[38;2;171;165;206m…[38;2;228;204;255m [39m[49m [1m[38;2;138;148;168mesc[39m[22m [38;2;138;148;168mto interrupt[39m [38;2;138;148;168m•[39m [38;2;138;148;168m9s[39m [38;2;138;148;168m•[39m [38;2;138;148;168m↓[39m [38;2;138;148;168m8.7k[39m
[38;2;138;148;168m────────────────────────────────────────────────────────────────────────────────[39m
❯ [7mA[27m[38;2;138;148;168msk your question...[39m
[38;2;138;148;168m────────────────────────────────────────────────────────────────────────────────[39m
  [38;2;138;148;168m? for shortcuts · [38;2;2;136;142mtaste on[39m



[?2026l[?2026h[2K[1A[2K[1A[2K[1A[2K[1A[2K[1A[2K[1A[2K[1A[2K[1A[2K[1A[2K[1A[2K[G[38;2;228;204;255m✻ Thinking… (30 lines) [38;2;53;61;80m[[38;2;138;148;168mctrl+o to expand[38;2;53;61;80m][39m

[48;2;45;43;85m[38;2;228;204;255m [1m✧ [22m[38;2;110;97;163mThre[38;2;165;153;233ma[38;2;228;204;255md[38;2;171;165;206mi[38;2;204;199;225mn[38;2;255;255;255mg[38;2;234;218;255m…[38;2;228;204;255m [39m[49m [1m[38;2;138;148;168mesc[39m[22m [38;2;138;148;168mto interrupt[39m [38;2;138;148;168m•[39m [38;2;138;148;168m9s[39m [38;2;138;148;168m•[39m [38;2;138;148;168m↓[39m [38;2;138;148;168m8.7k[39m
[38;2;138;148;168m────────────────────────────────────────────────────────────────────────────────[39m
❯ [7mA[27m[38;2;138;148;168msk your question...[39m
[38;2;138;148;168m────────────────────────────────────────────────────────────────────────────────[39m
  [38;2;138;148;168m? for shortcuts · [38;2;2;136;142mtaste on[39m



[?2026l[?2026h[2K[1A[2K[1A[2K[1A[2K[1A[2K[1A[2K[1A[2K[1A[2K[1A[2K[1A[2K[1A[2K[G[38;2;228;204;255m✻ Thinking… (30 lines) [38;2;53;61;80m[[38;2;138;148;168mctrl+o to expand[38;2;53;61;80m][39m

[48;2;45;43;85m[38;2;228;204;255m [1m☆ [22m[38;2;110;97;163mThrea[38;2;165;153;233md[38;2;228;204;255mi[38;2;171;165;206mn[38;2;204;199;225mg[38;2;255;255;255m…[38;2;228;204;255m [39m[49m [1m[38;2;138;148;168mesc[39m[22m [38;2;138;148;168mto interrupt[39m [38;2;138;148;168m•[39m [38;2;138;148;168m9s[39m [38;2;138;148;168m•[39m [38;2;138;148;168m↓[39m [38;2;138;148;168m8.7k[39m
[38;2;138;148;168m────────────────────────────────────────────────────────────────────────────────[39m
❯ [7mA[27m[38;2;138;148;168msk your question...[39m
[38;2;138;148;168m────────────────────────────────────────────────────────────────────────────────[39m
  [38;2;138;148;168m? for shortcuts · [38;2;2;136;142mtaste on[39m



[?2026l[?2026h[2K[1A[2K[1A[2K[1A[2K[1A[2K[1A[2K[1A[2K[1A[2K[1A[2K[1A[2K[1A[2K[G[38;2;228;204;255m✻ Thinking… (30 lines) [38;2;53;61;80m[[38;2;138;148;168mctrl+o to expand[38;2;53;61;80m][39m

[48;2;45;43;85m[38;2;228;204;255m [1m◇ [22m[38;2;110;97;163mThread[38;2;165;153;233mi[38;2;228;204;255mn[38;2;171;165;206mg[38;2;204;199;225m…[38;2;228;204;255m [39m[49m [1m[38;2;138;148;168mesc[39m[22m [38;2;138;148;168mto interrupt[39m [38;2;138;148;168m•[39m [38;2;138;148;168m9s[39m [38;2;138;148;168m•[39m [38;2;138;148;168m↓[39m [38;2;138;148;168m8.8k[39m
[38;2;138;148;168m────────────────────────────────────────────────────────────────────────────────[39m
❯ [7mA[27m[38;2;138;148;168msk your question...[39m
[38;2;138;148;168m────────────────────────────────────────────────────────────────────────────────[39m
  [38;2;138;148;168m? for shortcuts · [38;2;2;136;142mtaste on[39m



[?2026l[?2026h[2K[1A[2K[1A[2K[1A[2K[1A[2K[1A[2K[1A[2K[1A[2K[1A[2K[1A[2K[1A[2K[G[38;2;228;204;255m✻ Thinking… (31 lines) [38;2;53;61;80m[[38;2;138;148;168mctrl+o to expand[38;2;53;61;80m][39m

[48;2;45;43;85m[38;2;228;204;255m [1m◇ [22m[38;2;110;97;163mThread[38;2;165;153;233mi[38;2;228;204;255mn[38;2;171;165;206mg[38;2;204;199;225m…[38;2;228;204;255m [39m[49m [1m[38;2;138;148;168mesc[39m[22m [38;2;138;148;168mto interrupt[39m [38;2;138;148;168m•[39m [38;2;138;148;168m9s[39m [38;2;138;148;168m•[39m [38;2;138;148;168m↓[39m [38;2;138;148;168m8.8k[39m
[38;2;138;148;168m────────────────────────────────────────────────────────────────────────────────[39m
❯ [7mA[27m[38;2;138;148;168msk your question...[39m
[38;2;138;148;168m────────────────────────────────────────────────────────────────────────────────[39m
  [38;2;138;148;168m? for shortcuts · [38;2;2;136;142mtaste on[39m



[?2026l[?2026h[2K[1A[2K[1A[2K[1A[2K[1A[2K[1A[2K[1A[2K[1A[2K[1A[2K[1A[2K[1A[2K[G[38;2;228;204;255m✻ Thinking… (31 lines) [38;2;53;61;80m[[38;2;138;148;168mctrl+o to expand[38;2;53;61;80m][39m

[48;2;45;43;85m[38;2;228;204;255m [1m○ [22m[38;2;110;97;163mThreadi[38;2;165;153;233mn[38;2;228;204;255mg[38;2;171;165;206m…[38;2;228;204;255m [39m[49m [1m[38;2;138;148;168mesc[39m[22m [38;2;138;148;168mto interrupt[39m [38;2;138;148;168m•[39m [38;2;138;148;168m9s[39m [38;2;138;148;168m•[39m [38;2;138;148;168m↓[39m [38;2;138;148;168m8.8k[39m
[38;2;138;148;168m────────────────────────────────────────────────────────────────────────────────[39m
❯ [7mA[27m[38;2;138;148;168msk your question...[39m
[38;2;138;148;168m────────────────────────────────────────────────────────────────────────────────[39m
  [38;2;138;148;168m? for shortcuts · [38;2;2;136;142mtaste on[39m



[?2026l]0;⌘ Command Code · orch-go · deepseek-v4-flash-(latest)]2;⌘ Command Code · orch-go · deepseek-v4-flash-(latest)[?2026h[2K[1A[2K[1A[2K[1A[2K[1A[2K[1A[2K[1A[2K[1A[2K[1A[2K[1A[2K[1A[2K[G[38;2;228;204;255m✻ Thinking… (33 lines) [38;2;53;61;80m[[38;2;138;148;168mctrl+o to expand[38;2;53;61;80m][39m

[48;2;45;43;85m[38;2;228;204;255m [1m⌘ [22m[38;2;110;97;163mThreadin[38;2;165;153;233mg[38;2;228;204;255m… [39m[49m [1m[38;2;138;148;168mesc[39m[22m [38;2;138;148;168mto interrupt[39m [38;2;138;148;168m•[39m [38;2;138;148;168m9s[39m [38;2;138;148;168m•[39m [38;2;138;148;168m↓[39m [38;2;138;148;168m8.8k[39m
[38;2;138;148;168m────────────────────────────────────────────────────────────────────────────────[39m
❯ [7mA[27m[38;2;138;148;168msk your question...[39m
[38;2;138;148;168m────────────────────────────────────────────────────────────────────────────────[39m
  [38;2;138;148;168m? for shortcuts · [38;2;2;136;142mtaste on[39m



[?2026l[?2026h[2K[1A[2K[1A[2K[1A[2K[1A[2K[1A[2K[1A[2K[1A[2K[1A[2K[1A[2K[1A[2K[G[38;2;228;204;255m✻ Thinking… (35 lines) [38;2;53;61;80m[[38;2;138;148;168mctrl+o to expand[38;2;53;61;80m][39m

[48;2;45;43;85m[38;2;228;204;255m [1m⌘ [22m[38;2;110;97;163mThreading[38;2;165;153;233m…[38;2;228;204;255m [39m[49m [1m[38;2;138;148;168mesc[39m[22m [38;2;138;148;168mto interrupt[39m [38;2;138;148;168m•[39m [38;2;138;148;168m9s[39m [38;2;138;148;168m•[39m [38;2;138;148;168m↓[39m [38;2;138;148;168m8.9k[39m
[38;2;138;148;168m────────────────────────────────────────────────────────────────────────────────[39m
❯ [7mA[27m[38;2;138;148;168msk your question...[39m
[38;2;138;148;168m────────────────────────────────────────────────────────────────────────────────[39m
  [38;2;138;148;168m? for shortcuts · [38;2;2;136;142mtaste on[39m



[?2026l[?2026h[2K[1A[2K[1A[2K[1A[2K[1A[2K[1A[2K[1A[2K[1A[2K[1A[2K[1A[2K[1A[2K[G[38;2;228;204;255m✻ Thinking… (35 lines) [38;2;53;61;80m[[38;2;138;148;168mctrl+o to expand[38;2;53;61;80m][39m

[48;2;45;43;85m[38;2;228;204;255m [1m⌘ [22m[38;2;110;97;163mThreading…[38;2;228;204;255m [39m[49m [1m[38;2;138;148;168mesc[39m[22m [38;2;138;148;168mto interrupt[39m [38;2;138;148;168m•[39m [38;2;138;148;168m9s[39m [38;2;138;148;168m•[39m [38;2;138;148;168m↓[39m [38;2;138;148;168m8.9k[39m
[38;2;138;148;168m────────────────────────────────────────────────────────────────────────────────[39m
❯ [7mA[27m[38;2;138;148;168msk your question...[39m
[38;2;138;148;168m────────────────────────────────────────────────────────────────────────────────[39m
  [38;2;138;148;168m? for shortcuts · [38;2;2;136;142mtaste on[39m



[?2026l[?2026h[2K[1A[2K[1A[2K[1A[2K[1A[2K[1A[2K[1A[2K[1A[2K[1A[2K[1A[2K[1A[2K[G[38;2;228;204;255m✻ Thinking… (35 lines) [38;2;53;61;80m[[38;2;138;148;168mctrl+o to expand[38;2;53;61;80m][39m

[48;2;45;43;85m[38;2;228;204;255m [1m⌘ [22m[38;2;110;97;163mThreading…[38;2;228;204;255m [39m[49m [1m[38;2;138;148;168mesc[39m[22m [38;2;138;148;168mto interrupt[39m [38;2;138;148;168m•[39m [38;2;138;148;168m10s[39m [38;2;138;148;168m•[39m [38;2;138;148;168m↓[39m [38;2;138;148;168m8.9k[39m
[38;2;138;148;168m────────────────────────────────────────────────────────────────────────────────[39m
❯ [7mA[27m[38;2;138;148;168msk your question...[39m
[38;2;138;148;168m────────────────────────────────────────────────────────────────────────────────[39m
  [38;2;138;148;168m? for shortcuts · [38;2;2;136;142mtaste on[39m



[?2026l[?2026h[2K[1A[2K[1A[2K[1A[2K[1A[2K[1A[2K[1A[2K[1A[2K[1A[2K[1A[2K[1A[2K[G[38;2;228;204;255m✻ Thinking… (35 lines) [38;2;53;61;80m[[38;2;138;148;168mctrl+o to expand[38;2;53;61;80m][39m

[48;2;45;43;85m[38;2;228;204;255m [1m○ [22m[38;2;110;97;163mThreading…[38;2;228;204;255m [39m[49m [1m[38;2;138;148;168mesc[39m[22m [38;2;138;148;168mto interrupt[39m [38;2;138;148;168m•[39m [38;2;138;148;168m10s[39m [38;2;138;148;168m•[39m [38;2;138;148;168m↓[39m [38;2;138;148;168m8.9k[39m
[38;2;138;148;168m────────────────────────────────────────────────────────────────────────────────[39m
❯ [7mA[27m[38;2;138;148;168msk your question...[39m
[38;2;138;148;168m────────────────────────────────────────────────────────────────────────────────[39m
  [38;2;138;148;168m? for shortcuts · [38;2;2;136;142mtaste on[39m



[?2026l[?2026h[2K[1A[2K[1A[2K[1A[2K[1A[2K[1A[2K[1A[2K[1A[2K[1A[2K[1A[2K[1A[2K[G[38;2;228;204;255m✻ Thinking… (35 lines) [38;2;53;61;80m[[38;2;138;148;168mctrl+o to expand[38;2;53;61;80m][39m

[48;2;45;43;85m[38;2;228;204;255m [1m◇ [22m[38;2;110;97;163mThreading…[38;2;228;204;255m [39m[49m [1m[38;2;138;148;168mesc[39m[22m [38;2;138;148;168mto interrupt[39m [38;2;138;148;168m•[39m [38;2;138;148;168m10s[39m [38;2;138;148;168m•[39m [38;2;138;148;168m↓[39m [38;2;138;148;168m9.0k[39m
[38;2;138;148;168m────────────────────────────────────────────────────────────────────────────────[39m
❯ [7mA[27m[38;2;138;148;168msk your question...[39m
[38;2;138;148;168m────────────────────────────────────────────────────────────────────────────────[39m
  [38;2;138;148;168m? for shortcuts · [38;2;2;136;142mtaste on[39m



[?2026l[?2026h[2K[1A[2K[1A[2K[1A[2K[1A[2K[1A[2K[1A[2K[1A[2K[1A[2K[1A[2K[1A[2K[G[38;2;228;204;255m✻ Thinking… (35 lines) [38;2;53;61;80m[[38;2;138;148;168mctrl+o to expand[38;2;53;61;80m][39m

[48;2;45;43;85m[38;2;228;204;255m [1m☆ [22m[38;2;110;97;163mThreading…[38;2;228;204;255m [39m[49m [1m[38;2;138;148;168mesc[39m[22m [38;2;138;148;168mto interrupt[39m [38;2;138;148;168m•[39m [38;2;138;148;168m10s[39m [38;2;138;148;168m•[39m [38;2;138;148;168m↓[39m [38;2;138;148;168m9.0k[39m
[38;2;138;148;168m────────────────────────────────────────────────────────────────────────────────[39m
❯ [7mA[27m[38;2;138;148;168msk your question...[39m
[38;2;138;148;168m────────────────────────────────────────────────────────────────────────────────[39m
  [38;2;138;148;168m? for shortcuts · [38;2;2;136;142mtaste on[39m



[?2026l[?2026h[2K[1A[2K[1A[2K[1A[2K[1A[2K[1A[2K[1A[2K[1A[2K[1A[2K[1A[2K[1A[2K[G[38;2;228;204;255m✻ Thinking… (35 lines) [38;2;53;61;80m[[38;2;138;148;168mctrl+o to expand[38;2;53;61;80m][39m

[48;2;45;43;85m[38;2;228;204;255m [1m✧ [22m[38;2;234;218;255mT[38;2;171;165;206mh[38;2;228;204;255mr[38;2;165;153;233me[38;2;110;97;163mading…[38;2;228;204;255m [39m[49m [1m[38;2;138;148;168mesc[39m[22m [38;2;138;148;168mto interrupt[39m [38;2;138;148;168m•[39m [38;2;138;148;168m10s[39m [38;2;138;148;168m•[39m [38;2;138;148;168m↓[39m [38;2;138;148;168m9.0k[39m
[38;2;138;148;168m────────────────────────────────────────────────────────────────────────────────[39m
❯ [7mA[27m[38;2;138;148;168msk your question...[39m
[38;2;138;148;168m────────────────────────────────────────────────────────────────────────────────[39m
  [38;2;138;148;168m? for shortcuts · [38;2;2;136;142mtaste on[39m



[?2026l[?2026h[2K[1A[2K[1A[2K[1A[2K[1A[2K[1A[2K[1A[2K[1A[2K[1A[2K[1A[2K[1A[2K[G[38;2;228;204;255m✻ Thinking… (37 lines) [38;2;53;61;80m[[38;2;138;148;168mctrl+o to expand[38;2;53;61;80m][39m

[48;2;45;43;85m[38;2;228;204;255m [1m✧ [22m[38;2;234;218;255mT[38;2;171;165;206mh[38;2;228;204;255mr[38;2;165;153;233me[38;2;110;97;163mading…[38;2;228;204;255m [39m[49m [1m[38;2;138;148;168mesc[39m[22m [38;2;138;148;168mto interrupt[39m [38;2;138;148;168m•[39m [38;2;138;148;168m10s[39m [38;2;138;148;168m•[39m [38;2;138;148;168m↓[39m [38;2;138;148;168m9.0k[39m
[38;2;138;148;168m────────────────────────────────────────────────────────────────────────────────[39m
❯ [7mA[27m[38;2;138;148;168msk your question...[39m
[38;2;138;148;168m────────────────────────────────────────────────────────────────────────────────[39m
  [38;2;138;148;168m? for shortcuts · [38;2;2;136;142mtaste on[39m



[?2026l[?2026h[2K[1A[2K[1A[2K[1A[2K[1A[2K[1A[2K[1A[2K[1A[2K[1A[2K[1A[2K[1A[2K[G[38;2;228;204;255m✻ Thinking… (37 lines) [38;2;53;61;80m[[38;2;138;148;168mctrl+o to expand[38;2;53;61;80m][39m

[48;2;45;43;85m[38;2;228;204;255m [1m☆ [22m[38;2;255;255;255mT[38;2;234;218;255mh[38;2;171;165;206mr[38;2;228;204;255me[38;2;165;153;233ma[38;2;110;97;163mding…[38;2;228;204;255m [39m[49m [1m[38;2;138;148;168mesc[39m[22m [38;2;138;148;168mto interrupt[39m [38;2;138;148;168m•[39m [38;2;138;148;168m10s[39m [38;2;138;148;168m•[39m [38;2;138;148;168m↓[39m [38;2;138;148;168m9.0k[39m
[38;2;138;148;168m────────────────────────────────────────────────────────────────────────────────[39m
❯ [7mA[27m[38;2;138;148;168msk your question...[39m
[38;2;138;148;168m────────────────────────────────────────────────────────────────────────────────[39m
  [38;2;138;148;168m? for shortcuts · [38;2;2;136;142mtaste on[39m



[?2026l[?2026h[2K[1A[2K[1A[2K[1A[2K[1A[2K[1A[2K[1A[2K[1A[2K[1A[2K[1A[2K[1A[2K[G[38;2;228;204;255m✻ Thinking… (37 lines) [38;2;53;61;80m[[38;2;138;148;168mctrl+o to expand[38;2;53;61;80m][39m

[48;2;45;43;85m[38;2;228;204;255m [1m◇ [22m[38;2;204;199;225mT[38;2;255;255;255mh[38;2;234;218;255mr[38;2;171;165;206me[38;2;228;204;255ma[38;2;165;153;233md[38;2;110;97;163ming…[38;2;228;204;255m [39m[49m [1m[38;2;138;148;168mesc[39m[22m [38;2;138;148;168mto interrupt[39m [38;2;138;148;168m•[39m [38;2;138;148;168m10s[39m [38;2;138;148;168m•[39m [38;2;138;148;168m↓[39m [38;2;138;148;168m9.1k[39m
[38;2;138;148;168m────────────────────────────────────────────────────────────────────────────────[39m
❯ [7mA[27m[38;2;138;148;168msk your question...[39m
[38;2;138;148;168m────────────────────────────────────────────────────────────────────────────────[39m
  [38;2;138;148;168m? for shortcuts · [38;2;2;136;142mtaste on[39m



[?2026l[?2026h[2K[1A[2K[1A[2K[1A[2K[1A[2K[1A[2K[1A[2K[1A[2K[1A[2K[1A[2K[1A[2K[G[38;2;228;204;255m✻ Thinking… (37 lines) [38;2;53;61;80m[[38;2;138;148;168mctrl+o to expand[38;2;53;61;80m][39m

[48;2;45;43;85m[38;2;228;204;255m [1m○ [22m[38;2;171;165;206mT[38;2;204;199;225mh[38;2;255;255;255mr[38;2;234;218;255me[38;2;171;165;206ma[38;2;228;204;255md[38;2;165;153;233mi[38;2;110;97;163mng…[38;2;228;204;255m [39m[49m [1m[38;2;138;148;168mesc[39m[22m [38;2;138;148;168mto interrupt[39m [38;2;138;148;168m•[39m [38;2;138;148;168m10s[39m [38;2;138;148;168m•[39m [38;2;138;148;168m↓[39m [38;2;138;148;168m9.1k[39m
[38;2;138;148;168m────────────────────────────────────────────────────────────────────────────────[39m
❯ [7mA[27m[38;2;138;148;168msk your question...[39m
[38;2;138;148;168m────────────────────────────────────────────────────────────────────────────────[39m
  [38;2;138;148;168m? for shortcuts · [38;2;2;136;142mtaste on[39m



[?2026l[?2026h[2K[1A[2K[1A[2K[1A[2K[1A[2K[1A[2K[1A[2K[1A[2K[1A[2K[1A[2K[1A[2K[G[38;2;228;204;255m✻ Thought for 6 seconds [38;2;53;61;80m[[38;2;138;148;168mctrl+o to expand[38;2;53;61;80m][39m

[?2026h[38;2;165;153;233m⠶[39m README exists.

[48;2;45;43;85m[38;2;228;204;255m [1m○ [22m[38;2;171;165;206mT[38;2;204;199;225mh[38;2;255;255;255mr[38;2;234;218;255me[38;2;171;165;206ma[38;2;228;204;255md[38;2;165;153;233mi[38;2;110;97;163mng…[38;2;228;204;255m [39m[49m [1m[38;2;138;148;168mesc[39m[22m [38;2;138;148;168mto interrupt[39m [38;2;138;148;168m•[39m [38;2;138;148;168m10s[39m [38;2;138;148;168m•[39m [38;2;138;148;168m↓[39m [38;2;138;148;168m9.1k[39m
[38;2;138;148;168m────────────────────────────────────────────────────────────────────────────────[39m
❯ [7mA[27m[38;2;138;148;168msk your question...[39m
[38;2;138;148;168m────────────────────────────────────────────────────────────────────────────────[39m
  [38;2;138;148;168m? for shortcuts · [38;2;2;136;142mtaste on[39m



[?2026l[?2026l[?2026h[2K[1A[2K[1A[2K[1A[2K[1A[2K[1A[2K[1A[2K[1A[2K[1A[2K[1A[2K[1A[2K[G[38;2;165;153;233m⠶[39m README exists.

[48;2;45;43;85m[38;2;228;204;255m [1m· [22mT[38;2;171;165;206mh[38;2;204;199;225mr[38;2;255;255;255me[38;2;234;218;255ma[38;2;171;165;206md[38;2;228;204;255mi[38;2;165;153;233mn[38;2;110;97;163mg…[38;2;228;204;255m [39m[49m [1m[38;2;138;148;168mesc[39m[22m [38;2;138;148;168mto interrupt[39m [38;2;138;148;168m•[39m [38;2;138;148;168m10s[39m [38;2;138;148;168m•[39m [38;2;138;148;168m↓[39m [38;2;138;148;168m9.1k[39m
[38;2;138;148;168m────────────────────────────────────────────────────────────────────────────────[39m
❯ [7mA[27m[38;2;138;148;168msk your question...[39m
[38;2;138;148;168m────────────────────────────────────────────────────────────────────────────────[39m
  [38;2;138;148;168m? for shortcuts · [38;2;2;136;142mtaste on[39m



[?2026l[?2026h[2K[1A[2K[1A[2K[1A[2K[1A[2K[1A[2K[1A[2K[1A[2K[1A[2K[1A[2K[1A[2K[G[38;2;165;153;233m⠶[39m README exists. Now let me verify the specific claims against go.mod,
  the PTY/term files

[48;2;45;43;85m[38;2;228;204;255m [1m· [22mT[38;2;171;165;206mh[38;2;204;199;225mr[38;2;255;255;255me[38;2;234;218;255ma[38;2;171;165;206md[38;2;228;204;255mi[38;2;165;153;233mn[38;2;110;97;163mg…[38;2;228;204;255m [39m[49m [1m[38;2;138;148;168mesc[39m[22m [38;2;138;148;168mto interrupt[39m [38;2;138;148;168m•[39m [38;2;138;148;168m10s[39m [38;2;138;148;168m•[39m [38;2;138;148;168m↓[39m [38;2;138;148;168m9.1k[39m
[38;2;138;148;168m────────────────────────────────────────────────────────────────────────────────[39m
❯ [7mA[27m[38;2;138;148;168msk your question...[39m
[38;2;138;148;168m────────────────────────────────────────────────────────────────────────────────[39m
  [38;2;138;148;168m? for shortcuts · [38;2;2;136;142mtaste on[39m



[?2026l[?2026h[2K[1A[2K[1A[2K[1A[2K[1A[2K[1A[2K[1A[2K[1A[2K[1A[2K[1A[2K[1A[2K[1A[2K[G[38;2;165;153;233m⠶[39m README exists. Now let me verify the specific claims against go.mod,
  the PTY/term files, and confirm Go sources weren't touched by this run.


[48;2;45;43;85m[38;2;228;204;255m [1m· [22mT[38;2;171;165;206mh[38;2;204;199;225mr[38;2;255;255;255me[38;2;234;218;255ma[38;2;171;165;206md[38;2;228;204;255mi[38;2;165;153;233mn[38;2;110;97;163mg…[38;2;228;204;255m [39m[49m [1m[38;2;138;148;168mesc[39m[22m [38;2;138;148;168mto interrupt[39m [38;2;138;148;168m•[39m [38;2;138;148;168m10s[39m [38;2;138;148;168m•[39m [38;2;138;148;168m↓[39m [38;2;138;148;168m9.1k[39m
[38;2;138;148;168m────────────────────────────────────────────────────────────────────────────────[39m
❯ [7mA[27m[38;2;138;148;168msk your question...[39m
[38;2;138;148;168m────────────────────────────────────────────────────────────────────────────────[39m
  [38;2;138;148;168m? for shortcuts · [38;2;2;136;142mtaste on[39m



[?2026l[?2026h[2K[1A[2K[1A[2K[1A[2K[1A[2K[1A[2K[1A[2K[1A[2K[1A[2K[1A[2K[1A[2K[1A[2K[1A[2K[G[38;2;165;153;233m⠶[39m README exists. Now let me verify the specific claims against go.mod,
  the PTY/term files, and confirm Go sources weren't touched by this run.


[48;2;45;43;85m[38;2;228;204;255m [1m· [22m[38;2;165;153;233mT[38;2;228;204;255mh[38;2;171;165;206mr[38;2;204;199;225me[38;2;255;255;255ma[38;2;234;218;255md[38;2;171;165;206mi[38;2;228;204;255mn[38;2;165;153;233mg[38;2;110;97;163m…[38;2;228;204;255m [39m[49m [1m[38;2;138;148;168mesc[39m[22m [38;2;138;148;168mto interrupt[39m [38;2;138;148;168m•[39m [38;2;138;148;168m10s[39m [38;2;138;148;168m•[39m [38;2;138;148;168m↓[39m [38;2;138;148;168m9.2k[39m
[38;2;138;148;168m────────────────────────────────────────────────────────────────────────────────[39m
❯ [7mA[27m[38;2;138;148;168msk your question...[39m
[38;2;138;148;168m────────────────────────────────────────────────────────────────────────────────[39m
  [38;2;138;148;168m? for shortcuts · [38;2;2;136;142mtaste on[39m



[?2026l[?2026h[2K[1A[2K[1A[2K[1A[2K[1A[2K[1A[2K[1A[2K[1A[2K[1A[2K[1A[2K[1A[2K[1A[2K[1A[2K[G[38;2;165;153;233m⠶[39m README exists. Now let me verify the specific claims against go.mod,
  the PTY/term files, and confirm Go sources weren't touched by this run.


[48;2;45;43;85m[38;2;228;204;255m [1m· [22m[38;2;110;97;163mT[38;2;165;153;233mh[38;2;228;204;255mr[38;2;171;165;206me[38;2;204;199;225ma[38;2;255;255;255md[38;2;234;218;255mi[38;2;171;165;206mn[38;2;228;204;255mg[38;2;165;153;233m…[38;2;228;204;255m [39m[49m [1m[38;2;138;148;168mesc[39m[22m [38;2;138;148;168mto interrupt[39m [38;2;138;148;168m•[39m [38;2;138;148;168m10s[39m [38;2;138;148;168m•[39m [38;2;138;148;168m↓[39m [38;2;138;148;168m9.2k[39m
[38;2;138;148;168m────────────────────────────────────────────────────────────────────────────────[39m
❯ [7mA[27m[38;2;138;148;168msk your question...[39m
[38;2;138;148;168m────────────────────────────────────────────────────────────────────────────────[39m
  [38;2;138;148;168m? for shortcuts · [38;2;2;136;142mtaste on[39m



[?2026l[?2026h[2K[1A[2K[1A[2K[1A[2K[1A[2K[1A[2K[1A[2K[1A[2K[1A[2K[1A[2K[1A[2K[1A[2K[1A[2K[G[38;2;165;153;233m⠶[39m README exists. Now let me verify the specific claims against go.mod,
  the PTY/term files, and confirm Go sources weren't touched by this run.


[48;2;45;43;85m[38;2;228;204;255m [1m○ [22m[38;2;110;97;163mTh[38;2;165;153;233mr[38;2;228;204;255me[38;2;171;165;206ma[38;2;204;199;225md[38;2;255;255;255mi[38;2;234;218;255mn[38;2;171;165;206mg[38;2;228;204;255m… [39m[49m [1m[38;2;138;148;168mesc[39m[22m [38;2;138;148;168mto interrupt[39m [38;2;138;148;168m•[39m [38;2;138;148;168m10s[39m [38;2;138;148;168m•[39m [38;2;138;148;168m↓[39m [38;2;138;148;168m9.2k[39m
[38;2;138;148;168m────────────────────────────────────────────────────────────────────────────────[39m
❯ [7mA[27m[38;2;138;148;168msk your question...[39m
[38;2;138;148;168m────────────────────────────────────────────────────────────────────────────────[39m
  [38;2;138;148;168m? for shortcuts · [38;2;2;136;142mtaste on[39m



[?2026l[?2026h[2K[1A[2K[1A[2K[1A[2K[1A[2K[1A[2K[1A[2K[1A[2K[1A[2K[1A[2K[1A[2K[1A[2K[1A[2K[G[38;2;165;153;233m⠶[39m README exists. Now let me verify the specific claims against go.mod,
  the PTY/term files, and confirm Go sources weren't touched by this run.


[48;2;45;43;85m[38;2;228;204;255m [1m○ [22m[38;2;110;97;163mThr[38;2;165;153;233me[38;2;228;204;255ma[38;2;171;165;206md[38;2;204;199;225mi[38;2;255;255;255mn[38;2;234;218;255mg[38;2;171;165;206m…[38;2;228;204;255m [39m[49m [1m[38;2;138;148;168mesc[39m[22m [38;2;138;148;168mto interrupt[39m [38;2;138;148;168m•[39m [38;2;138;148;168m11s[39m [38;2;138;148;168m•[39m [38;2;138;148;168m↓[39m [38;2;138;148;168m9.2k[39m
[38;2;138;148;168m────────────────────────────────────────────────────────────────────────────────[39m
❯ [7mA[27m[38;2;138;148;168msk your question...[39m
[38;2;138;148;168m────────────────────────────────────────────────────────────────────────────────[39m
  [38;2;138;148;168m? for shortcuts · [38;2;2;136;142mtaste on[39m



[?2026l[?2026h[2K[1A[2K[1A[2K[1A[2K[1A[2K[1A[2K[1A[2K[1A[2K[1A[2K[1A[2K[1A[2K[1A[2K[1A[2K[G[38;2;165;153;233m⠶[39m README exists. Now let me verify the specific claims against go.mod,
  the PTY/term files, and confirm Go sources weren't touched by this run.


[48;2;45;43;85m[38;2;228;204;255m [1m◇ [22m[38;2;110;97;163mThre[38;2;165;153;233ma[38;2;228;204;255md[38;2;171;165;206mi[38;2;204;199;225mn[38;2;255;255;255mg[38;2;234;218;255m…[38;2;228;204;255m [39m[49m [1m[38;2;138;148;168mesc[39m[22m [38;2;138;148;168mto interrupt[39m [38;2;138;148;168m•[39m [38;2;138;148;168m11s[39m [38;2;138;148;168m•[39m [38;2;138;148;168m↓[39m [38;2;138;148;168m9.2k[39m
[38;2;138;148;168m────────────────────────────────────────────────────────────────────────────────[39m
❯ [7mA[27m[38;2;138;148;168msk your question...[39m
[38;2;138;148;168m────────────────────────────────────────────────────────────────────────────────[39m
  [38;2;138;148;168m? for shortcuts · [38;2;2;136;142mtaste on[39m



[?2026l[?2026h[2K[1A[2K[1A[2K[1A[2K[1A[2K[1A[2K[1A[2K[1A[2K[1A[2K[1A[2K[1A[2K[1A[2K[1A[2K[G[38;2;165;153;233m⠶[39m README exists. Now let me verify the specific claims against go.mod,
  the PTY/term files, and confirm Go sources weren't touched by this run.


[48;2;45;43;85m[38;2;228;204;255m [1m☆ [22m[38;2;110;97;163mThrea[38;2;165;153;233md[38;2;228;204;255mi[38;2;171;165;206mn[38;2;204;199;225mg[38;2;255;255;255m…[38;2;228;204;255m [39m[49m [1m[38;2;138;148;168mesc[39m[22m [38;2;138;148;168mto interrupt[39m [38;2;138;148;168m•[39m [38;2;138;148;168m11s[39m [38;2;138;148;168m•[39m [38;2;138;148;168m↓[39m [38;2;138;148;168m9.3k[39m
[38;2;138;148;168m────────────────────────────────────────────────────────────────────────────────[39m
❯ [7mA[27m[38;2;138;148;168msk your question...[39m
[38;2;138;148;168m────────────────────────────────────────────────────────────────────────────────[39m
  [38;2;138;148;168m? for shortcuts · [38;2;2;136;142mtaste on[39m



[?2026l[?2026h[2K[1A[2K[1A[2K[1A[2K[1A[2K[1A[2K[1A[2K[1A[2K[1A[2K[1A[2K[1A[2K[1A[2K[1A[2K[G[38;2;165;153;233m⠶[39m README exists. Now let me verify the specific claims against go.mod,
  the PTY/term files, and confirm Go sources weren't touched by this run.


[48;2;45;43;85m[38;2;228;204;255m [1m✧ [22m[38;2;110;97;163mThread[38;2;165;153;233mi[38;2;228;204;255mn[38;2;171;165;206mg[38;2;204;199;225m…[38;2;228;204;255m [39m[49m [1m[38;2;138;148;168mesc[39m[22m [38;2;138;148;168mto interrupt[39m [38;2;138;148;168m•[39m [38;2;138;148;168m11s[39m [38;2;138;148;168m•[39m [38;2;138;148;168m↓[39m [38;2;138;148;168m9.3k[39m
[38;2;138;148;168m────────────────────────────────────────────────────────────────────────────────[39m
❯ [7mA[27m[38;2;138;148;168msk your question...[39m
[38;2;138;148;168m────────────────────────────────────────────────────────────────────────────────[39m
  [38;2;138;148;168m? for shortcuts · [38;2;2;136;142mtaste on[39m



[?2026l[?2026h[2K[1A[2K[1A[2K[1A[2K[1A[2K[1A[2K[1A[2K[1A[2K[1A[2K[1A[2K[1A[2K[1A[2K[1A[2K[G[38;2;165;153;233m⠶[39m README exists. Now let me verify the specific claims against go.mod,
  the PTY/term files, and confirm Go sources weren't touched by this run.


[48;2;45;43;85m[38;2;228;204;255m [1m☆ [22m[38;2;110;97;163mThreadi[38;2;165;153;233mn[38;2;228;204;255mg[38;2;171;165;206m…[38;2;228;204;255m [39m[49m [1m[38;2;138;148;168mesc[39m[22m [38;2;138;148;168mto interrupt[39m [38;2;138;148;168m•[39m [38;2;138;148;168m11s[39m [38;2;138;148;168m•[39m [38;2;138;148;168m↓[39m [38;2;138;148;168m9.3k[39m
[38;2;138;148;168m────────────────────────────────────────────────────────────────────────────────[39m
❯ [7mA[27m[38;2;138;148;168msk your question...[39m
[38;2;138;148;168m────────────────────────────────────────────────────────────────────────────────[39m
  [38;2;138;148;168m? for shortcuts · [38;2;2;136;142mtaste on[39m



[?2026l[?2026h[2K[1A[2K[1A[2K[1A[2K[1A[2K[1A[2K[1A[2K[1A[2K[1A[2K[1A[2K[1A[2K[1A[2K[1A[2K[G[38;2;165;153;233m⠶[39m README exists. Now let me verify the specific claims against go.mod,
  the PTY/term files, and confirm Go sources weren't touched by this run.


[48;2;45;43;85m[38;2;228;204;255m [1m◇ [22m[38;2;110;97;163mThreadin[38;2;165;153;233mg[38;2;228;204;255m… [39m[49m [1m[38;2;138;148;168mesc[39m[22m [38;2;138;148;168mto interrupt[39m [38;2;138;148;168m•[39m [38;2;138;148;168m11s[39m [38;2;138;148;168m•[39m [38;2;138;148;168m↓[39m [38;2;138;148;168m9.3k[39m
[38;2;138;148;168m────────────────────────────────────────────────────────────────────────────────[39m
❯ [7mA[27m[38;2;138;148;168msk your question...[39m
[38;2;138;148;168m────────────────────────────────────────────────────────────────────────────────[39m
  [38;2;138;148;168m? for shortcuts · [38;2;2;136;142mtaste on[39m



[?2026l[?2026h[2K[1A[2K[1A[2K[1A[2K[1A[2K[1A[2K[1A[2K[1A[2K[1A[2K[1A[2K[1A[2K[1A[2K[1A[2K[G[38;2;165;153;233m⠶[39m README exists. Now let me verify the specific claims against go.mod,
  the PTY/term files, and confirm Go sources weren't touched by this run.


[48;2;45;43;85m[38;2;228;204;255m [1m○ [22m[38;2;110;97;163mThreading[38;2;165;153;233m…[38;2;228;204;255m [39m[49m [1m[38;2;138;148;168mesc[39m[22m [38;2;138;148;168mto interrupt[39m [38;2;138;148;168m•[39m [38;2;138;148;168m11s[39m [38;2;138;148;168m•[39m [38;2;138;148;168m↓[39m [38;2;138;148;168m9.3k[39m
[38;2;138;148;168m────────────────────────────────────────────────────────────────────────────────[39m
❯ [7mA[27m[38;2;138;148;168msk your question...[39m
[38;2;138;148;168m────────────────────────────────────────────────────────────────────────────────[39m
  [38;2;138;148;168m? for shortcuts · [38;2;2;136;142mtaste on[39m



[?2026l[?2026h[2K[1A[2K[1A[2K[1A[2K[1A[2K[1A[2K[1A[2K[1A[2K[1A[2K[1A[2K[1A[2K[1A[2K[1A[2K[G[38;2;165;153;233m⠶[39m README exists. Now let me verify the specific claims against go.mod,
  the PTY/term files, and confirm Go sources weren't touched by this run.


[48;2;45;43;85m[38;2;228;204;255m [1m⌘ [22m[38;2;110;97;163mThreading…[38;2;228;204;255m [39m[49m [1m[38;2;138;148;168mesc[39m[22m [38;2;138;148;168mto interrupt[39m [38;2;138;148;168m•[39m [38;2;138;148;168m11s[39m [38;2;138;148;168m•[39m [38;2;138;148;168m↓[39m [38;2;138;148;168m9.3k[39m
[38;2;138;148;168m────────────────────────────────────────────────────────────────────────────────[39m
❯ [7mA[27m[38;2;138;148;168msk your question...[39m
[38;2;138;148;168m────────────────────────────────────────────────────────────────────────────────[39m
  [38;2;138;148;168m? for shortcuts · [38;2;2;136;142mtaste on[39m



[?2026l[?2026h[2K[1A[2K[1A[2K[1A[2K[1A[2K[1A[2K[1A[2K[1A[2K[1A[2K[1A[2K[1A[2K[1A[2K[1A[2K[G[38;2;165;153;233m⠶[39m README exists. Now let me verify the specific claims against go.mod,
  the PTY/term files, and confirm Go sources weren't touched by this run.


[?2026h[48;2;45;43;85m[38;2;228;204;255m [1m⌘ [22m[38;2;110;97;163mThreading…[38;2;228;204;255m [39m[49m [1m[38;2;138;148;168mesc[39m[22m [38;2;138;148;168mto interrupt[39m [38;2;138;148;168m•[39m [38;2;138;148;168m11s[39m [38;2;138;148;168m•[39m [38;2;138;148;168m↓[39m [38;2;138;148;168m9.3k[39m
[38;2;138;148;168m────────────────────────────────────────────────────────────────────────────────[39m
❯ [7mA[27m[38;2;138;148;168msk your question...[39m
[38;2;138;148;168m────────────────────────────────────────────────────────────────────────────────[39m
  [38;2;138;148;168m? for shortcuts · [38;2;2;136;142mtaste on[39m



[?2026l[?2026l[?2026h[2K[1A[2K[1A[2K[1A[2K[1A[2K[1A[2K[1A[2K[1A[2K[1A[2K[G[1m[48;2;89;69;177m[38;2;244;244;244m READ [39m[49m[22m [38;2;53;61;80m[[39mgo.mod, go.sum (+3 more)[38;2;53;61;80m][39m
 [38;2;138;148;168m└ [39m [38;2;138;148;168mProcessing…[39m

[1m[48;2;89;69;177m[38;2;244;244;244m SHELL [39m[49m[22m [38;2;53;61;80m[[39mecho "=== main.go diff ===" && ...[38;2;53;61;80m][39m
 [38;2;138;148;168m└ [39m [38;2;138;148;168mProcessing…[39m

[48;2;45;43;85m[38;2;228;204;255m [1m⌘ [22m[38;2;110;97;163mThreading…[38;2;228;204;255m [39m[49m [1m[38;2;138;148;168mesc[39m[22m [38;2;138;148;168mto interrupt[39m [38;2;138;148;168m•[39m [38;2;138;148;168m11s[39m [38;2;138;148;168m•[39m [38;2;138;148;168m↓[39m [38;2;138;148;168m9.3k[39m
[38;2;138;148;168m────────────────────────────────────────────────────────────────────────────────[39m
❯ [7mA[27m[38;2;138;148;168msk your question...[39m
[38;2;138;148;168m────────────────────────────────────────────────────────────────────────────────[39m
  [38;2;138;148;168m? for shortcuts · [38;2;2;136;142mtaste on[39m



[?2026l[?2026h[2K[1A[2K[1A[2K[1A[2K[1A[2K[1A[2K[1A[2K[1A[2K[1A[2K[1A[2K[1A[2K[1A[2K[1A[2K[1A[2K[1A[2K[G[1m[48;2;89;69;177m[38;2;244;244;244m READ[5] [39m[49m[22m [38;2;53;61;80m[[39mgo.mod, go.sum (+3 more)[38;2;53;61;80m][39m

[?2026h[1m[48;2;89;69;177m[38;2;244;244;244m SHELL [39m[49m[22m [38;2;53;61;80m[[39mecho "=== main.go diff ===" && ...[38;2;53;61;80m][39m
 [38;2;138;148;168m└ [39m [38;2;138;148;168mProcessing…[39m

[48;2;45;43;85m[38;2;228;204;255m [1m⌘ [22m[38;2;110;97;163mThreading…[38;2;228;204;255m [39m[49m [1m[38;2;138;148;168mesc[39m[22m [38;2;138;148;168mto interrupt[39m [38;2;138;148;168m•[39m [38;2;138;148;168m11s[39m [38;2;138;148;168m•[39m [38;2;138;148;168m↓[39m [38;2;138;148;168m9.3k[39m
[38;2;138;148;168m────────────────────────────────────────────────────────────────────────────────[39m
❯ [7mA[27m[38;2;138;148;168msk your question...[39m
[38;2;138;148;168m────────────────────────────────────────────────────────────────────────────────[39m
  [38;2;138;148;168m? for shortcuts · [38;2;2;136;142mtaste on[39m



[?2026l[?2026l[?2026h[2K[1A[2K[1A[2K[1A[2K[1A[2K[1A[2K[1A[2K[1A[2K[1A[2K[1A[2K[1A[2K[1A[2K[G[1m[48;2;89;69;177m[38;2;244;244;244m SHELL [39m[49m[22m [38;2;53;61;80m[[39mecho "=== main.go diff ===" && ...[38;2;53;61;80m][39m
 [38;2;138;148;168m│[39m total 3152
 [38;2;138;148;168m│[39m drwxr-xr-x@ 9 najmiraihan  staff     288 Sep 21 17:36 .
 [38;2;138;148;168m│ [39m [38;2;138;148;168m... +8 lines [38;2;53;61;80m[[38;2;138;148;168mctrl+o to expand[38;2;53;61;80m][39m
 [38;2;138;148;168m└ [39m [38;2;138;148;168mProcessing…[39m

[48;2;45;43;85m[38;2;228;204;255m [1m⌘ [22m[38;2;110;97;163mThreading…[38;2;228;204;255m [39m[49m [1m[38;2;138;148;168mesc[39m[22m [38;2;138;148;168mto interrupt[39m [38;2;138;148;168m•[39m [38;2;138;148;168m11s[39m [38;2;138;148;168m•[39m [38;2;138;148;168m↓[39m [38;2;138;148;168m9.5k[39m
[38;2;138;148;168m────────────────────────────────────────────────────────────────────────────────[39m
❯ [7mA[27m[38;2;138;148;168msk your question...[39m
[38;2;138;148;168m────────────────────────────────────────────────────────────────────────────────[39m
  [38;2;138;148;168m? for shortcuts · [38;2;2;136;142mtaste on[39m



[?2026l[?2026h[2K[1A[2K[1A[2K[1A[2K[1A[2K[1A[2K[1A[2K[1A[2K[1A[2K[1A[2K[1A[2K[1A[2K[1A[2K[1A[2K[1A[2K[G[1m[48;2;89;69;177m[38;2;244;244;244m SHELL [39m[49m[22m [38;2;53;61;80m[[39mecho "=== main.go diff ===" && ...[38;2;53;61;80m][39m
 [38;2;138;148;168m│[39m === main.go diff ===
 [38;2;138;148;168m│[39m diff --git a/main.go b/main.go
 [38;2;138;148;168m└ [39m [38;2;138;148;168m... +75 lines [38;2;53;61;80m[[38;2;138;148;168mctrl+o to expand[38;2;53;61;80m][39m

[?2026h[48;2;45;43;85m[38;2;228;204;255m [1m⌘ [22m[38;2;110;97;163mThreading…[38;2;228;204;255m [39m[49m [1m[38;2;138;148;168mesc[39m[22m [38;2;138;148;168mto interrupt[39m [38;2;138;148;168m•[39m [38;2;138;148;168m11s[39m [38;2;138;148;168m•[39m [38;2;138;148;168m↓[39m [38;2;138;148;168m9.5k[39m
[38;2;138;148;168m────────────────────────────────────────────────────────────────────────────────[39m
❯ [7mA[27m[38;2;138;148;168msk your question...[39m
[38;2;138;148;168m────────────────────────────────────────────────────────────────────────────────[39m
  [38;2;138;148;168m? for shortcuts · [38;2;2;136;142mtaste on[39m



[?2026l[?2026l[?2026h[2K[1A[2K[1A[2K[1A[2K[1A[2K[1A[2K[1A[2K[1A[2K[1A[2K[G[48;2;45;43;85m[38;2;228;204;255m [1m⌘ [22m[38;2;110;97;163mThreading…[38;2;228;204;255m [39m[49m [1m[38;2;138;148;168mesc[39m[22m [38;2;138;148;168mto interrupt[39m [38;2;138;148;168m•[39m [38;2;138;148;168m11s[39m [38;2;138;148;168m•[39m [38;2;138;148;168m↓[39m [38;2;138;148;168m9.8k[39m
[38;2;138;148;168m────────────────────────────────────────────────────────────────────────────────[39m
❯ [7mA[27m[38;2;138;148;168msk your question...[39m
[38;2;138;148;168m────────────────────────────────────────────────────────────────────────────────[39m
  [38;2;138;148;168m? for shortcuts · [38;2;2;136;142mtaste on[39m



[?2026l[?2026h[2K[1A[2K[1A[2K[1A[2K[1A[2K[1A[2K[1A[2K[1A[2K[1A[2K[G[48;2;45;43;85m[38;2;228;204;255m [1m○ [22m[38;2;110;97;163mThreading…[38;2;228;204;255m [39m[49m [1m[38;2;138;148;168mesc[39m[22m [38;2;138;148;168mto interrupt[39m [38;2;138;148;168m•[39m [38;2;138;148;168m11s[39m [38;2;138;148;168m•[39m [38;2;138;148;168m↓[39m [38;2;138;148;168m10.0k[39m
[38;2;138;148;168m────────────────────────────────────────────────────────────────────────────────[39m
❯ [7mA[27m[38;2;138;148;168msk your question...[39m
[38;2;138;148;168m────────────────────────────────────────────────────────────────────────────────[39m
  [38;2;138;148;168m? for shortcuts · [38;2;2;136;142mtaste on[39m



[?2026l[?2026h[2K[1A[2K[1A[2K[1A[2K[1A[2K[1A[2K[1A[2K[1A[2K[1A[2K[G[48;2;45;43;85m[38;2;228;204;255m [1m◇ [22m[38;2;234;218;255mT[38;2;171;165;206mh[38;2;228;204;255mr[38;2;165;153;233me[38;2;110;97;163mading…[38;2;228;204;255m [39m[49m [1m[38;2;138;148;168mesc[39m[22m [38;2;138;148;168mto interrupt[39m [38;2;138;148;168m•[39m [38;2;138;148;168m11s[39m [38;2;138;148;168m•[39m [38;2;138;148;168m↓[39m [38;2;138;148;168m10.2k[39m
[38;2;138;148;168m────────────────────────────────────────────────────────────────────────────────[39m
❯ [7mA[27m[38;2;138;148;168msk your question...[39m
[38;2;138;148;168m────────────────────────────────────────────────────────────────────────────────[39m
  [38;2;138;148;168m? for shortcuts · [38;2;2;136;142mtaste on[39m



[?2026l[?2026h[2K[1A[2K[1A[2K[1A[2K[1A[2K[1A[2K[1A[2K[1A[2K[1A[2K[G[48;2;45;43;85m[38;2;228;204;255m [1m◇ [22m[38;2;234;218;255mT[38;2;171;165;206mh[38;2;228;204;255mr[38;2;165;153;233me[38;2;110;97;163mading…[38;2;228;204;255m [39m[49m [1m[38;2;138;148;168mesc[39m[22m [38;2;138;148;168mto interrupt[39m [38;2;138;148;168m•[39m [38;2;138;148;168m12s[39m [38;2;138;148;168m•[39m [38;2;138;148;168m↓[39m [38;2;138;148;168m10.2k[39m
[38;2;138;148;168m────────────────────────────────────────────────────────────────────────────────[39m
❯ [7mA[27m[38;2;138;148;168msk your question...[39m
[38;2;138;148;168m────────────────────────────────────────────────────────────────────────────────[39m
  [38;2;138;148;168m? for shortcuts · [38;2;2;136;142mtaste on[39m



[?2026l[?2026h[2K[1A[2K[1A[2K[1A[2K[1A[2K[1A[2K[1A[2K[1A[2K[1A[2K[G[48;2;45;43;85m[38;2;228;204;255m [1m☆ [22m[38;2;255;255;255mT[38;2;234;218;255mh[38;2;171;165;206mr[38;2;228;204;255me[38;2;165;153;233ma[38;2;110;97;163mding…[38;2;228;204;255m [39m[49m [1m[38;2;138;148;168mesc[39m[22m [38;2;138;148;168mto interrupt[39m [38;2;138;148;168m•[39m [38;2;138;148;168m12s[39m [38;2;138;148;168m•[39m [38;2;138;148;168m↓[39m [38;2;138;148;168m10.4k[39m
[38;2;138;148;168m────────────────────────────────────────────────────────────────────────────────[39m
❯ [7mA[27m[38;2;138;148;168msk your question...[39m
[38;2;138;148;168m────────────────────────────────────────────────────────────────────────────────[39m
  [38;2;138;148;168m? for shortcuts · [38;2;2;136;142mtaste on[39m



[?2026l[?2026h[2K[1A[2K[1A[2K[1A[2K[1A[2K[1A[2K[1A[2K[1A[2K[1A[2K[G[48;2;45;43;85m[38;2;228;204;255m [1m✧ [22m[38;2;204;199;225mT[38;2;255;255;255mh[38;2;234;218;255mr[38;2;171;165;206me[38;2;228;204;255ma[38;2;165;153;233md[38;2;110;97;163ming…[38;2;228;204;255m [39m[49m [1m[38;2;138;148;168mesc[39m[22m [38;2;138;148;168mto interrupt[39m [38;2;138;148;168m•[39m [38;2;138;148;168m12s[39m [38;2;138;148;168m•[39m [38;2;138;148;168m↓[39m [38;2;138;148;168m10.5k[39m
[38;2;138;148;168m────────────────────────────────────────────────────────────────────────────────[39m
❯ [7mA[27m[38;2;138;148;168msk your question...[39m
[38;2;138;148;168m────────────────────────────────────────────────────────────────────────────────[39m
  [38;2;138;148;168m? for shortcuts · [38;2;2;136;142mtaste on[39m



[?2026l[?2026h[2K[1A[2K[1A[2K[1A[2K[1A[2K[1A[2K[1A[2K[1A[2K[1A[2K[G[48;2;45;43;85m[38;2;228;204;255m [1m☆ [22m[38;2;171;165;206mT[38;2;204;199;225mh[38;2;255;255;255mr[38;2;234;218;255me[38;2;171;165;206ma[38;2;228;204;255md[38;2;165;153;233mi[38;2;110;97;163mng…[38;2;228;204;255m [39m[49m [1m[38;2;138;148;168mesc[39m[22m [38;2;138;148;168mto interrupt[39m [38;2;138;148;168m•[39m [38;2;138;148;168m12s[39m [38;2;138;148;168m•[39m [38;2;138;148;168m↓[39m [38;2;138;148;168m10.7k[39m
[38;2;138;148;168m────────────────────────────────────────────────────────────────────────────────[39m
❯ [7mA[27m[38;2;138;148;168msk your question...[39m
[38;2;138;148;168m────────────────────────────────────────────────────────────────────────────────[39m
  [38;2;138;148;168m? for shortcuts · [38;2;2;136;142mtaste on[39m



[?2026l[?2026h[2K[1A[2K[1A[2K[1A[2K[1A[2K[1A[2K[1A[2K[1A[2K[1A[2K[G[48;2;45;43;85m[38;2;228;204;255m [1m◇ [22mT[38;2;171;165;206mh[38;2;204;199;225mr[38;2;255;255;255me[38;2;234;218;255ma[38;2;171;165;206md[38;2;228;204;255mi[38;2;165;153;233mn[38;2;110;97;163mg…[38;2;228;204;255m [39m[49m [1m[38;2;138;148;168mesc[39m[22m [38;2;138;148;168mto interrupt[39m [38;2;138;148;168m•[39m [38;2;138;148;168m12s[39m [38;2;138;148;168m•[39m [38;2;138;148;168m↓[39m [38;2;138;148;168m10.8k[39m
[38;2;138;148;168m────────────────────────────────────────────────────────────────────────────────[39m
❯ [7mA[27m[38;2;138;148;168msk your question...[39m
[38;2;138;148;168m────────────────────────────────────────────────────────────────────────────────[39m
  [38;2;138;148;168m? for shortcuts · [38;2;2;136;142mtaste on[39m



[?2026l[?2026h[2K[1A[2K[1A[2K[1A[2K[1A[2K[1A[2K[1A[2K[1A[2K[1A[2K[G[48;2;45;43;85m[38;2;228;204;255m [1m○ [22m[38;2;165;153;233mT[38;2;228;204;255mh[38;2;171;165;206mr[38;2;204;199;225me[38;2;255;255;255ma[38;2;234;218;255md[38;2;171;165;206mi[38;2;228;204;255mn[38;2;165;153;233mg[38;2;110;97;163m…[38;2;228;204;255m [39m[49m [1m[38;2;138;148;168mesc[39m[22m [38;2;138;148;168mto interrupt[39m [38;2;138;148;168m•[39m [38;2;138;148;168m12s[39m [38;2;138;148;168m•[39m [38;2;138;148;168m↓[39m [38;2;138;148;168m10.9k[39m
[38;2;138;148;168m────────────────────────────────────────────────────────────────────────────────[39m
❯ [7mA[27m[38;2;138;148;168msk your question...[39m
[38;2;138;148;168m────────────────────────────────────────────────────────────────────────────────[39m
  [38;2;138;148;168m? for shortcuts · [38;2;2;136;142mtaste on[39m



[?2026l[?2026h[2K[1A[2K[1A[2K[1A[2K[1A[2K[1A[2K[1A[2K[1A[2K[1A[2K[G[48;2;45;43;85m[38;2;228;204;255m [1m· [22m[38;2;110;97;163mT[38;2;165;153;233mh[38;2;228;204;255mr[38;2;171;165;206me[38;2;204;199;225ma[38;2;255;255;255md[38;2;234;218;255mi[38;2;171;165;206mn[38;2;228;204;255mg[38;2;165;153;233m…[38;2;228;204;255m [39m[49m [1m[38;2;138;148;168mesc[39m[22m [38;2;138;148;168mto interrupt[39m [38;2;138;148;168m•[39m [38;2;138;148;168m12s[39m [38;2;138;148;168m•[39m [38;2;138;148;168m↓[39m [38;2;138;148;168m11.0k[39m
[38;2;138;148;168m────────────────────────────────────────────────────────────────────────────────[39m
❯ [7mA[27m[38;2;138;148;168msk your question...[39m
[38;2;138;148;168m────────────────────────────────────────────────────────────────────────────────[39m
  [38;2;138;148;168m? for shortcuts · [38;2;2;136;142mtaste on[39m



[?2026l[?2026h[2K[1A[2K[1A[2K[1A[2K[1A[2K[1A[2K[1A[2K[1A[2K[1A[2K[G[48;2;45;43;85m[38;2;228;204;255m [1m· [22m[38;2;110;97;163mTh[38;2;165;153;233mr[38;2;228;204;255me[38;2;171;165;206ma[38;2;204;199;225md[38;2;255;255;255mi[38;2;234;218;255mn[38;2;171;165;206mg[38;2;228;204;255m… [39m[49m [1m[38;2;138;148;168mesc[39m[22m [38;2;138;148;168mto interrupt[39m [38;2;138;148;168m•[39m [38;2;138;148;168m12s[39m [38;2;138;148;168m•[39m [38;2;138;148;168m↓[39m [38;2;138;148;168m11.1k[39m
[38;2;138;148;168m────────────────────────────────────────────────────────────────────────────────[39m
❯ [7mA[27m[38;2;138;148;168msk your question...[39m
[38;2;138;148;168m────────────────────────────────────────────────────────────────────────────────[39m
  [38;2;138;148;168m? for shortcuts · [38;2;2;136;142mtaste on[39m



[?2026l[?2026h[2K[1A[2K[1A[2K[1A[2K[1A[2K[1A[2K[1A[2K[1A[2K[1A[2K[G[48;2;45;43;85m[38;2;228;204;255m [1m· [22m[38;2;110;97;163mThr[38;2;165;153;233me[38;2;228;204;255ma[38;2;171;165;206md[38;2;204;199;225mi[38;2;255;255;255mn[38;2;234;218;255mg[38;2;171;165;206m…[38;2;228;204;255m [39m[49m [1m[38;2;138;148;168mesc[39m[22m [38;2;138;148;168mto interrupt[39m [38;2;138;148;168m•[39m [38;2;138;148;168m12s[39m [38;2;138;148;168m•[39m [38;2;138;148;168m↓[39m [38;2;138;148;168m11.2k[39m
[38;2;138;148;168m────────────────────────────────────────────────────────────────────────────────[39m
❯ [7mA[27m[38;2;138;148;168msk your question...[39m
[38;2;138;148;168m────────────────────────────────────────────────────────────────────────────────[39m
  [38;2;138;148;168m? for shortcuts · [38;2;2;136;142mtaste on[39m



[?2026l[?2026h[2K[1A[2K[1A[2K[1A[2K[1A[2K[1A[2K[1A[2K[1A[2K[1A[2K[G[48;2;45;43;85m[38;2;228;204;255m [1m○ [22m[38;2;110;97;163mThre[38;2;165;153;233ma[38;2;228;204;255md[38;2;171;165;206mi[38;2;204;199;225mn[38;2;255;255;255mg[38;2;234;218;255m…[38;2;228;204;255m [39m[49m [1m[38;2;138;148;168mesc[39m[22m [38;2;138;148;168mto interrupt[39m [38;2;138;148;168m•[39m [38;2;138;148;168m12s[39m [38;2;138;148;168m•[39m [38;2;138;148;168m↓[39m [38;2;138;148;168m11.3k[39m
[38;2;138;148;168m────────────────────────────────────────────────────────────────────────────────[39m
❯ [7mA[27m[38;2;138;148;168msk your question...[39m
[38;2;138;148;168m────────────────────────────────────────────────────────────────────────────────[39m
  [38;2;138;148;168m? for shortcuts · [38;2;2;136;142mtaste on[39m



[?2026l[?2026h[2K[1A[2K[1A[2K[1A[2K[1A[2K[1A[2K[1A[2K[1A[2K[1A[2K[G[48;2;45;43;85m[38;2;228;204;255m [1m○ [22m[38;2;110;97;163mThrea[38;2;165;153;233md[38;2;228;204;255mi[38;2;171;165;206mn[38;2;204;199;225mg[38;2;255;255;255m…[38;2;228;204;255m [39m[49m [1m[38;2;138;148;168mesc[39m[22m [38;2;138;148;168mto interrupt[39m [38;2;138;148;168m•[39m [38;2;138;148;168m12s[39m [38;2;138;148;168m•[39m [38;2;138;148;168m↓[39m [38;2;138;148;168m11.4k[39m
[38;2;138;148;168m────────────────────────────────────────────────────────────────────────────────[39m
❯ [7mA[27m[38;2;138;148;168msk your question...[39m
[38;2;138;148;168m────────────────────────────────────────────────────────────────────────────────[39m
  [38;2;138;148;168m? for shortcuts · [38;2;2;136;142mtaste on[39m



[?2026l[?2026h[2K[1A[2K[1A[2K[1A[2K[1A[2K[1A[2K[1A[2K[1A[2K[1A[2K[G[48;2;45;43;85m[38;2;228;204;255m [1m◇ [22m[38;2;110;97;163mThread[38;2;165;153;233mi[38;2;228;204;255mn[38;2;171;165;206mg[38;2;204;199;225m…[38;2;228;204;255m [39m[49m [1m[38;2;138;148;168mesc[39m[22m [38;2;138;148;168mto interrupt[39m [38;2;138;148;168m•[39m [38;2;138;148;168m12s[39m [38;2;138;148;168m•[39m [38;2;138;148;168m↓[39m [38;2;138;148;168m11.4k[39m
[38;2;138;148;168m────────────────────────────────────────────────────────────────────────────────[39m
❯ [7mA[27m[38;2;138;148;168msk your question...[39m
[38;2;138;148;168m────────────────────────────────────────────────────────────────────────────────[39m
  [38;2;138;148;168m? for shortcuts · [38;2;2;136;142mtaste on[39m



[?2026l[?2026h[2K[1A[2K[1A[2K[1A[2K[1A[2K[1A[2K[1A[2K[1A[2K[1A[2K[G[48;2;45;43;85m[38;2;228;204;255m [1m☆ [22m[38;2;110;97;163mThreadi[38;2;165;153;233mn[38;2;228;204;255mg[38;2;171;165;206m…[38;2;228;204;255m [39m[49m [1m[38;2;138;148;168mesc[39m[22m [38;2;138;148;168mto interrupt[39m [38;2;138;148;168m•[39m [38;2;138;148;168m12s[39m [38;2;138;148;168m•[39m [38;2;138;148;168m↓[39m [38;2;138;148;168m11.5k[39m
[38;2;138;148;168m────────────────────────────────────────────────────────────────────────────────[39m
❯ [7mA[27m[38;2;138;148;168msk your question...[39m
[38;2;138;148;168m────────────────────────────────────────────────────────────────────────────────[39m
  [38;2;138;148;168m? for shortcuts · [38;2;2;136;142mtaste on[39m



[?2026l[?2026h[2K[1A[2K[1A[2K[1A[2K[1A[2K[1A[2K[1A[2K[1A[2K[1A[2K[G[48;2;45;43;85m[38;2;228;204;255m [1m☆ [22m[38;2;110;97;163mThreadi[38;2;165;153;233mn[38;2;228;204;255mg[38;2;171;165;206m…[38;2;228;204;255m [39m[49m [1m[38;2;138;148;168mesc[39m[22m [38;2;138;148;168mto interrupt[39m [38;2;138;148;168m•[39m [38;2;138;148;168m13s[39m [38;2;138;148;168m•[39m [38;2;138;148;168m↓[39m [38;2;138;148;168m11.5k[39m
[38;2;138;148;168m────────────────────────────────────────────────────────────────────────────────[39m
❯ [7mA[27m[38;2;138;148;168msk your question...[39m
[38;2;138;148;168m────────────────────────────────────────────────────────────────────────────────[39m
  [38;2;138;148;168m? for shortcuts · [38;2;2;136;142mtaste on[39m



[?2026l[?2026h[2K[1A[2K[1A[2K[1A[2K[1A[2K[1A[2K[1A[2K[1A[2K[1A[2K[G[48;2;45;43;85m[38;2;228;204;255m [1m✧ [22m[38;2;110;97;163mThreadin[38;2;165;153;233mg[38;2;228;204;255m… [39m[49m [1m[38;2;138;148;168mesc[39m[22m [38;2;138;148;168mto interrupt[39m [38;2;138;148;168m•[39m [38;2;138;148;168m13s[39m [38;2;138;148;168m•[39m [38;2;138;148;168m↓[39m [38;2;138;148;168m11.5k[39m
[38;2;138;148;168m────────────────────────────────────────────────────────────────────────────────[39m
❯ [7mA[27m[38;2;138;148;168msk your question...[39m
[38;2;138;148;168m────────────────────────────────────────────────────────────────────────────────[39m
  [38;2;138;148;168m? for shortcuts · [38;2;2;136;142mtaste on[39m



[?2026l[?2026h[2K[1A[2K[1A[2K[1A[2K[1A[2K[1A[2K[1A[2K[1A[2K[1A[2K[G[48;2;45;43;85m[38;2;228;204;255m [1m☆ [22m[38;2;110;97;163mThreading[38;2;165;153;233m…[38;2;228;204;255m [39m[49m [1m[38;2;138;148;168mesc[39m[22m [38;2;138;148;168mto interrupt[39m [38;2;138;148;168m•[39m [38;2;138;148;168m13s[39m [38;2;138;148;168m•[39m [38;2;138;148;168m↓[39m [38;2;138;148;168m11.6k[39m
[38;2;138;148;168m────────────────────────────────────────────────────────────────────────────────[39m
❯ [7mA[27m[38;2;138;148;168msk your question...[39m
[38;2;138;148;168m────────────────────────────────────────────────────────────────────────────────[39m
  [38;2;138;148;168m? for shortcuts · [38;2;2;136;142mtaste on[39m



[?2026l[?2026h[2K[1A[2K[1A[2K[1A[2K[1A[2K[1A[2K[1A[2K[1A[2K[1A[2K[G[48;2;45;43;85m[38;2;228;204;255m [1m◇ [22m[38;2;110;97;163mThreading…[38;2;228;204;255m [39m[49m [1m[38;2;138;148;168mesc[39m[22m [38;2;138;148;168mto interrupt[39m [38;2;138;148;168m•[39m [38;2;138;148;168m13s[39m [38;2;138;148;168m•[39m [38;2;138;148;168m↓[39m [38;2;138;148;168m11.6k[39m
[38;2;138;148;168m────────────────────────────────────────────────────────────────────────────────[39m
❯ [7mA[27m[38;2;138;148;168msk your question...[39m
[38;2;138;148;168m────────────────────────────────────────────────────────────────────────────────[39m
  [38;2;138;148;168m? for shortcuts · [38;2;2;136;142mtaste on[39m



[?2026l[?2026h[2K[1A[2K[1A[2K[1A[2K[1A[2K[1A[2K[1A[2K[1A[2K[1A[2K[G[48;2;45;43;85m[38;2;228;204;255m [1m○ [22m[38;2;110;97;163mThreading…[38;2;228;204;255m [39m[49m [1m[38;2;138;148;168mesc[39m[22m [38;2;138;148;168mto interrupt[39m [38;2;138;148;168m•[39m [38;2;138;148;168m13s[39m [38;2;138;148;168m•[39m [38;2;138;148;168m↓[39m [38;2;138;148;168m11.6k[39m
[38;2;138;148;168m────────────────────────────────────────────────────────────────────────────────[39m
❯ [7mA[27m[38;2;138;148;168msk your question...[39m
[38;2;138;148;168m────────────────────────────────────────────────────────────────────────────────[39m
  [38;2;138;148;168m? for shortcuts · [38;2;2;136;142mtaste on[39m



[?2026l[?2026h[2K[1A[2K[1A[2K[1A[2K[1A[2K[1A[2K[1A[2K[1A[2K[1A[2K[G[48;2;45;43;85m[38;2;228;204;255m [1m⌘ [22m[38;2;110;97;163mThreading…[38;2;228;204;255m [39m[49m [1m[38;2;138;148;168mesc[39m[22m [38;2;138;148;168mto interrupt[39m [38;2;138;148;168m•[39m [38;2;138;148;168m13s[39m [38;2;138;148;168m•[39m [38;2;138;148;168m↓[39m [38;2;138;148;168m11.7k[39m
[38;2;138;148;168m────────────────────────────────────────────────────────────────────────────────[39m
❯ [7mA[27m[38;2;138;148;168msk your question...[39m
[38;2;138;148;168m────────────────────────────────────────────────────────────────────────────────[39m
  [38;2;138;148;168m? for shortcuts · [38;2;2;136;142mtaste on[39m



[?2026l[?2026h[2K[1A[2K[1A[2K[1A[2K[1A[2K[1A[2K[1A[2K[1A[2K[1A[2K[G[48;2;45;43;85m[38;2;228;204;255m [1m⌘ [22m[38;2;234;218;255mT[38;2;171;165;206mh[38;2;228;204;255mr[38;2;165;153;233me[38;2;110;97;163mading…[38;2;228;204;255m [39m[49m [1m[38;2;138;148;168mesc[39m[22m [38;2;138;148;168mto interrupt[39m [38;2;138;148;168m•[39m [38;2;138;148;168m13s[39m [38;2;138;148;168m•[39m [38;2;138;148;168m↓[39m [38;2;138;148;168m11.8k[39m
[38;2;138;148;168m────────────────────────────────────────────────────────────────────────────────[39m
❯ [7mA[27m[38;2;138;148;168msk your question...[39m
[38;2;138;148;168m────────────────────────────────────────────────────────────────────────────────[39m
  [38;2;138;148;168m? for shortcuts · [38;2;2;136;142mtaste on[39m



[?2026l[?2026h[2K[1A[2K[1A[2K[1A[2K[1A[2K[1A[2K[1A[2K[1A[2K[1A[2K[G[48;2;45;43;85m[38;2;228;204;255m [1m○ [22m[38;2;255;255;255mT[38;2;234;218;255mh[38;2;171;165;206mr[38;2;228;204;255me[38;2;165;153;233ma[38;2;110;97;163mding…[38;2;228;204;255m [39m[49m [1m[38;2;138;148;168mesc[39m[22m [38;2;138;148;168mto interrupt[39m [38;2;138;148;168m•[39m [38;2;138;148;168m13s[39m [38;2;138;148;168m•[39m [38;2;138;148;168m↓[39m [38;2;138;148;168m11.8k[39m
[38;2;138;148;168m────────────────────────────────────────────────────────────────────────────────[39m
❯ [7mA[27m[38;2;138;148;168msk your question...[39m
[38;2;138;148;168m────────────────────────────────────────────────────────────────────────────────[39m
  [38;2;138;148;168m? for shortcuts · [38;2;2;136;142mtaste on[39m



[?2026l[?2026h[2K[1A[2K[1A[2K[1A[2K[1A[2K[1A[2K[1A[2K[1A[2K[1A[2K[G[48;2;45;43;85m[38;2;228;204;255m [1m◇ [22m[38;2;204;199;225mT[38;2;255;255;255mh[38;2;234;218;255mr[38;2;171;165;206me[38;2;228;204;255ma[38;2;165;153;233md[38;2;110;97;163ming…[38;2;228;204;255m [39m[49m [1m[38;2;138;148;168mesc[39m[22m [38;2;138;148;168mto interrupt[39m [38;2;138;148;168m•[39m [38;2;138;148;168m13s[39m [38;2;138;148;168m•[39m [38;2;138;148;168m↓[39m [38;2;138;148;168m11.8k[39m
[38;2;138;148;168m────────────────────────────────────────────────────────────────────────────────[39m
❯ [7mA[27m[38;2;138;148;168msk your question...[39m
[38;2;138;148;168m────────────────────────────────────────────────────────────────────────────────[39m
  [38;2;138;148;168m? for shortcuts · [38;2;2;136;142mtaste on[39m



[?2026l[?2026h[2K[1A[2K[1A[2K[1A[2K[1A[2K[1A[2K[1A[2K[1A[2K[1A[2K[G[48;2;45;43;85m[38;2;228;204;255m [1m☆ [22m[38;2;171;165;206mT[38;2;204;199;225mh[38;2;255;255;255mr[38;2;234;218;255me[38;2;171;165;206ma[38;2;228;204;255md[38;2;165;153;233mi[38;2;110;97;163mng…[38;2;228;204;255m [39m[49m [1m[38;2;138;148;168mesc[39m[22m [38;2;138;148;168mto interrupt[39m [38;2;138;148;168m•[39m [38;2;138;148;168m13s[39m [38;2;138;148;168m•[39m [38;2;138;148;168m↓[39m [38;2;138;148;168m11.8k[39m
[38;2;138;148;168m────────────────────────────────────────────────────────────────────────────────[39m
❯ [7mA[27m[38;2;138;148;168msk your question...[39m
[38;2;138;148;168m────────────────────────────────────────────────────────────────────────────────[39m
  [38;2;138;148;168m? for shortcuts · [38;2;2;136;142mtaste on[39m



[?2026l[?2026h[2K[1A[2K[1A[2K[1A[2K[1A[2K[1A[2K[1A[2K[1A[2K[1A[2K[G[48;2;45;43;85m[38;2;228;204;255m [1m✧ [22mT[38;2;171;165;206mh[38;2;204;199;225mr[38;2;255;255;255me[38;2;234;218;255ma[38;2;171;165;206md[38;2;228;204;255mi[38;2;165;153;233mn[38;2;110;97;163mg…[38;2;228;204;255m [39m[49m [1m[38;2;138;148;168mesc[39m[22m [38;2;138;148;168mto interrupt[39m [38;2;138;148;168m•[39m [38;2;138;148;168m13s[39m [38;2;138;148;168m•[39m [38;2;138;148;168m↓[39m [38;2;138;148;168m11.8k[39m
[38;2;138;148;168m────────────────────────────────────────────────────────────────────────────────[39m
❯ [7mA[27m[38;2;138;148;168msk your question...[39m
[38;2;138;148;168m────────────────────────────────────────────────────────────────────────────────[39m
  [38;2;138;148;168m? for shortcuts · [38;2;2;136;142mtaste on[39m



[?2026l[?2026h[2K[1A[2K[1A[2K[1A[2K[1A[2K[1A[2K[1A[2K[1A[2K[1A[2K[G[48;2;45;43;85m[38;2;228;204;255m [1m✧ [22mR[38;2;171;165;206me[38;2;204;199;225mv[38;2;255;255;255mi[38;2;234;218;255me[38;2;171;165;206mw[38;2;228;204;255mi[38;2;165;153;233mn[38;2;110;97;163mg…[38;2;228;204;255m [39m[49m [1m[38;2;138;148;168mesc[39m[22m [38;2;138;148;168mto interrupt[39m [38;2;138;148;168m•[39m [38;2;138;148;168m13s[39m [38;2;138;148;168m•[39m [38;2;138;148;168m↓[39m [38;2;138;148;168m11.8k[39m
[38;2;138;148;168m────────────────────────────────────────────────────────────────────────────────[39m
❯ [7mA[27m[38;2;138;148;168msk your question...[39m
[38;2;138;148;168m────────────────────────────────────────────────────────────────────────────────[39m
  [38;2;138;148;168m? for shortcuts · [38;2;2;136;142mtaste on[39m



[?2026l[?2026h[2K[1A[2K[1A[2K[1A[2K[1A[2K[1A[2K[1A[2K[1A[2K[1A[2K[G[48;2;45;43;85m[38;2;228;204;255m [1m☆ [22m[38;2;165;153;233mR[38;2;228;204;255me[38;2;171;165;206mv[38;2;204;199;225mi[38;2;255;255;255me[38;2;234;218;255mw[38;2;171;165;206mi[38;2;228;204;255mn[38;2;165;153;233mg[38;2;110;97;163m…[38;2;228;204;255m [39m[49m [1m[38;2;138;148;168mesc[39m[22m [38;2;138;148;168mto interrupt[39m [38;2;138;148;168m•[39m [38;2;138;148;168m14s[39m [38;2;138;148;168m•[39m [38;2;138;148;168m↓[39m [38;2;138;148;168m11.8k[39m
[38;2;138;148;168m────────────────────────────────────────────────────────────────────────────────[39m
❯ [7mA[27m[38;2;138;148;168msk your question...[39m
[38;2;138;148;168m────────────────────────────────────────────────────────────────────────────────[39m
  [38;2;138;148;168m? for shortcuts · [38;2;2;136;142mtaste on[39m



[?2026l[?2026h[2K[1A[2K[1A[2K[1A[2K[1A[2K[1A[2K[1A[2K[1A[2K[1A[2K[G[48;2;45;43;85m[38;2;228;204;255m [1m◇ [22m[38;2;110;97;163mR[38;2;165;153;233me[38;2;228;204;255mv[38;2;171;165;206mi[38;2;204;199;225me[38;2;255;255;255mw[38;2;234;218;255mi[38;2;171;165;206mn[38;2;228;204;255mg[38;2;165;153;233m…[38;2;228;204;255m [39m[49m [1m[38;2;138;148;168mesc[39m[22m [38;2;138;148;168mto interrupt[39m [38;2;138;148;168m•[39m [38;2;138;148;168m14s[39m [38;2;138;148;168m•[39m [38;2;138;148;168m↓[39m [38;2;138;148;168m11.9k[39m
[38;2;138;148;168m────────────────────────────────────────────────────────────────────────────────[39m
❯ [7mA[27m[38;2;138;148;168msk your question...[39m
[38;2;138;148;168m────────────────────────────────────────────────────────────────────────────────[39m
  [38;2;138;148;168m? for shortcuts · [38;2;2;136;142mtaste on[39m



[?2026l[?2026h[2K[1A[2K[1A[2K[1A[2K[1A[2K[1A[2K[1A[2K[1A[2K[1A[2K[G[48;2;45;43;85m[38;2;228;204;255m [1m○ [22m[38;2;110;97;163mRe[38;2;165;153;233mv[38;2;228;204;255mi[38;2;171;165;206me[38;2;204;199;225mw[38;2;255;255;255mi[38;2;234;218;255mn[38;2;171;165;206mg[38;2;228;204;255m… [39m[49m [1m[38;2;138;148;168mesc[39m[22m [38;2;138;148;168mto interrupt[39m [38;2;138;148;168m•[39m [38;2;138;148;168m14s[39m [38;2;138;148;168m•[39m [38;2;138;148;168m↓[39m [38;2;138;148;168m11.9k[39m
[38;2;138;148;168m────────────────────────────────────────────────────────────────────────────────[39m
❯ [7mA[27m[38;2;138;148;168msk your question...[39m
[38;2;138;148;168m────────────────────────────────────────────────────────────────────────────────[39m
  [38;2;138;148;168m? for shortcuts · [38;2;2;136;142mtaste on[39m



[?2026l[?2026h[2K[1A[2K[1A[2K[1A[2K[1A[2K[1A[2K[1A[2K[1A[2K[1A[2K[G[38;2;228;204;255m✻ Thinking… (1 line) [38;2;53;61;80m[[38;2;138;148;168mctrl+o to expand[38;2;53;61;80m][39m

[48;2;45;43;85m[38;2;228;204;255m [1m○ [22m[38;2;110;97;163mRe[38;2;165;153;233mv[38;2;228;204;255mi[38;2;171;165;206me[38;2;204;199;225mw[38;2;255;255;255mi[38;2;234;218;255mn[38;2;171;165;206mg[38;2;228;204;255m… [39m[49m [1m[38;2;138;148;168mesc[39m[22m [38;2;138;148;168mto interrupt[39m [38;2;138;148;168m•[39m [38;2;138;148;168m14s[39m [38;2;138;148;168m•[39m [38;2;138;148;168m↓[39m [38;2;138;148;168m11.9k[39m
[38;2;138;148;168m────────────────────────────────────────────────────────────────────────────────[39m
❯ [7mA[27m[38;2;138;148;168msk your question...[39m
[38;2;138;148;168m────────────────────────────────────────────────────────────────────────────────[39m
  [38;2;138;148;168m? for shortcuts · [38;2;2;136;142mtaste on[39m



[?2026l[?2026h[2K[1A[2K[1A[2K[1A[2K[1A[2K[1A[2K[1A[2K[1A[2K[1A[2K[1A[2K[1A[2K[G[38;2;228;204;255m✻ Thinking… (1 line) [38;2;53;61;80m[[38;2;138;148;168mctrl+o to expand[38;2;53;61;80m][39m

[48;2;45;43;85m[38;2;228;204;255m [1m· [22m[38;2;234;218;255mR[38;2;171;165;206me[38;2;228;204;255mv[38;2;165;153;233mi[38;2;110;97;163mewing…[38;2;228;204;255m [39m[49m [1m[38;2;138;148;168mesc[39m[22m [38;2;138;148;168mto interrupt[39m [38;2;138;148;168m•[39m [38;2;138;148;168m14s[39m [38;2;138;148;168m•[39m [38;2;138;148;168m↓[39m [38;2;138;148;168m11.9k[39m
[38;2;138;148;168m────────────────────────────────────────────────────────────────────────────────[39m
❯ [7mA[27m[38;2;138;148;168msk your question...[39m
[38;2;138;148;168m────────────────────────────────────────────────────────────────────────────────[39m
  [38;2;138;148;168m? for shortcuts · [38;2;2;136;142mtaste on[39m



[?2026l[?2026h[2K[1A[2K[1A[2K[1A[2K[1A[2K[1A[2K[1A[2K[1A[2K[1A[2K[1A[2K[1A[2K[G[38;2;228;204;255m✻ Thinking… (4 lines) [38;2;53;61;80m[[38;2;138;148;168mctrl+o to expand[38;2;53;61;80m][39m

[48;2;45;43;85m[38;2;228;204;255m [1m· [22m[38;2;234;218;255mR[38;2;171;165;206me[38;2;228;204;255mv[38;2;165;153;233mi[38;2;110;97;163mewing…[38;2;228;204;255m [39m[49m [1m[38;2;138;148;168mesc[39m[22m [38;2;138;148;168mto interrupt[39m [38;2;138;148;168m•[39m [38;2;138;148;168m14s[39m [38;2;138;148;168m•[39m [38;2;138;148;168m↓[39m [38;2;138;148;168m11.9k[39m
[38;2;138;148;168m────────────────────────────────────────────────────────────────────────────────[39m
❯ [7mA[27m[38;2;138;148;168msk your question...[39m
[38;2;138;148;168m────────────────────────────────────────────────────────────────────────────────[39m
  [38;2;138;148;168m? for shortcuts · [38;2;2;136;142mtaste on[39m



[?2026l[?2026h[2K[1A[2K[1A[2K[1A[2K[1A[2K[1A[2K[1A[2K[1A[2K[1A[2K[1A[2K[1A[2K[G[38;2;228;204;255m✻ Thinking… (4 lines) [38;2;53;61;80m[[38;2;138;148;168mctrl+o to expand[38;2;53;61;80m][39m

[48;2;45;43;85m[38;2;228;204;255m [1m· [22m[38;2;255;255;255mR[38;2;234;218;255me[38;2;171;165;206mv[38;2;228;204;255mi[38;2;165;153;233me[38;2;110;97;163mwing…[38;2;228;204;255m [39m[49m [1m[38;2;138;148;168mesc[39m[22m [38;2;138;148;168mto interrupt[39m [38;2;138;148;168m•[39m [38;2;138;148;168m14s[39m [38;2;138;148;168m•[39m [38;2;138;148;168m↓[39m [38;2;138;148;168m11.9k[39m
[38;2;138;148;168m────────────────────────────────────────────────────────────────────────────────[39m
❯ [7mA[27m[38;2;138;148;168msk your question...[39m
[38;2;138;148;168m────────────────────────────────────────────────────────────────────────────────[39m
  [38;2;138;148;168m? for shortcuts · [38;2;2;136;142mtaste on[39m



[?2026l[?2026h[2K[1A[2K[1A[2K[1A[2K[1A[2K[1A[2K[1A[2K[1A[2K[1A[2K[1A[2K[1A[2K[G[38;2;228;204;255m✻ Thinking… (6 lines) [38;2;53;61;80m[[38;2;138;148;168mctrl+o to expand[38;2;53;61;80m][39m

[48;2;45;43;85m[38;2;228;204;255m [1m· [22m[38;2;255;255;255mR[38;2;234;218;255me[38;2;171;165;206mv[38;2;228;204;255mi[38;2;165;153;233me[38;2;110;97;163mwing…[38;2;228;204;255m [39m[49m [1m[38;2;138;148;168mesc[39m[22m [38;2;138;148;168mto interrupt[39m [38;2;138;148;168m•[39m [38;2;138;148;168m14s[39m [38;2;138;148;168m•[39m [38;2;138;148;168m↓[39m [38;2;138;148;168m11.9k[39m
[38;2;138;148;168m────────────────────────────────────────────────────────────────────────────────[39m
❯ [7mA[27m[38;2;138;148;168msk your question...[39m
[38;2;138;148;168m────────────────────────────────────────────────────────────────────────────────[39m
  [38;2;138;148;168m? for shortcuts · [38;2;2;136;142mtaste on[39m



[?2026l[?2026h[2K[1A[2K[1A[2K[1A[2K[1A[2K[1A[2K[1A[2K[1A[2K[1A[2K[1A[2K[1A[2K[G[38;2;228;204;255m✻ Thinking… (6 lines) [38;2;53;61;80m[[38;2;138;148;168mctrl+o to expand[38;2;53;61;80m][39m

[48;2;45;43;85m[38;2;228;204;255m [1m· [22m[38;2;204;199;225mR[38;2;255;255;255me[38;2;234;218;255mv[38;2;171;165;206mi[38;2;228;204;255me[38;2;165;153;233mw[38;2;110;97;163ming…[38;2;228;204;255m [39m[49m [1m[38;2;138;148;168mesc[39m[22m [38;2;138;148;168mto interrupt[39m [38;2;138;148;168m•[39m [38;2;138;148;168m14s[39m [38;2;138;148;168m•[39m [38;2;138;148;168m↓[39m [38;2;138;148;168m11.9k[39m
[38;2;138;148;168m────────────────────────────────────────────────────────────────────────────────[39m
❯ [7mA[27m[38;2;138;148;168msk your question...[39m
[38;2;138;148;168m────────────────────────────────────────────────────────────────────────────────[39m
  [38;2;138;148;168m? for shortcuts · [38;2;2;136;142mtaste on[39m



[?2026l[?2026h[2K[1A[2K[1A[2K[1A[2K[1A[2K[1A[2K[1A[2K[1A[2K[1A[2K[1A[2K[1A[2K[G[38;2;228;204;255m✻ Thinking… (6 lines) [38;2;53;61;80m[[38;2;138;148;168mctrl+o to expand[38;2;53;61;80m][39m

[48;2;45;43;85m[38;2;228;204;255m [1m○ [22m[38;2;171;165;206mR[38;2;204;199;225me[38;2;255;255;255mv[38;2;234;218;255mi[38;2;171;165;206me[38;2;228;204;255mw[38;2;165;153;233mi[38;2;110;97;163mng…[38;2;228;204;255m [39m[49m [1m[38;2;138;148;168mesc[39m[22m [38;2;138;148;168mto interrupt[39m [38;2;138;148;168m•[39m [38;2;138;148;168m14s[39m [38;2;138;148;168m•[39m [38;2;138;148;168m↓[39m [38;2;138;148;168m11.9k[39m
[38;2;138;148;168m────────────────────────────────────────────────────────────────────────────────[39m
❯ [7mA[27m[38;2;138;148;168msk your question...[39m
[38;2;138;148;168m────────────────────────────────────────────────────────────────────────────────[39m
  [38;2;138;148;168m? for shortcuts · [38;2;2;136;142mtaste on[39m



[?2026l[?2026h[2K[1A[2K[1A[2K[1A[2K[1A[2K[1A[2K[1A[2K[1A[2K[1A[2K[1A[2K[1A[2K[G[38;2;228;204;255m✻ Thinking… (6 lines) [38;2;53;61;80m[[38;2;138;148;168mctrl+o to expand[38;2;53;61;80m][39m

[48;2;45;43;85m[38;2;228;204;255m [1m○ [22mR[38;2;171;165;206me[38;2;204;199;225mv[38;2;255;255;255mi[38;2;234;218;255me[38;2;171;165;206mw[38;2;228;204;255mi[38;2;165;153;233mn[38;2;110;97;163mg…[38;2;228;204;255m [39m[49m [1m[38;2;138;148;168mesc[39m[22m [38;2;138;148;168mto interrupt[39m [38;2;138;148;168m•[39m [38;2;138;148;168m14s[39m [38;2;138;148;168m•[39m [38;2;138;148;168m↓[39m [38;2;138;148;168m11.9k[39m
[38;2;138;148;168m────────────────────────────────────────────────────────────────────────────────[39m
❯ [7mA[27m[38;2;138;148;168msk your question...[39m
[38;2;138;148;168m────────────────────────────────────────────────────────────────────────────────[39m
  [38;2;138;148;168m? for shortcuts · [38;2;2;136;142mtaste on[39m



[?2026l[?2026h[2K[1A[2K[1A[2K[1A[2K[1A[2K[1A[2K[1A[2K[1A[2K[1A[2K[1A[2K[1A[2K[G[38;2;228;204;255m✻ Thinking… (8 lines) [38;2;53;61;80m[[38;2;138;148;168mctrl+o to expand[38;2;53;61;80m][39m

[48;2;45;43;85m[38;2;228;204;255m [1m◇ [22m[38;2;165;153;233mR[38;2;228;204;255me[38;2;171;165;206mv[38;2;204;199;225mi[38;2;255;255;255me[38;2;234;218;255mw[38;2;171;165;206mi[38;2;228;204;255mn[38;2;165;153;233mg[38;2;110;97;163m…[38;2;228;204;255m [39m[49m [1m[38;2;138;148;168mesc[39m[22m [38;2;138;148;168mto interrupt[39m [38;2;138;148;168m•[39m [38;2;138;148;168m14s[39m [38;2;138;148;168m•[39m [38;2;138;148;168m↓[39m [38;2;138;148;168m12.0k[39m
[38;2;138;148;168m────────────────────────────────────────────────────────────────────────────────[39m
❯ [7mA[27m[38;2;138;148;168msk your question...[39m
[38;2;138;148;168m────────────────────────────────────────────────────────────────────────────────[39m
  [38;2;138;148;168m? for shortcuts · [38;2;2;136;142mtaste on[39m



[?2026l[?2026h[2K[1A[2K[1A[2K[1A[2K[1A[2K[1A[2K[1A[2K[1A[2K[1A[2K[1A[2K[1A[2K[G[38;2;228;204;255m✻ Thinking… (8 lines) [38;2;53;61;80m[[38;2;138;148;168mctrl+o to expand[38;2;53;61;80m][39m

[48;2;45;43;85m[38;2;228;204;255m [1m☆ [22m[38;2;110;97;163mR[38;2;165;153;233me[38;2;228;204;255mv[38;2;171;165;206mi[38;2;204;199;225me[38;2;255;255;255mw[38;2;234;218;255mi[38;2;171;165;206mn[38;2;228;204;255mg[38;2;165;153;233m…[38;2;228;204;255m [39m[49m [1m[38;2;138;148;168mesc[39m[22m [38;2;138;148;168mto interrupt[39m [38;2;138;148;168m•[39m [38;2;138;148;168m14s[39m [38;2;138;148;168m•[39m [38;2;138;148;168m↓[39m [38;2;138;148;168m12.0k[39m
[38;2;138;148;168m────────────────────────────────────────────────────────────────────────────────[39m
❯ [7mA[27m[38;2;138;148;168msk your question...[39m
[38;2;138;148;168m────────────────────────────────────────────────────────────────────────────────[39m
  [38;2;138;148;168m? for shortcuts · [38;2;2;136;142mtaste on[39m



[?2026l]0;⌘ Command Code · orch-go · deepseek-v4-flash-(latest)]2;⌘ Command Code · orch-go · deepseek-v4-flash-(latest)[?2026h[2K[1A[2K[1A[2K[1A[2K[1A[2K[1A[2K[1A[2K[1A[2K[1A[2K[1A[2K[1A[2K[G[38;2;228;204;255m✻ Thinking… (8 lines) [38;2;53;61;80m[[38;2;138;148;168mctrl+o to expand[38;2;53;61;80m][39m

[48;2;45;43;85m[38;2;228;204;255m [1m✧ [22m[38;2;110;97;163mRe[38;2;165;153;233mv[38;2;228;204;255mi[38;2;171;165;206me[38;2;204;199;225mw[38;2;255;255;255mi[38;2;234;218;255mn[38;2;171;165;206mg[38;2;228;204;255m… [39m[49m [1m[38;2;138;148;168mesc[39m[22m [38;2;138;148;168mto interrupt[39m [38;2;138;148;168m•[39m [38;2;138;148;168m14s[39m [38;2;138;148;168m•[39m [38;2;138;148;168m↓[39m [38;2;138;148;168m12.0k[39m
[38;2;138;148;168m────────────────────────────────────────────────────────────────────────────────[39m
❯ [7mA[27m[38;2;138;148;168msk your question...[39m
[38;2;138;148;168m────────────────────────────────────────────────────────────────────────────────[39m
  [38;2;138;148;168m? for shortcuts · [38;2;2;136;142mtaste on[39m



[?2026l[?2026h[2K[1A[2K[1A[2K[1A[2K[1A[2K[1A[2K[1A[2K[1A[2K[1A[2K[1A[2K[1A[2K[G[38;2;228;204;255m✻ Thinking… (8 lines) [38;2;53;61;80m[[38;2;138;148;168mctrl+o to expand[38;2;53;61;80m][39m

[48;2;45;43;85m[38;2;228;204;255m [1m☆ [22m[38;2;110;97;163mRev[38;2;165;153;233mi[38;2;228;204;255me[38;2;171;165;206mw[38;2;204;199;225mi[38;2;255;255;255mn[38;2;234;218;255mg[38;2;171;165;206m…[38;2;228;204;255m [39m[49m [1m[38;2;138;148;168mesc[39m[22m [38;2;138;148;168mto interrupt[39m [38;2;138;148;168m•[39m [38;2;138;148;168m14s[39m [38;2;138;148;168m•[39m [38;2;138;148;168m↓[39m [38;2;138;148;168m12.0k[39m
[38;2;138;148;168m────────────────────────────────────────────────────────────────────────────────[39m
❯ [7mA[27m[38;2;138;148;168msk your question...[39m
[38;2;138;148;168m────────────────────────────────────────────────────────────────────────────────[39m
  [38;2;138;148;168m? for shortcuts · [38;2;2;136;142mtaste on[39m



[?2026l[?2026h[2K[1A[2K[1A[2K[1A[2K[1A[2K[1A[2K[1A[2K[1A[2K[1A[2K[1A[2K[1A[2K[G[38;2;228;204;255m✻ Thinking… (8 lines) [38;2;53;61;80m[[38;2;138;148;168mctrl+o to expand[38;2;53;61;80m][39m

[48;2;45;43;85m[38;2;228;204;255m [1m◇ [22m[38;2;110;97;163mRevi[38;2;165;153;233me[38;2;228;204;255mw[38;2;171;165;206mi[38;2;204;199;225mn[38;2;255;255;255mg[38;2;234;218;255m…[38;2;228;204;255m [39m[49m [1m[38;2;138;148;168mesc[39m[22m [38;2;138;148;168mto interrupt[39m [38;2;138;148;168m•[39m [38;2;138;148;168m14s[39m [38;2;138;148;168m•[39m [38;2;138;148;168m↓[39m [38;2;138;148;168m12.0k[39m
[38;2;138;148;168m────────────────────────────────────────────────────────────────────────────────[39m
❯ [7mA[27m[38;2;138;148;168msk your question...[39m
[38;2;138;148;168m────────────────────────────────────────────────────────────────────────────────[39m
  [38;2;138;148;168m? for shortcuts · [38;2;2;136;142mtaste on[39m



[?2026l[?2026h[2K[1A[2K[1A[2K[1A[2K[1A[2K[1A[2K[1A[2K[1A[2K[1A[2K[1A[2K[1A[2K[G[38;2;228;204;255m✻ Thinking… (8 lines) [38;2;53;61;80m[[38;2;138;148;168mctrl+o to expand[38;2;53;61;80m][39m

[48;2;45;43;85m[38;2;228;204;255m [1m◇ [22m[38;2;110;97;163mRevi[38;2;165;153;233me[38;2;228;204;255mw[38;2;171;165;206mi[38;2;204;199;225mn[38;2;255;255;255mg[38;2;234;218;255m…[38;2;228;204;255m [39m[49m [1m[38;2;138;148;168mesc[39m[22m [38;2;138;148;168mto interrupt[39m [38;2;138;148;168m•[39m [38;2;138;148;168m15s[39m [38;2;138;148;168m•[39m [38;2;138;148;168m↓[39m [38;2;138;148;168m12.0k[39m
[38;2;138;148;168m────────────────────────────────────────────────────────────────────────────────[39m
❯ [7mA[27m[38;2;138;148;168msk your question...[39m
[38;2;138;148;168m────────────────────────────────────────────────────────────────────────────────[39m
  [38;2;138;148;168m? for shortcuts · [38;2;2;136;142mtaste on[39m



[?2026l[?2026h[2K[1A[2K[1A[2K[1A[2K[1A[2K[1A[2K[1A[2K[1A[2K[1A[2K[1A[2K[1A[2K[G[38;2;228;204;255m✻ Thinking… (8 lines) [38;2;53;61;80m[[38;2;138;148;168mctrl+o to expand[38;2;53;61;80m][39m

[48;2;45;43;85m[38;2;228;204;255m [1m○ [22m[38;2;110;97;163mRevie[38;2;165;153;233mw[38;2;228;204;255mi[38;2;171;165;206mn[38;2;204;199;225mg[38;2;255;255;255m…[38;2;228;204;255m [39m[49m [1m[38;2;138;148;168mesc[39m[22m [38;2;138;148;168mto interrupt[39m [38;2;138;148;168m•[39m [38;2;138;148;168m15s[39m [38;2;138;148;168m•[39m [38;2;138;148;168m↓[39m [38;2;138;148;168m12.1k[39m
[38;2;138;148;168m────────────────────────────────────────────────────────────────────────────────[39m
❯ [7mA[27m[38;2;138;148;168msk your question...[39m
[38;2;138;148;168m────────────────────────────────────────────────────────────────────────────────[39m
  [38;2;138;148;168m? for shortcuts · [38;2;2;136;142mtaste on[39m



[?2026l[?2026h[2K[1A[2K[1A[2K[1A[2K[1A[2K[1A[2K[1A[2K[1A[2K[1A[2K[1A[2K[1A[2K[G[38;2;228;204;255m✻ Thinking… (8 lines) [38;2;53;61;80m[[38;2;138;148;168mctrl+o to expand[38;2;53;61;80m][39m

[48;2;45;43;85m[38;2;228;204;255m [1m⌘ [22m[38;2;110;97;163mReview[38;2;165;153;233mi[38;2;228;204;255mn[38;2;171;165;206mg[38;2;204;199;225m…[38;2;228;204;255m [39m[49m [1m[38;2;138;148;168mesc[39m[22m [38;2;138;148;168mto interrupt[39m [38;2;138;148;168m•[39m [38;2;138;148;168m15s[39m [38;2;138;148;168m•[39m [38;2;138;148;168m↓[39m [38;2;138;148;168m12.1k[39m
[38;2;138;148;168m────────────────────────────────────────────────────────────────────────────────[39m
❯ [7mA[27m[38;2;138;148;168msk your question...[39m
[38;2;138;148;168m────────────────────────────────────────────────────────────────────────────────[39m
  [38;2;138;148;168m? for shortcuts · [38;2;2;136;142mtaste on[39m



[?2026l[?2026h[2K[1A[2K[1A[2K[1A[2K[1A[2K[1A[2K[1A[2K[1A[2K[1A[2K[1A[2K[1A[2K[G[38;2;228;204;255m✻ Thinking… (10 lines) [38;2;53;61;80m[[38;2;138;148;168mctrl+o to expand[38;2;53;61;80m][39m

[48;2;45;43;85m[38;2;228;204;255m [1m⌘ [22m[38;2;110;97;163mReview[38;2;165;153;233mi[38;2;228;204;255mn[38;2;171;165;206mg[38;2;204;199;225m…[38;2;228;204;255m [39m[49m [1m[38;2;138;148;168mesc[39m[22m [38;2;138;148;168mto interrupt[39m [38;2;138;148;168m•[39m [38;2;138;148;168m15s[39m [38;2;138;148;168m•[39m [38;2;138;148;168m↓[39m [38;2;138;148;168m12.1k[39m
[38;2;138;148;168m────────────────────────────────────────────────────────────────────────────────[39m
❯ [7mA[27m[38;2;138;148;168msk your question...[39m
[38;2;138;148;168m────────────────────────────────────────────────────────────────────────────────[39m
  [38;2;138;148;168m? for shortcuts · [38;2;2;136;142mtaste on[39m



[?2026l[?2026h[2K[1A[2K[1A[2K[1A[2K[1A[2K[1A[2K[1A[2K[1A[2K[1A[2K[1A[2K[1A[2K[G[38;2;228;204;255m✻ Thinking… (17 lines) [38;2;53;61;80m[[38;2;138;148;168mctrl+o to expand[38;2;53;61;80m][39m

[48;2;45;43;85m[38;2;228;204;255m [1m⌘ [22m[38;2;110;97;163mReviewi[38;2;165;153;233mn[38;2;228;204;255mg[38;2;171;165;206m…[38;2;228;204;255m [39m[49m [1m[38;2;138;148;168mesc[39m[22m [38;2;138;148;168mto interrupt[39m [38;2;138;148;168m•[39m [38;2;138;148;168m15s[39m [38;2;138;148;168m•[39m [38;2;138;148;168m↓[39m [38;2;138;148;168m12.1k[39m
[38;2;138;148;168m────────────────────────────────────────────────────────────────────────────────[39m
❯ [7mA[27m[38;2;138;148;168msk your question...[39m
[38;2;138;148;168m────────────────────────────────────────────────────────────────────────────────[39m
  [38;2;138;148;168m? for shortcuts · [38;2;2;136;142mtaste on[39m



[?2026l[?2026h[2K[1A[2K[1A[2K[1A[2K[1A[2K[1A[2K[1A[2K[1A[2K[1A[2K[1A[2K[1A[2K[G[38;2;228;204;255m✻ Thinking… (17 lines) [38;2;53;61;80m[[38;2;138;148;168mctrl+o to expand[38;2;53;61;80m][39m

[48;2;45;43;85m[38;2;228;204;255m [1m⌘ [22m[38;2;110;97;163mReviewin[38;2;165;153;233mg[38;2;228;204;255m… [39m[49m [1m[38;2;138;148;168mesc[39m[22m [38;2;138;148;168mto interrupt[39m [38;2;138;148;168m•[39m [38;2;138;148;168m15s[39m [38;2;138;148;168m•[39m [38;2;138;148;168m↓[39m [38;2;138;148;168m12.1k[39m
[38;2;138;148;168m────────────────────────────────────────────────────────────────────────────────[39m
❯ [7mA[27m[38;2;138;148;168msk your question...[39m
[38;2;138;148;168m────────────────────────────────────────────────────────────────────────────────[39m
  [38;2;138;148;168m? for shortcuts · [38;2;2;136;142mtaste on[39m



[?2026l[?2026h[2K[1A[2K[1A[2K[1A[2K[1A[2K[1A[2K[1A[2K[1A[2K[1A[2K[1A[2K[1A[2K[G[38;2;228;204;255m✻ Thinking… (18 lines) [38;2;53;61;80m[[38;2;138;148;168mctrl+o to expand[38;2;53;61;80m][39m

[48;2;45;43;85m[38;2;228;204;255m [1m⌘ [22m[38;2;110;97;163mReviewin[38;2;165;153;233mg[38;2;228;204;255m… [39m[49m [1m[38;2;138;148;168mesc[39m[22m [38;2;138;148;168mto interrupt[39m [38;2;138;148;168m•[39m [38;2;138;148;168m15s[39m [38;2;138;148;168m•[39m [38;2;138;148;168m↓[39m [38;2;138;148;168m12.1k[39m
[38;2;138;148;168m────────────────────────────────────────────────────────────────────────────────[39m
❯ [7mA[27m[38;2;138;148;168msk your question...[39m
[38;2;138;148;168m────────────────────────────────────────────────────────────────────────────────[39m
  [38;2;138;148;168m? for shortcuts · [38;2;2;136;142mtaste on[39m



[?2026l[?2026h[2K[1A[2K[1A[2K[1A[2K[1A[2K[1A[2K[1A[2K[1A[2K[1A[2K[1A[2K[1A[2K[G[38;2;228;204;255m✻ Thinking… (18 lines) [38;2;53;61;80m[[38;2;138;148;168mctrl+o to expand[38;2;53;61;80m][39m

[48;2;45;43;85m[38;2;228;204;255m [1m⌘ [22m[38;2;110;97;163mReviewing[38;2;165;153;233m…[38;2;228;204;255m [39m[49m [1m[38;2;138;148;168mesc[39m[22m [38;2;138;148;168mto interrupt[39m [38;2;138;148;168m•[39m [38;2;138;148;168m15s[39m [38;2;138;148;168m•[39m [38;2;138;148;168m↓[39m [38;2;138;148;168m12.1k[39m
[38;2;138;148;168m────────────────────────────────────────────────────────────────────────────────[39m
❯ [7mA[27m[38;2;138;148;168msk your question...[39m
[38;2;138;148;168m────────────────────────────────────────────────────────────────────────────────[39m
  [38;2;138;148;168m? for shortcuts · [38;2;2;136;142mtaste on[39m



[?2026l[?2026h[2K[1A[2K[1A[2K[1A[2K[1A[2K[1A[2K[1A[2K[1A[2K[1A[2K[1A[2K[1A[2K[G[38;2;228;204;255m✻ Thinking… (19 lines) [38;2;53;61;80m[[38;2;138;148;168mctrl+o to expand[38;2;53;61;80m][39m

[48;2;45;43;85m[38;2;228;204;255m [1m⌘ [22m[38;2;110;97;163mReviewing[38;2;165;153;233m…[38;2;228;204;255m [39m[49m [1m[38;2;138;148;168mesc[39m[22m [38;2;138;148;168mto interrupt[39m [38;2;138;148;168m•[39m [38;2;138;148;168m15s[39m [38;2;138;148;168m•[39m [38;2;138;148;168m↓[39m [38;2;138;148;168m12.1k[39m
[38;2;138;148;168m────────────────────────────────────────────────────────────────────────────────[39m
❯ [7mA[27m[38;2;138;148;168msk your question...[39m
[38;2;138;148;168m────────────────────────────────────────────────────────────────────────────────[39m
  [38;2;138;148;168m? for shortcuts · [38;2;2;136;142mtaste on[39m



[?2026l[?2026h[2K[1A[2K[1A[2K[1A[2K[1A[2K[1A[2K[1A[2K[1A[2K[1A[2K[1A[2K[1A[2K[G[38;2;228;204;255m✻ Thinking… (19 lines) [38;2;53;61;80m[[38;2;138;148;168mctrl+o to expand[38;2;53;61;80m][39m

[48;2;45;43;85m[38;2;228;204;255m [1m○ [22m[38;2;110;97;163mReviewing…[38;2;228;204;255m [39m[49m [1m[38;2;138;148;168mesc[39m[22m [38;2;138;148;168mto interrupt[39m [38;2;138;148;168m•[39m [38;2;138;148;168m15s[39m [38;2;138;148;168m•[39m [38;2;138;148;168m↓[39m [38;2;138;148;168m12.2k[39m
[38;2;138;148;168m────────────────────────────────────────────────────────────────────────────────[39m
❯ [7mA[27m[38;2;138;148;168msk your question...[39m
[38;2;138;148;168m────────────────────────────────────────────────────────────────────────────────[39m
  [38;2;138;148;168m? for shortcuts · [38;2;2;136;142mtaste on[39m



[?2026l[?2026h[2K[1A[2K[1A[2K[1A[2K[1A[2K[1A[2K[1A[2K[1A[2K[1A[2K[1A[2K[1A[2K[G[38;2;228;204;255m✻ Thinking… (21 lines) [38;2;53;61;80m[[38;2;138;148;168mctrl+o to expand[38;2;53;61;80m][39m

[48;2;45;43;85m[38;2;228;204;255m [1m◇ [22m[38;2;110;97;163mReviewing…[38;2;228;204;255m [39m[49m [1m[38;2;138;148;168mesc[39m[22m [38;2;138;148;168mto interrupt[39m [38;2;138;148;168m•[39m [38;2;138;148;168m15s[39m [38;2;138;148;168m•[39m [38;2;138;148;168m↓[39m [38;2;138;148;168m12.2k[39m
[38;2;138;148;168m────────────────────────────────────────────────────────────────────────────────[39m
❯ [7mA[27m[38;2;138;148;168msk your question...[39m
[38;2;138;148;168m────────────────────────────────────────────────────────────────────────────────[39m
  [38;2;138;148;168m? for shortcuts · [38;2;2;136;142mtaste on[39m



[?2026l[?2026h[2K[1A[2K[1A[2K[1A[2K[1A[2K[1A[2K[1A[2K[1A[2K[1A[2K[1A[2K[1A[2K[G[38;2;228;204;255m✻ Thinking… (22 lines) [38;2;53;61;80m[[38;2;138;148;168mctrl+o to expand[38;2;53;61;80m][39m

[48;2;45;43;85m[38;2;228;204;255m [1m◇ [22m[38;2;110;97;163mReviewing…[38;2;228;204;255m [39m[49m [1m[38;2;138;148;168mesc[39m[22m [38;2;138;148;168mto interrupt[39m [38;2;138;148;168m•[39m [38;2;138;148;168m15s[39m [38;2;138;148;168m•[39m [38;2;138;148;168m↓[39m [38;2;138;148;168m12.2k[39m
[38;2;138;148;168m────────────────────────────────────────────────────────────────────────────────[39m
❯ [7mA[27m[38;2;138;148;168msk your question...[39m
[38;2;138;148;168m────────────────────────────────────────────────────────────────────────────────[39m
  [38;2;138;148;168m? for shortcuts · [38;2;2;136;142mtaste on[39m



[?2026l[?2026h[2K[1A[2K[1A[2K[1A[2K[1A[2K[1A[2K[1A[2K[1A[2K[1A[2K[1A[2K[1A[2K[G[38;2;228;204;255m✻ Thinking… (22 lines) [38;2;53;61;80m[[38;2;138;148;168mctrl+o to expand[38;2;53;61;80m][39m

[48;2;45;43;85m[38;2;228;204;255m [1m☆ [22m[38;2;110;97;163mReviewing…[38;2;228;204;255m [39m[49m [1m[38;2;138;148;168mesc[39m[22m [38;2;138;148;168mto interrupt[39m [38;2;138;148;168m•[39m [38;2;138;148;168m15s[39m [38;2;138;148;168m•[39m [38;2;138;148;168m↓[39m [38;2;138;148;168m12.2k[39m
[38;2;138;148;168m────────────────────────────────────────────────────────────────────────────────[39m
❯ [7mA[27m[38;2;138;148;168msk your question...[39m
[38;2;138;148;168m────────────────────────────────────────────────────────────────────────────────[39m
  [38;2;138;148;168m? for shortcuts · [38;2;2;136;142mtaste on[39m



[?2026l[?2026h[2K[1A[2K[1A[2K[1A[2K[1A[2K[1A[2K[1A[2K[1A[2K[1A[2K[1A[2K[1A[2K[G[38;2;228;204;255m✻ Thinking… (23 lines) [38;2;53;61;80m[[38;2;138;148;168mctrl+o to expand[38;2;53;61;80m][39m

[48;2;45;43;85m[38;2;228;204;255m [1m☆ [22m[38;2;110;97;163mReviewing…[38;2;228;204;255m [39m[49m [1m[38;2;138;148;168mesc[39m[22m [38;2;138;148;168mto interrupt[39m [38;2;138;148;168m•[39m [38;2;138;148;168m15s[39m [38;2;138;148;168m•[39m [38;2;138;148;168m↓[39m [38;2;138;148;168m12.2k[39m
[38;2;138;148;168m────────────────────────────────────────────────────────────────────────────────[39m
❯ [7mA[27m[38;2;138;148;168msk your question...[39m
[38;2;138;148;168m────────────────────────────────────────────────────────────────────────────────[39m
  [38;2;138;148;168m? for shortcuts · [38;2;2;136;142mtaste on[39m



[?2026l[?2026h[2K[1A[2K[1A[2K[1A[2K[1A[2K[1A[2K[1A[2K[1A[2K[1A[2K[1A[2K[1A[2K[G[38;2;228;204;255m✻ Thinking… (23 lines) [38;2;53;61;80m[[38;2;138;148;168mctrl+o to expand[38;2;53;61;80m][39m

[48;2;45;43;85m[38;2;228;204;255m [1m✧ [22m[38;2;110;97;163mReviewing…[38;2;228;204;255m [39m[49m [1m[38;2;138;148;168mesc[39m[22m [38;2;138;148;168mto interrupt[39m [38;2;138;148;168m•[39m [38;2;138;148;168m15s[39m [38;2;138;148;168m•[39m [38;2;138;148;168m↓[39m [38;2;138;148;168m12.3k[39m
[38;2;138;148;168m────────────────────────────────────────────────────────────────────────────────[39m
❯ [7mA[27m[38;2;138;148;168msk your question...[39m
[38;2;138;148;168m────────────────────────────────────────────────────────────────────────────────[39m
  [38;2;138;148;168m? for shortcuts · [38;2;2;136;142mtaste on[39m



[?2026l[?2026h[2K[1A[2K[1A[2K[1A[2K[1A[2K[1A[2K[1A[2K[1A[2K[1A[2K[1A[2K[1A[2K[G[38;2;228;204;255m✻ Thinking… (25 lines) [38;2;53;61;80m[[38;2;138;148;168mctrl+o to expand[38;2;53;61;80m][39m

[48;2;45;43;85m[38;2;228;204;255m [1m✧ [22m[38;2;110;97;163mReviewing…[38;2;228;204;255m [39m[49m [1m[38;2;138;148;168mesc[39m[22m [38;2;138;148;168mto interrupt[39m [38;2;138;148;168m•[39m [38;2;138;148;168m15s[39m [38;2;138;148;168m•[39m [38;2;138;148;168m↓[39m [38;2;138;148;168m12.3k[39m
[38;2;138;148;168m────────────────────────────────────────────────────────────────────────────────[39m
❯ [7mA[27m[38;2;138;148;168msk your question...[39m
[38;2;138;148;168m────────────────────────────────────────────────────────────────────────────────[39m
  [38;2;138;148;168m? for shortcuts · [38;2;2;136;142mtaste on[39m



[?2026l[?2026h[2K[1A[2K[1A[2K[1A[2K[1A[2K[1A[2K[1A[2K[1A[2K[1A[2K[1A[2K[1A[2K[G[38;2;228;204;255m✻ Thinking… (25 lines) [38;2;53;61;80m[[38;2;138;148;168mctrl+o to expand[38;2;53;61;80m][39m

[48;2;45;43;85m[38;2;228;204;255m [1m☆ [22m[38;2;110;97;163mReviewing…[38;2;228;204;255m [39m[49m [1m[38;2;138;148;168mesc[39m[22m [38;2;138;148;168mto interrupt[39m [38;2;138;148;168m•[39m [38;2;138;148;168m15s[39m [38;2;138;148;168m•[39m [38;2;138;148;168m↓[39m [38;2;138;148;168m12.3k[39m
[38;2;138;148;168m────────────────────────────────────────────────────────────────────────────────[39m
❯ [7mA[27m[38;2;138;148;168msk your question...[39m
[38;2;138;148;168m────────────────────────────────────────────────────────────────────────────────[39m
  [38;2;138;148;168m? for shortcuts · [38;2;2;136;142mtaste on[39m



[?2026l[?2026h[2K[1A[2K[1A[2K[1A[2K[1A[2K[1A[2K[1A[2K[1A[2K[1A[2K[1A[2K[1A[2K[G[38;2;228;204;255m✻ Thinking… (27 lines) [38;2;53;61;80m[[38;2;138;148;168mctrl+o to expand[38;2;53;61;80m][39m

[48;2;45;43;85m[38;2;228;204;255m [1m◇ [22m[38;2;234;218;255mR[38;2;171;165;206me[38;2;228;204;255mv[38;2;165;153;233mi[38;2;110;97;163mewing…[38;2;228;204;255m [39m[49m [1m[38;2;138;148;168mesc[39m[22m [38;2;138;148;168mto interrupt[39m [38;2;138;148;168m•[39m [38;2;138;148;168m15s[39m [38;2;138;148;168m•[39m [38;2;138;148;168m↓[39m [38;2;138;148;168m12.3k[39m
[38;2;138;148;168m────────────────────────────────────────────────────────────────────────────────[39m
❯ [7mA[27m[38;2;138;148;168msk your question...[39m
[38;2;138;148;168m────────────────────────────────────────────────────────────────────────────────[39m
  [38;2;138;148;168m? for shortcuts · [38;2;2;136;142mtaste on[39m



[?2026l[?2026h[2K[1A[2K[1A[2K[1A[2K[1A[2K[1A[2K[1A[2K[1A[2K[1A[2K[1A[2K[1A[2K[G[38;2;228;204;255m✻ Thinking… (27 lines) [38;2;53;61;80m[[38;2;138;148;168mctrl+o to expand[38;2;53;61;80m][39m

[48;2;45;43;85m[38;2;228;204;255m [1m○ [22m[38;2;255;255;255mR[38;2;234;218;255me[38;2;171;165;206mv[38;2;228;204;255mi[38;2;165;153;233me[38;2;110;97;163mwing…[38;2;228;204;255m [39m[49m [1m[38;2;138;148;168mesc[39m[22m [38;2;138;148;168mto interrupt[39m [38;2;138;148;168m•[39m [38;2;138;148;168m15s[39m [38;2;138;148;168m•[39m [38;2;138;148;168m↓[39m [38;2;138;148;168m12.3k[39m
[38;2;138;148;168m────────────────────────────────────────────────────────────────────────────────[39m
❯ [7mA[27m[38;2;138;148;168msk your question...[39m
[38;2;138;148;168m────────────────────────────────────────────────────────────────────────────────[39m
  [38;2;138;148;168m? for shortcuts · [38;2;2;136;142mtaste on[39m



[?2026l[?2026h[2K[1A[2K[1A[2K[1A[2K[1A[2K[1A[2K[1A[2K[1A[2K[1A[2K[1A[2K[1A[2K[G[38;2;228;204;255m✻ Thinking… (27 lines) [38;2;53;61;80m[[38;2;138;148;168mctrl+o to expand[38;2;53;61;80m][39m

[48;2;45;43;85m[38;2;228;204;255m [1m· [22m[38;2;204;199;225mR[38;2;255;255;255me[38;2;234;218;255mv[38;2;171;165;206mi[38;2;228;204;255me[38;2;165;153;233mw[38;2;110;97;163ming…[38;2;228;204;255m [39m[49m [1m[38;2;138;148;168mesc[39m[22m [38;2;138;148;168mto interrupt[39m [38;2;138;148;168m•[39m [38;2;138;148;168m16s[39m [38;2;138;148;168m•[39m [38;2;138;148;168m↓[39m [38;2;138;148;168m12.4k[39m
[38;2;138;148;168m────────────────────────────────────────────────────────────────────────────────[39m
❯ [7mA[27m[38;2;138;148;168msk your question...[39m
[38;2;138;148;168m────────────────────────────────────────────────────────────────────────────────[39m
  [38;2;138;148;168m? for shortcuts · [38;2;2;136;142mtaste on[39m



[?2026l[?2026h[2K[1A[2K[1A[2K[1A[2K[1A[2K[1A[2K[1A[2K[1A[2K[1A[2K[1A[2K[1A[2K[G[38;2;228;204;255m✻ Thinking… (29 lines) [38;2;53;61;80m[[38;2;138;148;168mctrl+o to expand[38;2;53;61;80m][39m

[48;2;45;43;85m[38;2;228;204;255m [1m· [22m[38;2;204;199;225mR[38;2;255;255;255me[38;2;234;218;255mv[38;2;171;165;206mi[38;2;228;204;255me[38;2;165;153;233mw[38;2;110;97;163ming…[38;2;228;204;255m [39m[49m [1m[38;2;138;148;168mesc[39m[22m [38;2;138;148;168mto interrupt[39m [38;2;138;148;168m•[39m [38;2;138;148;168m16s[39m [38;2;138;148;168m•[39m [38;2;138;148;168m↓[39m [38;2;138;148;168m12.4k[39m
[38;2;138;148;168m────────────────────────────────────────────────────────────────────────────────[39m
❯ [7mA[27m[38;2;138;148;168msk your question...[39m
[38;2;138;148;168m────────────────────────────────────────────────────────────────────────────────[39m
  [38;2;138;148;168m? for shortcuts · [38;2;2;136;142mtaste on[39m



[?2026l[?2026h[2K[1A[2K[1A[2K[1A[2K[1A[2K[1A[2K[1A[2K[1A[2K[1A[2K[1A[2K[1A[2K[G[38;2;228;204;255m✻ Thinking… (29 lines) [38;2;53;61;80m[[38;2;138;148;168mctrl+o to expand[38;2;53;61;80m][39m

[48;2;45;43;85m[38;2;228;204;255m [1m· [22m[38;2;171;165;206mR[38;2;204;199;225me[38;2;255;255;255mv[38;2;234;218;255mi[38;2;171;165;206me[38;2;228;204;255mw[38;2;165;153;233mi[38;2;110;97;163mng…[38;2;228;204;255m [39m[49m [1m[38;2;138;148;168mesc[39m[22m [38;2;138;148;168mto interrupt[39m [38;2;138;148;168m•[39m [38;2;138;148;168m16s[39m [38;2;138;148;168m•[39m [38;2;138;148;168m↓[39m [38;2;138;148;168m12.4k[39m
[38;2;138;148;168m────────────────────────────────────────────────────────────────────────────────[39m
❯ [7mA[27m[38;2;138;148;168msk your question...[39m
[38;2;138;148;168m────────────────────────────────────────────────────────────────────────────────[39m
  [38;2;138;148;168m? for shortcuts · [38;2;2;136;142mtaste on[39m



[?2026l[?2026h[2K[1A[2K[1A[2K[1A[2K[1A[2K[1A[2K[1A[2K[1A[2K[1A[2K[1A[2K[1A[2K[G[38;2;228;204;255m✻ Thinking… (31 lines) [38;2;53;61;80m[[38;2;138;148;168mctrl+o to expand[38;2;53;61;80m][39m

[48;2;45;43;85m[38;2;228;204;255m [1m· [22m[38;2;171;165;206mR[38;2;204;199;225me[38;2;255;255;255mv[38;2;234;218;255mi[38;2;171;165;206me[38;2;228;204;255mw[38;2;165;153;233mi[38;2;110;97;163mng…[38;2;228;204;255m [39m[49m [1m[38;2;138;148;168mesc[39m[22m [38;2;138;148;168mto interrupt[39m [38;2;138;148;168m•[39m [38;2;138;148;168m16s[39m [38;2;138;148;168m•[39m [38;2;138;148;168m↓[39m [38;2;138;148;168m12.4k[39m
[38;2;138;148;168m────────────────────────────────────────────────────────────────────────────────[39m
❯ [7mA[27m[38;2;138;148;168msk your question...[39m
[38;2;138;148;168m────────────────────────────────────────────────────────────────────────────────[39m
  [38;2;138;148;168m? for shortcuts · [38;2;2;136;142mtaste on[39m



[?2026l[?2026h[2K[1A[2K[1A[2K[1A[2K[1A[2K[1A[2K[1A[2K[1A[2K[1A[2K[1A[2K[1A[2K[G[38;2;228;204;255m✻ Thinking… (31 lines) [38;2;53;61;80m[[38;2;138;148;168mctrl+o to expand[38;2;53;61;80m][39m

[48;2;45;43;85m[38;2;228;204;255m [1m· [22mR[38;2;171;165;206me[38;2;204;199;225mv[38;2;255;255;255mi[38;2;234;218;255me[38;2;171;165;206mw[38;2;228;204;255mi[38;2;165;153;233mn[38;2;110;97;163mg…[38;2;228;204;255m [39m[49m [1m[38;2;138;148;168mesc[39m[22m [38;2;138;148;168mto interrupt[39m [38;2;138;148;168m•[39m [38;2;138;148;168m16s[39m [38;2;138;148;168m•[39m [38;2;138;148;168m↓[39m [38;2;138;148;168m12.4k[39m
[38;2;138;148;168m────────────────────────────────────────────────────────────────────────────────[39m
❯ [7mA[27m[38;2;138;148;168msk your question...[39m
[38;2;138;148;168m────────────────────────────────────────────────────────────────────────────────[39m
  [38;2;138;148;168m? for shortcuts · [38;2;2;136;142mtaste on[39m



[?2026l[?2026h[2K[1A[2K[1A[2K[1A[2K[1A[2K[1A[2K[1A[2K[1A[2K[1A[2K[1A[2K[1A[2K[G[38;2;228;204;255m✻ Thinking… (31 lines) [38;2;53;61;80m[[38;2;138;148;168mctrl+o to expand[38;2;53;61;80m][39m

[48;2;45;43;85m[38;2;228;204;255m [1m○ [22m[38;2;165;153;233mR[38;2;228;204;255me[38;2;171;165;206mv[38;2;204;199;225mi[38;2;255;255;255me[38;2;234;218;255mw[38;2;171;165;206mi[38;2;228;204;255mn[38;2;165;153;233mg[38;2;110;97;163m…[38;2;228;204;255m [39m[49m [1m[38;2;138;148;168mesc[39m[22m [38;2;138;148;168mto interrupt[39m [38;2;138;148;168m•[39m [38;2;138;148;168m16s[39m [38;2;138;148;168m•[39m [38;2;138;148;168m↓[39m [38;2;138;148;168m12.4k[39m
[38;2;138;148;168m────────────────────────────────────────────────────────────────────────────────[39m
❯ [7mA[27m[38;2;138;148;168msk your question...[39m
[38;2;138;148;168m────────────────────────────────────────────────────────────────────────────────[39m
  [38;2;138;148;168m? for shortcuts · [38;2;2;136;142mtaste on[39m



[?2026l[?2026h[2K[1A[2K[1A[2K[1A[2K[1A[2K[1A[2K[1A[2K[1A[2K[1A[2K[1A[2K[1A[2K[G[38;2;228;204;255m✻ Thinking… (33 lines) [38;2;53;61;80m[[38;2;138;148;168mctrl+o to expand[38;2;53;61;80m][39m

[48;2;45;43;85m[38;2;228;204;255m [1m○ [22m[38;2;110;97;163mR[38;2;165;153;233me[38;2;228;204;255mv[38;2;171;165;206mi[38;2;204;199;225me[38;2;255;255;255mw[38;2;234;218;255mi[38;2;171;165;206mn[38;2;228;204;255mg[38;2;165;153;233m…[38;2;228;204;255m [39m[49m [1m[38;2;138;148;168mesc[39m[22m [38;2;138;148;168mto interrupt[39m [38;2;138;148;168m•[39m [38;2;138;148;168m16s[39m [38;2;138;148;168m•[39m [38;2;138;148;168m↓[39m [38;2;138;148;168m12.5k[39m
[38;2;138;148;168m────────────────────────────────────────────────────────────────────────────────[39m
❯ [7mA[27m[38;2;138;148;168msk your question...[39m
[38;2;138;148;168m────────────────────────────────────────────────────────────────────────────────[39m
  [38;2;138;148;168m? for shortcuts · [38;2;2;136;142mtaste on[39m



[?2026l[?2026h[2K[1A[2K[1A[2K[1A[2K[1A[2K[1A[2K[1A[2K[1A[2K[1A[2K[1A[2K[1A[2K[G[38;2;228;204;255m✻ Thinking… (33 lines) [38;2;53;61;80m[[38;2;138;148;168mctrl+o to expand[38;2;53;61;80m][39m

[48;2;45;43;85m[38;2;228;204;255m [1m◇ [22m[38;2;110;97;163mRe[38;2;165;153;233mv[38;2;228;204;255mi[38;2;171;165;206me[38;2;204;199;225mw[38;2;255;255;255mi[38;2;234;218;255mn[38;2;171;165;206mg[38;2;228;204;255m… [39m[49m [1m[38;2;138;148;168mesc[39m[22m [38;2;138;148;168mto interrupt[39m [38;2;138;148;168m•[39m [38;2;138;148;168m16s[39m [38;2;138;148;168m•[39m [38;2;138;148;168m↓[39m [38;2;138;148;168m12.5k[39m
[38;2;138;148;168m────────────────────────────────────────────────────────────────────────────────[39m
❯ [7mA[27m[38;2;138;148;168msk your question...[39m
[38;2;138;148;168m────────────────────────────────────────────────────────────────────────────────[39m
  [38;2;138;148;168m? for shortcuts · [38;2;2;136;142mtaste on[39m



[?2026l[?2026h[2K[1A[2K[1A[2K[1A[2K[1A[2K[1A[2K[1A[2K[1A[2K[1A[2K[1A[2K[1A[2K[G[38;2;228;204;255m✻ Thinking… (33 lines) [38;2;53;61;80m[[38;2;138;148;168mctrl+o to expand[38;2;53;61;80m][39m

[48;2;45;43;85m[38;2;228;204;255m [1m☆ [22m[38;2;110;97;163mRev[38;2;165;153;233mi[38;2;228;204;255me[38;2;171;165;206mw[38;2;204;199;225mi[38;2;255;255;255mn[38;2;234;218;255mg[38;2;171;165;206m…[38;2;228;204;255m [39m[49m [1m[38;2;138;148;168mesc[39m[22m [38;2;138;148;168mto interrupt[39m [38;2;138;148;168m•[39m [38;2;138;148;168m16s[39m [38;2;138;148;168m•[39m [38;2;138;148;168m↓[39m [38;2;138;148;168m12.5k[39m
[38;2;138;148;168m────────────────────────────────────────────────────────────────────────────────[39m
❯ [7mA[27m[38;2;138;148;168msk your question...[39m
[38;2;138;148;168m────────────────────────────────────────────────────────────────────────────────[39m
  [38;2;138;148;168m? for shortcuts · [38;2;2;136;142mtaste on[39m



[?2026l[?2026h[2K[1A[2K[1A[2K[1A[2K[1A[2K[1A[2K[1A[2K[1A[2K[1A[2K[1A[2K[1A[2K[G[38;2;228;204;255m✻ Thinking… (35 lines) [38;2;53;61;80m[[38;2;138;148;168mctrl+o to expand[38;2;53;61;80m][39m

[48;2;45;43;85m[38;2;228;204;255m [1m☆ [22m[38;2;110;97;163mRev[38;2;165;153;233mi[38;2;228;204;255me[38;2;171;165;206mw[38;2;204;199;225mi[38;2;255;255;255mn[38;2;234;218;255mg[38;2;171;165;206m…[38;2;228;204;255m [39m[49m [1m[38;2;138;148;168mesc[39m[22m [38;2;138;148;168mto interrupt[39m [38;2;138;148;168m•[39m [38;2;138;148;168m16s[39m [38;2;138;148;168m•[39m [38;2;138;148;168m↓[39m [38;2;138;148;168m12.5k[39m
[38;2;138;148;168m────────────────────────────────────────────────────────────────────────────────[39m
❯ [7mA[27m[38;2;138;148;168msk your question...[39m
[38;2;138;148;168m────────────────────────────────────────────────────────────────────────────────[39m
  [38;2;138;148;168m? for shortcuts · [38;2;2;136;142mtaste on[39m



[?2026l[?2026h[2K[1A[2K[1A[2K[1A[2K[1A[2K[1A[2K[1A[2K[1A[2K[1A[2K[1A[2K[1A[2K[G[38;2;228;204;255m✻ Thinking… (35 lines) [38;2;53;61;80m[[38;2;138;148;168mctrl+o to expand[38;2;53;61;80m][39m

[48;2;45;43;85m[38;2;228;204;255m [1m✧ [22m[38;2;110;97;163mRevi[38;2;165;153;233me[38;2;228;204;255mw[38;2;171;165;206mi[38;2;204;199;225mn[38;2;255;255;255mg[38;2;234;218;255m…[38;2;228;204;255m [39m[49m [1m[38;2;138;148;168mesc[39m[22m [38;2;138;148;168mto interrupt[39m [38;2;138;148;168m•[39m [38;2;138;148;168m16s[39m [38;2;138;148;168m•[39m [38;2;138;148;168m↓[39m [38;2;138;148;168m12.6k[39m
[38;2;138;148;168m────────────────────────────────────────────────────────────────────────────────[39m
❯ [7mA[27m[38;2;138;148;168msk your question...[39m
[38;2;138;148;168m────────────────────────────────────────────────────────────────────────────────[39m
  [38;2;138;148;168m? for shortcuts · [38;2;2;136;142mtaste on[39m



[?2026l[?2026h[2K[1A[2K[1A[2K[1A[2K[1A[2K[1A[2K[1A[2K[1A[2K[1A[2K[1A[2K[1A[2K[G[38;2;228;204;255m✻ Thinking… (35 lines) [38;2;53;61;80m[[38;2;138;148;168mctrl+o to expand[38;2;53;61;80m][39m

[48;2;45;43;85m[38;2;228;204;255m [1m☆ [22m[38;2;110;97;163mRevie[38;2;165;153;233mw[38;2;228;204;255mi[38;2;171;165;206mn[38;2;204;199;225mg[38;2;255;255;255m…[38;2;228;204;255m [39m[49m [1m[38;2;138;148;168mesc[39m[22m [38;2;138;148;168mto interrupt[39m [38;2;138;148;168m•[39m [38;2;138;148;168m16s[39m [38;2;138;148;168m•[39m [38;2;138;148;168m↓[39m [38;2;138;148;168m12.6k[39m
[38;2;138;148;168m────────────────────────────────────────────────────────────────────────────────[39m
❯ [7mA[27m[38;2;138;148;168msk your question...[39m
[38;2;138;148;168m────────────────────────────────────────────────────────────────────────────────[39m
  [38;2;138;148;168m? for shortcuts · [38;2;2;136;142mtaste on[39m



[?2026l[?2026h[2K[1A[2K[1A[2K[1A[2K[1A[2K[1A[2K[1A[2K[1A[2K[1A[2K[1A[2K[1A[2K[G[38;2;228;204;255m✻ Thinking… (37 lines) [38;2;53;61;80m[[38;2;138;148;168mctrl+o to expand[38;2;53;61;80m][39m

[48;2;45;43;85m[38;2;228;204;255m [1m☆ [22m[38;2;110;97;163mRevie[38;2;165;153;233mw[38;2;228;204;255mi[38;2;171;165;206mn[38;2;204;199;225mg[38;2;255;255;255m…[38;2;228;204;255m [39m[49m [1m[38;2;138;148;168mesc[39m[22m [38;2;138;148;168mto interrupt[39m [38;2;138;148;168m•[39m [38;2;138;148;168m16s[39m [38;2;138;148;168m•[39m [38;2;138;148;168m↓[39m [38;2;138;148;168m12.6k[39m
[38;2;138;148;168m────────────────────────────────────────────────────────────────────────────────[39m
❯ [7mA[27m[38;2;138;148;168msk your question...[39m
[38;2;138;148;168m────────────────────────────────────────────────────────────────────────────────[39m
  [38;2;138;148;168m? for shortcuts · [38;2;2;136;142mtaste on[39m



[?2026l[?2026h[2K[1A[2K[1A[2K[1A[2K[1A[2K[1A[2K[1A[2K[1A[2K[1A[2K[1A[2K[1A[2K[G[38;2;228;204;255m✻ Thinking… (37 lines) [38;2;53;61;80m[[38;2;138;148;168mctrl+o to expand[38;2;53;61;80m][39m

[48;2;45;43;85m[38;2;228;204;255m [1m◇ [22m[38;2;110;97;163mReview[38;2;165;153;233mi[38;2;228;204;255mn[38;2;171;165;206mg[38;2;204;199;225m…[38;2;228;204;255m [39m[49m [1m[38;2;138;148;168mesc[39m[22m [38;2;138;148;168mto interrupt[39m [38;2;138;148;168m•[39m [38;2;138;148;168m16s[39m [38;2;138;148;168m•[39m [38;2;138;148;168m↓[39m [38;2;138;148;168m12.6k[39m
[38;2;138;148;168m────────────────────────────────────────────────────────────────────────────────[39m
❯ [7mA[27m[38;2;138;148;168msk your question...[39m
[38;2;138;148;168m────────────────────────────────────────────────────────────────────────────────[39m
  [38;2;138;148;168m? for shortcuts · [38;2;2;136;142mtaste on[39m



[?2026l[?2026h[2K[1A[2K[1A[2K[1A[2K[1A[2K[1A[2K[1A[2K[1A[2K[1A[2K[1A[2K[1A[2K[G[38;2;228;204;255m✻ Thinking… (37 lines) [38;2;53;61;80m[[38;2;138;148;168mctrl+o to expand[38;2;53;61;80m][39m

[48;2;45;43;85m[38;2;228;204;255m [1m○ [22m[38;2;110;97;163mReviewi[38;2;165;153;233mn[38;2;228;204;255mg[38;2;171;165;206m…[38;2;228;204;255m [39m[49m [1m[38;2;138;148;168mesc[39m[22m [38;2;138;148;168mto interrupt[39m [38;2;138;148;168m•[39m [38;2;138;148;168m16s[39m [38;2;138;148;168m•[39m [38;2;138;148;168m↓[39m [38;2;138;148;168m12.6k[39m
[38;2;138;148;168m────────────────────────────────────────────────────────────────────────────────[39m
❯ [7mA[27m[38;2;138;148;168msk your question...[39m
[38;2;138;148;168m────────────────────────────────────────────────────────────────────────────────[39m
  [38;2;138;148;168m? for shortcuts · [38;2;2;136;142mtaste on[39m



[?2026l[?2026h[2K[1A[2K[1A[2K[1A[2K[1A[2K[1A[2K[1A[2K[1A[2K[1A[2K[1A[2K[1A[2K[G[38;2;228;204;255m✻ Thinking… (41 lines) [38;2;53;61;80m[[38;2;138;148;168mctrl+o to expand[38;2;53;61;80m][39m

[48;2;45;43;85m[38;2;228;204;255m [1m○ [22m[38;2;110;97;163mReviewi[38;2;165;153;233mn[38;2;228;204;255mg[38;2;171;165;206m…[38;2;228;204;255m [39m[49m [1m[38;2;138;148;168mesc[39m[22m [38;2;138;148;168mto interrupt[39m [38;2;138;148;168m•[39m [38;2;138;148;168m16s[39m [38;2;138;148;168m•[39m [38;2;138;148;168m↓[39m [38;2;138;148;168m12.6k[39m
[38;2;138;148;168m────────────────────────────────────────────────────────────────────────────────[39m
❯ [7mA[27m[38;2;138;148;168msk your question...[39m
[38;2;138;148;168m────────────────────────────────────────────────────────────────────────────────[39m
  [38;2;138;148;168m? for shortcuts · [38;2;2;136;142mtaste on[39m



[?2026l[?2026h[2K[1A[2K[1A[2K[1A[2K[1A[2K[1A[2K[1A[2K[1A[2K[1A[2K[1A[2K[1A[2K[G[38;2;228;204;255m✻ Thinking… (41 lines) [38;2;53;61;80m[[38;2;138;148;168mctrl+o to expand[38;2;53;61;80m][39m

[48;2;45;43;85m[38;2;228;204;255m [1m⌘ [22m[38;2;110;97;163mReviewin[38;2;165;153;233mg[38;2;228;204;255m… [39m[49m [1m[38;2;138;148;168mesc[39m[22m [38;2;138;148;168mto interrupt[39m [38;2;138;148;168m•[39m [38;2;138;148;168m16s[39m [38;2;138;148;168m•[39m [38;2;138;148;168m↓[39m [38;2;138;148;168m12.6k[39m
[38;2;138;148;168m────────────────────────────────────────────────────────────────────────────────[39m
❯ [7mA[27m[38;2;138;148;168msk your question...[39m
[38;2;138;148;168m────────────────────────────────────────────────────────────────────────────────[39m
  [38;2;138;148;168m? for shortcuts · [38;2;2;136;142mtaste on[39m



[?2026l[?2026h[2K[1A[2K[1A[2K[1A[2K[1A[2K[1A[2K[1A[2K[1A[2K[1A[2K[1A[2K[1A[2K[G[38;2;228;204;255m✻ Thinking… (41 lines) [38;2;53;61;80m[[38;2;138;148;168mctrl+o to expand[38;2;53;61;80m][39m

[48;2;45;43;85m[38;2;228;204;255m [1m⌘ [22m[38;2;110;97;163mReviewing[38;2;165;153;233m…[38;2;228;204;255m [39m[49m [1m[38;2;138;148;168mesc[39m[22m [38;2;138;148;168mto interrupt[39m [38;2;138;148;168m•[39m [38;2;138;148;168m16s[39m [38;2;138;148;168m•[39m [38;2;138;148;168m↓[39m [38;2;138;148;168m12.7k[39m
[38;2;138;148;168m────────────────────────────────────────────────────────────────────────────────[39m
❯ [7mA[27m[38;2;138;148;168msk your question...[39m
[38;2;138;148;168m────────────────────────────────────────────────────────────────────────────────[39m
  [38;2;138;148;168m? for shortcuts · [38;2;2;136;142mtaste on[39m



[?2026l[?2026h[2K[1A[2K[1A[2K[1A[2K[1A[2K[1A[2K[1A[2K[1A[2K[1A[2K[1A[2K[1A[2K[G[38;2;228;204;255m✻ Thinking… (43 lines) [38;2;53;61;80m[[38;2;138;148;168mctrl+o to expand[38;2;53;61;80m][39m

[48;2;45;43;85m[38;2;228;204;255m [1m⌘ [22m[38;2;110;97;163mReviewing[38;2;165;153;233m…[38;2;228;204;255m [39m[49m [1m[38;2;138;148;168mesc[39m[22m [38;2;138;148;168mto interrupt[39m [38;2;138;148;168m•[39m [38;2;138;148;168m17s[39m [38;2;138;148;168m•[39m [38;2;138;148;168m↓[39m [38;2;138;148;168m12.7k[39m
[38;2;138;148;168m────────────────────────────────────────────────────────────────────────────────[39m
❯ [7mA[27m[38;2;138;148;168msk your question...[39m
[38;2;138;148;168m────────────────────────────────────────────────────────────────────────────────[39m
  [38;2;138;148;168m? for shortcuts · [38;2;2;136;142mtaste on[39m



[?2026l[?2026h[2K[1A[2K[1A[2K[1A[2K[1A[2K[1A[2K[1A[2K[1A[2K[1A[2K[1A[2K[1A[2K[G[38;2;228;204;255m✻ Thinking… (43 lines) [38;2;53;61;80m[[38;2;138;148;168mctrl+o to expand[38;2;53;61;80m][39m

[48;2;45;43;85m[38;2;228;204;255m [1m⌘ [22m[38;2;110;97;163mReviewing…[38;2;228;204;255m [39m[49m [1m[38;2;138;148;168mesc[39m[22m [38;2;138;148;168mto interrupt[39m [38;2;138;148;168m•[39m [38;2;138;148;168m17s[39m [38;2;138;148;168m•[39m [38;2;138;148;168m↓[39m [38;2;138;148;168m12.7k[39m
[38;2;138;148;168m────────────────────────────────────────────────────────────────────────────────[39m
❯ [7mA[27m[38;2;138;148;168msk your question...[39m
[38;2;138;148;168m────────────────────────────────────────────────────────────────────────────────[39m
  [38;2;138;148;168m? for shortcuts · [38;2;2;136;142mtaste on[39m



[?2026l[?2026h[2K[1A[2K[1A[2K[1A[2K[1A[2K[1A[2K[1A[2K[1A[2K[1A[2K[1A[2K[1A[2K[G[38;2;228;204;255m✻ Thinking… (45 lines) [38;2;53;61;80m[[38;2;138;148;168mctrl+o to expand[38;2;53;61;80m][39m

[48;2;45;43;85m[38;2;228;204;255m [1m⌘ [22m[38;2;110;97;163mReviewing…[38;2;228;204;255m [39m[49m [1m[38;2;138;148;168mesc[39m[22m [38;2;138;148;168mto interrupt[39m [38;2;138;148;168m•[39m [38;2;138;148;168m17s[39m [38;2;138;148;168m•[39m [38;2;138;148;168m↓[39m [38;2;138;148;168m12.7k[39m
[38;2;138;148;168m────────────────────────────────────────────────────────────────────────────────[39m
❯ [7mA[27m[38;2;138;148;168msk your question...[39m
[38;2;138;148;168m────────────────────────────────────────────────────────────────────────────────[39m
  [38;2;138;148;168m? for shortcuts · [38;2;2;136;142mtaste on[39m



[?2026l[?2026h[2K[1A[2K[1A[2K[1A[2K[1A[2K[1A[2K[1A[2K[1A[2K[1A[2K[1A[2K[1A[2K[G[38;2;228;204;255m✻ Thinking… (45 lines) [38;2;53;61;80m[[38;2;138;148;168mctrl+o to expand[38;2;53;61;80m][39m

[48;2;45;43;85m[38;2;228;204;255m [1m○ [22m[38;2;110;97;163mReviewing…[38;2;228;204;255m [39m[49m [1m[38;2;138;148;168mesc[39m[22m [38;2;138;148;168mto interrupt[39m [38;2;138;148;168m•[39m [38;2;138;148;168m17s[39m [38;2;138;148;168m•[39m [38;2;138;148;168m↓[39m [38;2;138;148;168m12.8k[39m
[38;2;138;148;168m────────────────────────────────────────────────────────────────────────────────[39m
❯ [7mA[27m[38;2;138;148;168msk your question...[39m
[38;2;138;148;168m────────────────────────────────────────────────────────────────────────────────[39m
  [38;2;138;148;168m? for shortcuts · [38;2;2;136;142mtaste on[39m



[?2026l[?2026h[2K[1A[2K[1A[2K[1A[2K[1A[2K[1A[2K[1A[2K[1A[2K[1A[2K[1A[2K[1A[2K[G[38;2;228;204;255m✻ Thinking… (47 lines) [38;2;53;61;80m[[38;2;138;148;168mctrl+o to expand[38;2;53;61;80m][39m

[48;2;45;43;85m[38;2;228;204;255m [1m◇ [22m[38;2;110;97;163mReviewing…[38;2;228;204;255m [39m[49m [1m[38;2;138;148;168mesc[39m[22m [38;2;138;148;168mto interrupt[39m [38;2;138;148;168m•[39m [38;2;138;148;168m17s[39m [38;2;138;148;168m•[39m [38;2;138;148;168m↓[39m [38;2;138;148;168m12.8k[39m
[38;2;138;148;168m────────────────────────────────────────────────────────────────────────────────[39m
❯ [7mA[27m[38;2;138;148;168msk your question...[39m
[38;2;138;148;168m────────────────────────────────────────────────────────────────────────────────[39m
  [38;2;138;148;168m? for shortcuts · [38;2;2;136;142mtaste on[39m



[?2026l[?2026h[2K[1A[2K[1A[2K[1A[2K[1A[2K[1A[2K[1A[2K[1A[2K[1A[2K[1A[2K[1A[2K[G[38;2;228;204;255m✻ Thinking… (47 lines) [38;2;53;61;80m[[38;2;138;148;168mctrl+o to expand[38;2;53;61;80m][39m

[48;2;45;43;85m[38;2;228;204;255m [1m☆ [22m[38;2;110;97;163mReviewing…[38;2;228;204;255m [39m[49m [1m[38;2;138;148;168mesc[39m[22m [38;2;138;148;168mto interrupt[39m [38;2;138;148;168m•[39m [38;2;138;148;168m17s[39m [38;2;138;148;168m•[39m [38;2;138;148;168m↓[39m [38;2;138;148;168m12.8k[39m
[38;2;138;148;168m────────────────────────────────────────────────────────────────────────────────[39m
❯ [7mA[27m[38;2;138;148;168msk your question...[39m
[38;2;138;148;168m────────────────────────────────────────────────────────────────────────────────[39m
  [38;2;138;148;168m? for shortcuts · [38;2;2;136;142mtaste on[39m



[?2026l[?2026h[2K[1A[2K[1A[2K[1A[2K[1A[2K[1A[2K[1A[2K[1A[2K[1A[2K[1A[2K[1A[2K[G[38;2;228;204;255m✻ Thought for 6 seconds [38;2;53;61;80m[[38;2;138;148;168mctrl+o to expand[38;2;53;61;80m][39m

[?2026h[38;2;165;153;233m⠶[39m I've

[48;2;45;43;85m[38;2;228;204;255m [1m☆ [22m[38;2;110;97;163mReviewing…[38;2;228;204;255m [39m[49m [1m[38;2;138;148;168mesc[39m[22m [38;2;138;148;168mto interrupt[39m [38;2;138;148;168m•[39m [38;2;138;148;168m17s[39m [38;2;138;148;168m•[39m [38;2;138;148;168m↓[39m [38;2;138;148;168m12.8k[39m
[38;2;138;148;168m────────────────────────────────────────────────────────────────────────────────[39m
❯ [7mA[27m[38;2;138;148;168msk your question...[39m
[38;2;138;148;168m────────────────────────────────────────────────────────────────────────────────[39m
  [38;2;138;148;168m? for shortcuts · [38;2;2;136;142mtaste on[39m



[?2026l[?2026l[?2026h[2K[1A[2K[1A[2K[1A[2K[1A[2K[1A[2K[1A[2K[1A[2K[1A[2K[1A[2K[1A[2K[G[38;2;165;153;233m⠶[39m I've

[48;2;45;43;85m[38;2;228;204;255m [1m✧ [22m[38;2;234;218;255mR[38;2;171;165;206me[38;2;228;204;255mv[38;2;165;153;233mi[38;2;110;97;163mewing…[38;2;228;204;255m [39m[49m [1m[38;2;138;148;168mesc[39m[22m [38;2;138;148;168mto interrupt[39m [38;2;138;148;168m•[39m [38;2;138;148;168m17s[39m [38;2;138;148;168m•[39m [38;2;138;148;168m↓[39m [38;2;138;148;168m12.8k[39m
[38;2;138;148;168m────────────────────────────────────────────────────────────────────────────────[39m
❯ [7mA[27m[38;2;138;148;168msk your question...[39m
[38;2;138;148;168m────────────────────────────────────────────────────────────────────────────────[39m
  [38;2;138;148;168m? for shortcuts · [38;2;2;136;142mtaste on[39m



[?2026l[?2026h[2K[1A[2K[1A[2K[1A[2K[1A[2K[1A[2K[1A[2K[1A[2K[1A[2K[1A[2K[1A[2K[G[38;2;165;153;233m⠶[39m I've verified the README against the actual source. Let me confirm repo
   integrity with the project checks

[48;2;45;43;85m[38;2;228;204;255m [1m✧ [22m[38;2;234;218;255mR[38;2;171;165;206me[38;2;228;204;255mv[38;2;165;153;233mi[38;2;110;97;163mewing…[38;2;228;204;255m [39m[49m [1m[38;2;138;148;168mesc[39m[22m [38;2;138;148;168mto interrupt[39m [38;2;138;148;168m•[39m [38;2;138;148;168m17s[39m [38;2;138;148;168m•[39m [38;2;138;148;168m↓[39m [38;2;138;148;168m12.8k[39m
[38;2;138;148;168m────────────────────────────────────────────────────────────────────────────────[39m
❯ [7mA[27m[38;2;138;148;168msk your question...[39m
[38;2;138;148;168m────────────────────────────────────────────────────────────────────────────────[39m
  [38;2;138;148;168m? for shortcuts · [38;2;2;136;142mtaste on[39m



[?2026l[?2026h[2K[1A[2K[1A[2K[1A[2K[1A[2K[1A[2K[1A[2K[1A[2K[1A[2K[1A[2K[1A[2K[1A[2K[G[38;2;165;153;233m⠶[39m I've verified the README against the actual source. Let me confirm repo
   integrity with the project checks

[48;2;45;43;85m[38;2;228;204;255m [1m☆ [22m[38;2;255;255;255mR[38;2;234;218;255me[38;2;171;165;206mv[38;2;228;204;255mi[38;2;165;153;233me[38;2;110;97;163mwing…[38;2;228;204;255m [39m[49m [1m[38;2;138;148;168mesc[39m[22m [38;2;138;148;168mto interrupt[39m [38;2;138;148;168m•[39m [38;2;138;148;168m17s[39m [38;2;138;148;168m•[39m [38;2;138;148;168m↓[39m [38;2;138;148;168m12.9k[39m
[38;2;138;148;168m────────────────────────────────────────────────────────────────────────────────[39m
❯ [7mA[27m[38;2;138;148;168msk your question...[39m
[38;2;138;148;168m────────────────────────────────────────────────────────────────────────────────[39m
  [38;2;138;148;168m? for shortcuts · [38;2;2;136;142mtaste on[39m



[?2026l[?2026h[2K[1A[2K[1A[2K[1A[2K[1A[2K[1A[2K[1A[2K[1A[2K[1A[2K[1A[2K[1A[2K[1A[2K[G[38;2;165;153;233m⠶[39m I've verified the README against the actual source. Let me confirm repo
   integrity with the project checks.

[48;2;45;43;85m[38;2;228;204;255m [1m☆ [22m[38;2;255;255;255mR[38;2;234;218;255me[38;2;171;165;206mv[38;2;228;204;255mi[38;2;165;153;233me[38;2;110;97;163mwing…[38;2;228;204;255m [39m[49m [1m[38;2;138;148;168mesc[39m[22m [38;2;138;148;168mto interrupt[39m [38;2;138;148;168m•[39m [38;2;138;148;168m17s[39m [38;2;138;148;168m•[39m [38;2;138;148;168m↓[39m [38;2;138;148;168m12.9k[39m
[38;2;138;148;168m────────────────────────────────────────────────────────────────────────────────[39m
❯ [7mA[27m[38;2;138;148;168msk your question...[39m
[38;2;138;148;168m────────────────────────────────────────────────────────────────────────────────[39m
  [38;2;138;148;168m? for shortcuts · [38;2;2;136;142mtaste on[39m



[?2026l[?2026h[2K[1A[2K[1A[2K[1A[2K[1A[2K[1A[2K[1A[2K[1A[2K[1A[2K[1A[2K[1A[2K[1A[2K[G[38;2;165;153;233m⠶[39m I've verified the README against the actual source. Let me confirm repo
   integrity with the project checks.

[48;2;45;43;85m[38;2;228;204;255m [1m◇ [22m[38;2;204;199;225mR[38;2;255;255;255me[38;2;234;218;255mv[38;2;171;165;206mi[38;2;228;204;255me[38;2;165;153;233mw[38;2;110;97;163ming…[38;2;228;204;255m [39m[49m [1m[38;2;138;148;168mesc[39m[22m [38;2;138;148;168mto interrupt[39m [38;2;138;148;168m•[39m [38;2;138;148;168m17s[39m [38;2;138;148;168m•[39m [38;2;138;148;168m↓[39m [38;2;138;148;168m12.9k[39m
[38;2;138;148;168m────────────────────────────────────────────────────────────────────────────────[39m
❯ [7mA[27m[38;2;138;148;168msk your question...[39m
[38;2;138;148;168m────────────────────────────────────────────────────────────────────────────────[39m
  [38;2;138;148;168m? for shortcuts · [38;2;2;136;142mtaste on[39m



[?2026l[?2026h[2K[1A[2K[1A[2K[1A[2K[1A[2K[1A[2K[1A[2K[1A[2K[1A[2K[1A[2K[1A[2K[1A[2K[G[38;2;165;153;233m⠶[39m I've verified the README against the actual source. Let me confirm repo
   integrity with the project checks.

[48;2;45;43;85m[38;2;228;204;255m [1m○ [22m[38;2;171;165;206mR[38;2;204;199;225me[38;2;255;255;255mv[38;2;234;218;255mi[38;2;171;165;206me[38;2;228;204;255mw[38;2;165;153;233mi[38;2;110;97;163mng…[38;2;228;204;255m [39m[49m [1m[38;2;138;148;168mesc[39m[22m [38;2;138;148;168mto interrupt[39m [38;2;138;148;168m•[39m [38;2;138;148;168m17s[39m [38;2;138;148;168m•[39m [38;2;138;148;168m↓[39m [38;2;138;148;168m12.9k[39m
[38;2;138;148;168m────────────────────────────────────────────────────────────────────────────────[39m
❯ [7mA[27m[38;2;138;148;168msk your question...[39m
[38;2;138;148;168m────────────────────────────────────────────────────────────────────────────────[39m
  [38;2;138;148;168m? for shortcuts · [38;2;2;136;142mtaste on[39m



[?2026l[?2026h[2K[1A[2K[1A[2K[1A[2K[1A[2K[1A[2K[1A[2K[1A[2K[1A[2K[1A[2K[1A[2K[1A[2K[G[38;2;165;153;233m⠶[39m I've verified the README against the actual source. Let me confirm repo
   integrity with the project checks.

[48;2;45;43;85m[38;2;228;204;255m [1m· [22mR[38;2;171;165;206me[38;2;204;199;225mv[38;2;255;255;255mi[38;2;234;218;255me[38;2;171;165;206mw[38;2;228;204;255mi[38;2;165;153;233mn[38;2;110;97;163mg…[38;2;228;204;255m [39m[49m [1m[38;2;138;148;168mesc[39m[22m [38;2;138;148;168mto interrupt[39m [38;2;138;148;168m•[39m [38;2;138;148;168m17s[39m [38;2;138;148;168m•[39m [38;2;138;148;168m↓[39m [38;2;138;148;168m12.9k[39m
[38;2;138;148;168m────────────────────────────────────────────────────────────────────────────────[39m
❯ [7mA[27m[38;2;138;148;168msk your question...[39m
[38;2;138;148;168m────────────────────────────────────────────────────────────────────────────────[39m
  [38;2;138;148;168m? for shortcuts · [38;2;2;136;142mtaste on[39m



[?2026l[?2026h[2K[1A[2K[1A[2K[1A[2K[1A[2K[1A[2K[1A[2K[1A[2K[1A[2K[1A[2K[1A[2K[1A[2K[G[38;2;165;153;233m⠶[39m I've verified the README against the actual source. Let me confirm repo
   integrity with the project checks.

[48;2;45;43;85m[38;2;228;204;255m [1m· [22m[38;2;165;153;233mR[38;2;228;204;255me[38;2;171;165;206mv[38;2;204;199;225mi[38;2;255;255;255me[38;2;234;218;255mw[38;2;171;165;206mi[38;2;228;204;255mn[38;2;165;153;233mg[38;2;110;97;163m…[38;2;228;204;255m [39m[49m [1m[38;2;138;148;168mesc[39m[22m [38;2;138;148;168mto interrupt[39m [38;2;138;148;168m•[39m [38;2;138;148;168m17s[39m [38;2;138;148;168m•[39m [38;2;138;148;168m↓[39m [38;2;138;148;168m13.0k[39m
[38;2;138;148;168m────────────────────────────────────────────────────────────────────────────────[39m
❯ [7mA[27m[38;2;138;148;168msk your question...[39m
[38;2;138;148;168m────────────────────────────────────────────────────────────────────────────────[39m
  [38;2;138;148;168m? for shortcuts · [38;2;2;136;142mtaste on[39m



[?2026l[?2026h[2K[1A[2K[1A[2K[1A[2K[1A[2K[1A[2K[1A[2K[1A[2K[1A[2K[1A[2K[1A[2K[1A[2K[G[38;2;165;153;233m⠶[39m I've verified the README against the actual source. Let me confirm repo
   integrity with the project checks.

[?2026h[48;2;45;43;85m[38;2;228;204;255m [1m· [22m[38;2;165;153;233mR[38;2;228;204;255me[38;2;171;165;206mv[38;2;204;199;225mi[38;2;255;255;255me[38;2;234;218;255mw[38;2;171;165;206mi[38;2;228;204;255mn[38;2;165;153;233mg[38;2;110;97;163m…[38;2;228;204;255m [39m[49m [1m[38;2;138;148;168mesc[39m[22m [38;2;138;148;168mto interrupt[39m [38;2;138;148;168m•[39m [38;2;138;148;168m17s[39m [38;2;138;148;168m•[39m [38;2;138;148;168m↓[39m [38;2;138;148;168m13.0k[39m
[38;2;138;148;168m────────────────────────────────────────────────────────────────────────────────[39m
❯ [7mA[27m[38;2;138;148;168msk your question...[39m
[38;2;138;148;168m────────────────────────────────────────────────────────────────────────────────[39m
  [38;2;138;148;168m? for shortcuts · [38;2;2;136;142mtaste on[39m



[?2026l[?2026l[?2026h[2K[1A[2K[1A[2K[1A[2K[1A[2K[1A[2K[1A[2K[1A[2K[1A[2K[G
[38;2;76;85;106m────────────────────────────────────────────────────────────────────────────────[39m

[1m[38;2;228;204;255mExecute Shell Command[39m[22m
[38;2;138;148;168mCommand Code needs to execute [38;2;228;204;255mgo vet ./... && go test -count=1 ./... 2>&1 | tail[39m
[38;2;228;204;255m -5[38;2;138;148;168m.[39m

[38;2;138;148;168mWorking directory: /Users/najmiraihan/Developer/orch-go[39m

[3m[38;2;138;148;168mPress [1m[38;2;53;61;80m[[38;2;138;148;168mctrl+e[38;2;53;61;80m][22m[38;2;138;148;168m to explain this command[39m[23m

[38;2;228;204;255m❯ 1. Yes[39m
[38;2;138;148;168m [38;2;229;229;229m 2. Yes, don't ask again for `go` commands in this project[39m
[38;2;138;148;168m [38;2;229;229;229m 3. No, tell Command Code what to do differently[39m

[3m[38;2;138;148;168m↑/↓ navigate · enter select · ctrl+e explain · Run [38;2;229;229;229mcmd --yolo[38;2;138;148;168m to bypass all [39m[23m
[3m[38;2;138;148;168mpermissions (]8;;https://commandcode.ai/docs/permissions#permission-modesDocs ↗]8;;)[39m[23m

[?2026l]0;⌘ Command Code · orch-go · deepseek-v4-flash-(latest)]2;⌘ Command Code · orch-go · deepseek-v4-flash-(latest)]0;⌘ Command Code · orch-go · deepseek-v4-flash-(latest)]2;⌘ Command Code · orch-go · deepseek-v4-flash-(latest)]0;⌘ Command Code · orch-go · deepseek-v4-flash-(latest)]2;⌘ Command Code · orch-go · deepseek-v4-flash-(latest)[?2026h[2K[1A[2K[1A[2K[1A[2K[1A[2K[1A[2K[1A[2K[1A[2K[1A[2K[1A[2K[1A[2K[1A[2K[1A[2K[1A[2K[1A[2K[1A[2K[1A[2K[1A[2K[1A[2K[G[48;2;45;43;85m[38;2;228;204;255m [1m· [22m[38;2;234;218;255mS[38;2;171;165;206mh[38;2;228;204;255me[38;2;165;153;233ml[38;2;110;97;163ml command allowed[38;2;228;204;255m [39m[49m [1m[38;2;138;148;168mesc[39m[22m [38;2;138;148;168mto interrupt[39m [38;2;138;148;168m•[39m [38;2;138;148;168m30s[39m [38;2;138;148;168m•[39m [38;2;138;148;168m↓[39m [38;2;138;148;168m13.1k[39m
 [38;2;138;148;168m ⎿  Tip: Use shift+tab to enable auto-accept[39m
[38;2;138;148;168m────────────────────────────────────────────────────────────────────────────────[39m
❯ [7mA[27m[38;2;138;148;168msk your question...[39m
[38;2;138;148;168m────────────────────────────────────────────────────────────────────────────────[39m
  [38;2;138;148;168m? for shortcuts · [38;2;2;136;142mtaste on[39m



[?2026l[?2026h[2K[1A[2K[1A[2K[1A[2K[1A[2K[1A[2K[1A[2K[1A[2K[1A[2K[1A[2K[G[1m[48;2;89;69;177m[38;2;244;244;244m SHELL [39m[49m[22m [38;2;53;61;80m[[39mgo vet ./... && go test -count=1 ./... 2>&1 | tail -5[38;2;53;61;80m][39m
 [38;2;138;148;168m└ [39m [38;2;138;148;168mProcessing…[39m

[48;2;45;43;85m[38;2;228;204;255m [1m· [22m[38;2;234;218;255mS[38;2;171;165;206mh[38;2;228;204;255me[38;2;165;153;233ml[38;2;110;97;163ml command allowed[38;2;228;204;255m [39m[49m [1m[38;2;138;148;168mesc[39m[22m [38;2;138;148;168mto interrupt[39m [38;2;138;148;168m•[39m [38;2;138;148;168m30s[39m [38;2;138;148;168m•[39m [38;2;138;148;168m↓[39m [38;2;138;148;168m13.1k[39m
 [38;2;138;148;168m ⎿  Tip: Use shift+tab to enable auto-accept[39m
[38;2;138;148;168m────────────────────────────────────────────────────────────────────────────────[39m
❯ [7mA[27m[38;2;138;148;168msk your question...[39m
[38;2;138;148;168m────────────────────────────────────────────────────────────────────────────────[39m
  [38;2;138;148;168m? for shortcuts · [38;2;2;136;142mtaste on[39m



[?2026l[?2026h[2K[1A[2K[1A[2K[1A[2K[1A[2K[1A[2K[1A[2K[1A[2K[1A[2K[1A[2K[1A[2K[1A[2K[1A[2K[G[1m[48;2;89;69;177m[38;2;244;244;244m SHELL [39m[49m[22m [38;2;53;61;80m[[39mgo vet ./... && go test -count=1 ./... 2>&1 | tail -5[38;2;53;61;80m][39m
 [38;2;138;148;168m└ [39m [38;2;138;148;168mProcessing…[39m

[48;2;45;43;85m[38;2;228;204;255m [1m· [22m[38;2;255;255;255mS[38;2;234;218;255mh[38;2;171;165;206me[38;2;228;204;255ml[38;2;165;153;233ml[38;2;110;97;163m command allowed[38;2;228;204;255m [39m[49m [1m[38;2;138;148;168mesc[39m[22m [38;2;138;148;168mto interrupt[39m [38;2;138;148;168m•[39m [38;2;138;148;168m30s[39m [38;2;138;148;168m•[39m [38;2;138;148;168m↓[39m [38;2;138;148;168m13.1k[39m
 [38;2;138;148;168m ⎿  Tip: Use shift+tab to enable auto-accept[39m
[38;2;138;148;168m────────────────────────────────────────────────────────────────────────────────[39m
❯ [7mA[27m[38;2;138;148;168msk your question...[39m
[38;2;138;148;168m────────────────────────────────────────────────────────────────────────────────[39m
  [38;2;138;148;168m? for shortcuts · [38;2;2;136;142mtaste on[39m



[?2026l[?2026h[2K[1A[2K[1A[2K[1A[2K[1A[2K[1A[2K[1A[2K[1A[2K[1A[2K[1A[2K[1A[2K[1A[2K[1A[2K[G[1m[48;2;89;69;177m[38;2;244;244;244m SHELL [39m[49m[22m [38;2;53;61;80m[[39mgo vet ./... && go test -count=1 ./... 2>&1 | tail -5[38;2;53;61;80m][39m
 [38;2;138;148;168m└ [39m [38;2;138;148;168mProcessing…[39m

[48;2;45;43;85m[38;2;228;204;255m [1m· [22m[38;2;204;199;225mS[38;2;255;255;255mh[38;2;234;218;255me[38;2;171;165;206ml[38;2;228;204;255ml[38;2;165;153;233m [38;2;110;97;163mcommand allowed[38;2;228;204;255m [39m[49m [1m[38;2;138;148;168mesc[39m[22m [38;2;138;148;168mto interrupt[39m [38;2;138;148;168m•[39m [38;2;138;148;168m30s[39m [38;2;138;148;168m•[39m [38;2;138;148;168m↓[39m [38;2;138;148;168m13.1k[39m
 [38;2;138;148;168m ⎿  Tip: Use shift+tab to enable auto-accept[39m
[38;2;138;148;168m────────────────────────────────────────────────────────────────────────────────[39m
❯ [7mA[27m[38;2;138;148;168msk your question...[39m
[38;2;138;148;168m────────────────────────────────────────────────────────────────────────────────[39m
  [38;2;138;148;168m? for shortcuts · [38;2;2;136;142mtaste on[39m



[?2026l[?2026h[2K[1A[2K[1A[2K[1A[2K[1A[2K[1A[2K[1A[2K[1A[2K[1A[2K[1A[2K[1A[2K[1A[2K[1A[2K[G[1m[48;2;89;69;177m[38;2;244;244;244m SHELL [39m[49m[22m [38;2;53;61;80m[[39mgo vet ./... && go test -count=1 ./... 2>&1 | tail -5[38;2;53;61;80m][39m
 [38;2;138;148;168m└ [39m [38;2;138;148;168mProcessing…[39m

[48;2;45;43;85m[38;2;228;204;255m [1m○ [22m[38;2;171;165;206mS[38;2;204;199;225mh[38;2;255;255;255me[38;2;234;218;255ml[38;2;171;165;206ml[38;2;228;204;255m [38;2;165;153;233mc[38;2;110;97;163mommand allowed[38;2;228;204;255m [39m[49m [1m[38;2;138;148;168mesc[39m[22m [38;2;138;148;168mto interrupt[39m [38;2;138;148;168m•[39m [38;2;138;148;168m30s[39m [38;2;138;148;168m•[39m [38;2;138;148;168m↓[39m [38;2;138;148;168m13.1k[39m
 [38;2;138;148;168m ⎿  Tip: Use shift+tab to enable auto-accept[39m
[38;2;138;148;168m────────────────────────────────────────────────────────────────────────────────[39m
❯ [7mA[27m[38;2;138;148;168msk your question...[39m
[38;2;138;148;168m────────────────────────────────────────────────────────────────────────────────[39m
  [38;2;138;148;168m? for shortcuts · [38;2;2;136;142mtaste on[39m



[?2026l[?2026h[2K[1A[2K[1A[2K[1A[2K[1A[2K[1A[2K[1A[2K[1A[2K[1A[2K[1A[2K[1A[2K[1A[2K[1A[2K[G[1m[48;2;89;69;177m[38;2;244;244;244m SHELL [39m[49m[22m [38;2;53;61;80m[[39mgo vet ./... && go test -count=1 ./... 2>&1 | tail -5[38;2;53;61;80m][39m
 [38;2;138;148;168m└ [39m [38;2;138;148;168mProcessing…[39m

[48;2;45;43;85m[38;2;228;204;255m [1m○ [22mS[38;2;171;165;206mh[38;2;204;199;225me[38;2;255;255;255ml[38;2;234;218;255ml[38;2;171;165;206m [38;2;228;204;255mc[38;2;165;153;233mo[38;2;110;97;163mmmand allowed[38;2;228;204;255m [39m[49m [1m[38;2;138;148;168mesc[39m[22m [38;2;138;148;168mto interrupt[39m [38;2;138;148;168m•[39m [38;2;138;148;168m30s[39m [38;2;138;148;168m•[39m [38;2;138;148;168m↓[39m [38;2;138;148;168m13.1k[39m
 [38;2;138;148;168m ⎿  Tip: Use shift+tab to enable auto-accept[39m
[38;2;138;148;168m────────────────────────────────────────────────────────────────────────────────[39m
❯ [7mA[27m[38;2;138;148;168msk your question...[39m
[38;2;138;148;168m────────────────────────────────────────────────────────────────────────────────[39m
  [38;2;138;148;168m? for shortcuts · [38;2;2;136;142mtaste on[39m



[?2026l[?2026h[2K[1A[2K[1A[2K[1A[2K[1A[2K[1A[2K[1A[2K[1A[2K[1A[2K[1A[2K[1A[2K[1A[2K[1A[2K[G[1m[48;2;89;69;177m[38;2;244;244;244m SHELL [39m[49m[22m [38;2;53;61;80m[[39mgo vet ./... && go test -count=1 ./... 2>&1 | tail -5[38;2;53;61;80m][39m
 [38;2;138;148;168m└ [39m [38;2;138;148;168mProcessing…[39m

[48;2;45;43;85m[38;2;228;204;255m [1m◇ [22m[38;2;165;153;233mS[38;2;228;204;255mh[38;2;171;165;206me[38;2;204;199;225ml[38;2;255;255;255ml[38;2;234;218;255m [38;2;171;165;206mc[38;2;228;204;255mo[38;2;165;153;233mm[38;2;110;97;163mmand allowed[38;2;228;204;255m [39m[49m [1m[38;2;138;148;168mesc[39m[22m [38;2;138;148;168mto interrupt[39m [38;2;138;148;168m•[39m [38;2;138;148;168m30s[39m [38;2;138;148;168m•[39m [38;2;138;148;168m↓[39m [38;2;138;148;168m13.1k[39m
 [38;2;138;148;168m ⎿  Tip: Use shift+tab to enable auto-accept[39m
[38;2;138;148;168m────────────────────────────────────────────────────────────────────────────────[39m
❯ [7mA[27m[38;2;138;148;168msk your question...[39m
[38;2;138;148;168m────────────────────────────────────────────────────────────────────────────────[39m
  [38;2;138;148;168m? for shortcuts · [38;2;2;136;142mtaste on[39m



[?2026l[?2026h[2K[1A[2K[1A[2K[1A[2K[1A[2K[1A[2K[1A[2K[1A[2K[1A[2K[1A[2K[1A[2K[1A[2K[1A[2K[G[1m[48;2;89;69;177m[38;2;244;244;244m SHELL [39m[49m[22m [38;2;53;61;80m[[39mgo vet ./... && go test -count=1 ./... 2>&1 | tail -5[38;2;53;61;80m][39m
 [38;2;138;148;168m└ [39m [38;2;138;148;168mProcessing…[39m

[48;2;45;43;85m[38;2;228;204;255m [1m☆ [22m[38;2;110;97;163mS[38;2;165;153;233mh[38;2;228;204;255me[38;2;171;165;206ml[38;2;204;199;225ml[38;2;255;255;255m [38;2;234;218;255mc[38;2;171;165;206mo[38;2;228;204;255mm[38;2;165;153;233mm[38;2;110;97;163mand allowed[38;2;228;204;255m [39m[49m [1m[38;2;138;148;168mesc[39m[22m [38;2;138;148;168mto interrupt[39m [38;2;138;148;168m•[39m [38;2;138;148;168m30s[39m [38;2;138;148;168m•[39m [38;2;138;148;168m↓[39m [38;2;138;148;168m13.1k[39m
 [38;2;138;148;168m ⎿  Tip: Use shift+tab to enable auto-accept[39m
[38;2;138;148;168m────────────────────────────────────────────────────────────────────────────────[39m
❯ [7mA[27m[38;2;138;148;168msk your question...[39m
[38;2;138;148;168m────────────────────────────────────────────────────────────────────────────────[39m
  [38;2;138;148;168m? for shortcuts · [38;2;2;136;142mtaste on[39m



[?2026l[?2026h[2K[1A[2K[1A[2K[1A[2K[1A[2K[1A[2K[1A[2K[1A[2K[1A[2K[1A[2K[1A[2K[1A[2K[1A[2K[G[1m[48;2;89;69;177m[38;2;244;244;244m SHELL [39m[49m[22m [38;2;53;61;80m[[39mgo vet ./... && go test -count=1 ./... 2>&1 | tail -5[38;2;53;61;80m][39m
 [38;2;138;148;168m└ [39m [38;2;138;148;168mProcessing…[39m

[48;2;45;43;85m[38;2;228;204;255m [1m✧ [22m[38;2;110;97;163mSh[38;2;165;153;233me[38;2;228;204;255ml[38;2;171;165;206ml[38;2;204;199;225m [38;2;255;255;255mc[38;2;234;218;255mo[38;2;171;165;206mm[38;2;228;204;255mm[38;2;165;153;233ma[38;2;110;97;163mnd allowed[38;2;228;204;255m [39m[49m [1m[38;2;138;148;168mesc[39m[22m [38;2;138;148;168mto interrupt[39m [38;2;138;148;168m•[39m [38;2;138;148;168m30s[39m [38;2;138;148;168m•[39m [38;2;138;148;168m↓[39m [38;2;138;148;168m13.1k[39m
 [38;2;138;148;168m ⎿  Tip: Use shift+tab to enable auto-accept[39m
[38;2;138;148;168m────────────────────────────────────────────────────────────────────────────────[39m
❯ [7mA[27m[38;2;138;148;168msk your question...[39m
[38;2;138;148;168m────────────────────────────────────────────────────────────────────────────────[39m
  [38;2;138;148;168m? for shortcuts · [38;2;2;136;142mtaste on[39m



[?2026l[?2026h[2K[1A[2K[1A[2K[1A[2K[1A[2K[1A[2K[1A[2K[1A[2K[1A[2K[1A[2K[1A[2K[1A[2K[1A[2K[G[1m[48;2;89;69;177m[38;2;244;244;244m SHELL [39m[49m[22m [38;2;53;61;80m[[39mgo vet ./... && go test -count=1 ./... 2>&1 | tail -5[38;2;53;61;80m][39m
 [38;2;138;148;168m└ [39m [38;2;138;148;168mProcessing…[39m

[48;2;45;43;85m[38;2;228;204;255m [1m☆ [22m[38;2;110;97;163mShe[38;2;165;153;233ml[38;2;228;204;255ml[38;2;171;165;206m [38;2;204;199;225mc[38;2;255;255;255mo[38;2;234;218;255mm[38;2;171;165;206mm[38;2;228;204;255ma[38;2;165;153;233mn[38;2;110;97;163md allowed[38;2;228;204;255m [39m[49m [1m[38;2;138;148;168mesc[39m[22m [38;2;138;148;168mto interrupt[39m [38;2;138;148;168m•[39m [38;2;138;148;168m30s[39m [38;2;138;148;168m•[39m [38;2;138;148;168m↓[39m [38;2;138;148;168m13.1k[39m
 [38;2;138;148;168m ⎿  Tip: Use shift+tab to enable auto-accept[39m
[38;2;138;148;168m────────────────────────────────────────────────────────────────────────────────[39m
❯ [7mA[27m[38;2;138;148;168msk your question...[39m
[38;2;138;148;168m────────────────────────────────────────────────────────────────────────────────[39m
  [38;2;138;148;168m? for shortcuts · [38;2;2;136;142mtaste on[39m



[?2026l[?2026h[2K[1A[2K[1A[2K[1A[2K[1A[2K[1A[2K[1A[2K[1A[2K[1A[2K[1A[2K[1A[2K[1A[2K[1A[2K[G[1m[48;2;89;69;177m[38;2;244;244;244m SHELL [39m[49m[22m [38;2;53;61;80m[[39mgo vet ./... && go test -count=1 ./... 2>&1 | tail -5[38;2;53;61;80m][39m
 [38;2;138;148;168m└ [39m [38;2;138;148;168mProcessing…[39m

[48;2;45;43;85m[38;2;228;204;255m [1m◇ [22m[38;2;110;97;163mShel[38;2;165;153;233ml[38;2;228;204;255m [38;2;171;165;206mc[38;2;204;199;225mo[38;2;255;255;255mm[38;2;234;218;255mm[38;2;171;165;206ma[38;2;228;204;255mn[38;2;165;153;233md[38;2;110;97;163m allowed[38;2;228;204;255m [39m[49m [1m[38;2;138;148;168mesc[39m[22m [38;2;138;148;168mto interrupt[39m [38;2;138;148;168m•[39m [38;2;138;148;168m30s[39m [38;2;138;148;168m•[39m [38;2;138;148;168m↓[39m [38;2;138;148;168m13.1k[39m
 [38;2;138;148;168m ⎿  Tip: Use shift+tab to enable auto-accept[39m
[38;2;138;148;168m────────────────────────────────────────────────────────────────────────────────[39m
❯ [7mA[27m[38;2;138;148;168msk your question...[39m
[38;2;138;148;168m────────────────────────────────────────────────────────────────────────────────[39m
  [38;2;138;148;168m? for shortcuts · [38;2;2;136;142mtaste on[39m



[?2026l[?2026h[2K[1A[2K[1A[2K[1A[2K[1A[2K[1A[2K[1A[2K[1A[2K[1A[2K[1A[2K[1A[2K[1A[2K[1A[2K[G[1m[48;2;89;69;177m[38;2;244;244;244m SHELL [39m[49m[22m [38;2;53;61;80m[[39mgo vet ./... && go test -count=1 ./... 2>&1 | tail -5[38;2;53;61;80m][39m
 [38;2;138;148;168m└ [39m [38;2;138;148;168mProcessing…[39m

[48;2;45;43;85m[38;2;228;204;255m [1m○ [22m[38;2;110;97;163mShell[38;2;165;153;233m [38;2;228;204;255mc[38;2;171;165;206mo[38;2;204;199;225mm[38;2;255;255;255mm[38;2;234;218;255ma[38;2;171;165;206mn[38;2;228;204;255md[38;2;165;153;233m [38;2;110;97;163mallowed[38;2;228;204;255m [39m[49m [1m[38;2;138;148;168mesc[39m[22m [38;2;138;148;168mto interrupt[39m [38;2;138;148;168m•[39m [38;2;138;148;168m30s[39m [38;2;138;148;168m•[39m [38;2;138;148;168m↓[39m [38;2;138;148;168m13.1k[39m
 [38;2;138;148;168m ⎿  Tip: Use shift+tab to enable auto-accept[39m
[38;2;138;148;168m────────────────────────────────────────────────────────────────────────────────[39m
❯ [7mA[27m[38;2;138;148;168msk your question...[39m
[38;2;138;148;168m────────────────────────────────────────────────────────────────────────────────[39m
  [38;2;138;148;168m? for shortcuts · [38;2;2;136;142mtaste on[39m



[?2026l[?2026h[2K[1A[2K[1A[2K[1A[2K[1A[2K[1A[2K[1A[2K[1A[2K[1A[2K[1A[2K[1A[2K[1A[2K[1A[2K[G[1m[48;2;89;69;177m[38;2;244;244;244m SHELL [39m[49m[22m [38;2;53;61;80m[[39mgo vet ./... && go test -count=1 ./... 2>&1 | tail -5[38;2;53;61;80m][39m
 [38;2;138;148;168m└ [39m [38;2;138;148;168mProcessing…[39m

[48;2;45;43;85m[38;2;228;204;255m [1m⌘ [22m[38;2;110;97;163mShell [38;2;165;153;233mc[38;2;228;204;255mo[38;2;171;165;206mm[38;2;204;199;225mm[38;2;255;255;255ma[38;2;234;218;255mn[38;2;171;165;206md[38;2;228;204;255m [38;2;165;153;233ma[38;2;110;97;163mllowed[38;2;228;204;255m [39m[49m [1m[38;2;138;148;168mesc[39m[22m [38;2;138;148;168mto interrupt[39m [38;2;138;148;168m•[39m [38;2;138;148;168m30s[39m [38;2;138;148;168m•[39m [38;2;138;148;168m↓[39m [38;2;138;148;168m13.1k[39m
 [38;2;138;148;168m ⎿  Tip: Use shift+tab to enable auto-accept[39m
[38;2;138;148;168m────────────────────────────────────────────────────────────────────────────────[39m
❯ [7mA[27m[38;2;138;148;168msk your question...[39m
[38;2;138;148;168m────────────────────────────────────────────────────────────────────────────────[39m
  [38;2;138;148;168m? for shortcuts · [38;2;2;136;142mtaste on[39m



[?2026l[?2026h[2K[1A[2K[1A[2K[1A[2K[1A[2K[1A[2K[1A[2K[1A[2K[1A[2K[1A[2K[1A[2K[1A[2K[1A[2K[G[1m[48;2;89;69;177m[38;2;244;244;244m SHELL [39m[49m[22m [38;2;53;61;80m[[39mgo vet ./... && go test -count=1 ./... 2>&1 | tail -5[38;2;53;61;80m][39m
 [38;2;138;148;168m└ [39m [38;2;138;148;168mProcessing…[39m

[48;2;45;43;85m[38;2;228;204;255m [1m⌘ [22m[38;2;110;97;163mShell c[38;2;165;153;233mo[38;2;228;204;255mm[38;2;171;165;206mm[38;2;204;199;225ma[38;2;255;255;255mn[38;2;234;218;255md[38;2;171;165;206m [38;2;228;204;255ma[38;2;165;153;233ml[38;2;110;97;163mlowed[38;2;228;204;255m [39m[49m [1m[38;2;138;148;168mesc[39m[22m [38;2;138;148;168mto interrupt[39m [38;2;138;148;168m•[39m [38;2;138;148;168m30s[39m [38;2;138;148;168m•[39m [38;2;138;148;168m↓[39m [38;2;138;148;168m13.1k[39m
 [38;2;138;148;168m ⎿  Tip: Use shift+tab to enable auto-accept[39m
[38;2;138;148;168m────────────────────────────────────────────────────────────────────────────────[39m
❯ [7mA[27m[38;2;138;148;168msk your question...[39m
[38;2;138;148;168m────────────────────────────────────────────────────────────────────────────────[39m
  [38;2;138;148;168m? for shortcuts · [38;2;2;136;142mtaste on[39m



[?2026l[?2026h[2K[1A[2K[1A[2K[1A[2K[1A[2K[1A[2K[1A[2K[1A[2K[1A[2K[1A[2K[1A[2K[1A[2K[1A[2K[G[1m[48;2;89;69;177m[38;2;244;244;244m SHELL [39m[49m[22m [38;2;53;61;80m[[39mgo vet ./... && go test -count=1 ./... 2>&1 | tail -5[38;2;53;61;80m][39m
 [38;2;138;148;168m└ [39m [38;2;138;148;168mProcessing…[39m

[48;2;45;43;85m[38;2;228;204;255m [1m⌘ [22m[38;2;110;97;163mShell co[38;2;165;153;233mm[38;2;228;204;255mm[38;2;171;165;206ma[38;2;204;199;225mn[38;2;255;255;255md[38;2;234;218;255m [38;2;171;165;206ma[38;2;228;204;255ml[38;2;165;153;233ml[38;2;110;97;163mowed[38;2;228;204;255m [39m[49m [1m[38;2;138;148;168mesc[39m[22m [38;2;138;148;168mto interrupt[39m [38;2;138;148;168m•[39m [38;2;138;148;168m31s[39m [38;2;138;148;168m•[39m [38;2;138;148;168m↓[39m [38;2;138;148;168m13.1k[39m
 [38;2;138;148;168m ⎿  Tip: Use shift+tab to enable auto-accept[39m
[38;2;138;148;168m────────────────────────────────────────────────────────────────────────────────[39m
❯ [7mA[27m[38;2;138;148;168msk your question...[39m
[38;2;138;148;168m────────────────────────────────────────────────────────────────────────────────[39m
  [38;2;138;148;168m? for shortcuts · [38;2;2;136;142mtaste on[39m



[?2026l[?2026h[2K[1A[2K[1A[2K[1A[2K[1A[2K[1A[2K[1A[2K[1A[2K[1A[2K[1A[2K[1A[2K[1A[2K[1A[2K[G[1m[48;2;89;69;177m[38;2;244;244;244m SHELL [39m[49m[22m [38;2;53;61;80m[[39mgo vet ./... && go test -count=1 ./... 2>&1 | tail -5[38;2;53;61;80m][39m
 [38;2;138;148;168m└ [39m [38;2;138;148;168mProcessing…[39m

[48;2;45;43;85m[38;2;228;204;255m [1m⌘ [22m[38;2;110;97;163mShell com[38;2;165;153;233mm[38;2;228;204;255ma[38;2;171;165;206mn[38;2;204;199;225md[38;2;255;255;255m [38;2;234;218;255ma[38;2;171;165;206ml[38;2;228;204;255ml[38;2;165;153;233mo[38;2;110;97;163mwed[38;2;228;204;255m [39m[49m [1m[38;2;138;148;168mesc[39m[22m [38;2;138;148;168mto interrupt[39m [38;2;138;148;168m•[39m [38;2;138;148;168m31s[39m [38;2;138;148;168m•[39m [38;2;138;148;168m↓[39m [38;2;138;148;168m13.1k[39m
 [38;2;138;148;168m ⎿  Tip: Use shift+tab to enable auto-accept[39m
[38;2;138;148;168m────────────────────────────────────────────────────────────────────────────────[39m
❯ [7mA[27m[38;2;138;148;168msk your question...[39m
[38;2;138;148;168m────────────────────────────────────────────────────────────────────────────────[39m
  [38;2;138;148;168m? for shortcuts · [38;2;2;136;142mtaste on[39m



[?2026l[?2026h[2K[1A[2K[1A[2K[1A[2K[1A[2K[1A[2K[1A[2K[1A[2K[1A[2K[1A[2K[1A[2K[1A[2K[1A[2K[G[1m[48;2;89;69;177m[38;2;244;244;244m SHELL [39m[49m[22m [38;2;53;61;80m[[39mgo vet ./... && go test -count=1 ./... 2>&1 | tail -5[38;2;53;61;80m][39m
 [38;2;138;148;168m└ [39m [38;2;138;148;168mProcessing…[39m

[48;2;45;43;85m[38;2;228;204;255m [1m○ [22m[38;2;110;97;163mShell comm[38;2;165;153;233ma[38;2;228;204;255mn[38;2;171;165;206md[38;2;204;199;225m [38;2;255;255;255ma[38;2;234;218;255ml[38;2;171;165;206ml[38;2;228;204;255mo[38;2;165;153;233mw[38;2;110;97;163med[38;2;228;204;255m [39m[49m [1m[38;2;138;148;168mesc[39m[22m [38;2;138;148;168mto interrupt[39m [38;2;138;148;168m•[39m [38;2;138;148;168m31s[39m [38;2;138;148;168m•[39m [38;2;138;148;168m↓[39m [38;2;138;148;168m13.1k[39m
 [38;2;138;148;168m ⎿  Tip: Use shift+tab to enable auto-accept[39m
[38;2;138;148;168m────────────────────────────────────────────────────────────────────────────────[39m
❯ [7mA[27m[38;2;138;148;168msk your question...[39m
[38;2;138;148;168m────────────────────────────────────────────────────────────────────────────────[39m
  [38;2;138;148;168m? for shortcuts · [38;2;2;136;142mtaste on[39m



[?2026l[?2026h[2K[1A[2K[1A[2K[1A[2K[1A[2K[1A[2K[1A[2K[1A[2K[1A[2K[1A[2K[1A[2K[1A[2K[1A[2K[G[1m[48;2;89;69;177m[38;2;244;244;244m SHELL [39m[49m[22m [38;2;53;61;80m[[39mgo vet ./... && go test -count=1 ./... 2>&1 | tail -5[38;2;53;61;80m][39m
 [38;2;138;148;168m└ [39m [38;2;138;148;168mProcessing…[39m

[48;2;45;43;85m[38;2;228;204;255m [1m◇ [22m[38;2;110;97;163mShell comma[38;2;165;153;233mn[38;2;228;204;255md[38;2;171;165;206m [38;2;204;199;225ma[38;2;255;255;255ml[38;2;234;218;255ml[38;2;171;165;206mo[38;2;228;204;255mw[38;2;165;153;233me[38;2;110;97;163md[38;2;228;204;255m [39m[49m [1m[38;2;138;148;168mesc[39m[22m [38;2;138;148;168mto interrupt[39m [38;2;138;148;168m•[39m [38;2;138;148;168m31s[39m [38;2;138;148;168m•[39m [38;2;138;148;168m↓[39m [38;2;138;148;168m13.1k[39m
 [38;2;138;148;168m ⎿  Tip: Use shift+tab to enable auto-accept[39m
[38;2;138;148;168m────────────────────────────────────────────────────────────────────────────────[39m
❯ [7mA[27m[38;2;138;148;168msk your question...[39m
[38;2;138;148;168m────────────────────────────────────────────────────────────────────────────────[39m
  [38;2;138;148;168m? for shortcuts · [38;2;2;136;142mtaste on[39m



[?2026l[?2026h[2K[1A[2K[1A[2K[1A[2K[1A[2K[1A[2K[1A[2K[1A[2K[1A[2K[1A[2K[1A[2K[1A[2K[1A[2K[G[1m[48;2;89;69;177m[38;2;244;244;244m SHELL [39m[49m[22m [38;2;53;61;80m[[39mgo vet ./... && go test -count=1 ./... 2>&1 | tail -5[38;2;53;61;80m][39m
 [38;2;138;148;168m└ [39m [38;2;138;148;168mProcessing…[39m

[48;2;45;43;85m[38;2;228;204;255m [1m☆ [22m[38;2;110;97;163mShell comman[38;2;165;153;233md[38;2;228;204;255m [38;2;171;165;206ma[38;2;204;199;225ml[38;2;255;255;255ml[38;2;234;218;255mo[38;2;171;165;206mw[38;2;228;204;255me[38;2;165;153;233md[38;2;228;204;255m [39m[49m [1m[38;2;138;148;168mesc[39m[22m [38;2;138;148;168mto interrupt[39m [38;2;138;148;168m•[39m [38;2;138;148;168m31s[39m [38;2;138;148;168m•[39m [38;2;138;148;168m↓[39m [38;2;138;148;168m13.1k[39m
 [38;2;138;148;168m ⎿  Tip: Use shift+tab to enable auto-accept[39m
[38;2;138;148;168m────────────────────────────────────────────────────────────────────────────────[39m
❯ [7mA[27m[38;2;138;148;168msk your question...[39m
[38;2;138;148;168m────────────────────────────────────────────────────────────────────────────────[39m
  [38;2;138;148;168m? for shortcuts · [38;2;2;136;142mtaste on[39m



[?2026l[?2026h[2K[1A[2K[1A[2K[1A[2K[1A[2K[1A[2K[1A[2K[1A[2K[1A[2K[1A[2K[1A[2K[1A[2K[1A[2K[G[1m[48;2;89;69;177m[38;2;244;244;244m SHELL [39m[49m[22m [38;2;53;61;80m[[39mgo vet ./... && go test -count=1 ./... 2>&1 | tail -5[38;2;53;61;80m][39m
 [38;2;138;148;168m└ [39m [38;2;138;148;168mProcessing…[39m

[48;2;45;43;85m[38;2;228;204;255m [1m✧ [22m[38;2;110;97;163mShell command[38;2;165;153;233m [38;2;228;204;255ma[38;2;171;165;206ml[38;2;204;199;225ml[38;2;255;255;255mo[38;2;234;218;255mw[38;2;171;165;206me[38;2;228;204;255md [39m[49m [1m[38;2;138;148;168mesc[39m[22m [38;2;138;148;168mto interrupt[39m [38;2;138;148;168m•[39m [38;2;138;148;168m31s[39m [38;2;138;148;168m•[39m [38;2;138;148;168m↓[39m [38;2;138;148;168m13.1k[39m
 [38;2;138;148;168m ⎿  Tip: Use shift+tab to enable auto-accept[39m
[38;2;138;148;168m────────────────────────────────────────────────────────────────────────────────[39m
❯ [7mA[27m[38;2;138;148;168msk your question...[39m
[38;2;138;148;168m────────────────────────────────────────────────────────────────────────────────[39m
  [38;2;138;148;168m? for shortcuts · [38;2;2;136;142mtaste on[39m



[?2026l[?2026h[2K[1A[2K[1A[2K[1A[2K[1A[2K[1A[2K[1A[2K[1A[2K[1A[2K[1A[2K[1A[2K[1A[2K[1A[2K[G[1m[48;2;89;69;177m[38;2;244;244;244m SHELL [39m[49m[22m [38;2;53;61;80m[[39mgo vet ./... && go test -count=1 ./... 2>&1 | tail -5[38;2;53;61;80m][39m
 [38;2;138;148;168m└ [39m [38;2;138;148;168mProcessing…[39m

[48;2;45;43;85m[38;2;228;204;255m [1m☆ [22m[38;2;110;97;163mShell command [38;2;165;153;233ma[38;2;228;204;255ml[38;2;171;165;206ml[38;2;204;199;225mo[38;2;255;255;255mw[38;2;234;218;255me[38;2;171;165;206md[38;2;228;204;255m [39m[49m [1m[38;2;138;148;168mesc[39m[22m [38;2;138;148;168mto interrupt[39m [38;2;138;148;168m•[39m [38;2;138;148;168m31s[39m [38;2;138;148;168m•[39m [38;2;138;148;168m↓[39m [38;2;138;148;168m13.1k[39m
 [38;2;138;148;168m ⎿  Tip: Use shift+tab to enable auto-accept[39m
[38;2;138;148;168m────────────────────────────────────────────────────────────────────────────────[39m
❯ [7mA[27m[38;2;138;148;168msk your question...[39m
[38;2;138;148;168m────────────────────────────────────────────────────────────────────────────────[39m
  [38;2;138;148;168m? for shortcuts · [38;2;2;136;142mtaste on[39m



[?2026l[?2026h[2K[1A[2K[1A[2K[1A[2K[1A[2K[1A[2K[1A[2K[1A[2K[1A[2K[1A[2K[1A[2K[1A[2K[1A[2K[G[1m[48;2;89;69;177m[38;2;244;244;244m SHELL [39m[49m[22m [38;2;53;61;80m[[39mgo vet ./... && go test -count=1 ./... 2>&1 | tail -5[38;2;53;61;80m][39m
 [38;2;138;148;168m└ [39m [38;2;138;148;168mProcessing…[39m

[48;2;45;43;85m[38;2;228;204;255m [1m◇ [22m[38;2;110;97;163mShell command a[38;2;165;153;233ml[38;2;228;204;255ml[38;2;171;165;206mo[38;2;204;199;225mw[38;2;255;255;255me[38;2;234;218;255md[38;2;228;204;255m [39m[49m [1m[38;2;138;148;168mesc[39m[22m [38;2;138;148;168mto interrupt[39m [38;2;138;148;168m•[39m [38;2;138;148;168m31s[39m [38;2;138;148;168m•[39m [38;2;138;148;168m↓[39m [38;2;138;148;168m13.1k[39m
 [38;2;138;148;168m ⎿  Tip: Use shift+tab to enable auto-accept[39m
[38;2;138;148;168m────────────────────────────────────────────────────────────────────────────────[39m
❯ [7mA[27m[38;2;138;148;168msk your question...[39m
[38;2;138;148;168m────────────────────────────────────────────────────────────────────────────────[39m
  [38;2;138;148;168m? for shortcuts · [38;2;2;136;142mtaste on[39m



[?2026l[?2026h[2K[1A[2K[1A[2K[1A[2K[1A[2K[1A[2K[1A[2K[1A[2K[1A[2K[1A[2K[1A[2K[1A[2K[1A[2K[G[1m[48;2;89;69;177m[38;2;244;244;244m SHELL [39m[49m[22m [38;2;53;61;80m[[39mgo vet ./... && go test -count=1 ./... 2>&1 | tail -5[38;2;53;61;80m][39m
 [38;2;138;148;168m└ [39m [38;2;138;148;168mProcessing…[39m

[48;2;45;43;85m[38;2;228;204;255m [1m○ [22m[38;2;110;97;163mShell command al[38;2;165;153;233ml[38;2;228;204;255mo[38;2;171;165;206mw[38;2;204;199;225me[38;2;255;255;255md[38;2;228;204;255m [39m[49m [1m[38;2;138;148;168mesc[39m[22m [38;2;138;148;168mto interrupt[39m [38;2;138;148;168m•[39m [38;2;138;148;168m31s[39m [38;2;138;148;168m•[39m [38;2;138;148;168m↓[39m [38;2;138;148;168m13.1k[39m
 [38;2;138;148;168m ⎿  Tip: Use shift+tab to enable auto-accept[39m
[38;2;138;148;168m────────────────────────────────────────────────────────────────────────────────[39m
❯ [7mA[27m[38;2;138;148;168msk your question...[39m
[38;2;138;148;168m────────────────────────────────────────────────────────────────────────────────[39m
  [38;2;138;148;168m? for shortcuts · [38;2;2;136;142mtaste on[39m



[?2026l[?2026h[2K[1A[2K[1A[2K[1A[2K[1A[2K[1A[2K[1A[2K[1A[2K[1A[2K[1A[2K[1A[2K[1A[2K[1A[2K[G[1m[48;2;89;69;177m[38;2;244;244;244m SHELL [39m[49m[22m [38;2;53;61;80m[[39mgo vet ./... && go test -count=1 ./... 2>&1 | tail -5[38;2;53;61;80m][39m
 [38;2;138;148;168m└ [39m [38;2;138;148;168mProcessing…[39m

[48;2;45;43;85m[38;2;228;204;255m [1m· [22m[38;2;110;97;163mShell command all[38;2;165;153;233mo[38;2;228;204;255mw[38;2;171;165;206me[38;2;204;199;225md[38;2;228;204;255m [39m[49m [1m[38;2;138;148;168mesc[39m[22m [38;2;138;148;168mto interrupt[39m [38;2;138;148;168m•[39m [38;2;138;148;168m31s[39m [38;2;138;148;168m•[39m [38;2;138;148;168m↓[39m [38;2;138;148;168m13.1k[39m
 [38;2;138;148;168m ⎿  Tip: Use shift+tab to enable auto-accept[39m
[38;2;138;148;168m────────────────────────────────────────────────────────────────────────────────[39m
❯ [7mA[27m[38;2;138;148;168msk your question...[39m
[38;2;138;148;168m────────────────────────────────────────────────────────────────────────────────[39m
  [38;2;138;148;168m? for shortcuts · [38;2;2;136;142mtaste on[39m



[?2026l[?2026h[2K[1A[2K[1A[2K[1A[2K[1A[2K[1A[2K[1A[2K[1A[2K[1A[2K[1A[2K[1A[2K[1A[2K[1A[2K[G[1m[48;2;89;69;177m[38;2;244;244;244m SHELL [39m[49m[22m [38;2;53;61;80m[[39mgo vet ./... && go test -count=1 ./... 2>&1 | tail -5[38;2;53;61;80m][39m
 [38;2;138;148;168m└ [39m [38;2;138;148;168mProcessing…[39m

[48;2;45;43;85m[38;2;228;204;255m [1m· [22m[38;2;110;97;163mShell command allo[38;2;165;153;233mw[38;2;228;204;255me[38;2;171;165;206md[38;2;228;204;255m [39m[49m [1m[38;2;138;148;168mesc[39m[22m [38;2;138;148;168mto interrupt[39m [38;2;138;148;168m•[39m [38;2;138;148;168m31s[39m [38;2;138;148;168m•[39m [38;2;138;148;168m↓[39m [38;2;138;148;168m13.1k[39m
 [38;2;138;148;168m ⎿  Tip: Use shift+tab to enable auto-accept[39m
[38;2;138;148;168m────────────────────────────────────────────────────────────────────────────────[39m
❯ [7mA[27m[38;2;138;148;168msk your question...[39m
[38;2;138;148;168m────────────────────────────────────────────────────────────────────────────────[39m
  [38;2;138;148;168m? for shortcuts · [38;2;2;136;142mtaste on[39m



[?2026l[?2026h[2K[1A[2K[1A[2K[1A[2K[1A[2K[1A[2K[1A[2K[1A[2K[1A[2K[1A[2K[1A[2K[1A[2K[1A[2K[G[1m[48;2;89;69;177m[38;2;244;244;244m SHELL [39m[49m[22m [38;2;53;61;80m[[39mgo vet ./... && go test -count=1 ./... 2>&1 | tail -5[38;2;53;61;80m][39m
 [38;2;138;148;168m└ [39m [38;2;138;148;168mProcessing…[39m

[48;2;45;43;85m[38;2;228;204;255m [1m· [22m[38;2;110;97;163mShell command allow[38;2;165;153;233me[38;2;228;204;255md [39m[49m [1m[38;2;138;148;168mesc[39m[22m [38;2;138;148;168mto interrupt[39m [38;2;138;148;168m•[39m [38;2;138;148;168m31s[39m [38;2;138;148;168m•[39m [38;2;138;148;168m↓[39m [38;2;138;148;168m13.1k[39m
 [38;2;138;148;168m ⎿  Tip: Use shift+tab to enable auto-accept[39m
[38;2;138;148;168m────────────────────────────────────────────────────────────────────────────────[39m
❯ [7mA[27m[38;2;138;148;168msk your question...[39m
[38;2;138;148;168m────────────────────────────────────────────────────────────────────────────────[39m
  [38;2;138;148;168m? for shortcuts · [38;2;2;136;142mtaste on[39m



[?2026l[?2026h[2K[1A[2K[1A[2K[1A[2K[1A[2K[1A[2K[1A[2K[1A[2K[1A[2K[1A[2K[1A[2K[1A[2K[1A[2K[G[1m[48;2;89;69;177m[38;2;244;244;244m SHELL [39m[49m[22m [38;2;53;61;80m[[39mgo vet ./... && go test -count=1 ./... 2>&1 | tail -5[38;2;53;61;80m][39m
 [38;2;138;148;168m└ [39m [38;2;138;148;168mProcessing…[39m

[48;2;45;43;85m[38;2;228;204;255m [1m○ [22m[38;2;110;97;163mShell command allowe[38;2;165;153;233md[38;2;228;204;255m [39m[49m [1m[38;2;138;148;168mesc[39m[22m [38;2;138;148;168mto interrupt[39m [38;2;138;148;168m•[39m [38;2;138;148;168m32s[39m [38;2;138;148;168m•[39m [38;2;138;148;168m↓[39m [38;2;138;148;168m13.1k[39m
 [38;2;138;148;168m ⎿  Tip: Use shift+tab to enable auto-accept[39m
[38;2;138;148;168m────────────────────────────────────────────────────────────────────────────────[39m
❯ [7mA[27m[38;2;138;148;168msk your question...[39m
[38;2;138;148;168m────────────────────────────────────────────────────────────────────────────────[39m
  [38;2;138;148;168m? for shortcuts · [38;2;2;136;142mtaste on[39m



[?2026l[?2026h[2K[1A[2K[1A[2K[1A[2K[1A[2K[1A[2K[1A[2K[1A[2K[1A[2K[1A[2K[1A[2K[1A[2K[1A[2K[G[1m[48;2;89;69;177m[38;2;244;244;244m SHELL [39m[49m[22m [38;2;53;61;80m[[39mgo vet ./... && go test -count=1 ./... 2>&1 | tail -5[38;2;53;61;80m][39m
 [38;2;138;148;168m└ [39m [38;2;138;148;168mProcessing…[39m

[48;2;45;43;85m[38;2;228;204;255m [1m○ [22m[38;2;110;97;163mShell command allowed[38;2;228;204;255m [39m[49m [1m[38;2;138;148;168mesc[39m[22m [38;2;138;148;168mto interrupt[39m [38;2;138;148;168m•[39m [38;2;138;148;168m32s[39m [38;2;138;148;168m•[39m [38;2;138;148;168m↓[39m [38;2;138;148;168m13.1k[39m
 [38;2;138;148;168m ⎿  Tip: Use shift+tab to enable auto-accept[39m
[38;2;138;148;168m────────────────────────────────────────────────────────────────────────────────[39m
❯ [7mA[27m[38;2;138;148;168msk your question...[39m
[38;2;138;148;168m────────────────────────────────────────────────────────────────────────────────[39m
  [38;2;138;148;168m? for shortcuts · [38;2;2;136;142mtaste on[39m



[?2026l[?2026h[2K[1A[2K[1A[2K[1A[2K[1A[2K[1A[2K[1A[2K[1A[2K[1A[2K[1A[2K[1A[2K[1A[2K[1A[2K[G[1m[48;2;89;69;177m[38;2;244;244;244m SHELL [39m[49m[22m [38;2;53;61;80m[[39mgo vet ./... && go test -count=1 ./... 2>&1 | tail -5[38;2;53;61;80m][39m
 [38;2;138;148;168m└ [39m [38;2;138;148;168mProcessing…[39m

[48;2;45;43;85m[38;2;228;204;255m [1m◇ [22m[38;2;110;97;163mShell command allowed[38;2;228;204;255m [39m[49m [1m[38;2;138;148;168mesc[39m[22m [38;2;138;148;168mto interrupt[39m [38;2;138;148;168m•[39m [38;2;138;148;168m32s[39m [38;2;138;148;168m•[39m [38;2;138;148;168m↓[39m [38;2;138;148;168m13.1k[39m
 [38;2;138;148;168m ⎿  Tip: Use shift+tab to enable auto-accept[39m
[38;2;138;148;168m────────────────────────────────────────────────────────────────────────────────[39m
❯ [7mA[27m[38;2;138;148;168msk your question...[39m
[38;2;138;148;168m────────────────────────────────────────────────────────────────────────────────[39m
  [38;2;138;148;168m? for shortcuts · [38;2;2;136;142mtaste on[39m



[?2026l[?2026h[2K[1A[2K[1A[2K[1A[2K[1A[2K[1A[2K[1A[2K[1A[2K[1A[2K[1A[2K[1A[2K[1A[2K[1A[2K[G[1m[48;2;89;69;177m[38;2;244;244;244m SHELL [39m[49m[22m [38;2;53;61;80m[[39mgo vet ./... && go test -count=1 ./... 2>&1 | tail -5[38;2;53;61;80m][39m
 [38;2;138;148;168m└ [39m [38;2;138;148;168mProcessing…[39m

[48;2;45;43;85m[38;2;228;204;255m [1m☆ [22m[38;2;110;97;163mShell command allowed[38;2;228;204;255m [39m[49m [1m[38;2;138;148;168mesc[39m[22m [38;2;138;148;168mto interrupt[39m [38;2;138;148;168m•[39m [38;2;138;148;168m32s[39m [38;2;138;148;168m•[39m [38;2;138;148;168m↓[39m [38;2;138;148;168m13.1k[39m
 [38;2;138;148;168m ⎿  Tip: Use shift+tab to enable auto-accept[39m
[38;2;138;148;168m────────────────────────────────────────────────────────────────────────────────[39m
❯ [7mA[27m[38;2;138;148;168msk your question...[39m
[38;2;138;148;168m────────────────────────────────────────────────────────────────────────────────[39m
  [38;2;138;148;168m? for shortcuts · [38;2;2;136;142mtaste on[39m



[?2026l[?2026h[2K[1A[2K[1A[2K[1A[2K[1A[2K[1A[2K[1A[2K[1A[2K[1A[2K[1A[2K[1A[2K[1A[2K[1A[2K[G[1m[48;2;89;69;177m[38;2;244;244;244m SHELL [39m[49m[22m [38;2;53;61;80m[[39mgo vet ./... && go test -count=1 ./... 2>&1 | tail -5[38;2;53;61;80m][39m
 [38;2;138;148;168m└ [39m [38;2;138;148;168mProcessing…[39m

[48;2;45;43;85m[38;2;228;204;255m [1m✧ [22m[38;2;110;97;163mShell command allowed[38;2;228;204;255m [39m[49m [1m[38;2;138;148;168mesc[39m[22m [38;2;138;148;168mto interrupt[39m [38;2;138;148;168m•[39m [38;2;138;148;168m32s[39m [38;2;138;148;168m•[39m [38;2;138;148;168m↓[39m [38;2;138;148;168m13.1k[39m
 [38;2;138;148;168m ⎿  Tip: Use shift+tab to enable auto-accept[39m
[38;2;138;148;168m────────────────────────────────────────────────────────────────────────────────[39m
❯ [7mA[27m[38;2;138;148;168msk your question...[39m
[38;2;138;148;168m────────────────────────────────────────────────────────────────────────────────[39m
  [38;2;138;148;168m? for shortcuts · [38;2;2;136;142mtaste on[39m



[?2026l[?2026h[2K[1A[2K[1A[2K[1A[2K[1A[2K[1A[2K[1A[2K[1A[2K[1A[2K[1A[2K[1A[2K[1A[2K[1A[2K[G[1m[48;2;89;69;177m[38;2;244;244;244m SHELL [39m[49m[22m [38;2;53;61;80m[[39mgo vet ./... && go test -count=1 ./... 2>&1 | tail -5[38;2;53;61;80m][39m
 [38;2;138;148;168m└ [39m [38;2;138;148;168mProcessing…[39m

[48;2;45;43;85m[38;2;228;204;255m [1m☆ [22m[38;2;110;97;163mShell command allowed[38;2;228;204;255m [39m[49m [1m[38;2;138;148;168mesc[39m[22m [38;2;138;148;168mto interrupt[39m [38;2;138;148;168m•[39m [38;2;138;148;168m32s[39m [38;2;138;148;168m•[39m [38;2;138;148;168m↓[39m [38;2;138;148;168m13.1k[39m
 [38;2;138;148;168m ⎿  Tip: Use shift+tab to enable auto-accept[39m
[38;2;138;148;168m────────────────────────────────────────────────────────────────────────────────[39m
❯ [7mA[27m[38;2;138;148;168msk your question...[39m
[38;2;138;148;168m────────────────────────────────────────────────────────────────────────────────[39m
  [38;2;138;148;168m? for shortcuts · [38;2;2;136;142mtaste on[39m



[?2026l[?2026h[2K[1A[2K[1A[2K[1A[2K[1A[2K[1A[2K[1A[2K[1A[2K[1A[2K[1A[2K[1A[2K[1A[2K[1A[2K[G[1m[48;2;89;69;177m[38;2;244;244;244m SHELL [39m[49m[22m [38;2;53;61;80m[[39mgo vet ./... && go test -count=1 ./... 2>&1 | tail -5[38;2;53;61;80m][39m
 [38;2;138;148;168m└ [39m [38;2;138;148;168mProcessing…[39m

[48;2;45;43;85m[38;2;228;204;255m [1m◇ [22m[38;2;234;218;255mS[38;2;171;165;206mh[38;2;228;204;255me[38;2;165;153;233ml[38;2;110;97;163ml command allowed[38;2;228;204;255m [39m[49m [1m[38;2;138;148;168mesc[39m[22m [38;2;138;148;168mto interrupt[39m [38;2;138;148;168m•[39m [38;2;138;148;168m32s[39m [38;2;138;148;168m•[39m [38;2;138;148;168m↓[39m [38;2;138;148;168m13.1k[39m
 [38;2;138;148;168m ⎿  Tip: Use shift+tab to enable auto-accept[39m
[38;2;138;148;168m────────────────────────────────────────────────────────────────────────────────[39m
❯ [7mA[27m[38;2;138;148;168msk your question...[39m
[38;2;138;148;168m────────────────────────────────────────────────────────────────────────────────[39m
  [38;2;138;148;168m? for shortcuts · [38;2;2;136;142mtaste on[39m



[?2026l[?2026h[2K[1A[2K[1A[2K[1A[2K[1A[2K[1A[2K[1A[2K[1A[2K[1A[2K[1A[2K[1A[2K[1A[2K[1A[2K[G[1m[48;2;89;69;177m[38;2;244;244;244m SHELL [39m[49m[22m [38;2;53;61;80m[[39mgo vet ./... && go test -count=1 ./... 2>&1 | tail -5[38;2;53;61;80m][39m
 [38;2;138;148;168m│[39m ok  	orch	1.446s
 [38;2;138;148;168m└ [39m [38;2;138;148;168mProcessing…[39m

[48;2;45;43;85m[38;2;228;204;255m [1m◇ [22m[38;2;234;218;255mS[38;2;171;165;206mh[38;2;228;204;255me[38;2;165;153;233ml[38;2;110;97;163ml command allowed[38;2;228;204;255m [39m[49m [1m[38;2;138;148;168mesc[39m[22m [38;2;138;148;168mto interrupt[39m [38;2;138;148;168m•[39m [38;2;138;148;168m32s[39m [38;2;138;148;168m•[39m [38;2;138;148;168m↓[39m [38;2;138;148;168m13.1k[39m
 [38;2;138;148;168m ⎿  Tip: Use shift+tab to enable auto-accept[39m
[38;2;138;148;168m────────────────────────────────────────────────────────────────────────────────[39m
❯ [7mA[27m[38;2;138;148;168msk your question...[39m
[38;2;138;148;168m────────────────────────────────────────────────────────────────────────────────[39m
  [38;2;138;148;168m? for shortcuts · [38;2;2;136;142mtaste on[39m



[?2026l[?2026h[2K[1A[2K[1A[2K[1A[2K[1A[2K[1A[2K[1A[2K[1A[2K[1A[2K[1A[2K[1A[2K[1A[2K[1A[2K[1A[2K[G[1m[48;2;89;69;177m[38;2;244;244;244m SHELL [39m[49m[22m [38;2;53;61;80m[[39mgo vet ./... && go test -count=1 ./... 2>&1 | tail -5[38;2;53;61;80m][39m
 [38;2;138;148;168m└[39m ok  	orch	1.446s

[?2026h[48;2;45;43;85m[38;2;228;204;255m [1m◇ [22m[38;2;234;218;255mS[38;2;171;165;206mh[38;2;228;204;255me[38;2;165;153;233ml[38;2;110;97;163ml command allowed[38;2;228;204;255m [39m[49m [1m[38;2;138;148;168mesc[39m[22m [38;2;138;148;168mto interrupt[39m [38;2;138;148;168m•[39m [38;2;138;148;168m32s[39m [38;2;138;148;168m•[39m [38;2;138;148;168m↓[39m [38;2;138;148;168m13.1k[39m
 [38;2;138;148;168m ⎿  Tip: Use shift+tab to enable auto-accept[39m
[38;2;138;148;168m────────────────────────────────────────────────────────────────────────────────[39m
❯ [7mA[27m[38;2;138;148;168msk your question...[39m
[38;2;138;148;168m────────────────────────────────────────────────────────────────────────────────[39m
  [38;2;138;148;168m? for shortcuts · [38;2;2;136;142mtaste on[39m



[?2026l[?2026l[?2026h[2K[1A[2K[1A[2K[1A[2K[1A[2K[1A[2K[1A[2K[1A[2K[1A[2K[1A[2K[G[48;2;45;43;85m[38;2;228;204;255m [1m○ [22m[38;2;255;255;255mS[38;2;234;218;255mh[38;2;171;165;206me[38;2;228;204;255ml[38;2;165;153;233ml[38;2;110;97;163m command allowed[38;2;228;204;255m [39m[49m [1m[38;2;138;148;168mesc[39m[22m [38;2;138;148;168mto interrupt[39m [38;2;138;148;168m•[39m [38;2;138;148;168m32s[39m [38;2;138;148;168m•[39m [38;2;138;148;168m↓[39m [38;2;138;148;168m13.1k[39m
 [38;2;138;148;168m ⎿  Tip: Use shift+tab to enable auto-accept[39m
[38;2;138;148;168m────────────────────────────────────────────────────────────────────────────────[39m
❯ [7mA[27m[38;2;138;148;168msk your question...[39m
[38;2;138;148;168m────────────────────────────────────────────────────────────────────────────────[39m
  [38;2;138;148;168m? for shortcuts · [38;2;2;136;142mtaste on[39m



[?2026l[?2026h[2K[1A[2K[1A[2K[1A[2K[1A[2K[1A[2K[1A[2K[1A[2K[1A[2K[1A[2K[G[48;2;45;43;85m[38;2;228;204;255m [1m⌘ [22m[38;2;204;199;225mS[38;2;255;255;255mh[38;2;234;218;255me[38;2;171;165;206ml[38;2;228;204;255ml[38;2;165;153;233m [38;2;110;97;163mcommand allowed[38;2;228;204;255m [39m[49m [1m[38;2;138;148;168mesc[39m[22m [38;2;138;148;168mto interrupt[39m [38;2;138;148;168m•[39m [38;2;138;148;168m32s[39m [38;2;138;148;168m•[39m [38;2;138;148;168m↓[39m [38;2;138;148;168m13.1k[39m
 [38;2;138;148;168m ⎿  Tip: Use shift+tab to enable auto-accept[39m
[38;2;138;148;168m────────────────────────────────────────────────────────────────────────────────[39m
❯ [7mA[27m[38;2;138;148;168msk your question...[39m
[38;2;138;148;168m────────────────────────────────────────────────────────────────────────────────[39m
  [38;2;138;148;168m? for shortcuts · [38;2;2;136;142mtaste on[39m



[?2026l[?2026h[2K[1A[2K[1A[2K[1A[2K[1A[2K[1A[2K[1A[2K[1A[2K[1A[2K[1A[2K[G[48;2;45;43;85m[38;2;228;204;255m [1m⌘ [22m[38;2;171;165;206mS[38;2;204;199;225mh[38;2;255;255;255me[38;2;234;218;255ml[38;2;171;165;206ml[38;2;228;204;255m [38;2;165;153;233mc[38;2;110;97;163mommand allowed[38;2;228;204;255m [39m[49m [1m[38;2;138;148;168mesc[39m[22m [38;2;138;148;168mto interrupt[39m [38;2;138;148;168m•[39m [38;2;138;148;168m32s[39m [38;2;138;148;168m•[39m [38;2;138;148;168m↓[39m [38;2;138;148;168m13.1k[39m
 [38;2;138;148;168m ⎿  Tip: Use shift+tab to enable auto-accept[39m
[38;2;138;148;168m────────────────────────────────────────────────────────────────────────────────[39m
❯ [7mA[27m[38;2;138;148;168msk your question...[39m
[38;2;138;148;168m────────────────────────────────────────────────────────────────────────────────[39m
  [38;2;138;148;168m? for shortcuts · [38;2;2;136;142mtaste on[39m



[?2026l[?2026h[2K[1A[2K[1A[2K[1A[2K[1A[2K[1A[2K[1A[2K[1A[2K[1A[2K[1A[2K[G[48;2;45;43;85m[38;2;228;204;255m [1m⌘ [22mS[38;2;171;165;206mh[38;2;204;199;225me[38;2;255;255;255ml[38;2;234;218;255ml[38;2;171;165;206m [38;2;228;204;255mc[38;2;165;153;233mo[38;2;110;97;163mmmand allowed[38;2;228;204;255m [39m[49m [1m[38;2;138;148;168mesc[39m[22m [38;2;138;148;168mto interrupt[39m [38;2;138;148;168m•[39m [38;2;138;148;168m32s[39m [38;2;138;148;168m•[39m [38;2;138;148;168m↓[39m [38;2;138;148;168m13.1k[39m
 [38;2;138;148;168m ⎿  Tip: Use shift+tab to enable auto-accept[39m
[38;2;138;148;168m────────────────────────────────────────────────────────────────────────────────[39m
❯ [7mA[27m[38;2;138;148;168msk your question...[39m
[38;2;138;148;168m────────────────────────────────────────────────────────────────────────────────[39m
  [38;2;138;148;168m? for shortcuts · [38;2;2;136;142mtaste on[39m



[?2026l[?2026h[2K[1A[2K[1A[2K[1A[2K[1A[2K[1A[2K[1A[2K[1A[2K[1A[2K[1A[2K[G[48;2;45;43;85m[38;2;228;204;255m [1m⌘ [22m[38;2;165;153;233mS[38;2;228;204;255mh[38;2;171;165;206me[38;2;204;199;225ml[38;2;255;255;255ml[38;2;234;218;255m [38;2;171;165;206mc[38;2;228;204;255mo[38;2;165;153;233mm[38;2;110;97;163mmand allowed[38;2;228;204;255m [39m[49m [1m[38;2;138;148;168mesc[39m[22m [38;2;138;148;168mto interrupt[39m [38;2;138;148;168m•[39m [38;2;138;148;168m32s[39m [38;2;138;148;168m•[39m [38;2;138;148;168m↓[39m [38;2;138;148;168m13.1k[39m
 [38;2;138;148;168m ⎿  Tip: Use shift+tab to enable auto-accept[39m
[38;2;138;148;168m────────────────────────────────────────────────────────────────────────────────[39m
❯ [7mA[27m[38;2;138;148;168msk your question...[39m
[38;2;138;148;168m────────────────────────────────────────────────────────────────────────────────[39m
  [38;2;138;148;168m? for shortcuts · [38;2;2;136;142mtaste on[39m



[?2026l[?2026h[2K[1A[2K[1A[2K[1A[2K[1A[2K[1A[2K[1A[2K[1A[2K[1A[2K[1A[2K[G[48;2;45;43;85m[38;2;228;204;255m [1m○ [22m[38;2;110;97;163mS[38;2;165;153;233mh[38;2;228;204;255me[38;2;171;165;206ml[38;2;204;199;225ml[38;2;255;255;255m [38;2;234;218;255mc[38;2;171;165;206mo[38;2;228;204;255mm[38;2;165;153;233mm[38;2;110;97;163mand allowed[38;2;228;204;255m [39m[49m [1m[38;2;138;148;168mesc[39m[22m [38;2;138;148;168mto interrupt[39m [38;2;138;148;168m•[39m [38;2;138;148;168m32s[39m [38;2;138;148;168m•[39m [38;2;138;148;168m↓[39m [38;2;138;148;168m13.1k[39m
 [38;2;138;148;168m ⎿  Tip: Use shift+tab to enable auto-accept[39m
[38;2;138;148;168m────────────────────────────────────────────────────────────────────────────────[39m
❯ [7mA[27m[38;2;138;148;168msk your question...[39m
[38;2;138;148;168m────────────────────────────────────────────────────────────────────────────────[39m
  [38;2;138;148;168m? for shortcuts · [38;2;2;136;142mtaste on[39m



[?2026l[?2026h[2K[1A[2K[1A[2K[1A[2K[1A[2K[1A[2K[1A[2K[1A[2K[1A[2K[1A[2K[G[48;2;45;43;85m[38;2;228;204;255m [1m○ [22m[38;2;110;97;163mS[38;2;165;153;233mh[38;2;228;204;255me[38;2;171;165;206ml[38;2;204;199;225ml[38;2;255;255;255m [38;2;234;218;255mc[38;2;171;165;206mo[38;2;228;204;255mm[38;2;165;153;233mm[38;2;110;97;163mand allowed[38;2;228;204;255m [39m[49m [1m[38;2;138;148;168mesc[39m[22m [38;2;138;148;168mto interrupt[39m [38;2;138;148;168m•[39m [38;2;138;148;168m33s[39m [38;2;138;148;168m•[39m [38;2;138;148;168m↓[39m [38;2;138;148;168m13.1k[39m
 [38;2;138;148;168m ⎿  Tip: Use shift+tab to enable auto-accept[39m
[38;2;138;148;168m────────────────────────────────────────────────────────────────────────────────[39m
❯ [7mA[27m[38;2;138;148;168msk your question...[39m
[38;2;138;148;168m────────────────────────────────────────────────────────────────────────────────[39m
  [38;2;138;148;168m? for shortcuts · [38;2;2;136;142mtaste on[39m



[?2026l[?2026h[2K[1A[2K[1A[2K[1A[2K[1A[2K[1A[2K[1A[2K[1A[2K[1A[2K[1A[2K[G[48;2;45;43;85m[38;2;228;204;255m [1m◇ [22m[38;2;110;97;163mSh[38;2;165;153;233me[38;2;228;204;255ml[38;2;171;165;206ml[38;2;204;199;225m [38;2;255;255;255mc[38;2;234;218;255mo[38;2;171;165;206mm[38;2;228;204;255mm[38;2;165;153;233ma[38;2;110;97;163mnd allowed[38;2;228;204;255m [39m[49m [1m[38;2;138;148;168mesc[39m[22m [38;2;138;148;168mto interrupt[39m [38;2;138;148;168m•[39m [38;2;138;148;168m33s[39m [38;2;138;148;168m•[39m [38;2;138;148;168m↓[39m [38;2;138;148;168m13.1k[39m
 [38;2;138;148;168m ⎿  Tip: Use shift+tab to enable auto-accept[39m
[38;2;138;148;168m────────────────────────────────────────────────────────────────────────────────[39m
❯ [7mA[27m[38;2;138;148;168msk your question...[39m
[38;2;138;148;168m────────────────────────────────────────────────────────────────────────────────[39m
  [38;2;138;148;168m? for shortcuts · [38;2;2;136;142mtaste on[39m



[?2026l[?2026h[2K[1A[2K[1A[2K[1A[2K[1A[2K[1A[2K[1A[2K[1A[2K[1A[2K[1A[2K[G[48;2;45;43;85m[38;2;228;204;255m [1m☆ [22m[38;2;110;97;163mShe[38;2;165;153;233ml[38;2;228;204;255ml[38;2;171;165;206m [38;2;204;199;225mc[38;2;255;255;255mo[38;2;234;218;255mm[38;2;171;165;206mm[38;2;228;204;255ma[38;2;165;153;233mn[38;2;110;97;163md allowed[38;2;228;204;255m [39m[49m [1m[38;2;138;148;168mesc[39m[22m [38;2;138;148;168mto interrupt[39m [38;2;138;148;168m•[39m [38;2;138;148;168m33s[39m [38;2;138;148;168m•[39m [38;2;138;148;168m↓[39m [38;2;138;148;168m13.1k[39m
 [38;2;138;148;168m ⎿  Tip: Use shift+tab to enable auto-accept[39m
[38;2;138;148;168m────────────────────────────────────────────────────────────────────────────────[39m
❯ [7mA[27m[38;2;138;148;168msk your question...[39m
[38;2;138;148;168m────────────────────────────────────────────────────────────────────────────────[39m
  [38;2;138;148;168m? for shortcuts · [38;2;2;136;142mtaste on[39m



[?2026l[?2026h[2K[1A[2K[1A[2K[1A[2K[1A[2K[1A[2K[1A[2K[1A[2K[1A[2K[1A[2K[G[48;2;45;43;85m[38;2;228;204;255m [1m✧ [22m[38;2;110;97;163mShel[38;2;165;153;233ml[38;2;228;204;255m [38;2;171;165;206mc[38;2;204;199;225mo[38;2;255;255;255mm[38;2;234;218;255mm[38;2;171;165;206ma[38;2;228;204;255mn[38;2;165;153;233md[38;2;110;97;163m allowed[38;2;228;204;255m [39m[49m [1m[38;2;138;148;168mesc[39m[22m [38;2;138;148;168mto interrupt[39m [38;2;138;148;168m•[39m [38;2;138;148;168m33s[39m [38;2;138;148;168m•[39m [38;2;138;148;168m↓[39m [38;2;138;148;168m13.1k[39m
 [38;2;138;148;168m ⎿  Tip: Use shift+tab to enable auto-accept[39m
[38;2;138;148;168m────────────────────────────────────────────────────────────────────────────────[39m
❯ [7mA[27m[38;2;138;148;168msk your question...[39m
[38;2;138;148;168m────────────────────────────────────────────────────────────────────────────────[39m
  [38;2;138;148;168m? for shortcuts · [38;2;2;136;142mtaste on[39m



[?2026l[?2026h[2K[1A[2K[1A[2K[1A[2K[1A[2K[1A[2K[1A[2K[1A[2K[1A[2K[1A[2K[G[48;2;45;43;85m[38;2;228;204;255m [1m☆ [22m[38;2;110;97;163mShell[38;2;165;153;233m [38;2;228;204;255mc[38;2;171;165;206mo[38;2;204;199;225mm[38;2;255;255;255mm[38;2;234;218;255ma[38;2;171;165;206mn[38;2;228;204;255md[38;2;165;153;233m [38;2;110;97;163mallowed[38;2;228;204;255m [39m[49m [1m[38;2;138;148;168mesc[39m[22m [38;2;138;148;168mto interrupt[39m [38;2;138;148;168m•[39m [38;2;138;148;168m33s[39m [38;2;138;148;168m•[39m [38;2;138;148;168m↓[39m [38;2;138;148;168m13.1k[39m
 [38;2;138;148;168m ⎿  Tip: Use shift+tab to enable auto-accept[39m
[38;2;138;148;168m────────────────────────────────────────────────────────────────────────────────[39m
❯ [7mA[27m[38;2;138;148;168msk your question...[39m
[38;2;138;148;168m────────────────────────────────────────────────────────────────────────────────[39m
  [38;2;138;148;168m? for shortcuts · [38;2;2;136;142mtaste on[39m



[?2026l[?2026h[2K[1A[2K[1A[2K[1A[2K[1A[2K[1A[2K[1A[2K[1A[2K[1A[2K[1A[2K[G[48;2;45;43;85m[38;2;228;204;255m [1m◇ [22m[38;2;110;97;163mShell [38;2;165;153;233mc[38;2;228;204;255mo[38;2;171;165;206mm[38;2;204;199;225mm[38;2;255;255;255ma[38;2;234;218;255mn[38;2;171;165;206md[38;2;228;204;255m [38;2;165;153;233ma[38;2;110;97;163mllowed[38;2;228;204;255m [39m[49m [1m[38;2;138;148;168mesc[39m[22m [38;2;138;148;168mto interrupt[39m [38;2;138;148;168m•[39m [38;2;138;148;168m33s[39m [38;2;138;148;168m•[39m [38;2;138;148;168m↓[39m [38;2;138;148;168m13.1k[39m
 [38;2;138;148;168m ⎿  Tip: Use shift+tab to enable auto-accept[39m
[38;2;138;148;168m────────────────────────────────────────────────────────────────────────────────[39m
❯ [7mA[27m[38;2;138;148;168msk your question...[39m
[38;2;138;148;168m────────────────────────────────────────────────────────────────────────────────[39m
  [38;2;138;148;168m? for shortcuts · [38;2;2;136;142mtaste on[39m



[?2026l[?2026h[2K[1A[2K[1A[2K[1A[2K[1A[2K[1A[2K[1A[2K[1A[2K[1A[2K[1A[2K[G[48;2;45;43;85m[38;2;228;204;255m [1m○ [22m[38;2;110;97;163mShell c[38;2;165;153;233mo[38;2;228;204;255mm[38;2;171;165;206mm[38;2;204;199;225ma[38;2;255;255;255mn[38;2;234;218;255md[38;2;171;165;206m [38;2;228;204;255ma[38;2;165;153;233ml[38;2;110;97;163mlowed[38;2;228;204;255m [39m[49m [1m[38;2;138;148;168mesc[39m[22m [38;2;138;148;168mto interrupt[39m [38;2;138;148;168m•[39m [38;2;138;148;168m33s[39m [38;2;138;148;168m•[39m [38;2;138;148;168m↓[39m [38;2;138;148;168m13.1k[39m
 [38;2;138;148;168m ⎿  Tip: Use shift+tab to enable auto-accept[39m
[38;2;138;148;168m────────────────────────────────────────────────────────────────────────────────[39m
❯ [7mA[27m[38;2;138;148;168msk your question...[39m
[38;2;138;148;168m────────────────────────────────────────────────────────────────────────────────[39m
  [38;2;138;148;168m? for shortcuts · [38;2;2;136;142mtaste on[39m



[?2026l[?2026h[2K[1A[2K[1A[2K[1A[2K[1A[2K[1A[2K[1A[2K[1A[2K[1A[2K[1A[2K[G[48;2;45;43;85m[38;2;228;204;255m [1m· [22m[38;2;110;97;163mShell co[38;2;165;153;233mm[38;2;228;204;255mm[38;2;171;165;206ma[38;2;204;199;225mn[38;2;255;255;255md[38;2;234;218;255m [38;2;171;165;206ma[38;2;228;204;255ml[38;2;165;153;233ml[38;2;110;97;163mowed[38;2;228;204;255m [39m[49m [1m[38;2;138;148;168mesc[39m[22m [38;2;138;148;168mto interrupt[39m [38;2;138;148;168m•[39m [38;2;138;148;168m33s[39m [38;2;138;148;168m•[39m [38;2;138;148;168m↓[39m [38;2;138;148;168m13.1k[39m
 [38;2;138;148;168m ⎿  Tip: Use shift+tab to enable auto-accept[39m
[38;2;138;148;168m────────────────────────────────────────────────────────────────────────────────[39m
❯ [7mA[27m[38;2;138;148;168msk your question...[39m
[38;2;138;148;168m────────────────────────────────────────────────────────────────────────────────[39m
  [38;2;138;148;168m? for shortcuts · [38;2;2;136;142mtaste on[39m



[?2026l[?2026h[2K[1A[2K[1A[2K[1A[2K[1A[2K[1A[2K[1A[2K[1A[2K[1A[2K[1A[2K[G[48;2;45;43;85m[38;2;228;204;255m [1m· [22m[38;2;110;97;163mShell com[38;2;165;153;233mm[38;2;228;204;255ma[38;2;171;165;206mn[38;2;204;199;225md[38;2;255;255;255m [38;2;234;218;255ma[38;2;171;165;206ml[38;2;228;204;255ml[38;2;165;153;233mo[38;2;110;97;163mwed[38;2;228;204;255m [39m[49m [1m[38;2;138;148;168mesc[39m[22m [38;2;138;148;168mto interrupt[39m [38;2;138;148;168m•[39m [38;2;138;148;168m33s[39m [38;2;138;148;168m•[39m [38;2;138;148;168m↓[39m [38;2;138;148;168m13.1k[39m
 [38;2;138;148;168m ⎿  Tip: Use shift+tab to enable auto-accept[39m
[38;2;138;148;168m────────────────────────────────────────────────────────────────────────────────[39m
❯ [7mA[27m[38;2;138;148;168msk your question...[39m
[38;2;138;148;168m────────────────────────────────────────────────────────────────────────────────[39m
  [38;2;138;148;168m? for shortcuts · [38;2;2;136;142mtaste on[39m



[?2026l[?2026h[2K[1A[2K[1A[2K[1A[2K[1A[2K[1A[2K[1A[2K[1A[2K[1A[2K[1A[2K[G[48;2;45;43;85m[38;2;228;204;255m [1m· [22m[38;2;110;97;163mShell comm[38;2;165;153;233ma[38;2;228;204;255mn[38;2;171;165;206md[38;2;204;199;225m [38;2;255;255;255ma[38;2;234;218;255ml[38;2;171;165;206ml[38;2;228;204;255mo[38;2;165;153;233mw[38;2;110;97;163med[38;2;228;204;255m [39m[49m [1m[38;2;138;148;168mesc[39m[22m [38;2;138;148;168mto interrupt[39m [38;2;138;148;168m•[39m [38;2;138;148;168m33s[39m [38;2;138;148;168m•[39m [38;2;138;148;168m↓[39m [38;2;138;148;168m13.1k[39m
 [38;2;138;148;168m ⎿  Tip: Use shift+tab to enable auto-accept[39m
[38;2;138;148;168m────────────────────────────────────────────────────────────────────────────────[39m
❯ [7mA[27m[38;2;138;148;168msk your question...[39m
[38;2;138;148;168m────────────────────────────────────────────────────────────────────────────────[39m
  [38;2;138;148;168m? for shortcuts · [38;2;2;136;142mtaste on[39m



[?2026l[?2026h[2K[1A[2K[1A[2K[1A[2K[1A[2K[1A[2K[1A[2K[1A[2K[1A[2K[1A[2K[G[48;2;45;43;85m[38;2;228;204;255m [1m○ [22m[38;2;110;97;163mShell comma[38;2;165;153;233mn[38;2;228;204;255md[38;2;171;165;206m [38;2;204;199;225ma[38;2;255;255;255ml[38;2;234;218;255ml[38;2;171;165;206mo[38;2;228;204;255mw[38;2;165;153;233me[38;2;110;97;163md[38;2;228;204;255m [39m[49m [1m[38;2;138;148;168mesc[39m[22m [38;2;138;148;168mto interrupt[39m [38;2;138;148;168m•[39m [38;2;138;148;168m33s[39m [38;2;138;148;168m•[39m [38;2;138;148;168m↓[39m [38;2;138;148;168m13.1k[39m
 [38;2;138;148;168m ⎿  Tip: Use shift+tab to enable auto-accept[39m
[38;2;138;148;168m────────────────────────────────────────────────────────────────────────────────[39m
❯ [7mA[27m[38;2;138;148;168msk your question...[39m
[38;2;138;148;168m────────────────────────────────────────────────────────────────────────────────[39m
  [38;2;138;148;168m? for shortcuts · [38;2;2;136;142mtaste on[39m



[?2026l[?2026h[2K[1A[2K[1A[2K[1A[2K[1A[2K[1A[2K[1A[2K[1A[2K[1A[2K[1A[2K[G[48;2;45;43;85m[38;2;228;204;255m [1m○ [22m[38;2;110;97;163mShell comman[38;2;165;153;233md[38;2;228;204;255m [38;2;171;165;206ma[38;2;204;199;225ml[38;2;255;255;255ml[38;2;234;218;255mo[38;2;171;165;206mw[38;2;228;204;255me[38;2;165;153;233md[38;2;228;204;255m [39m[49m [1m[38;2;138;148;168mesc[39m[22m [38;2;138;148;168mto interrupt[39m [38;2;138;148;168m•[39m [38;2;138;148;168m33s[39m [38;2;138;148;168m•[39m [38;2;138;148;168m↓[39m [38;2;138;148;168m13.1k[39m
 [38;2;138;148;168m ⎿  Tip: Use shift+tab to enable auto-accept[39m
[38;2;138;148;168m────────────────────────────────────────────────────────────────────────────────[39m
❯ [7mA[27m[38;2;138;148;168msk your question...[39m
[38;2;138;148;168m────────────────────────────────────────────────────────────────────────────────[39m
  [38;2;138;148;168m? for shortcuts · [38;2;2;136;142mtaste on[39m



[?2026l[?2026h[2K[1A[2K[1A[2K[1A[2K[1A[2K[1A[2K[1A[2K[1A[2K[1A[2K[1A[2K[G[48;2;45;43;85m[38;2;228;204;255m [1m◇ [22m[38;2;110;97;163mShell command[38;2;165;153;233m [38;2;228;204;255ma[38;2;171;165;206ml[38;2;204;199;225ml[38;2;255;255;255mo[38;2;234;218;255mw[38;2;171;165;206me[38;2;228;204;255md [39m[49m [1m[38;2;138;148;168mesc[39m[22m [38;2;138;148;168mto interrupt[39m [38;2;138;148;168m•[39m [38;2;138;148;168m33s[39m [38;2;138;148;168m•[39m [38;2;138;148;168m↓[39m [38;2;138;148;168m13.1k[39m
 [38;2;138;148;168m ⎿  Tip: Use shift+tab to enable auto-accept[39m
[38;2;138;148;168m────────────────────────────────────────────────────────────────────────────────[39m
❯ [7mA[27m[38;2;138;148;168msk your question...[39m
[38;2;138;148;168m────────────────────────────────────────────────────────────────────────────────[39m
  [38;2;138;148;168m? for shortcuts · [38;2;2;136;142mtaste on[39m



[?2026l[?2026h[2K[1A[2K[1A[2K[1A[2K[1A[2K[1A[2K[1A[2K[1A[2K[1A[2K[1A[2K[G[48;2;45;43;85m[38;2;228;204;255m [1m☆ [22m[38;2;110;97;163mShell command [38;2;165;153;233ma[38;2;228;204;255ml[38;2;171;165;206ml[38;2;204;199;225mo[38;2;255;255;255mw[38;2;234;218;255me[38;2;171;165;206md[38;2;228;204;255m [39m[49m [1m[38;2;138;148;168mesc[39m[22m [38;2;138;148;168mto interrupt[39m [38;2;138;148;168m•[39m [38;2;138;148;168m34s[39m [38;2;138;148;168m•[39m [38;2;138;148;168m↓[39m [38;2;138;148;168m13.1k[39m
 [38;2;138;148;168m ⎿  Tip: Use shift+tab to enable auto-accept[39m
[38;2;138;148;168m────────────────────────────────────────────────────────────────────────────────[39m
❯ [7mA[27m[38;2;138;148;168msk your question...[39m
[38;2;138;148;168m────────────────────────────────────────────────────────────────────────────────[39m
  [38;2;138;148;168m? for shortcuts · [38;2;2;136;142mtaste on[39m



[?2026l[?2026h[2K[1A[2K[1A[2K[1A[2K[1A[2K[1A[2K[1A[2K[1A[2K[1A[2K[1A[2K[G[48;2;45;43;85m[38;2;228;204;255m [1m✧ [22m[38;2;110;97;163mShell command a[38;2;165;153;233ml[38;2;228;204;255ml[38;2;171;165;206mo[38;2;204;199;225mw[38;2;255;255;255me[38;2;234;218;255md[38;2;228;204;255m [39m[49m [1m[38;2;138;148;168mesc[39m[22m [38;2;138;148;168mto interrupt[39m [38;2;138;148;168m•[39m [38;2;138;148;168m34s[39m [38;2;138;148;168m•[39m [38;2;138;148;168m↓[39m [38;2;138;148;168m13.1k[39m
 [38;2;138;148;168m ⎿  Tip: Use shift+tab to enable auto-accept[39m
[38;2;138;148;168m────────────────────────────────────────────────────────────────────────────────[39m
❯ [7mA[27m[38;2;138;148;168msk your question...[39m
[38;2;138;148;168m────────────────────────────────────────────────────────────────────────────────[39m
  [38;2;138;148;168m? for shortcuts · [38;2;2;136;142mtaste on[39m



[?2026l[?2026h[2K[1A[2K[1A[2K[1A[2K[1A[2K[1A[2K[1A[2K[1A[2K[1A[2K[1A[2K[G[48;2;45;43;85m[38;2;228;204;255m [1m☆ [22m[38;2;110;97;163mShell command al[38;2;165;153;233ml[38;2;228;204;255mo[38;2;171;165;206mw[38;2;204;199;225me[38;2;255;255;255md[38;2;228;204;255m [39m[49m [1m[38;2;138;148;168mesc[39m[22m [38;2;138;148;168mto interrupt[39m [38;2;138;148;168m•[39m [38;2;138;148;168m34s[39m [38;2;138;148;168m•[39m [38;2;138;148;168m↓[39m [38;2;138;148;168m13.1k[39m
 [38;2;138;148;168m ⎿  Tip: Use shift+tab to enable auto-accept[39m
[38;2;138;148;168m────────────────────────────────────────────────────────────────────────────────[39m
❯ [7mA[27m[38;2;138;148;168msk your question...[39m
[38;2;138;148;168m────────────────────────────────────────────────────────────────────────────────[39m
  [38;2;138;148;168m? for shortcuts · [38;2;2;136;142mtaste on[39m



[?2026l[?2026h[2K[1A[2K[1A[2K[1A[2K[1A[2K[1A[2K[1A[2K[1A[2K[1A[2K[1A[2K[G[48;2;45;43;85m[38;2;228;204;255m [1m◇ [22m[38;2;110;97;163mShell command all[38;2;165;153;233mo[38;2;228;204;255mw[38;2;171;165;206me[38;2;204;199;225md[38;2;228;204;255m [39m[49m [1m[38;2;138;148;168mesc[39m[22m [38;2;138;148;168mto interrupt[39m [38;2;138;148;168m•[39m [38;2;138;148;168m34s[39m [38;2;138;148;168m•[39m [38;2;138;148;168m↓[39m [38;2;138;148;168m13.1k[39m
 [38;2;138;148;168m ⎿  Tip: Use shift+tab to enable auto-accept[39m
[38;2;138;148;168m────────────────────────────────────────────────────────────────────────────────[39m
❯ [7mA[27m[38;2;138;148;168msk your question...[39m
[38;2;138;148;168m────────────────────────────────────────────────────────────────────────────────[39m
  [38;2;138;148;168m? for shortcuts · [38;2;2;136;142mtaste on[39m



[?2026l[?2026h[2K[1A[2K[1A[2K[1A[2K[1A[2K[1A[2K[1A[2K[1A[2K[1A[2K[1A[2K[G[48;2;45;43;85m[38;2;228;204;255m [1m○ [22m[38;2;110;97;163mShell command allo[38;2;165;153;233mw[38;2;228;204;255me[38;2;171;165;206md[38;2;228;204;255m [39m[49m [1m[38;2;138;148;168mesc[39m[22m [38;2;138;148;168mto interrupt[39m [38;2;138;148;168m•[39m [38;2;138;148;168m34s[39m [38;2;138;148;168m•[39m [38;2;138;148;168m↓[39m [38;2;138;148;168m13.1k[39m
 [38;2;138;148;168m ⎿  Tip: Use shift+tab to enable auto-accept[39m
[38;2;138;148;168m────────────────────────────────────────────────────────────────────────────────[39m
❯ [7mA[27m[38;2;138;148;168msk your question...[39m
[38;2;138;148;168m────────────────────────────────────────────────────────────────────────────────[39m
  [38;2;138;148;168m? for shortcuts · [38;2;2;136;142mtaste on[39m



[?2026l]0;⌘ Command Code · orch-go · deepseek-v4-flash-(latest)]2;⌘ Command Code · orch-go · deepseek-v4-flash-(latest)[?2026h[2K[1A[2K[1A[2K[1A[2K[1A[2K[1A[2K[1A[2K[1A[2K[1A[2K[1A[2K[G[48;2;45;43;85m[38;2;228;204;255m [1m⌘ [22m[38;2;110;97;163mShell command allow[38;2;165;153;233me[38;2;228;204;255md [39m[49m [1m[38;2;138;148;168mesc[39m[22m [38;2;138;148;168mto interrupt[39m [38;2;138;148;168m•[39m [38;2;138;148;168m34s[39m [38;2;138;148;168m•[39m [38;2;138;148;168m↓[39m [38;2;138;148;168m13.1k[39m
 [38;2;138;148;168m ⎿  Tip: Use shift+tab to enable auto-accept[39m
[38;2;138;148;168m────────────────────────────────────────────────────────────────────────────────[39m
❯ [7mA[27m[38;2;138;148;168msk your question...[39m
[38;2;138;148;168m────────────────────────────────────────────────────────────────────────────────[39m
  [38;2;138;148;168m? for shortcuts · [38;2;2;136;142mtaste on[39m



[?2026l[?2026h[2K[1A[2K[1A[2K[1A[2K[1A[2K[1A[2K[1A[2K[1A[2K[1A[2K[1A[2K[G[48;2;45;43;85m[38;2;228;204;255m [1m⌘ [22m[38;2;110;97;163mShell command allowe[38;2;165;153;233md[38;2;228;204;255m [39m[49m [1m[38;2;138;148;168mesc[39m[22m [38;2;138;148;168mto interrupt[39m [38;2;138;148;168m•[39m [38;2;138;148;168m34s[39m [38;2;138;148;168m•[39m [38;2;138;148;168m↓[39m [38;2;138;148;168m13.1k[39m
 [38;2;138;148;168m ⎿  Tip: Use shift+tab to enable auto-accept[39m
[38;2;138;148;168m────────────────────────────────────────────────────────────────────────────────[39m
❯ [7mA[27m[38;2;138;148;168msk your question...[39m
[38;2;138;148;168m────────────────────────────────────────────────────────────────────────────────[39m
  [38;2;138;148;168m? for shortcuts · [38;2;2;136;142mtaste on[39m



[?2026l[?2026h[2K[1A[2K[1A[2K[1A[2K[1A[2K[1A[2K[1A[2K[1A[2K[1A[2K[1A[2K[G[48;2;45;43;85m[38;2;228;204;255m [1m⌘ [22m[38;2;110;97;163mShell command allowed[38;2;228;204;255m [39m[49m [1m[38;2;138;148;168mesc[39m[22m [38;2;138;148;168mto interrupt[39m [38;2;138;148;168m•[39m [38;2;138;148;168m34s[39m [38;2;138;148;168m•[39m [38;2;138;148;168m↓[39m [38;2;138;148;168m13.1k[39m
 [38;2;138;148;168m ⎿  Tip: Use shift+tab to enable auto-accept[39m
[38;2;138;148;168m────────────────────────────────────────────────────────────────────────────────[39m
❯ [7mA[27m[38;2;138;148;168msk your question...[39m
[38;2;138;148;168m────────────────────────────────────────────────────────────────────────────────[39m
  [38;2;138;148;168m? for shortcuts · [38;2;2;136;142mtaste on[39m



[?2026l[?2026h[2K[1A[2K[1A[2K[1A[2K[1A[2K[1A[2K[1A[2K[1A[2K[1A[2K[1A[2K[G[48;2;45;43;85m[38;2;228;204;255m [1m⌘ [22m[38;2;110;97;163mPolishing…[38;2;228;204;255m [39m[49m [1m[38;2;138;148;168mesc[39m[22m [38;2;138;148;168mto interrupt[39m [38;2;138;148;168m•[39m [38;2;138;148;168m34s[39m [38;2;138;148;168m•[39m [38;2;138;148;168m↓[39m [38;2;138;148;168m13.1k[39m
 [38;2;138;148;168m ⎿  Tip: Use shift+tab to enable auto-accept[39m
[38;2;138;148;168m────────────────────────────────────────────────────────────────────────────────[39m
❯ [7mA[27m[38;2;138;148;168msk your question...[39m
[38;2;138;148;168m────────────────────────────────────────────────────────────────────────────────[39m
  [38;2;138;148;168m? for shortcuts · [38;2;2;136;142mtaste on[39m



[?2026l[?2026h[2K[1A[2K[1A[2K[1A[2K[1A[2K[1A[2K[1A[2K[1A[2K[1A[2K[1A[2K[G[48;2;45;43;85m[38;2;228;204;255m [1m○ [22m[38;2;110;97;163mPolishing…[38;2;228;204;255m [39m[49m [1m[38;2;138;148;168mesc[39m[22m [38;2;138;148;168mto interrupt[39m [38;2;138;148;168m•[39m [38;2;138;148;168m34s[39m [38;2;138;148;168m•[39m [38;2;138;148;168m↓[39m [38;2;138;148;168m13.1k[39m
 [38;2;138;148;168m ⎿  Tip: Use shift+tab to enable auto-accept[39m
[38;2;138;148;168m────────────────────────────────────────────────────────────────────────────────[39m
❯ [7mA[27m[38;2;138;148;168msk your question...[39m
[38;2;138;148;168m────────────────────────────────────────────────────────────────────────────────[39m
  [38;2;138;148;168m? for shortcuts · [38;2;2;136;142mtaste on[39m



[?2026l[?2026h[2K[1A[2K[1A[2K[1A[2K[1A[2K[1A[2K[1A[2K[1A[2K[1A[2K[1A[2K[G[48;2;45;43;85m[38;2;228;204;255m [1m◇ [22m[38;2;234;218;255mP[38;2;171;165;206mo[38;2;228;204;255ml[38;2;165;153;233mi[38;2;110;97;163mshing…[38;2;228;204;255m [39m[49m [1m[38;2;138;148;168mesc[39m[22m [38;2;138;148;168mto interrupt[39m [38;2;138;148;168m•[39m [38;2;138;148;168m34s[39m [38;2;138;148;168m•[39m [38;2;138;148;168m↓[39m [38;2;138;148;168m13.1k[39m
 [38;2;138;148;168m ⎿  Tip: Use shift+tab to enable auto-accept[39m
[38;2;138;148;168m────────────────────────────────────────────────────────────────────────────────[39m
❯ [7mA[27m[38;2;138;148;168msk your question...[39m
[38;2;138;148;168m────────────────────────────────────────────────────────────────────────────────[39m
  [38;2;138;148;168m? for shortcuts · [38;2;2;136;142mtaste on[39m



[?2026l[?2026h[2K[1A[2K[1A[2K[1A[2K[1A[2K[1A[2K[1A[2K[1A[2K[1A[2K[1A[2K[G[48;2;45;43;85m[38;2;228;204;255m [1m☆ [22m[38;2;255;255;255mP[38;2;234;218;255mo[38;2;171;165;206ml[38;2;228;204;255mi[38;2;165;153;233ms[38;2;110;97;163mhing…[38;2;228;204;255m [39m[49m [1m[38;2;138;148;168mesc[39m[22m [38;2;138;148;168mto interrupt[39m [38;2;138;148;168m•[39m [38;2;138;148;168m34s[39m [38;2;138;148;168m•[39m [38;2;138;148;168m↓[39m [38;2;138;148;168m13.1k[39m
 [38;2;138;148;168m ⎿  Tip: Use shift+tab to enable auto-accept[39m
[38;2;138;148;168m────────────────────────────────────────────────────────────────────────────────[39m
❯ [7mA[27m[38;2;138;148;168msk your question...[39m
[38;2;138;148;168m────────────────────────────────────────────────────────────────────────────────[39m
  [38;2;138;148;168m? for shortcuts · [38;2;2;136;142mtaste on[39m



[?2026l[?2026h[2K[1A[2K[1A[2K[1A[2K[1A[2K[1A[2K[1A[2K[1A[2K[1A[2K[1A[2K[G[48;2;45;43;85m[38;2;228;204;255m [1m☆ [22m[38;2;255;255;255mP[38;2;234;218;255mo[38;2;171;165;206ml[38;2;228;204;255mi[38;2;165;153;233ms[38;2;110;97;163mhing…[38;2;228;204;255m [39m[49m [1m[38;2;138;148;168mesc[39m[22m [38;2;138;148;168mto interrupt[39m [38;2;138;148;168m•[39m [38;2;138;148;168m34s[39m [38;2;138;148;168m•[39m [38;2;138;148;168m↓[39m [38;2;138;148;168m13.1k[39m
[38;2;138;148;168m────────────────────────────────────────────────────────────────────────────────[39m
❯ [7mA[27m[38;2;138;148;168msk your question...[39m
[38;2;138;148;168m────────────────────────────────────────────────────────────────────────────────[39m
  [38;2;138;148;168m? for shortcuts · [38;2;2;136;142mtaste on[39m



[?2026l[?2026h[2K[1A[2K[1A[2K[1A[2K[1A[2K[1A[2K[1A[2K[1A[2K[1A[2K[G[48;2;45;43;85m[38;2;228;204;255m [1m✧ [22m[38;2;204;199;225mP[38;2;255;255;255mo[38;2;234;218;255ml[38;2;171;165;206mi[38;2;228;204;255ms[38;2;165;153;233mh[38;2;110;97;163ming…[38;2;228;204;255m [39m[49m [1m[38;2;138;148;168mesc[39m[22m [38;2;138;148;168mto interrupt[39m [38;2;138;148;168m•[39m [38;2;138;148;168m35s[39m [38;2;138;148;168m•[39m [38;2;138;148;168m↓[39m [38;2;138;148;168m13.1k[39m
[38;2;138;148;168m────────────────────────────────────────────────────────────────────────────────[39m
❯ [7mA[27m[38;2;138;148;168msk your question...[39m
[38;2;138;148;168m────────────────────────────────────────────────────────────────────────────────[39m
  [38;2;138;148;168m? for shortcuts · [38;2;2;136;142mtaste on[39m



[?2026l[?2026h[2K[1A[2K[1A[2K[1A[2K[1A[2K[1A[2K[1A[2K[1A[2K[1A[2K[G[48;2;45;43;85m[38;2;228;204;255m [1m☆ [22m[38;2;171;165;206mP[38;2;204;199;225mo[38;2;255;255;255ml[38;2;234;218;255mi[38;2;171;165;206ms[38;2;228;204;255mh[38;2;165;153;233mi[38;2;110;97;163mng…[38;2;228;204;255m [39m[49m [1m[38;2;138;148;168mesc[39m[22m [38;2;138;148;168mto interrupt[39m [38;2;138;148;168m•[39m [38;2;138;148;168m35s[39m [38;2;138;148;168m•[39m [38;2;138;148;168m↓[39m [38;2;138;148;168m13.1k[39m
[38;2;138;148;168m────────────────────────────────────────────────────────────────────────────────[39m
❯ [7mA[27m[38;2;138;148;168msk your question...[39m
[38;2;138;148;168m────────────────────────────────────────────────────────────────────────────────[39m
  [38;2;138;148;168m? for shortcuts · [38;2;2;136;142mtaste on[39m



[?2026l[?2026h[2K[1A[2K[1A[2K[1A[2K[1A[2K[1A[2K[1A[2K[1A[2K[1A[2K[G[48;2;45;43;85m[38;2;228;204;255m [1m◇ [22mP[38;2;171;165;206mo[38;2;204;199;225ml[38;2;255;255;255mi[38;2;234;218;255ms[38;2;171;165;206mh[38;2;228;204;255mi[38;2;165;153;233mn[38;2;110;97;163mg…[38;2;228;204;255m [39m[49m [1m[38;2;138;148;168mesc[39m[22m [38;2;138;148;168mto interrupt[39m [38;2;138;148;168m•[39m [38;2;138;148;168m35s[39m [38;2;138;148;168m•[39m [38;2;138;148;168m↓[39m [38;2;138;148;168m13.1k[39m
[38;2;138;148;168m────────────────────────────────────────────────────────────────────────────────[39m
❯ [7mA[27m[38;2;138;148;168msk your question...[39m
[38;2;138;148;168m────────────────────────────────────────────────────────────────────────────────[39m
  [38;2;138;148;168m? for shortcuts · [38;2;2;136;142mtaste on[39m



[?2026l[?2026h[2K[1A[2K[1A[2K[1A[2K[1A[2K[1A[2K[1A[2K[1A[2K[1A[2K[G[48;2;45;43;85m[38;2;228;204;255m [1m○ [22m[38;2;165;153;233mP[38;2;228;204;255mo[38;2;171;165;206ml[38;2;204;199;225mi[38;2;255;255;255ms[38;2;234;218;255mh[38;2;171;165;206mi[38;2;228;204;255mn[38;2;165;153;233mg[38;2;110;97;163m…[38;2;228;204;255m [39m[49m [1m[38;2;138;148;168mesc[39m[22m [38;2;138;148;168mto interrupt[39m [38;2;138;148;168m•[39m [38;2;138;148;168m35s[39m [38;2;138;148;168m•[39m [38;2;138;148;168m↓[39m [38;2;138;148;168m13.1k[39m
[38;2;138;148;168m────────────────────────────────────────────────────────────────────────────────[39m
❯ [7mA[27m[38;2;138;148;168msk your question...[39m
[38;2;138;148;168m────────────────────────────────────────────────────────────────────────────────[39m
  [38;2;138;148;168m? for shortcuts · [38;2;2;136;142mtaste on[39m



[?2026l[?2026h[2K[1A[2K[1A[2K[1A[2K[1A[2K[1A[2K[1A[2K[1A[2K[1A[2K[G[48;2;45;43;85m[38;2;228;204;255m [1m· [22m[38;2;110;97;163mP[38;2;165;153;233mo[38;2;228;204;255ml[38;2;171;165;206mi[38;2;204;199;225ms[38;2;255;255;255mh[38;2;234;218;255mi[38;2;171;165;206mn[38;2;228;204;255mg[38;2;165;153;233m…[38;2;228;204;255m [39m[49m [1m[38;2;138;148;168mesc[39m[22m [38;2;138;148;168mto interrupt[39m [38;2;138;148;168m•[39m [38;2;138;148;168m35s[39m [38;2;138;148;168m•[39m [38;2;138;148;168m↓[39m [38;2;138;148;168m13.1k[39m
[38;2;138;148;168m────────────────────────────────────────────────────────────────────────────────[39m
❯ [7mA[27m[38;2;138;148;168msk your question...[39m
[38;2;138;148;168m────────────────────────────────────────────────────────────────────────────────[39m
  [38;2;138;148;168m? for shortcuts · [38;2;2;136;142mtaste on[39m



[?2026l[?2026h[2K[1A[2K[1A[2K[1A[2K[1A[2K[1A[2K[1A[2K[1A[2K[1A[2K[G[48;2;45;43;85m[38;2;228;204;255m [1m· [22m[38;2;110;97;163mPo[38;2;165;153;233ml[38;2;228;204;255mi[38;2;171;165;206ms[38;2;204;199;225mh[38;2;255;255;255mi[38;2;234;218;255mn[38;2;171;165;206mg[38;2;228;204;255m… [39m[49m [1m[38;2;138;148;168mesc[39m[22m [38;2;138;148;168mto interrupt[39m [38;2;138;148;168m•[39m [38;2;138;148;168m35s[39m [38;2;138;148;168m•[39m [38;2;138;148;168m↓[39m [38;2;138;148;168m13.1k[39m
[38;2;138;148;168m────────────────────────────────────────────────────────────────────────────────[39m
❯ [7mA[27m[38;2;138;148;168msk your question...[39m
[38;2;138;148;168m────────────────────────────────────────────────────────────────────────────────[39m
  [38;2;138;148;168m? for shortcuts · [38;2;2;136;142mtaste on[39m



[?2026l[?2026h[2K[1A[2K[1A[2K[1A[2K[1A[2K[1A[2K[1A[2K[1A[2K[1A[2K[G[48;2;45;43;85m[38;2;228;204;255m [1m· [22m[38;2;110;97;163mPol[38;2;165;153;233mi[38;2;228;204;255ms[38;2;171;165;206mh[38;2;204;199;225mi[38;2;255;255;255mn[38;2;234;218;255mg[38;2;171;165;206m…[38;2;228;204;255m [39m[49m [1m[38;2;138;148;168mesc[39m[22m [38;2;138;148;168mto interrupt[39m [38;2;138;148;168m•[39m [38;2;138;148;168m35s[39m [38;2;138;148;168m•[39m [38;2;138;148;168m↓[39m [38;2;138;148;168m13.1k[39m
[38;2;138;148;168m────────────────────────────────────────────────────────────────────────────────[39m
❯ [7mA[27m[38;2;138;148;168msk your question...[39m
[38;2;138;148;168m────────────────────────────────────────────────────────────────────────────────[39m
  [38;2;138;148;168m? for shortcuts · [38;2;2;136;142mtaste on[39m



[?2026l[?2026h[2K[1A[2K[1A[2K[1A[2K[1A[2K[1A[2K[1A[2K[1A[2K[1A[2K[G[48;2;45;43;85m[38;2;228;204;255m [1m○ [22m[38;2;110;97;163mPoli[38;2;165;153;233ms[38;2;228;204;255mh[38;2;171;165;206mi[38;2;204;199;225mn[38;2;255;255;255mg[38;2;234;218;255m…[38;2;228;204;255m [39m[49m [1m[38;2;138;148;168mesc[39m[22m [38;2;138;148;168mto interrupt[39m [38;2;138;148;168m•[39m [38;2;138;148;168m35s[39m [38;2;138;148;168m•[39m [38;2;138;148;168m↓[39m [38;2;138;148;168m13.1k[39m
[38;2;138;148;168m────────────────────────────────────────────────────────────────────────────────[39m
❯ [7mA[27m[38;2;138;148;168msk your question...[39m
[38;2;138;148;168m────────────────────────────────────────────────────────────────────────────────[39m
  [38;2;138;148;168m? for shortcuts · [38;2;2;136;142mtaste on[39m



[?2026l[?2026h[2K[1A[2K[1A[2K[1A[2K[1A[2K[1A[2K[1A[2K[1A[2K[1A[2K[G[38;2;228;204;255m✻ Thinking… (1 line) [38;2;53;61;80m[[38;2;138;148;168mctrl+o to expand[38;2;53;61;80m][39m

[48;2;45;43;85m[38;2;228;204;255m [1m○ [22m[38;2;110;97;163mPoli[38;2;165;153;233ms[38;2;228;204;255mh[38;2;171;165;206mi[38;2;204;199;225mn[38;2;255;255;255mg[38;2;234;218;255m…[38;2;228;204;255m [39m[49m [1m[38;2;138;148;168mesc[39m[22m [38;2;138;148;168mto interrupt[39m [38;2;138;148;168m•[39m [38;2;138;148;168m35s[39m [38;2;138;148;168m•[39m [38;2;138;148;168m↓[39m [38;2;138;148;168m13.1k[39m
[38;2;138;148;168m────────────────────────────────────────────────────────────────────────────────[39m
❯ [7mA[27m[38;2;138;148;168msk your question...[39m
[38;2;138;148;168m────────────────────────────────────────────────────────────────────────────────[39m
  [38;2;138;148;168m? for shortcuts · [38;2;2;136;142mtaste on[39m



[?2026l[?2026h[2K[1A[2K[1A[2K[1A[2K[1A[2K[1A[2K[1A[2K[1A[2K[1A[2K[1A[2K[1A[2K[G[38;2;228;204;255m✻ Thinking… (7 lines) [38;2;53;61;80m[[38;2;138;148;168mctrl+o to expand[38;2;53;61;80m][39m

[48;2;45;43;85m[38;2;228;204;255m [1m○ [22m[38;2;110;97;163mPolis[38;2;165;153;233mh[38;2;228;204;255mi[38;2;171;165;206mn[38;2;204;199;225mg[38;2;255;255;255m…[38;2;228;204;255m [39m[49m [1m[38;2;138;148;168mesc[39m[22m [38;2;138;148;168mto interrupt[39m [38;2;138;148;168m•[39m [38;2;138;148;168m35s[39m [38;2;138;148;168m•[39m [38;2;138;148;168m↓[39m [38;2;138;148;168m13.1k[39m
[38;2;138;148;168m────────────────────────────────────────────────────────────────────────────────[39m
❯ [7mA[27m[38;2;138;148;168msk your question...[39m
[38;2;138;148;168m────────────────────────────────────────────────────────────────────────────────[39m
  [38;2;138;148;168m? for shortcuts · [38;2;2;136;142mtaste on[39m



[?2026l[?2026h[2K[1A[2K[1A[2K[1A[2K[1A[2K[1A[2K[1A[2K[1A[2K[1A[2K[1A[2K[1A[2K[G[38;2;228;204;255m✻ Thinking… (7 lines) [38;2;53;61;80m[[38;2;138;148;168mctrl+o to expand[38;2;53;61;80m][39m

[48;2;45;43;85m[38;2;228;204;255m [1m◇ [22m[38;2;110;97;163mPolish[38;2;165;153;233mi[38;2;228;204;255mn[38;2;171;165;206mg[38;2;204;199;225m…[38;2;228;204;255m [39m[49m [1m[38;2;138;148;168mesc[39m[22m [38;2;138;148;168mto interrupt[39m [38;2;138;148;168m•[39m [38;2;138;148;168m35s[39m [38;2;138;148;168m•[39m [38;2;138;148;168m↓[39m [38;2;138;148;168m13.1k[39m
[38;2;138;148;168m────────────────────────────────────────────────────────────────────────────────[39m
❯ [7mA[27m[38;2;138;148;168msk your question...[39m
[38;2;138;148;168m────────────────────────────────────────────────────────────────────────────────[39m
  [38;2;138;148;168m? for shortcuts · [38;2;2;136;142mtaste on[39m



[?2026l[?2026h[2K[1A[2K[1A[2K[1A[2K[1A[2K[1A[2K[1A[2K[1A[2K[1A[2K[1A[2K[1A[2K[G[38;2;228;204;255m✻ Thought for 1 second [38;2;53;61;80m[[38;2;138;148;168mctrl+o to expand[38;2;53;61;80m][39m

[?2026h[38;2;165;153;233m⠶[39m Everything verifies. Writing the review.

[48;2;45;43;85m[38;2;228;204;255m [1m◇ [22m[38;2;110;97;163mPolish[38;2;165;153;233mi[38;2;228;204;255mn[38;2;171;165;206mg[38;2;204;199;225m…[38;2;228;204;255m [39m[49m [1m[38;2;138;148;168mesc[39m[22m [38;2;138;148;168mto interrupt[39m [38;2;138;148;168m•[39m [38;2;138;148;168m35s[39m [38;2;138;148;168m•[39m [38;2;138;148;168m↓[39m [38;2;138;148;168m13.1k[39m
[38;2;138;148;168m────────────────────────────────────────────────────────────────────────────────[39m
❯ [7mA[27m[38;2;138;148;168msk your question...[39m
[38;2;138;148;168m────────────────────────────────────────────────────────────────────────────────[39m
  [38;2;138;148;168m? for shortcuts · [38;2;2;136;142mtaste on[39m



[?2026l[?2026l[?2026h[2K[1A[2K[1A[2K[1A[2K[1A[2K[1A[2K[1A[2K[1A[2K[1A[2K[1A[2K[1A[2K[G[38;2;165;153;233m⠶[39m Everything verifies. Writing the review.

[48;2;45;43;85m[38;2;228;204;255m [1m☆ [22m[38;2;110;97;163mPolishi[38;2;165;153;233mn[38;2;228;204;255mg[38;2;171;165;206m…[38;2;228;204;255m [39m[49m [1m[38;2;138;148;168mesc[39m[22m [38;2;138;148;168mto interrupt[39m [38;2;138;148;168m•[39m [38;2;138;148;168m35s[39m [38;2;138;148;168m•[39m [38;2;138;148;168m↓[39m [38;2;138;148;168m13.1k[39m
[38;2;138;148;168m────────────────────────────────────────────────────────────────────────────────[39m
❯ [7mA[27m[38;2;138;148;168msk your question...[39m
[38;2;138;148;168m────────────────────────────────────────────────────────────────────────────────[39m
  [38;2;138;148;168m? for shortcuts · [38;2;2;136;142mtaste on[39m



[?2026l[?2026h[2K[1A[2K[1A[2K[1A[2K[1A[2K[1A[2K[1A[2K[1A[2K[1A[2K[1A[2K[1A[2K[G[38;2;165;153;233m⠶[39m Everything verifies. Writing the review.

[48;2;45;43;85m[38;2;228;204;255m [1m✧ [22m[38;2;110;97;163mPolishin[38;2;165;153;233mg[38;2;228;204;255m… [39m[49m [1m[38;2;138;148;168mesc[39m[22m [38;2;138;148;168mto interrupt[39m [38;2;138;148;168m•[39m [38;2;138;148;168m35s[39m [38;2;138;148;168m•[39m [38;2;138;148;168m↓[39m [38;2;138;148;168m13.1k[39m
[38;2;138;148;168m────────────────────────────────────────────────────────────────────────────────[39m
❯ [7mA[27m[38;2;138;148;168msk your question...[39m
[38;2;138;148;168m────────────────────────────────────────────────────────────────────────────────[39m
  [38;2;138;148;168m? for shortcuts · [38;2;2;136;142mtaste on[39m



[?2026l[?2026h[2K[1A[2K[1A[2K[1A[2K[1A[2K[1A[2K[1A[2K[1A[2K[1A[2K[1A[2K[1A[2K[G[38;2;165;153;233m⠶[39m Everything verifies. Writing the review.

[48;2;45;43;85m[38;2;228;204;255m [1m☆ [22m[38;2;110;97;163mPolishing[38;2;165;153;233m…[38;2;228;204;255m [39m[49m [1m[38;2;138;148;168mesc[39m[22m [38;2;138;148;168mto interrupt[39m [38;2;138;148;168m•[39m [38;2;138;148;168m35s[39m [38;2;138;148;168m•[39m [38;2;138;148;168m↓[39m [38;2;138;148;168m13.2k[39m
[38;2;138;148;168m────────────────────────────────────────────────────────────────────────────────[39m
❯ [7mA[27m[38;2;138;148;168msk your question...[39m
[38;2;138;148;168m────────────────────────────────────────────────────────────────────────────────[39m
  [38;2;138;148;168m? for shortcuts · [38;2;2;136;142mtaste on[39m



[?2026l[?2026h[2K[1A[2K[1A[2K[1A[2K[1A[2K[1A[2K[1A[2K[1A[2K[1A[2K[1A[2K[1A[2K[G[38;2;165;153;233m⠶[39m Everything verifies. Writing the review.

[48;2;45;43;85m[38;2;228;204;255m [1m☆ [22m[38;2;110;97;163mPolishing[38;2;165;153;233m…[38;2;228;204;255m [39m[49m [1m[38;2;138;148;168mesc[39m[22m [38;2;138;148;168mto interrupt[39m [38;2;138;148;168m•[39m [38;2;138;148;168m36s[39m [38;2;138;148;168m•[39m [38;2;138;148;168m↓[39m [38;2;138;148;168m13.2k[39m
[38;2;138;148;168m────────────────────────────────────────────────────────────────────────────────[39m
❯ [7mA[27m[38;2;138;148;168msk your question...[39m
[38;2;138;148;168m────────────────────────────────────────────────────────────────────────────────[39m
  [38;2;138;148;168m? for shortcuts · [38;2;2;136;142mtaste on[39m



[?2026l[?2026h[2K[1A[2K[1A[2K[1A[2K[1A[2K[1A[2K[1A[2K[1A[2K[1A[2K[1A[2K[1A[2K[G[38;2;165;153;233m⠶[39m Everything verifies. Writing the review.

[48;2;45;43;85m[38;2;228;204;255m [1m◇ [22m[38;2;110;97;163mPolishing…[38;2;228;204;255m [39m[49m [1m[38;2;138;148;168mesc[39m[22m [38;2;138;148;168mto interrupt[39m [38;2;138;148;168m•[39m [38;2;138;148;168m36s[39m [38;2;138;148;168m•[39m [38;2;138;148;168m↓[39m [38;2;138;148;168m13.2k[39m
[38;2;138;148;168m────────────────────────────────────────────────────────────────────────────────[39m
❯ [7mA[27m[38;2;138;148;168msk your question...[39m
[38;2;138;148;168m────────────────────────────────────────────────────────────────────────────────[39m
  [38;2;138;148;168m? for shortcuts · [38;2;2;136;142mtaste on[39m



[?2026l[?2026h[2K[1A[2K[1A[2K[1A[2K[1A[2K[1A[2K[1A[2K[1A[2K[1A[2K[1A[2K[1A[2K[G[38;2;165;153;233m⠶[39m Everything verifies. Writing the review.

[48;2;45;43;85m[38;2;228;204;255m [1m○ [22m[38;2;110;97;163mPolishing…[38;2;228;204;255m [39m[49m [1m[38;2;138;148;168mesc[39m[22m [38;2;138;148;168mto interrupt[39m [38;2;138;148;168m•[39m [38;2;138;148;168m36s[39m [38;2;138;148;168m•[39m [38;2;138;148;168m↓[39m [38;2;138;148;168m13.2k[39m
[38;2;138;148;168m────────────────────────────────────────────────────────────────────────────────[39m
❯ [7mA[27m[38;2;138;148;168msk your question...[39m
[38;2;138;148;168m────────────────────────────────────────────────────────────────────────────────[39m
  [38;2;138;148;168m? for shortcuts · [38;2;2;136;142mtaste on[39m



[?2026l[?2026h[2K[1A[2K[1A[2K[1A[2K[1A[2K[1A[2K[1A[2K[1A[2K[1A[2K[1A[2K[1A[2K[G[38;2;165;153;233m⠶[39m Everything verifies. Writing the review.

[48;2;45;43;85m[38;2;228;204;255m [1m⌘ [22m[38;2;110;97;163mPolishing…[38;2;228;204;255m [39m[49m [1m[38;2;138;148;168mesc[39m[22m [38;2;138;148;168mto interrupt[39m [38;2;138;148;168m•[39m [38;2;138;148;168m36s[39m [38;2;138;148;168m•[39m [38;2;138;148;168m↓[39m [38;2;138;148;168m13.2k[39m
[38;2;138;148;168m────────────────────────────────────────────────────────────────────────────────[39m
❯ [7mA[27m[38;2;138;148;168msk your question...[39m
[38;2;138;148;168m────────────────────────────────────────────────────────────────────────────────[39m
  [38;2;138;148;168m? for shortcuts · [38;2;2;136;142mtaste on[39m



[?2026l[?2026h[2K[1A[2K[1A[2K[1A[2K[1A[2K[1A[2K[1A[2K[1A[2K[1A[2K[1A[2K[1A[2K[G[38;2;165;153;233m⠶[39m Everything verifies. Writing the review.

[48;2;45;43;85m[38;2;228;204;255m [1m⌘ [22m[38;2;234;218;255mP[38;2;171;165;206mo[38;2;228;204;255ml[38;2;165;153;233mi[38;2;110;97;163mshing…[38;2;228;204;255m [39m[49m [1m[38;2;138;148;168mesc[39m[22m [38;2;138;148;168mto interrupt[39m [38;2;138;148;168m•[39m [38;2;138;148;168m36s[39m [38;2;138;148;168m•[39m [38;2;138;148;168m↓[39m [38;2;138;148;168m13.2k[39m
[38;2;138;148;168m────────────────────────────────────────────────────────────────────────────────[39m
❯ [7mA[27m[38;2;138;148;168msk your question...[39m
[38;2;138;148;168m────────────────────────────────────────────────────────────────────────────────[39m
  [38;2;138;148;168m? for shortcuts · [38;2;2;136;142mtaste on[39m



[?2026l[?2026h[2K[1A[2K[1A[2K[1A[2K[1A[2K[1A[2K[1A[2K[1A[2K[1A[2K[1A[2K[1A[2K[G[38;2;165;153;233m⠶[39m Everything verifies. Writing the review.

[48;2;45;43;85m[38;2;228;204;255m [1m○ [22m[38;2;255;255;255mP[38;2;234;218;255mo[38;2;171;165;206ml[38;2;228;204;255mi[38;2;165;153;233ms[38;2;110;97;163mhing…[38;2;228;204;255m [39m[49m [1m[38;2;138;148;168mesc[39m[22m [38;2;138;148;168mto interrupt[39m [38;2;138;148;168m•[39m [38;2;138;148;168m36s[39m [38;2;138;148;168m•[39m [38;2;138;148;168m↓[39m [38;2;138;148;168m13.2k[39m
[38;2;138;148;168m────────────────────────────────────────────────────────────────────────────────[39m
❯ [7mA[27m[38;2;138;148;168msk your question...[39m
[38;2;138;148;168m────────────────────────────────────────────────────────────────────────────────[39m
  [38;2;138;148;168m? for shortcuts · [38;2;2;136;142mtaste on[39m



[?2026l[?2026h[2K[1A[2K[1A[2K[1A[2K[1A[2K[1A[2K[1A[2K[1A[2K[1A[2K[1A[2K[1A[2K[G[38;2;165;153;233m⠶[39m Everything verifies. Writing the review.

[48;2;45;43;85m[38;2;228;204;255m [1m◇ [22m[38;2;204;199;225mP[38;2;255;255;255mo[38;2;234;218;255ml[38;2;171;165;206mi[38;2;228;204;255ms[38;2;165;153;233mh[38;2;110;97;163ming…[38;2;228;204;255m [39m[49m [1m[38;2;138;148;168mesc[39m[22m [38;2;138;148;168mto interrupt[39m [38;2;138;148;168m•[39m [38;2;138;148;168m36s[39m [38;2;138;148;168m•[39m [38;2;138;148;168m↓[39m [38;2;138;148;168m13.2k[39m
[38;2;138;148;168m────────────────────────────────────────────────────────────────────────────────[39m
❯ [7mA[27m[38;2;138;148;168msk your question...[39m
[38;2;138;148;168m────────────────────────────────────────────────────────────────────────────────[39m
  [38;2;138;148;168m? for shortcuts · [38;2;2;136;142mtaste on[39m



[?2026l[?2026h[2K[1A[2K[1A[2K[1A[2K[1A[2K[1A[2K[1A[2K[1A[2K[1A[2K[1A[2K[1A[2K[G[38;2;165;153;233m⠶[39m Everything verifies. Writing the review.

[48;2;45;43;85m[38;2;228;204;255m [1m☆ [22m[38;2;171;165;206mP[38;2;204;199;225mo[38;2;255;255;255ml[38;2;234;218;255mi[38;2;171;165;206ms[38;2;228;204;255mh[38;2;165;153;233mi[38;2;110;97;163mng…[38;2;228;204;255m [39m[49m [1m[38;2;138;148;168mesc[39m[22m [38;2;138;148;168mto interrupt[39m [38;2;138;148;168m•[39m [38;2;138;148;168m36s[39m [38;2;138;148;168m•[39m [38;2;138;148;168m↓[39m [38;2;138;148;168m13.2k[39m
[38;2;138;148;168m────────────────────────────────────────────────────────────────────────────────[39m
❯ [7mA[27m[38;2;138;148;168msk your question...[39m
[38;2;138;148;168m────────────────────────────────────────────────────────────────────────────────[39m
  [38;2;138;148;168m? for shortcuts · [38;2;2;136;142mtaste on[39m



[?2026l[?2026h[2K[1A[2K[1A[2K[1A[2K[1A[2K[1A[2K[1A[2K[1A[2K[1A[2K[1A[2K[1A[2K[G[38;2;165;153;233m⠶[39m Everything verifies. Writing the review.

[48;2;45;43;85m[38;2;228;204;255m [1m✧ [22mP[38;2;171;165;206mo[38;2;204;199;225ml[38;2;255;255;255mi[38;2;234;218;255ms[38;2;171;165;206mh[38;2;228;204;255mi[38;2;165;153;233mn[38;2;110;97;163mg…[38;2;228;204;255m [39m[49m [1m[38;2;138;148;168mesc[39m[22m [38;2;138;148;168mto interrupt[39m [38;2;138;148;168m•[39m [38;2;138;148;168m36s[39m [38;2;138;148;168m•[39m [38;2;138;148;168m↓[39m [38;2;138;148;168m13.2k[39m
[38;2;138;148;168m────────────────────────────────────────────────────────────────────────────────[39m
❯ [7mA[27m[38;2;138;148;168msk your question...[39m
[38;2;138;148;168m────────────────────────────────────────────────────────────────────────────────[39m
  [38;2;138;148;168m? for shortcuts · [38;2;2;136;142mtaste on[39m



[?2026l[?2026h[2K[1A[2K[1A[2K[1A[2K[1A[2K[1A[2K[1A[2K[1A[2K[1A[2K[1A[2K[1A[2K[G[38;2;165;153;233m⠶[39m Everything verifies. Writing the review.

[48;2;45;43;85m[38;2;228;204;255m [1m☆ [22m[38;2;165;153;233mP[38;2;228;204;255mo[38;2;171;165;206ml[38;2;204;199;225mi[38;2;255;255;255ms[38;2;234;218;255mh[38;2;171;165;206mi[38;2;228;204;255mn[38;2;165;153;233mg[38;2;110;97;163m…[38;2;228;204;255m [39m[49m [1m[38;2;138;148;168mesc[39m[22m [38;2;138;148;168mto interrupt[39m [38;2;138;148;168m•[39m [38;2;138;148;168m36s[39m [38;2;138;148;168m•[39m [38;2;138;148;168m↓[39m [38;2;138;148;168m13.2k[39m
[38;2;138;148;168m────────────────────────────────────────────────────────────────────────────────[39m
❯ [7mA[27m[38;2;138;148;168msk your question...[39m
[38;2;138;148;168m────────────────────────────────────────────────────────────────────────────────[39m
  [38;2;138;148;168m? for shortcuts · [38;2;2;136;142mtaste on[39m



[?2026l[?2026h[2K[1A[2K[1A[2K[1A[2K[1A[2K[1A[2K[1A[2K[1A[2K[1A[2K[1A[2K[1A[2K[G[38;2;165;153;233m⠶[39m Everything verifies. Writing the review.

[48;2;45;43;85m[38;2;228;204;255m [1m◇ [22m[38;2;110;97;163mP[38;2;165;153;233mo[38;2;228;204;255ml[38;2;171;165;206mi[38;2;204;199;225ms[38;2;255;255;255mh[38;2;234;218;255mi[38;2;171;165;206mn[38;2;228;204;255mg[38;2;165;153;233m…[38;2;228;204;255m [39m[49m [1m[38;2;138;148;168mesc[39m[22m [38;2;138;148;168mto interrupt[39m [38;2;138;148;168m•[39m [38;2;138;148;168m36s[39m [38;2;138;148;168m•[39m [38;2;138;148;168m↓[39m [38;2;138;148;168m13.2k[39m
[38;2;138;148;168m────────────────────────────────────────────────────────────────────────────────[39m
❯ [7mA[27m[38;2;138;148;168msk your question...[39m
[38;2;138;148;168m────────────────────────────────────────────────────────────────────────────────[39m
  [38;2;138;148;168m? for shortcuts · [38;2;2;136;142mtaste on[39m



[?2026l[?2026h[2K[1A[2K[1A[2K[1A[2K[1A[2K[1A[2K[1A[2K[1A[2K[1A[2K[1A[2K[1A[2K[G[38;2;165;153;233m⠶[39m Everything verifies. Writing the review.

[48;2;45;43;85m[38;2;228;204;255m [1m○ [22m[38;2;110;97;163mPo[38;2;165;153;233ml[38;2;228;204;255mi[38;2;171;165;206ms[38;2;204;199;225mh[38;2;255;255;255mi[38;2;234;218;255mn[38;2;171;165;206mg[38;2;228;204;255m… [39m[49m [1m[38;2;138;148;168mesc[39m[22m [38;2;138;148;168mto interrupt[39m [38;2;138;148;168m•[39m [38;2;138;148;168m37s[39m [38;2;138;148;168m•[39m [38;2;138;148;168m↓[39m [38;2;138;148;168m13.2k[39m
[38;2;138;148;168m────────────────────────────────────────────────────────────────────────────────[39m
❯ [7mA[27m[38;2;138;148;168msk your question...[39m
[38;2;138;148;168m────────────────────────────────────────────────────────────────────────────────[39m
  [38;2;138;148;168m? for shortcuts · [38;2;2;136;142mtaste on[39m



[?2026l[?2026h[2K[1A[2K[1A[2K[1A[2K[1A[2K[1A[2K[1A[2K[1A[2K[1A[2K[1A[2K[1A[2K[G[38;2;165;153;233m⠶[39m Everything verifies. Writing the review.

[48;2;45;43;85m[38;2;228;204;255m [1m· [22m[38;2;234;218;255mP[38;2;171;165;206mo[38;2;228;204;255ml[38;2;165;153;233mi[38;2;110;97;163mshing…[38;2;228;204;255m [39m[49m [1m[38;2;138;148;168mesc[39m[22m [38;2;138;148;168mto interrupt[39m [38;2;138;148;168m•[39m [38;2;138;148;168m37s[39m [38;2;138;148;168m•[39m [38;2;138;148;168m↓[39m [38;2;138;148;168m13.2k[39m
[38;2;138;148;168m────────────────────────────────────────────────────────────────────────────────[39m
❯ [7mA[27m[38;2;138;148;168msk your question...[39m
[38;2;138;148;168m────────────────────────────────────────────────────────────────────────────────[39m
  [38;2;138;148;168m? for shortcuts · [38;2;2;136;142mtaste on[39m



[?2026l[?2026h[2K[1A[2K[1A[2K[1A[2K[1A[2K[1A[2K[1A[2K[1A[2K[1A[2K[1A[2K[1A[2K[G[38;2;165;153;233m⠶[39m Everything verifies. Writing the review.

[48;2;45;43;85m[38;2;228;204;255m [1m· [22m[38;2;255;255;255mP[38;2;234;218;255mo[38;2;171;165;206ml[38;2;228;204;255mi[38;2;165;153;233ms[38;2;110;97;163mhing…[38;2;228;204;255m [39m[49m [1m[38;2;138;148;168mesc[39m[22m [38;2;138;148;168mto interrupt[39m [38;2;138;148;168m•[39m [38;2;138;148;168m37s[39m [38;2;138;148;168m•[39m [38;2;138;148;168m↓[39m [38;2;138;148;168m13.2k[39m
[38;2;138;148;168m────────────────────────────────────────────────────────────────────────────────[39m
❯ [7mA[27m[38;2;138;148;168msk your question...[39m
[38;2;138;148;168m────────────────────────────────────────────────────────────────────────────────[39m
  [38;2;138;148;168m? for shortcuts · [38;2;2;136;142mtaste on[39m



[?2026l[?2026h[2K[1A[2K[1A[2K[1A[2K[1A[2K[1A[2K[1A[2K[1A[2K[1A[2K[1A[2K[1A[2K[G[38;2;165;153;233m⠶[39m Everything verifies. Writing the review.

[48;2;45;43;85m[38;2;228;204;255m [1m· [22m[38;2;204;199;225mP[38;2;255;255;255mo[38;2;234;218;255ml[38;2;171;165;206mi[38;2;228;204;255ms[38;2;165;153;233mh[38;2;110;97;163ming…[38;2;228;204;255m [39m[49m [1m[38;2;138;148;168mesc[39m[22m [38;2;138;148;168mto interrupt[39m [38;2;138;148;168m•[39m [38;2;138;148;168m37s[39m [38;2;138;148;168m•[39m [38;2;138;148;168m↓[39m [38;2;138;148;168m13.2k[39m
[38;2;138;148;168m────────────────────────────────────────────────────────────────────────────────[39m
❯ [7mA[27m[38;2;138;148;168msk your question...[39m
[38;2;138;148;168m────────────────────────────────────────────────────────────────────────────────[39m
  [38;2;138;148;168m? for shortcuts · [38;2;2;136;142mtaste on[39m



[?2026l[?2026h[2K[1A[2K[1A[2K[1A[2K[1A[2K[1A[2K[1A[2K[1A[2K[1A[2K[1A[2K[1A[2K[G[38;2;165;153;233m⠶[39m Everything verifies. Writing the review.

[48;2;45;43;85m[38;2;228;204;255m [1m○ [22m[38;2;171;165;206mP[38;2;204;199;225mo[38;2;255;255;255ml[38;2;234;218;255mi[38;2;171;165;206ms[38;2;228;204;255mh[38;2;165;153;233mi[38;2;110;97;163mng…[38;2;228;204;255m [39m[49m [1m[38;2;138;148;168mesc[39m[22m [38;2;138;148;168mto interrupt[39m [38;2;138;148;168m•[39m [38;2;138;148;168m37s[39m [38;2;138;148;168m•[39m [38;2;138;148;168m↓[39m [38;2;138;148;168m13.2k[39m
[38;2;138;148;168m────────────────────────────────────────────────────────────────────────────────[39m
❯ [7mA[27m[38;2;138;148;168msk your question...[39m
[38;2;138;148;168m────────────────────────────────────────────────────────────────────────────────[39m
  [38;2;138;148;168m? for shortcuts · [38;2;2;136;142mtaste on[39m



[?2026l[?2026h[2K[1A[2K[1A[2K[1A[2K[1A[2K[1A[2K[1A[2K[1A[2K[1A[2K[1A[2K[1A[2K[G[38;2;165;153;233m⠶[39m Everything verifies. Writing the review.

[48;2;45;43;85m[38;2;228;204;255m [1m○ [22mP[38;2;171;165;206mo[38;2;204;199;225ml[38;2;255;255;255mi[38;2;234;218;255ms[38;2;171;165;206mh[38;2;228;204;255mi[38;2;165;153;233mn[38;2;110;97;163mg…[38;2;228;204;255m [39m[49m [1m[38;2;138;148;168mesc[39m[22m [38;2;138;148;168mto interrupt[39m [38;2;138;148;168m•[39m [38;2;138;148;168m37s[39m [38;2;138;148;168m•[39m [38;2;138;148;168m↓[39m [38;2;138;148;168m13.2k[39m
[38;2;138;148;168m────────────────────────────────────────────────────────────────────────────────[39m
❯ [7mA[27m[38;2;138;148;168msk your question...[39m
[38;2;138;148;168m────────────────────────────────────────────────────────────────────────────────[39m
  [38;2;138;148;168m? for shortcuts · [38;2;2;136;142mtaste on[39m



[?2026l[?2026h[2K[1A[2K[1A[2K[1A[2K[1A[2K[1A[2K[1A[2K[1A[2K[1A[2K[1A[2K[1A[2K[G[38;2;165;153;233m⠶[39m Everything verifies. Writing the review.

[48;2;45;43;85m[38;2;228;204;255m [1m◇ [22m[38;2;165;153;233mP[38;2;228;204;255mo[38;2;171;165;206ml[38;2;204;199;225mi[38;2;255;255;255ms[38;2;234;218;255mh[38;2;171;165;206mi[38;2;228;204;255mn[38;2;165;153;233mg[38;2;110;97;163m…[38;2;228;204;255m [39m[49m [1m[38;2;138;148;168mesc[39m[22m [38;2;138;148;168mto interrupt[39m [38;2;138;148;168m•[39m [38;2;138;148;168m37s[39m [38;2;138;148;168m•[39m [38;2;138;148;168m↓[39m [38;2;138;148;168m13.2k[39m
[38;2;138;148;168m────────────────────────────────────────────────────────────────────────────────[39m
❯ [7mA[27m[38;2;138;148;168msk your question...[39m
[38;2;138;148;168m────────────────────────────────────────────────────────────────────────────────[39m
  [38;2;138;148;168m? for shortcuts · [38;2;2;136;142mtaste on[39m



[?2026l[?2026h[2K[1A[2K[1A[2K[1A[2K[1A[2K[1A[2K[1A[2K[1A[2K[1A[2K[1A[2K[1A[2K[G[38;2;165;153;233m⠶[39m Everything verifies. Writing the review.

[48;2;45;43;85m[38;2;228;204;255m [1m☆ [22m[38;2;110;97;163mP[38;2;165;153;233mo[38;2;228;204;255ml[38;2;171;165;206mi[38;2;204;199;225ms[38;2;255;255;255mh[38;2;234;218;255mi[38;2;171;165;206mn[38;2;228;204;255mg[38;2;165;153;233m…[38;2;228;204;255m [39m[49m [1m[38;2;138;148;168mesc[39m[22m [38;2;138;148;168mto interrupt[39m [38;2;138;148;168m•[39m [38;2;138;148;168m37s[39m [38;2;138;148;168m•[39m [38;2;138;148;168m↓[39m [38;2;138;148;168m13.2k[39m
[38;2;138;148;168m────────────────────────────────────────────────────────────────────────────────[39m
❯ [7mA[27m[38;2;138;148;168msk your question...[39m
[38;2;138;148;168m────────────────────────────────────────────────────────────────────────────────[39m
  [38;2;138;148;168m? for shortcuts · [38;2;2;136;142mtaste on[39m



[?2026l[?2026h[2K[1A[2K[1A[2K[1A[2K[1A[2K[1A[2K[1A[2K[1A[2K[1A[2K[1A[2K[1A[2K[G[38;2;165;153;233m⠶[39m Everything verifies. Writing the review.

[48;2;45;43;85m[38;2;228;204;255m [1m✧ [22m[38;2;110;97;163mPo[38;2;165;153;233ml[38;2;228;204;255mi[38;2;171;165;206ms[38;2;204;199;225mh[38;2;255;255;255mi[38;2;234;218;255mn[38;2;171;165;206mg[38;2;228;204;255m… [39m[49m [1m[38;2;138;148;168mesc[39m[22m [38;2;138;148;168mto interrupt[39m [38;2;138;148;168m•[39m [38;2;138;148;168m37s[39m [38;2;138;148;168m•[39m [38;2;138;148;168m↓[39m [38;2;138;148;168m13.2k[39m
[38;2;138;148;168m────────────────────────────────────────────────────────────────────────────────[39m
❯ [7mA[27m[38;2;138;148;168msk your question...[39m
[38;2;138;148;168m────────────────────────────────────────────────────────────────────────────────[39m
  [38;2;138;148;168m? for shortcuts · [38;2;2;136;142mtaste on[39m



[?2026l[?2026h[2K[1A[2K[1A[2K[1A[2K[1A[2K[1A[2K[1A[2K[1A[2K[1A[2K[1A[2K[1A[2K[G[38;2;165;153;233m⠶[39m Everything verifies. Writing the review.

[48;2;45;43;85m[38;2;228;204;255m [1m☆ [22m[38;2;110;97;163mPol[38;2;165;153;233mi[38;2;228;204;255ms[38;2;171;165;206mh[38;2;204;199;225mi[38;2;255;255;255mn[38;2;234;218;255mg[38;2;171;165;206m…[38;2;228;204;255m [39m[49m [1m[38;2;138;148;168mesc[39m[22m [38;2;138;148;168mto interrupt[39m [38;2;138;148;168m•[39m [38;2;138;148;168m37s[39m [38;2;138;148;168m•[39m [38;2;138;148;168m↓[39m [38;2;138;148;168m13.2k[39m
[38;2;138;148;168m────────────────────────────────────────────────────────────────────────────────[39m
❯ [7mA[27m[38;2;138;148;168msk your question...[39m
[38;2;138;148;168m────────────────────────────────────────────────────────────────────────────────[39m
  [38;2;138;148;168m? for shortcuts · [38;2;2;136;142mtaste on[39m



[?2026l[?2026h[2K[1A[2K[1A[2K[1A[2K[1A[2K[1A[2K[1A[2K[1A[2K[1A[2K[1A[2K[1A[2K[G[38;2;165;153;233m⠶[39m Everything verifies. Writing the review.

[48;2;45;43;85m[38;2;228;204;255m [1m◇ [22m[38;2;110;97;163mPoli[38;2;165;153;233ms[38;2;228;204;255mh[38;2;171;165;206mi[38;2;204;199;225mn[38;2;255;255;255mg[38;2;234;218;255m…[38;2;228;204;255m [39m[49m [1m[38;2;138;148;168mesc[39m[22m [38;2;138;148;168mto interrupt[39m [38;2;138;148;168m•[39m [38;2;138;148;168m37s[39m [38;2;138;148;168m•[39m [38;2;138;148;168m↓[39m [38;2;138;148;168m13.2k[39m
[38;2;138;148;168m────────────────────────────────────────────────────────────────────────────────[39m
❯ [7mA[27m[38;2;138;148;168msk your question...[39m
[38;2;138;148;168m────────────────────────────────────────────────────────────────────────────────[39m
  [38;2;138;148;168m? for shortcuts · [38;2;2;136;142mtaste on[39m



[?2026l[?2026h[2K[1A[2K[1A[2K[1A[2K[1A[2K[1A[2K[1A[2K[1A[2K[1A[2K[1A[2K[1A[2K[G[38;2;165;153;233m⠶[39m Everything verifies. Writing the review.

[48;2;45;43;85m[38;2;228;204;255m [1m○ [22m[38;2;110;97;163mPolis[38;2;165;153;233mh[38;2;228;204;255mi[38;2;171;165;206mn[38;2;204;199;225mg[38;2;255;255;255m…[38;2;228;204;255m [39m[49m [1m[38;2;138;148;168mesc[39m[22m [38;2;138;148;168mto interrupt[39m [38;2;138;148;168m•[39m [38;2;138;148;168m37s[39m [38;2;138;148;168m•[39m [38;2;138;148;168m↓[39m [38;2;138;148;168m13.2k[39m
[38;2;138;148;168m────────────────────────────────────────────────────────────────────────────────[39m
❯ [7mA[27m[38;2;138;148;168msk your question...[39m
[38;2;138;148;168m────────────────────────────────────────────────────────────────────────────────[39m
  [38;2;138;148;168m? for shortcuts · [38;2;2;136;142mtaste on[39m



[?2026l[?2026h[2K[1A[2K[1A[2K[1A[2K[1A[2K[1A[2K[1A[2K[1A[2K[1A[2K[1A[2K[1A[2K[G[38;2;165;153;233m⠶[39m Everything verifies. Writing the review.

[48;2;45;43;85m[38;2;228;204;255m [1m⌘ [22m[38;2;110;97;163mPolish[38;2;165;153;233mi[38;2;228;204;255mn[38;2;171;165;206mg[38;2;204;199;225m…[38;2;228;204;255m [39m[49m [1m[38;2;138;148;168mesc[39m[22m [38;2;138;148;168mto interrupt[39m [38;2;138;148;168m•[39m [38;2;138;148;168m37s[39m [38;2;138;148;168m•[39m [38;2;138;148;168m↓[39m [38;2;138;148;168m13.2k[39m
[38;2;138;148;168m────────────────────────────────────────────────────────────────────────────────[39m
❯ [7mA[27m[38;2;138;148;168msk your question...[39m
[38;2;138;148;168m────────────────────────────────────────────────────────────────────────────────[39m
  [38;2;138;148;168m? for shortcuts · [38;2;2;136;142mtaste on[39m



[?2026l[?2026h[2K[1A[2K[1A[2K[1A[2K[1A[2K[1A[2K[1A[2K[1A[2K[1A[2K[1A[2K[1A[2K[G[38;2;165;153;233m⠶[39m Everything verifies. Writing the review.

[48;2;45;43;85m[38;2;228;204;255m [1m⌘ [22m[38;2;110;97;163mPolish[38;2;165;153;233mi[38;2;228;204;255mn[38;2;171;165;206mg[38;2;204;199;225m…[38;2;228;204;255m [39m[49m [1m[38;2;138;148;168mesc[39m[22m [38;2;138;148;168mto interrupt[39m [38;2;138;148;168m•[39m [38;2;138;148;168m38s[39m [38;2;138;148;168m•[39m [38;2;138;148;168m↓[39m [38;2;138;148;168m13.2k[39m
[38;2;138;148;168m────────────────────────────────────────────────────────────────────────────────[39m
❯ [7mA[27m[38;2;138;148;168msk your question...[39m
[38;2;138;148;168m────────────────────────────────────────────────────────────────────────────────[39m
  [38;2;138;148;168m? for shortcuts · [38;2;2;136;142mtaste on[39m



[?2026l[?2026h[2K[1A[2K[1A[2K[1A[2K[1A[2K[1A[2K[1A[2K[1A[2K[1A[2K[1A[2K[1A[2K[G[38;2;165;153;233m⠶[39m Everything verifies. Writing the review.

[48;2;45;43;85m[38;2;228;204;255m [1m⌘ [22m[38;2;110;97;163mPolishi[38;2;165;153;233mn[38;2;228;204;255mg[38;2;171;165;206m…[38;2;228;204;255m [39m[49m [1m[38;2;138;148;168mesc[39m[22m [38;2;138;148;168mto interrupt[39m [38;2;138;148;168m•[39m [38;2;138;148;168m38s[39m [38;2;138;148;168m•[39m [38;2;138;148;168m↓[39m [38;2;138;148;168m13.2k[39m
[38;2;138;148;168m────────────────────────────────────────────────────────────────────────────────[39m
❯ [7mA[27m[38;2;138;148;168msk your question...[39m
[38;2;138;148;168m────────────────────────────────────────────────────────────────────────────────[39m
  [38;2;138;148;168m? for shortcuts · [38;2;2;136;142mtaste on[39m



[?2026l[?2026h[2K[1A[2K[1A[2K[1A[2K[1A[2K[1A[2K[1A[2K[1A[2K[1A[2K[1A[2K[1A[2K[G[38;2;165;153;233m⠶[39m Everything verifies. Writing the review.

[48;2;45;43;85m[38;2;228;204;255m [1m⌘ [22m[38;2;110;97;163mPolishin[38;2;165;153;233mg[38;2;228;204;255m… [39m[49m [1m[38;2;138;148;168mesc[39m[22m [38;2;138;148;168mto interrupt[39m [38;2;138;148;168m•[39m [38;2;138;148;168m38s[39m [38;2;138;148;168m•[39m [38;2;138;148;168m↓[39m [38;2;138;148;168m13.2k[39m
[38;2;138;148;168m────────────────────────────────────────────────────────────────────────────────[39m
❯ [7mA[27m[38;2;138;148;168msk your question...[39m
[38;2;138;148;168m────────────────────────────────────────────────────────────────────────────────[39m
  [38;2;138;148;168m? for shortcuts · [38;2;2;136;142mtaste on[39m



[?2026l[?2026h[2K[1A[2K[1A[2K[1A[2K[1A[2K[1A[2K[1A[2K[1A[2K[1A[2K[1A[2K[1A[2K[G[38;2;165;153;233m⠶[39m Everything verifies. Writing the review.

[48;2;45;43;85m[38;2;228;204;255m [1m⌘ [22m[38;2;110;97;163mPolishing[38;2;165;153;233m…[38;2;228;204;255m [39m[49m [1m[38;2;138;148;168mesc[39m[22m [38;2;138;148;168mto interrupt[39m [38;2;138;148;168m•[39m [38;2;138;148;168m38s[39m [38;2;138;148;168m•[39m [38;2;138;148;168m↓[39m [38;2;138;148;168m13.2k[39m
[38;2;138;148;168m────────────────────────────────────────────────────────────────────────────────[39m
❯ [7mA[27m[38;2;138;148;168msk your question...[39m
[38;2;138;148;168m────────────────────────────────────────────────────────────────────────────────[39m
  [38;2;138;148;168m? for shortcuts · [38;2;2;136;142mtaste on[39m



[?2026l[?2026h[2K[1A[2K[1A[2K[1A[2K[1A[2K[1A[2K[1A[2K[1A[2K[1A[2K[1A[2K[1A[2K[G[38;2;165;153;233m⠶[39m Everything verifies. Writing the review.

[48;2;45;43;85m[38;2;228;204;255m [1m○ [22m[38;2;110;97;163mPolishing…[38;2;228;204;255m [39m[49m [1m[38;2;138;148;168mesc[39m[22m [38;2;138;148;168mto interrupt[39m [38;2;138;148;168m•[39m [38;2;138;148;168m38s[39m [38;2;138;148;168m•[39m [38;2;138;148;168m↓[39m [38;2;138;148;168m13.2k[39m
[38;2;138;148;168m────────────────────────────────────────────────────────────────────────────────[39m
❯ [7mA[27m[38;2;138;148;168msk your question...[39m
[38;2;138;148;168m────────────────────────────────────────────────────────────────────────────────[39m
  [38;2;138;148;168m? for shortcuts · [38;2;2;136;142mtaste on[39m



[?2026l[?2026h[2K[1A[2K[1A[2K[1A[2K[1A[2K[1A[2K[1A[2K[1A[2K[1A[2K[1A[2K[1A[2K[G[38;2;165;153;233m⠶[39m Everything verifies. Writing the review.

[48;2;45;43;85m[38;2;228;204;255m [1m◇ [22m[38;2;110;97;163mPolishing…[38;2;228;204;255m [39m[49m [1m[38;2;138;148;168mesc[39m[22m [38;2;138;148;168mto interrupt[39m [38;2;138;148;168m•[39m [38;2;138;148;168m38s[39m [38;2;138;148;168m•[39m [38;2;138;148;168m↓[39m [38;2;138;148;168m13.2k[39m
[38;2;138;148;168m────────────────────────────────────────────────────────────────────────────────[39m
❯ [7mA[27m[38;2;138;148;168msk your question...[39m
[38;2;138;148;168m────────────────────────────────────────────────────────────────────────────────[39m
  [38;2;138;148;168m? for shortcuts · [38;2;2;136;142mtaste on[39m



[?2026l[?2026h[2K[1A[2K[1A[2K[1A[2K[1A[2K[1A[2K[1A[2K[1A[2K[1A[2K[1A[2K[1A[2K[G[38;2;165;153;233m⠶[39m Everything verifies. Writing the review.

[48;2;45;43;85m[38;2;228;204;255m [1m☆ [22m[38;2;110;97;163mPolishing…[38;2;228;204;255m [39m[49m [1m[38;2;138;148;168mesc[39m[22m [38;2;138;148;168mto interrupt[39m [38;2;138;148;168m•[39m [38;2;138;148;168m38s[39m [38;2;138;148;168m•[39m [38;2;138;148;168m↓[39m [38;2;138;148;168m13.2k[39m
[38;2;138;148;168m────────────────────────────────────────────────────────────────────────────────[39m
❯ [7mA[27m[38;2;138;148;168msk your question...[39m
[38;2;138;148;168m────────────────────────────────────────────────────────────────────────────────[39m
  [38;2;138;148;168m? for shortcuts · [38;2;2;136;142mtaste on[39m



[?2026l[?2026h[2K[1A[2K[1A[2K[1A[2K[1A[2K[1A[2K[1A[2K[1A[2K[1A[2K[1A[2K[1A[2K[G[38;2;165;153;233m⠶[39m Everything verifies. Writing the review.

[48;2;45;43;85m[38;2;228;204;255m [1m✧ [22m[38;2;110;97;163mPolishing…[38;2;228;204;255m [39m[49m [1m[38;2;138;148;168mesc[39m[22m [38;2;138;148;168mto interrupt[39m [38;2;138;148;168m•[39m [38;2;138;148;168m38s[39m [38;2;138;148;168m•[39m [38;2;138;148;168m↓[39m [38;2;138;148;168m13.2k[39m
[38;2;138;148;168m────────────────────────────────────────────────────────────────────────────────[39m
❯ [7mA[27m[38;2;138;148;168msk your question...[39m
[38;2;138;148;168m────────────────────────────────────────────────────────────────────────────────[39m
  [38;2;138;148;168m? for shortcuts · [38;2;2;136;142mtaste on[39m



[?2026l[?2026h[2K[1A[2K[1A[2K[1A[2K[1A[2K[1A[2K[1A[2K[1A[2K[1A[2K[1A[2K[1A[2K[G[38;2;165;153;233m⠶[39m Everything verifies. Writing the review.

[48;2;45;43;85m[38;2;228;204;255m [1m☆ [22m[38;2;110;97;163mPolishing…[38;2;228;204;255m [39m[49m [1m[38;2;138;148;168mesc[39m[22m [38;2;138;148;168mto interrupt[39m [38;2;138;148;168m•[39m [38;2;138;148;168m38s[39m [38;2;138;148;168m•[39m [38;2;138;148;168m↓[39m [38;2;138;148;168m13.2k[39m
[38;2;138;148;168m────────────────────────────────────────────────────────────────────────────────[39m
❯ [7mA[27m[38;2;138;148;168msk your question...[39m
[38;2;138;148;168m────────────────────────────────────────────────────────────────────────────────[39m
  [38;2;138;148;168m? for shortcuts · [38;2;2;136;142mtaste on[39m



[?2026l[?2026h[2K[1A[2K[1A[2K[1A[2K[1A[2K[1A[2K[1A[2K[1A[2K[1A[2K[1A[2K[1A[2K[G[38;2;165;153;233m⠶[39m Everything verifies. Writing the review.

[48;2;45;43;85m[38;2;228;204;255m [1m◇ [22m[38;2;234;218;255mP[38;2;171;165;206mo[38;2;228;204;255ml[38;2;165;153;233mi[38;2;110;97;163mshing…[38;2;228;204;255m [39m[49m [1m[38;2;138;148;168mesc[39m[22m [38;2;138;148;168mto interrupt[39m [38;2;138;148;168m•[39m [38;2;138;148;168m38s[39m [38;2;138;148;168m•[39m [38;2;138;148;168m↓[39m [38;2;138;148;168m13.2k[39m
[38;2;138;148;168m────────────────────────────────────────────────────────────────────────────────[39m
❯ [7mA[27m[38;2;138;148;168msk your question...[39m
[38;2;138;148;168m────────────────────────────────────────────────────────────────────────────────[39m
  [38;2;138;148;168m? for shortcuts · [38;2;2;136;142mtaste on[39m



[?2026l[?2026h[2K[1A[2K[1A[2K[1A[2K[1A[2K[1A[2K[1A[2K[1A[2K[1A[2K[1A[2K[1A[2K[G[38;2;165;153;233m⠶[39m Everything verifies. Writing the review.

[48;2;45;43;85m[38;2;228;204;255m [1m○ [22m[38;2;255;255;255mP[38;2;234;218;255mo[38;2;171;165;206ml[38;2;228;204;255mi[38;2;165;153;233ms[38;2;110;97;163mhing…[38;2;228;204;255m [39m[49m [1m[38;2;138;148;168mesc[39m[22m [38;2;138;148;168mto interrupt[39m [38;2;138;148;168m•[39m [38;2;138;148;168m38s[39m [38;2;138;148;168m•[39m [38;2;138;148;168m↓[39m [38;2;138;148;168m13.2k[39m
[38;2;138;148;168m────────────────────────────────────────────────────────────────────────────────[39m
❯ [7mA[27m[38;2;138;148;168msk your question...[39m
[38;2;138;148;168m────────────────────────────────────────────────────────────────────────────────[39m
  [38;2;138;148;168m? for shortcuts · [38;2;2;136;142mtaste on[39m



[?2026l[?2026h[2K[1A[2K[1A[2K[1A[2K[1A[2K[1A[2K[1A[2K[1A[2K[1A[2K[1A[2K[1A[2K[G[38;2;165;153;233m⠶[39m Everything verifies. Writing the review.

[48;2;45;43;85m[38;2;228;204;255m [1m· [22m[38;2;204;199;225mP[38;2;255;255;255mo[38;2;234;218;255ml[38;2;171;165;206mi[38;2;228;204;255ms[38;2;165;153;233mh[38;2;110;97;163ming…[38;2;228;204;255m [39m[49m [1m[38;2;138;148;168mesc[39m[22m [38;2;138;148;168mto interrupt[39m [38;2;138;148;168m•[39m [38;2;138;148;168m38s[39m [38;2;138;148;168m•[39m [38;2;138;148;168m↓[39m [38;2;138;148;168m13.2k[39m
[38;2;138;148;168m────────────────────────────────────────────────────────────────────────────────[39m
❯ [7mA[27m[38;2;138;148;168msk your question...[39m
[38;2;138;148;168m────────────────────────────────────────────────────────────────────────────────[39m
  [38;2;138;148;168m? for shortcuts · [38;2;2;136;142mtaste on[39m



[?2026l[?2026h[2K[1A[2K[1A[2K[1A[2K[1A[2K[1A[2K[1A[2K[1A[2K[1A[2K[1A[2K[1A[2K[G[38;2;165;153;233m⠶[39m Everything verifies. Writing the review.

[48;2;45;43;85m[38;2;228;204;255m [1m· [22m[38;2;171;165;206mP[38;2;204;199;225mo[38;2;255;255;255ml[38;2;234;218;255mi[38;2;171;165;206ms[38;2;228;204;255mh[38;2;165;153;233mi[38;2;110;97;163mng…[38;2;228;204;255m [39m[49m [1m[38;2;138;148;168mesc[39m[22m [38;2;138;148;168mto interrupt[39m [38;2;138;148;168m•[39m [38;2;138;148;168m38s[39m [38;2;138;148;168m•[39m [38;2;138;148;168m↓[39m [38;2;138;148;168m13.2k[39m
[38;2;138;148;168m────────────────────────────────────────────────────────────────────────────────[39m
❯ [7mA[27m[38;2;138;148;168msk your question...[39m
[38;2;138;148;168m────────────────────────────────────────────────────────────────────────────────[39m
  [38;2;138;148;168m? for shortcuts · [38;2;2;136;142mtaste on[39m



[?2026l[?2026h[2K[1A[2K[1A[2K[1A[2K[1A[2K[1A[2K[1A[2K[1A[2K[1A[2K[1A[2K[1A[2K[G[38;2;165;153;233m⠶[39m Everything verifies. Writing the review.

[48;2;45;43;85m[38;2;228;204;255m [1m· [22m[38;2;171;165;206mP[38;2;204;199;225mo[38;2;255;255;255ml[38;2;234;218;255mi[38;2;171;165;206ms[38;2;228;204;255mh[38;2;165;153;233mi[38;2;110;97;163mng…[38;2;228;204;255m [39m[49m [1m[38;2;138;148;168mesc[39m[22m [38;2;138;148;168mto interrupt[39m [38;2;138;148;168m•[39m [38;2;138;148;168m39s[39m [38;2;138;148;168m•[39m [38;2;138;148;168m↓[39m [38;2;138;148;168m13.2k[39m
[38;2;138;148;168m────────────────────────────────────────────────────────────────────────────────[39m
❯ [7mA[27m[38;2;138;148;168msk your question...[39m
[38;2;138;148;168m────────────────────────────────────────────────────────────────────────────────[39m
  [38;2;138;148;168m? for shortcuts · [38;2;2;136;142mtaste on[39m



[?2026l[?2026h[2K[1A[2K[1A[2K[1A[2K[1A[2K[1A[2K[1A[2K[1A[2K[1A[2K[1A[2K[1A[2K[G[38;2;165;153;233m⠶[39m Everything verifies. Writing the review.

[48;2;45;43;85m[38;2;228;204;255m [1m· [22mP[38;2;171;165;206mo[38;2;204;199;225ml[38;2;255;255;255mi[38;2;234;218;255ms[38;2;171;165;206mh[38;2;228;204;255mi[38;2;165;153;233mn[38;2;110;97;163mg…[38;2;228;204;255m [39m[49m [1m[38;2;138;148;168mesc[39m[22m [38;2;138;148;168mto interrupt[39m [38;2;138;148;168m•[39m [38;2;138;148;168m39s[39m [38;2;138;148;168m•[39m [38;2;138;148;168m↓[39m [38;2;138;148;168m13.2k[39m
[38;2;138;148;168m────────────────────────────────────────────────────────────────────────────────[39m
❯ [7mA[27m[38;2;138;148;168msk your question...[39m
[38;2;138;148;168m────────────────────────────────────────────────────────────────────────────────[39m
  [38;2;138;148;168m? for shortcuts · [38;2;2;136;142mtaste on[39m



[?2026l[?2026h[2K[1A[2K[1A[2K[1A[2K[1A[2K[1A[2K[1A[2K[1A[2K[1A[2K[1A[2K[1A[2K[G[38;2;165;153;233m⠶[39m Everything verifies. Writing the review.

[48;2;45;43;85m[38;2;228;204;255m [1m○ [22m[38;2;165;153;233mP[38;2;228;204;255mo[38;2;171;165;206ml[38;2;204;199;225mi[38;2;255;255;255ms[38;2;234;218;255mh[38;2;171;165;206mi[38;2;228;204;255mn[38;2;165;153;233mg[38;2;110;97;163m…[38;2;228;204;255m [39m[49m [1m[38;2;138;148;168mesc[39m[22m [38;2;138;148;168mto interrupt[39m [38;2;138;148;168m•[39m [38;2;138;148;168m39s[39m [38;2;138;148;168m•[39m [38;2;138;148;168m↓[39m [38;2;138;148;168m13.2k[39m
[38;2;138;148;168m────────────────────────────────────────────────────────────────────────────────[39m
❯ [7mA[27m[38;2;138;148;168msk your question...[39m
[38;2;138;148;168m────────────────────────────────────────────────────────────────────────────────[39m
  [38;2;138;148;168m? for shortcuts · [38;2;2;136;142mtaste on[39m



[?2026l[?2026h[2K[1A[2K[1A[2K[1A[2K[1A[2K[1A[2K[1A[2K[1A[2K[1A[2K[1A[2K[1A[2K[G[38;2;165;153;233m⠶[39m Everything verifies. Writing the review.

[48;2;45;43;85m[38;2;228;204;255m [1m○ [22m[38;2;110;97;163mP[38;2;165;153;233mo[38;2;228;204;255ml[38;2;171;165;206mi[38;2;204;199;225ms[38;2;255;255;255mh[38;2;234;218;255mi[38;2;171;165;206mn[38;2;228;204;255mg[38;2;165;153;233m…[38;2;228;204;255m [39m[49m [1m[38;2;138;148;168mesc[39m[22m [38;2;138;148;168mto interrupt[39m [38;2;138;148;168m•[39m [38;2;138;148;168m39s[39m [38;2;138;148;168m•[39m [38;2;138;148;168m↓[39m [38;2;138;148;168m13.2k[39m
[38;2;138;148;168m────────────────────────────────────────────────────────────────────────────────[39m
❯ [7mA[27m[38;2;138;148;168msk your question...[39m
[38;2;138;148;168m────────────────────────────────────────────────────────────────────────────────[39m
  [38;2;138;148;168m? for shortcuts · [38;2;2;136;142mtaste on[39m



[?2026l[?2026h[2K[1A[2K[1A[2K[1A[2K[1A[2K[1A[2K[1A[2K[1A[2K[1A[2K[1A[2K[1A[2K[G[38;2;165;153;233m⠶[39m Everything verifies. Writing the review.

[48;2;45;43;85m[38;2;228;204;255m [1m◇ [22m[38;2;110;97;163mPo[38;2;165;153;233ml[38;2;228;204;255mi[38;2;171;165;206ms[38;2;204;199;225mh[38;2;255;255;255mi[38;2;234;218;255mn[38;2;171;165;206mg[38;2;228;204;255m… [39m[49m [1m[38;2;138;148;168mesc[39m[22m [38;2;138;148;168mto interrupt[39m [38;2;138;148;168m•[39m [38;2;138;148;168m39s[39m [38;2;138;148;168m•[39m [38;2;138;148;168m↓[39m [38;2;138;148;168m13.2k[39m
[38;2;138;148;168m────────────────────────────────────────────────────────────────────────────────[39m
❯ [7mA[27m[38;2;138;148;168msk your question...[39m
[38;2;138;148;168m────────────────────────────────────────────────────────────────────────────────[39m
  [38;2;138;148;168m? for shortcuts · [38;2;2;136;142mtaste on[39m



[?2026l[?2026h[2K[1A[2K[1A[2K[1A[2K[1A[2K[1A[2K[1A[2K[1A[2K[1A[2K[1A[2K[1A[2K[G[38;2;165;153;233m⠶[39m Everything verifies. Writing the review.

[48;2;45;43;85m[38;2;228;204;255m [1m☆ [22m[38;2;110;97;163mPol[38;2;165;153;233mi[38;2;228;204;255ms[38;2;171;165;206mh[38;2;204;199;225mi[38;2;255;255;255mn[38;2;234;218;255mg[38;2;171;165;206m…[38;2;228;204;255m [39m[49m [1m[38;2;138;148;168mesc[39m[22m [38;2;138;148;168mto interrupt[39m [38;2;138;148;168m•[39m [38;2;138;148;168m39s[39m [38;2;138;148;168m•[39m [38;2;138;148;168m↓[39m [38;2;138;148;168m13.2k[39m
[38;2;138;148;168m────────────────────────────────────────────────────────────────────────────────[39m
❯ [7mA[27m[38;2;138;148;168msk your question...[39m
[38;2;138;148;168m────────────────────────────────────────────────────────────────────────────────[39m
  [38;2;138;148;168m? for shortcuts · [38;2;2;136;142mtaste on[39m



[?2026l]0;⌘ Command Code · orch-go · deepseek-v4-flash-(latest)]2;⌘ Command Code · orch-go · deepseek-v4-flash-(latest)[?2026h[2K[1A[2K[1A[2K[1A[2K[1A[2K[1A[2K[1A[2K[1A[2K[1A[2K[1A[2K[1A[2K[G[38;2;165;153;233m⠶[39m Everything verifies. Writing the review.

[48;2;45;43;85m[38;2;228;204;255m [1m✧ [22m[38;2;110;97;163mPoli[38;2;165;153;233ms[38;2;228;204;255mh[38;2;171;165;206mi[38;2;204;199;225mn[38;2;255;255;255mg[38;2;234;218;255m…[38;2;228;204;255m [39m[49m [1m[38;2;138;148;168mesc[39m[22m [38;2;138;148;168mto interrupt[39m [38;2;138;148;168m•[39m [38;2;138;148;168m39s[39m [38;2;138;148;168m•[39m [38;2;138;148;168m↓[39m [38;2;138;148;168m13.2k[39m
[38;2;138;148;168m────────────────────────────────────────────────────────────────────────────────[39m
❯ [7mA[27m[38;2;138;148;168msk your question...[39m
[38;2;138;148;168m────────────────────────────────────────────────────────────────────────────────[39m
  [38;2;138;148;168m? for shortcuts · [38;2;2;136;142mtaste on[39m



[?2026l[?2026h[2K[1A[2K[1A[2K[1A[2K[1A[2K[1A[2K[1A[2K[1A[2K[1A[2K[1A[2K[1A[2K[G[38;2;165;153;233m⠶[39m Everything verifies. Writing the review.

[48;2;45;43;85m[38;2;228;204;255m [1m☆ [22m[38;2;110;97;163mPolis[38;2;165;153;233mh[38;2;228;204;255mi[38;2;171;165;206mn[38;2;204;199;225mg[38;2;255;255;255m…[38;2;228;204;255m [39m[49m [1m[38;2;138;148;168mesc[39m[22m [38;2;138;148;168mto interrupt[39m [38;2;138;148;168m•[39m [38;2;138;148;168m39s[39m [38;2;138;148;168m•[39m [38;2;138;148;168m↓[39m [38;2;138;148;168m13.2k[39m
[38;2;138;148;168m────────────────────────────────────────────────────────────────────────────────[39m
❯ [7mA[27m[38;2;138;148;168msk your question...[39m
[38;2;138;148;168m────────────────────────────────────────────────────────────────────────────────[39m
  [38;2;138;148;168m? for shortcuts · [38;2;2;136;142mtaste on[39m



[?2026l[?2026h[2K[1A[2K[1A[2K[1A[2K[1A[2K[1A[2K[1A[2K[1A[2K[1A[2K[1A[2K[1A[2K[G[38;2;165;153;233m⠶[39m Everything verifies. Writing the review.

[48;2;45;43;85m[38;2;228;204;255m [1m◇ [22m[38;2;110;97;163mPolish[38;2;165;153;233mi[38;2;228;204;255mn[38;2;171;165;206mg[38;2;204;199;225m…[38;2;228;204;255m [39m[49m [1m[38;2;138;148;168mesc[39m[22m [38;2;138;148;168mto interrupt[39m [38;2;138;148;168m•[39m [38;2;138;148;168m39s[39m [38;2;138;148;168m•[39m [38;2;138;148;168m↓[39m [38;2;138;148;168m13.2k[39m
[38;2;138;148;168m────────────────────────────────────────────────────────────────────────────────[39m
❯ [7mA[27m[38;2;138;148;168msk your question...[39m
[38;2;138;148;168m────────────────────────────────────────────────────────────────────────────────[39m
  [38;2;138;148;168m? for shortcuts · [38;2;2;136;142mtaste on[39m



[?2026l[?2026h[2K[1A[2K[1A[2K[1A[2K[1A[2K[1A[2K[1A[2K[1A[2K[1A[2K[1A[2K[1A[2K[G[38;2;165;153;233m⠶[39m Everything verifies. Writing the review.

[48;2;45;43;85m[38;2;228;204;255m [1m○ [22m[38;2;110;97;163mPolishi[38;2;165;153;233mn[38;2;228;204;255mg[38;2;171;165;206m…[38;2;228;204;255m [39m[49m [1m[38;2;138;148;168mesc[39m[22m [38;2;138;148;168mto interrupt[39m [38;2;138;148;168m•[39m [38;2;138;148;168m39s[39m [38;2;138;148;168m•[39m [38;2;138;148;168m↓[39m [38;2;138;148;168m13.2k[39m
[38;2;138;148;168m────────────────────────────────────────────────────────────────────────────────[39m
❯ [7mA[27m[38;2;138;148;168msk your question...[39m
[38;2;138;148;168m────────────────────────────────────────────────────────────────────────────────[39m
  [38;2;138;148;168m? for shortcuts · [38;2;2;136;142mtaste on[39m



[?2026l[?2026h[2K[1A[2K[1A[2K[1A[2K[1A[2K[1A[2K[1A[2K[1A[2K[1A[2K[1A[2K[1A[2K[G[38;2;165;153;233m⠶[39m Everything verifies. Writing the review.

[48;2;45;43;85m[38;2;228;204;255m [1m⌘ [22m[38;2;110;97;163mPolishin[38;2;165;153;233mg[38;2;228;204;255m… [39m[49m [1m[38;2;138;148;168mesc[39m[22m [38;2;138;148;168mto interrupt[39m [38;2;138;148;168m•[39m [38;2;138;148;168m39s[39m [38;2;138;148;168m•[39m [38;2;138;148;168m↓[39m [38;2;138;148;168m13.2k[39m
[38;2;138;148;168m────────────────────────────────────────────────────────────────────────────────[39m
❯ [7mA[27m[38;2;138;148;168msk your question...[39m
[38;2;138;148;168m────────────────────────────────────────────────────────────────────────────────[39m
  [38;2;138;148;168m? for shortcuts · [38;2;2;136;142mtaste on[39m



[?2026l[?2026h[2K[1A[2K[1A[2K[1A[2K[1A[2K[1A[2K[1A[2K[1A[2K[1A[2K[1A[2K[1A[2K[G[38;2;165;153;233m⠶[39m Everything verifies. Writing the review.

[48;2;45;43;85m[38;2;228;204;255m [1m⌘ [22m[38;2;110;97;163mPolishing[38;2;165;153;233m…[38;2;228;204;255m [39m[49m [1m[38;2;138;148;168mesc[39m[22m [38;2;138;148;168mto interrupt[39m [38;2;138;148;168m•[39m [38;2;138;148;168m39s[39m [38;2;138;148;168m•[39m [38;2;138;148;168m↓[39m [38;2;138;148;168m13.2k[39m
[38;2;138;148;168m────────────────────────────────────────────────────────────────────────────────[39m
❯ [7mA[27m[38;2;138;148;168msk your question...[39m
[38;2;138;148;168m────────────────────────────────────────────────────────────────────────────────[39m
  [38;2;138;148;168m? for shortcuts · [38;2;2;136;142mtaste on[39m



[?2026l[?2026h[2K[1A[2K[1A[2K[1A[2K[1A[2K[1A[2K[1A[2K[1A[2K[1A[2K[1A[2K[1A[2K[G[38;2;165;153;233m⠶[39m Everything verifies. Writing the review.

[48;2;45;43;85m[38;2;228;204;255m [1m⌘ [22m[38;2;110;97;163mPolishing…[38;2;228;204;255m [39m[49m [1m[38;2;138;148;168mesc[39m[22m [38;2;138;148;168mto interrupt[39m [38;2;138;148;168m•[39m [38;2;138;148;168m39s[39m [38;2;138;148;168m•[39m [38;2;138;148;168m↓[39m [38;2;138;148;168m13.2k[39m
[38;2;138;148;168m────────────────────────────────────────────────────────────────────────────────[39m
❯ [7mA[27m[38;2;138;148;168msk your question...[39m
[38;2;138;148;168m────────────────────────────────────────────────────────────────────────────────[39m
  [38;2;138;148;168m? for shortcuts · [38;2;2;136;142mtaste on[39m



[?2026l[?2026h[2K[1A[2K[1A[2K[1A[2K[1A[2K[1A[2K[1A[2K[1A[2K[1A[2K[1A[2K[1A[2K[G[38;2;165;153;233m⠶[39m Everything verifies. Writing the review.

[48;2;45;43;85m[38;2;228;204;255m [1m⌘ [22m[38;2;110;97;163mPolishing…[38;2;228;204;255m [39m[49m [1m[38;2;138;148;168mesc[39m[22m [38;2;138;148;168mto interrupt[39m [38;2;138;148;168m•[39m [38;2;138;148;168m40s[39m [38;2;138;148;168m•[39m [38;2;138;148;168m↓[39m [38;2;138;148;168m13.2k[39m
[38;2;138;148;168m────────────────────────────────────────────────────────────────────────────────[39m
❯ [7mA[27m[38;2;138;148;168msk your question...[39m
[38;2;138;148;168m────────────────────────────────────────────────────────────────────────────────[39m
  [38;2;138;148;168m? for shortcuts · [38;2;2;136;142mtaste on[39m



[?2026l[?2026h[2K[1A[2K[1A[2K[1A[2K[1A[2K[1A[2K[1A[2K[1A[2K[1A[2K[1A[2K[1A[2K[G[38;2;165;153;233m⠶[39m Everything verifies. Writing the review.

[48;2;45;43;85m[38;2;228;204;255m [1m○ [22m[38;2;110;97;163mPolishing…[38;2;228;204;255m [39m[49m [1m[38;2;138;148;168mesc[39m[22m [38;2;138;148;168mto interrupt[39m [38;2;138;148;168m•[39m [38;2;138;148;168m40s[39m [38;2;138;148;168m•[39m [38;2;138;148;168m↓[39m [38;2;138;148;168m13.2k[39m
[38;2;138;148;168m────────────────────────────────────────────────────────────────────────────────[39m
❯ [7mA[27m[38;2;138;148;168msk your question...[39m
[38;2;138;148;168m────────────────────────────────────────────────────────────────────────────────[39m
  [38;2;138;148;168m? for shortcuts · [38;2;2;136;142mtaste on[39m



[?2026l[?2026h[2K[1A[2K[1A[2K[1A[2K[1A[2K[1A[2K[1A[2K[1A[2K[1A[2K[1A[2K[1A[2K[G[38;2;165;153;233m⠶[39m Everything verifies. Writing the review.

[48;2;45;43;85m[38;2;228;204;255m [1m◇ [22m[38;2;110;97;163mPolishing…[38;2;228;204;255m [39m[49m [1m[38;2;138;148;168mesc[39m[22m [38;2;138;148;168mto interrupt[39m [38;2;138;148;168m•[39m [38;2;138;148;168m40s[39m [38;2;138;148;168m•[39m [38;2;138;148;168m↓[39m [38;2;138;148;168m13.2k[39m
[38;2;138;148;168m────────────────────────────────────────────────────────────────────────────────[39m
❯ [7mA[27m[38;2;138;148;168msk your question...[39m
[38;2;138;148;168m────────────────────────────────────────────────────────────────────────────────[39m
  [38;2;138;148;168m? for shortcuts · [38;2;2;136;142mtaste on[39m



[?2026l[?2026h[2K[1A[2K[1A[2K[1A[2K[1A[2K[1A[2K[1A[2K[1A[2K[1A[2K[1A[2K[1A[2K[G[38;2;165;153;233m⠶[39m Everything verifies. Writing the review.

[?2026h
[38;2;76;85;106m────────────────────────────────────────────────────────────────────────────────[39m

[1m[38;2;228;204;255mCreate File[39m[22m

[1mDo you want to create [38;2;228;204;255m.orch/20260921-170242/4-review.md[39m?[22m

[38;2;228;204;255m❯ 1. Yes[39m
[38;2;138;148;168m [38;2;229;229;229m 2. Yes, allow all edits this session [1m[38;2;53;61;80m[[38;2;229;229;229mshift+tab[38;2;53;61;80m][39m[22m
[38;2;138;148;168m [38;2;229;229;229m 3. No, tell Command Code what to do differently[39m

[3m[38;2;138;148;168m↑/↓ navigate · enter select · Run [38;2;229;229;229mcmd --yolo[38;2;138;148;168m to bypass all permissions (]8;;https://commandcode.ai/docs/permissions#permission-modesDocs ↗]8;;)[39m[23m

[?2026l[?2026l]0;⌘ Command Code · orch-go · deepseek-v4-flash-(latest)]2;⌘ Command Code · orch-go · deepseek-v4-flash-(latest)[?2026h[2K[1A[2K[1A[2K[1A[2K[1A[2K[1A[2K[1A[2K[1A[2K[1A[2K[1A[2K[1A[2K[1A[2K[1A[2K[1A[2K[G[48;2;45;43;85m[38;2;228;204;255m [1m· [22m[38;2;234;218;255mF[38;2;171;165;206mi[38;2;228;204;255ml[38;2;165;153;233me[38;2;110;97;163m operation allowed[38;2;228;204;255m [39m[49m [1m[38;2;138;148;168mesc[39m[22m [38;2;138;148;168mto interrupt[39m [38;2;138;148;168m•[39m [38;2;138;148;168m46s[39m [38;2;138;148;168m•[39m [38;2;138;148;168m↓[39m [38;2;138;148;168m13.2k[39m
 [38;2;138;148;168m ⎿  Tip: Use shift+tab to enable auto-accept[39m
[38;2;138;148;168m────────────────────────────────────────────────────────────────────────────────[39m
❯ [7mA[27m[38;2;138;148;168msk your question...[39m
[38;2;138;148;168m────────────────────────────────────────────────────────────────────────────────[39m
  [38;2;138;148;168m? for shortcuts · [38;2;2;136;142mtaste on[39m



[?2026l[?2026h[2K[1A[2K[1A[2K[1A[2K[1A[2K[1A[2K[1A[2K[1A[2K[1A[2K[1A[2K[G[1m[48;2;89;69;177m[38;2;244;244;244m WRITE [39m[49m[22m [38;2;53;61;80m[[39m.orch/20260921-170242/4-review.md[38;2;53;61;80m][39m
 [38;2;138;148;168m└ [39m [38;2;138;148;168mCreated [1m[38;2;229;229;229m.orch/20260921-170242/4-review.md[22m[38;2;138;148;168m (60 lines)[39m

    [48;2;4;71;58m[38;2;76;200;142m  1[38;2;138;148;168m │ [38;2;76;200;142m# Implementation Review: README.md for orch[39m                   [49m
    [48;2;4;71;58m[38;2;76;200;142m  2[38;2;138;148;168m │ [39m                                                              [49m
    [48;2;4;71;58m[38;2;76;200;142m  3[38;2;138;148;168m │ [38;2;76;200;142m## Verdict Summary[39m                                            [49m
    [48;2;4;71;58m[38;2;76;200;142m  4[38;2;138;148;168m │ [38;2;227;223;255mThe task is complete and correct. [38;2;76;200;142m`README.md`[38;2;227;223;255m exists at the r…[39m[49m
    [48;2;4;71;58m[38;2;76;200;142m  5[38;2;138;148;168m │ [39m                                                              [49m
    [48;2;4;71;58m[38;2;76;200;142m  6[38;2;138;148;168m │ [38;2;76;200;142m## Verification Performed (against the real repository, not t…[39m[49m
    [48;2;4;71;58m[38;2;76;200;142m  7[38;2;138;148;168m │ [39m                                                              [49m
    [48;2;4;71;58m[38;2;76;200;142m  8[38;2;138;148;168m │ [38;2;76;200;142m### 1. Deliverable exists[39m                                     [49m
    [48;2;4;71;58m[38;2;76;200;142m  9[38;2;138;148;168m │ [38;2;76;200;142m-[38;2;227;223;255m [38;2;76;200;142m`/Users/najmiraihan/Developer/orch-go/README.md`[38;2;227;223;255m is present…[39m[49m
    [48;2;4;71;58m[38;2;76;200;142m 10[38;2;138;148;168m │ [38;2;76;200;142m-[38;2;227;223;255m Content is well-structured Markdown: overview, philosophy, …[39m[49m

    [38;2;138;148;168m… (50 more lines) [38;2;53;61;80m[[38;2;138;148;168mctrl+o to expand[38;2;53;61;80m][39m

[?2026h[48;2;45;43;85m[38;2;228;204;255m [1m· [22m[38;2;234;218;255mF[38;2;171;165;206mi[38;2;228;204;255ml[38;2;165;153;233me[38;2;110;97;163m operation allowed[38;2;228;204;255m [39m[49m [1m[38;2;138;148;168mesc[39m[22m [38;2;138;148;168mto interrupt[39m [38;2;138;148;168m•[39m [38;2;138;148;168m46s[39m [38;2;138;148;168m•[39m [38;2;138;148;168m↓[39m [38;2;138;148;168m13.2k[39m
 [38;2;138;148;168m ⎿  Tip: Use shift+tab to enable auto-accept[39m
[38;2;138;148;168m────────────────────────────────────────────────────────────────────────────────[39m
❯ [7mA[27m[38;2;138;148;168msk your question...[39m
[38;2;138;148;168m────────────────────────────────────────────────────────────────────────────────[39m
  [38;2;138;148;168m? for shortcuts · [38;2;2;136;142mtaste on[39m



[?2026l[?2026l[?2026h[2K[1A[2K[1A[2K[1A[2K[1A[2K[1A[2K[1A[2K[1A[2K[1A[2K[1A[2K[G[48;2;45;43;85m[38;2;228;204;255m [1m· [22m[38;2;255;255;255mF[38;2;234;218;255mi[38;2;171;165;206ml[38;2;228;204;255me[38;2;165;153;233m [38;2;110;97;163moperation allowed[38;2;228;204;255m [39m[49m [1m[38;2;138;148;168mesc[39m[22m [38;2;138;148;168mto interrupt[39m [38;2;138;148;168m•[39m [38;2;138;148;168m46s[39m [38;2;138;148;168m•[39m [38;2;138;148;168m↓[39m [38;2;138;148;168m13.2k[39m
 [38;2;138;148;168m ⎿  Tip: Use shift+tab to enable auto-accept[39m
[38;2;138;148;168m────────────────────────────────────────────────────────────────────────────────[39m
❯ [7mA[27m[38;2;138;148;168msk your question...[39m
[38;2;138;148;168m────────────────────────────────────────────────────────────────────────────────[39m
  [38;2;138;148;168m? for shortcuts · [38;2;2;136;142mtaste on[39m



[?2026l[?2026h[2K[1A[2K[1A[2K[1A[2K[1A[2K[1A[2K[1A[2K[1A[2K[1A[2K[1A[2K[G[48;2;45;43;85m[38;2;228;204;255m [1m· [22m[38;2;204;199;225mF[38;2;255;255;255mi[38;2;234;218;255ml[38;2;171;165;206me[38;2;228;204;255m [38;2;165;153;233mo[38;2;110;97;163mperation allowed[38;2;228;204;255m [39m[49m [1m[38;2;138;148;168mesc[39m[22m [38;2;138;148;168mto interrupt[39m [38;2;138;148;168m•[39m [38;2;138;148;168m46s[39m [38;2;138;148;168m•[39m [38;2;138;148;168m↓[39m [38;2;138;148;168m13.2k[39m
 [38;2;138;148;168m ⎿  Tip: Use shift+tab to enable auto-accept[39m
[38;2;138;148;168m────────────────────────────────────────────────────────────────────────────────[39m
❯ [7mA[27m[38;2;138;148;168msk your question...[39m
[38;2;138;148;168m────────────────────────────────────────────────────────────────────────────────[39m
  [38;2;138;148;168m? for shortcuts · [38;2;2;136;142mtaste on[39m



[?2026l[?2026h[2K[1A[2K[1A[2K[1A[2K[1A[2K[1A[2K[1A[2K[1A[2K[1A[2K[1A[2K[G[48;2;45;43;85m[38;2;228;204;255m [1m○ [22m[38;2;171;165;206mF[38;2;204;199;225mi[38;2;255;255;255ml[38;2;234;218;255me[38;2;171;165;206m [38;2;228;204;255mo[38;2;165;153;233mp[38;2;110;97;163meration allowed[38;2;228;204;255m [39m[49m [1m[38;2;138;148;168mesc[39m[22m [38;2;138;148;168mto interrupt[39m [38;2;138;148;168m•[39m [38;2;138;148;168m46s[39m [38;2;138;148;168m•[39m [38;2;138;148;168m↓[39m [38;2;138;148;168m13.2k[39m
 [38;2;138;148;168m ⎿  Tip: Use shift+tab to enable auto-accept[39m
[38;2;138;148;168m────────────────────────────────────────────────────────────────────────────────[39m
❯ [7mA[27m[38;2;138;148;168msk your question...[39m
[38;2;138;148;168m────────────────────────────────────────────────────────────────────────────────[39m
  [38;2;138;148;168m? for shortcuts · [38;2;2;136;142mtaste on[39m



[?2026l[?2026h[2K[1A[2K[1A[2K[1A[2K[1A[2K[1A[2K[1A[2K[1A[2K[1A[2K[1A[2K[G[48;2;45;43;85m[38;2;228;204;255m [1m○ [22mF[38;2;171;165;206mi[38;2;204;199;225ml[38;2;255;255;255me[38;2;234;218;255m [38;2;171;165;206mo[38;2;228;204;255mp[38;2;165;153;233me[38;2;110;97;163mration allowed[38;2;228;204;255m [39m[49m [1m[38;2;138;148;168mesc[39m[22m [38;2;138;148;168mto interrupt[39m [38;2;138;148;168m•[39m [38;2;138;148;168m46s[39m [38;2;138;148;168m•[39m [38;2;138;148;168m↓[39m [38;2;138;148;168m13.2k[39m
 [38;2;138;148;168m ⎿  Tip: Use shift+tab to enable auto-accept[39m
[38;2;138;148;168m────────────────────────────────────────────────────────────────────────────────[39m
❯ [7mA[27m[38;2;138;148;168msk your question...[39m
[38;2;138;148;168m────────────────────────────────────────────────────────────────────────────────[39m
  [38;2;138;148;168m? for shortcuts · [38;2;2;136;142mtaste on[39m



[?2026l[?2026h[2K[1A[2K[1A[2K[1A[2K[1A[2K[1A[2K[1A[2K[1A[2K[1A[2K[1A[2K[G[48;2;45;43;85m[38;2;228;204;255m [1m◇ [22m[38;2;165;153;233mF[38;2;228;204;255mi[38;2;171;165;206ml[38;2;204;199;225me[38;2;255;255;255m [38;2;234;218;255mo[38;2;171;165;206mp[38;2;228;204;255me[38;2;165;153;233mr[38;2;110;97;163mation allowed[38;2;228;204;255m [39m[49m [1m[38;2;138;148;168mesc[39m[22m [38;2;138;148;168mto interrupt[39m [38;2;138;148;168m•[39m [38;2;138;148;168m46s[39m [38;2;138;148;168m•[39m [38;2;138;148;168m↓[39m [38;2;138;148;168m13.2k[39m
 [38;2;138;148;168m ⎿  Tip: Use shift+tab to enable auto-accept[39m
[38;2;138;148;168m────────────────────────────────────────────────────────────────────────────────[39m
❯ [7mA[27m[38;2;138;148;168msk your question...[39m
[38;2;138;148;168m────────────────────────────────────────────────────────────────────────────────[39m
  [38;2;138;148;168m? for shortcuts · [38;2;2;136;142mtaste on[39m



[?2026l[?2026h[2K[1A[2K[1A[2K[1A[2K[1A[2K[1A[2K[1A[2K[1A[2K[1A[2K[1A[2K[G[48;2;45;43;85m[38;2;228;204;255m [1m☆ [22m[38;2;110;97;163mF[38;2;165;153;233mi[38;2;228;204;255ml[38;2;171;165;206me[38;2;204;199;225m [38;2;255;255;255mo[38;2;234;218;255mp[38;2;171;165;206me[38;2;228;204;255mr[38;2;165;153;233ma[38;2;110;97;163mtion allowed[38;2;228;204;255m [39m[49m [1m[38;2;138;148;168mesc[39m[22m [38;2;138;148;168mto interrupt[39m [38;2;138;148;168m•[39m [38;2;138;148;168m46s[39m [38;2;138;148;168m•[39m [38;2;138;148;168m↓[39m [38;2;138;148;168m13.2k[39m
 [38;2;138;148;168m ⎿  Tip: Use shift+tab to enable auto-accept[39m
[38;2;138;148;168m────────────────────────────────────────────────────────────────────────────────[39m
❯ [7mA[27m[38;2;138;148;168msk your question...[39m
[38;2;138;148;168m────────────────────────────────────────────────────────────────────────────────[39m
  [38;2;138;148;168m? for shortcuts · [38;2;2;136;142mtaste on[39m



[?2026l[?2026h[2K[1A[2K[1A[2K[1A[2K[1A[2K[1A[2K[1A[2K[1A[2K[1A[2K[1A[2K[G[48;2;45;43;85m[38;2;228;204;255m [1m✧ [22m[38;2;110;97;163mFi[38;2;165;153;233ml[38;2;228;204;255me[38;2;171;165;206m [38;2;204;199;225mo[38;2;255;255;255mp[38;2;234;218;255me[38;2;171;165;206mr[38;2;228;204;255ma[38;2;165;153;233mt[38;2;110;97;163mion allowed[38;2;228;204;255m [39m[49m [1m[38;2;138;148;168mesc[39m[22m [38;2;138;148;168mto interrupt[39m [38;2;138;148;168m•[39m [38;2;138;148;168m46s[39m [38;2;138;148;168m•[39m [38;2;138;148;168m↓[39m [38;2;138;148;168m13.2k[39m
 [38;2;138;148;168m ⎿  Tip: Use shift+tab to enable auto-accept[39m
[38;2;138;148;168m────────────────────────────────────────────────────────────────────────────────[39m
❯ [7mA[27m[38;2;138;148;168msk your question...[39m
[38;2;138;148;168m────────────────────────────────────────────────────────────────────────────────[39m
  [38;2;138;148;168m? for shortcuts · [38;2;2;136;142mtaste on[39m



[?2026l[?2026h[2K[1A[2K[1A[2K[1A[2K[1A[2K[1A[2K[1A[2K[1A[2K[1A[2K[1A[2K[G[48;2;45;43;85m[38;2;228;204;255m [1m☆ [22m[38;2;110;97;163mFil[38;2;165;153;233me[38;2;228;204;255m [38;2;171;165;206mo[38;2;204;199;225mp[38;2;255;255;255me[38;2;234;218;255mr[38;2;171;165;206ma[38;2;228;204;255mt[38;2;165;153;233mi[38;2;110;97;163mon allowed[38;2;228;204;255m [39m[49m [1m[38;2;138;148;168mesc[39m[22m [38;2;138;148;168mto interrupt[39m [38;2;138;148;168m•[39m [38;2;138;148;168m46s[39m [38;2;138;148;168m•[39m [38;2;138;148;168m↓[39m [38;2;138;148;168m13.2k[39m
 [38;2;138;148;168m ⎿  Tip: Use shift+tab to enable auto-accept[39m
[38;2;138;148;168m────────────────────────────────────────────────────────────────────────────────[39m
❯ [7mA[27m[38;2;138;148;168msk your question...[39m
[38;2;138;148;168m────────────────────────────────────────────────────────────────────────────────[39m
  [38;2;138;148;168m? for shortcuts · [38;2;2;136;142mtaste on[39m



[?2026l[?2026h[2K[1A[2K[1A[2K[1A[2K[1A[2K[1A[2K[1A[2K[1A[2K[1A[2K[1A[2K[G[48;2;45;43;85m[38;2;228;204;255m [1m◇ [22m[38;2;110;97;163mFile[38;2;165;153;233m [38;2;228;204;255mo[38;2;171;165;206mp[38;2;204;199;225me[38;2;255;255;255mr[38;2;234;218;255ma[38;2;171;165;206mt[38;2;228;204;255mi[38;2;165;153;233mo[38;2;110;97;163mn allowed[38;2;228;204;255m [39m[49m [1m[38;2;138;148;168mesc[39m[22m [38;2;138;148;168mto interrupt[39m [38;2;138;148;168m•[39m [38;2;138;148;168m46s[39m [38;2;138;148;168m•[39m [38;2;138;148;168m↓[39m [38;2;138;148;168m13.2k[39m
 [38;2;138;148;168m ⎿  Tip: Use shift+tab to enable auto-accept[39m
[38;2;138;148;168m────────────────────────────────────────────────────────────────────────────────[39m
❯ [7mA[27m[38;2;138;148;168msk your question...[39m
[38;2;138;148;168m────────────────────────────────────────────────────────────────────────────────[39m
  [38;2;138;148;168m? for shortcuts · [38;2;2;136;142mtaste on[39m



[?2026l[?2026h[2K[1A[2K[1A[2K[1A[2K[1A[2K[1A[2K[1A[2K[1A[2K[1A[2K[1A[2K[G[48;2;45;43;85m[38;2;228;204;255m [1m○ [22m[38;2;110;97;163mFile [38;2;165;153;233mo[38;2;228;204;255mp[38;2;171;165;206me[38;2;204;199;225mr[38;2;255;255;255ma[38;2;234;218;255mt[38;2;171;165;206mi[38;2;228;204;255mo[38;2;165;153;233mn[38;2;110;97;163m allowed[38;2;228;204;255m [39m[49m [1m[38;2;138;148;168mesc[39m[22m [38;2;138;148;168mto interrupt[39m [38;2;138;148;168m•[39m [38;2;138;148;168m46s[39m [38;2;138;148;168m•[39m [38;2;138;148;168m↓[39m [38;2;138;148;168m13.2k[39m
 [38;2;138;148;168m ⎿  Tip: Use shift+tab to enable auto-accept[39m
[38;2;138;148;168m────────────────────────────────────────────────────────────────────────────────[39m
❯ [7mA[27m[38;2;138;148;168msk your question...[39m
[38;2;138;148;168m────────────────────────────────────────────────────────────────────────────────[39m
  [38;2;138;148;168m? for shortcuts · [38;2;2;136;142mtaste on[39m



[?2026l[?2026h[2K[1A[2K[1A[2K[1A[2K[1A[2K[1A[2K[1A[2K[1A[2K[1A[2K[1A[2K[G[48;2;45;43;85m[38;2;228;204;255m [1m⌘ [22m[38;2;110;97;163mFile o[38;2;165;153;233mp[38;2;228;204;255me[38;2;171;165;206mr[38;2;204;199;225ma[38;2;255;255;255mt[38;2;234;218;255mi[38;2;171;165;206mo[38;2;228;204;255mn[38;2;165;153;233m [38;2;110;97;163mallowed[38;2;228;204;255m [39m[49m [1m[38;2;138;148;168mesc[39m[22m [38;2;138;148;168mto interrupt[39m [38;2;138;148;168m•[39m [38;2;138;148;168m46s[39m [38;2;138;148;168m•[39m [38;2;138;148;168m↓[39m [38;2;138;148;168m13.2k[39m
 [38;2;138;148;168m ⎿  Tip: Use shift+tab to enable auto-accept[39m
[38;2;138;148;168m────────────────────────────────────────────────────────────────────────────────[39m
❯ [7mA[27m[38;2;138;148;168msk your question...[39m
[38;2;138;148;168m────────────────────────────────────────────────────────────────────────────────[39m
  [38;2;138;148;168m? for shortcuts · [38;2;2;136;142mtaste on[39m



[?2026l[?2026h[2K[1A[2K[1A[2K[1A[2K[1A[2K[1A[2K[1A[2K[1A[2K[1A[2K[1A[2K[G[48;2;45;43;85m[38;2;228;204;255m [1m⌘ [22m[38;2;110;97;163mFile op[38;2;165;153;233me[38;2;228;204;255mr[38;2;171;165;206ma[38;2;204;199;225mt[38;2;255;255;255mi[38;2;234;218;255mo[38;2;171;165;206mn[38;2;228;204;255m [38;2;165;153;233ma[38;2;110;97;163mllowed[38;2;228;204;255m [39m[49m [1m[38;2;138;148;168mesc[39m[22m [38;2;138;148;168mto interrupt[39m [38;2;138;148;168m•[39m [38;2;138;148;168m46s[39m [38;2;138;148;168m•[39m [38;2;138;148;168m↓[39m [38;2;138;148;168m13.2k[39m
 [38;2;138;148;168m ⎿  Tip: Use shift+tab to enable auto-accept[39m
[38;2;138;148;168m────────────────────────────────────────────────────────────────────────────────[39m
❯ [7mA[27m[38;2;138;148;168msk your question...[39m
[38;2;138;148;168m────────────────────────────────────────────────────────────────────────────────[39m
  [38;2;138;148;168m? for shortcuts · [38;2;2;136;142mtaste on[39m



[?2026l[?2026h[2K[1A[2K[1A[2K[1A[2K[1A[2K[1A[2K[1A[2K[1A[2K[1A[2K[1A[2K[G[48;2;45;43;85m[38;2;228;204;255m [1m⌘ [22m[38;2;110;97;163mFile ope[38;2;165;153;233mr[38;2;228;204;255ma[38;2;171;165;206mt[38;2;204;199;225mi[38;2;255;255;255mo[38;2;234;218;255mn[38;2;171;165;206m [38;2;228;204;255ma[38;2;165;153;233ml[38;2;110;97;163mlowed[38;2;228;204;255m [39m[49m [1m[38;2;138;148;168mesc[39m[22m [38;2;138;148;168mto interrupt[39m [38;2;138;148;168m•[39m [38;2;138;148;168m47s[39m [38;2;138;148;168m•[39m [38;2;138;148;168m↓[39m [38;2;138;148;168m13.2k[39m
 [38;2;138;148;168m ⎿  Tip: Use shift+tab to enable auto-accept[39m
[38;2;138;148;168m────────────────────────────────────────────────────────────────────────────────[39m
❯ [7mA[27m[38;2;138;148;168msk your question...[39m
[38;2;138;148;168m────────────────────────────────────────────────────────────────────────────────[39m
  [38;2;138;148;168m? for shortcuts · [38;2;2;136;142mtaste on[39m



[?2026l[?2026h[2K[1A[2K[1A[2K[1A[2K[1A[2K[1A[2K[1A[2K[1A[2K[1A[2K[1A[2K[G[48;2;45;43;85m[38;2;228;204;255m [1m⌘ [22m[38;2;110;97;163mFile oper[38;2;165;153;233ma[38;2;228;204;255mt[38;2;171;165;206mi[38;2;204;199;225mo[38;2;255;255;255mn[38;2;234;218;255m [38;2;171;165;206ma[38;2;228;204;255ml[38;2;165;153;233ml[38;2;110;97;163mowed[38;2;228;204;255m [39m[49m [1m[38;2;138;148;168mesc[39m[22m [38;2;138;148;168mto interrupt[39m [38;2;138;148;168m•[39m [38;2;138;148;168m47s[39m [38;2;138;148;168m•[39m [38;2;138;148;168m↓[39m [38;2;138;148;168m13.2k[39m
 [38;2;138;148;168m ⎿  Tip: Use shift+tab to enable auto-accept[39m
[38;2;138;148;168m────────────────────────────────────────────────────────────────────────────────[39m
❯ [7mA[27m[38;2;138;148;168msk your question...[39m
[38;2;138;148;168m────────────────────────────────────────────────────────────────────────────────[39m
  [38;2;138;148;168m? for shortcuts · [38;2;2;136;142mtaste on[39m



[?2026l[?2026h[2K[1A[2K[1A[2K[1A[2K[1A[2K[1A[2K[1A[2K[1A[2K[1A[2K[1A[2K[G[48;2;45;43;85m[38;2;228;204;255m [1m○ [22m[38;2;110;97;163mFile opera[38;2;165;153;233mt[38;2;228;204;255mi[38;2;171;165;206mo[38;2;204;199;225mn[38;2;255;255;255m [38;2;234;218;255ma[38;2;171;165;206ml[38;2;228;204;255ml[38;2;165;153;233mo[38;2;110;97;163mwed[38;2;228;204;255m [39m[49m [1m[38;2;138;148;168mesc[39m[22m [38;2;138;148;168mto interrupt[39m [38;2;138;148;168m•[39m [38;2;138;148;168m47s[39m [38;2;138;148;168m•[39m [38;2;138;148;168m↓[39m [38;2;138;148;168m13.2k[39m
 [38;2;138;148;168m ⎿  Tip: Use shift+tab to enable auto-accept[39m
[38;2;138;148;168m────────────────────────────────────────────────────────────────────────────────[39m
❯ [7mA[27m[38;2;138;148;168msk your question...[39m
[38;2;138;148;168m────────────────────────────────────────────────────────────────────────────────[39m
  [38;2;138;148;168m? for shortcuts · [38;2;2;136;142mtaste on[39m



[?2026l[?2026h[2K[1A[2K[1A[2K[1A[2K[1A[2K[1A[2K[1A[2K[1A[2K[1A[2K[1A[2K[G[48;2;45;43;85m[38;2;228;204;255m [1m◇ [22m[38;2;110;97;163mFile operat[38;2;165;153;233mi[38;2;228;204;255mo[38;2;171;165;206mn[38;2;204;199;225m [38;2;255;255;255ma[38;2;234;218;255ml[38;2;171;165;206ml[38;2;228;204;255mo[38;2;165;153;233mw[38;2;110;97;163med[38;2;228;204;255m [39m[49m [1m[38;2;138;148;168mesc[39m[22m [38;2;138;148;168mto interrupt[39m [38;2;138;148;168m•[39m [38;2;138;148;168m47s[39m [38;2;138;148;168m•[39m [38;2;138;148;168m↓[39m [38;2;138;148;168m13.2k[39m
 [38;2;138;148;168m ⎿  Tip: Use shift+tab to enable auto-accept[39m
[38;2;138;148;168m────────────────────────────────────────────────────────────────────────────────[39m
❯ [7mA[27m[38;2;138;148;168msk your question...[39m
[38;2;138;148;168m────────────────────────────────────────────────────────────────────────────────[39m
  [38;2;138;148;168m? for shortcuts · [38;2;2;136;142mtaste on[39m



[?2026l[?2026h[2K[1A[2K[1A[2K[1A[2K[1A[2K[1A[2K[1A[2K[1A[2K[1A[2K[1A[2K[G[48;2;45;43;85m[38;2;228;204;255m [1m☆ [22m[38;2;110;97;163mFile operati[38;2;165;153;233mo[38;2;228;204;255mn[38;2;171;165;206m [38;2;204;199;225ma[38;2;255;255;255ml[38;2;234;218;255ml[38;2;171;165;206mo[38;2;228;204;255mw[38;2;165;153;233me[38;2;110;97;163md[38;2;228;204;255m [39m[49m [1m[38;2;138;148;168mesc[39m[22m [38;2;138;148;168mto interrupt[39m [38;2;138;148;168m•[39m [38;2;138;148;168m47s[39m [38;2;138;148;168m•[39m [38;2;138;148;168m↓[39m [38;2;138;148;168m13.2k[39m
 [38;2;138;148;168m ⎿  Tip: Use shift+tab to enable auto-accept[39m
[38;2;138;148;168m────────────────────────────────────────────────────────────────────────────────[39m
❯ [7mA[27m[38;2;138;148;168msk your question...[39m
[38;2;138;148;168m────────────────────────────────────────────────────────────────────────────────[39m
  [38;2;138;148;168m? for shortcuts · [38;2;2;136;142mtaste on[39m



[?2026l[?2026h[2K[1A[2K[1A[2K[1A[2K[1A[2K[1A[2K[1A[2K[1A[2K[1A[2K[1A[2K[G[48;2;45;43;85m[38;2;228;204;255m [1m✧ [22m[38;2;110;97;163mFile operatio[38;2;165;153;233mn[38;2;228;204;255m [38;2;171;165;206ma[38;2;204;199;225ml[38;2;255;255;255ml[38;2;234;218;255mo[38;2;171;165;206mw[38;2;228;204;255me[38;2;165;153;233md[38;2;228;204;255m [39m[49m [1m[38;2;138;148;168mesc[39m[22m [38;2;138;148;168mto interrupt[39m [38;2;138;148;168m•[39m [38;2;138;148;168m47s[39m [38;2;138;148;168m•[39m [38;2;138;148;168m↓[39m [38;2;138;148;168m13.2k[39m
 [38;2;138;148;168m ⎿  Tip: Use shift+tab to enable auto-accept[39m
[38;2;138;148;168m────────────────────────────────────────────────────────────────────────────────[39m
❯ [7mA[27m[38;2;138;148;168msk your question...[39m
[38;2;138;148;168m────────────────────────────────────────────────────────────────────────────────[39m
  [38;2;138;148;168m? for shortcuts · [38;2;2;136;142mtaste on[39m



[?2026l[?2026h[2K[1A[2K[1A[2K[1A[2K[1A[2K[1A[2K[1A[2K[1A[2K[1A[2K[1A[2K[G[48;2;45;43;85m[38;2;228;204;255m [1m☆ [22m[38;2;110;97;163mFile operation[38;2;165;153;233m [38;2;228;204;255ma[38;2;171;165;206ml[38;2;204;199;225ml[38;2;255;255;255mo[38;2;234;218;255mw[38;2;171;165;206me[38;2;228;204;255md [39m[49m [1m[38;2;138;148;168mesc[39m[22m [38;2;138;148;168mto interrupt[39m [38;2;138;148;168m•[39m [38;2;138;148;168m47s[39m [38;2;138;148;168m•[39m [38;2;138;148;168m↓[39m [38;2;138;148;168m13.2k[39m
 [38;2;138;148;168m ⎿  Tip: Use shift+tab to enable auto-accept[39m
[38;2;138;148;168m────────────────────────────────────────────────────────────────────────────────[39m
❯ [7mA[27m[38;2;138;148;168msk your question...[39m
[38;2;138;148;168m────────────────────────────────────────────────────────────────────────────────[39m
  [38;2;138;148;168m? for shortcuts · [38;2;2;136;142mtaste on[39m



[?2026l[?2026h[2K[1A[2K[1A[2K[1A[2K[1A[2K[1A[2K[1A[2K[1A[2K[1A[2K[1A[2K[G[48;2;45;43;85m[38;2;228;204;255m [1m◇ [22m[38;2;110;97;163mFile operation [38;2;165;153;233ma[38;2;228;204;255ml[38;2;171;165;206ml[38;2;204;199;225mo[38;2;255;255;255mw[38;2;234;218;255me[38;2;171;165;206md[38;2;228;204;255m [39m[49m [1m[38;2;138;148;168mesc[39m[22m [38;2;138;148;168mto interrupt[39m [38;2;138;148;168m•[39m [38;2;138;148;168m47s[39m [38;2;138;148;168m•[39m [38;2;138;148;168m↓[39m [38;2;138;148;168m13.2k[39m
 [38;2;138;148;168m ⎿  Tip: Use shift+tab to enable auto-accept[39m
[38;2;138;148;168m────────────────────────────────────────────────────────────────────────────────[39m
❯ [7mA[27m[38;2;138;148;168msk your question...[39m
[38;2;138;148;168m────────────────────────────────────────────────────────────────────────────────[39m
  [38;2;138;148;168m? for shortcuts · [38;2;2;136;142mtaste on[39m



[?2026l[?2026h[2K[1A[2K[1A[2K[1A[2K[1A[2K[1A[2K[1A[2K[1A[2K[1A[2K[1A[2K[G[48;2;45;43;85m[38;2;228;204;255m [1m○ [22m[38;2;110;97;163mFile operation a[38;2;165;153;233ml[38;2;228;204;255ml[38;2;171;165;206mo[38;2;204;199;225mw[38;2;255;255;255me[38;2;234;218;255md[38;2;228;204;255m [39m[49m [1m[38;2;138;148;168mesc[39m[22m [38;2;138;148;168mto interrupt[39m [38;2;138;148;168m•[39m [38;2;138;148;168m47s[39m [38;2;138;148;168m•[39m [38;2;138;148;168m↓[39m [38;2;138;148;168m13.2k[39m
 [38;2;138;148;168m ⎿  Tip: Use shift+tab to enable auto-accept[39m
[38;2;138;148;168m────────────────────────────────────────────────────────────────────────────────[39m
❯ [7mA[27m[38;2;138;148;168msk your question...[39m
[38;2;138;148;168m────────────────────────────────────────────────────────────────────────────────[39m
  [38;2;138;148;168m? for shortcuts · [38;2;2;136;142mtaste on[39m



[?2026l[?2026h[2K[1A[2K[1A[2K[1A[2K[1A[2K[1A[2K[1A[2K[1A[2K[1A[2K[1A[2K[G[48;2;45;43;85m[38;2;228;204;255m [1m· [22m[38;2;110;97;163mFile operation al[38;2;165;153;233ml[38;2;228;204;255mo[38;2;171;165;206mw[38;2;204;199;225me[38;2;255;255;255md[38;2;228;204;255m [39m[49m [1m[38;2;138;148;168mesc[39m[22m [38;2;138;148;168mto interrupt[39m [38;2;138;148;168m•[39m [38;2;138;148;168m47s[39m [38;2;138;148;168m•[39m [38;2;138;148;168m↓[39m [38;2;138;148;168m13.2k[39m
 [38;2;138;148;168m ⎿  Tip: Use shift+tab to enable auto-accept[39m
[38;2;138;148;168m────────────────────────────────────────────────────────────────────────────────[39m
❯ [7mA[27m[38;2;138;148;168msk your question...[39m
[38;2;138;148;168m────────────────────────────────────────────────────────────────────────────────[39m
  [38;2;138;148;168m? for shortcuts · [38;2;2;136;142mtaste on[39m



[?2026l[?2026h[2K[1A[2K[1A[2K[1A[2K[1A[2K[1A[2K[1A[2K[1A[2K[1A[2K[1A[2K[G[48;2;45;43;85m[38;2;228;204;255m [1m· [22m[38;2;110;97;163mFile operation all[38;2;165;153;233mo[38;2;228;204;255mw[38;2;171;165;206me[38;2;204;199;225md[38;2;228;204;255m [39m[49m [1m[38;2;138;148;168mesc[39m[22m [38;2;138;148;168mto interrupt[39m [38;2;138;148;168m•[39m [38;2;138;148;168m47s[39m [38;2;138;148;168m•[39m [38;2;138;148;168m↓[39m [38;2;138;148;168m13.2k[39m
 [38;2;138;148;168m ⎿  Tip: Use shift+tab to enable auto-accept[39m
[38;2;138;148;168m────────────────────────────────────────────────────────────────────────────────[39m
❯ [7mA[27m[38;2;138;148;168msk your question...[39m
[38;2;138;148;168m────────────────────────────────────────────────────────────────────────────────[39m
  [38;2;138;148;168m? for shortcuts · [38;2;2;136;142mtaste on[39m



[?2026l[?2026h[2K[1A[2K[1A[2K[1A[2K[1A[2K[1A[2K[1A[2K[1A[2K[1A[2K[1A[2K[G[48;2;45;43;85m[38;2;228;204;255m [1m· [22m[38;2;110;97;163mFile operation allo[38;2;165;153;233mw[38;2;228;204;255me[38;2;171;165;206md[38;2;228;204;255m [39m[49m [1m[38;2;138;148;168mesc[39m[22m [38;2;138;148;168mto interrupt[39m [38;2;138;148;168m•[39m [38;2;138;148;168m47s[39m [38;2;138;148;168m•[39m [38;2;138;148;168m↓[39m [38;2;138;148;168m13.2k[39m
 [38;2;138;148;168m ⎿  Tip: Use shift+tab to enable auto-accept[39m
[38;2;138;148;168m────────────────────────────────────────────────────────────────────────────────[39m
❯ [7mA[27m[38;2;138;148;168msk your question...[39m
[38;2;138;148;168m────────────────────────────────────────────────────────────────────────────────[39m
  [38;2;138;148;168m? for shortcuts · [38;2;2;136;142mtaste on[39m



[?2026l[?2026h[2K[1A[2K[1A[2K[1A[2K[1A[2K[1A[2K[1A[2K[1A[2K[1A[2K[1A[2K[G[48;2;45;43;85m[38;2;228;204;255m [1m○ [22m[38;2;110;97;163mFile operation allow[38;2;165;153;233me[38;2;228;204;255md [39m[49m [1m[38;2;138;148;168mesc[39m[22m [38;2;138;148;168mto interrupt[39m [38;2;138;148;168m•[39m [38;2;138;148;168m48s[39m [38;2;138;148;168m•[39m [38;2;138;148;168m↓[39m [38;2;138;148;168m13.2k[39m
 [38;2;138;148;168m ⎿  Tip: Use shift+tab to enable auto-accept[39m
[38;2;138;148;168m────────────────────────────────────────────────────────────────────────────────[39m
❯ [7mA[27m[38;2;138;148;168msk your question...[39m
[38;2;138;148;168m────────────────────────────────────────────────────────────────────────────────[39m
  [38;2;138;148;168m? for shortcuts · [38;2;2;136;142mtaste on[39m



[?2026l[?2026h[2K[1A[2K[1A[2K[1A[2K[1A[2K[1A[2K[1A[2K[1A[2K[1A[2K[1A[2K[G[48;2;45;43;85m[38;2;228;204;255m [1m○ [22m[38;2;110;97;163mFile operation allowe[38;2;165;153;233md[38;2;228;204;255m [39m[49m [1m[38;2;138;148;168mesc[39m[22m [38;2;138;148;168mto interrupt[39m [38;2;138;148;168m•[39m [38;2;138;148;168m48s[39m [38;2;138;148;168m•[39m [38;2;138;148;168m↓[39m [38;2;138;148;168m13.2k[39m
 [38;2;138;148;168m ⎿  Tip: Use shift+tab to enable auto-accept[39m
[38;2;138;148;168m────────────────────────────────────────────────────────────────────────────────[39m
❯ [7mA[27m[38;2;138;148;168msk your question...[39m
[38;2;138;148;168m────────────────────────────────────────────────────────────────────────────────[39m
  [38;2;138;148;168m? for shortcuts · [38;2;2;136;142mtaste on[39m



[?2026l[?2026h[2K[1A[2K[1A[2K[1A[2K[1A[2K[1A[2K[1A[2K[1A[2K[1A[2K[1A[2K[G[48;2;45;43;85m[38;2;228;204;255m [1m◇ [22m[38;2;110;97;163mFile operation allowed[38;2;228;204;255m [39m[49m [1m[38;2;138;148;168mesc[39m[22m [38;2;138;148;168mto interrupt[39m [38;2;138;148;168m•[39m [38;2;138;148;168m48s[39m [38;2;138;148;168m•[39m [38;2;138;148;168m↓[39m [38;2;138;148;168m13.2k[39m
 [38;2;138;148;168m ⎿  Tip: Use shift+tab to enable auto-accept[39m
[38;2;138;148;168m────────────────────────────────────────────────────────────────────────────────[39m
❯ [7mA[27m[38;2;138;148;168msk your question...[39m
[38;2;138;148;168m────────────────────────────────────────────────────────────────────────────────[39m
  [38;2;138;148;168m? for shortcuts · [38;2;2;136;142mtaste on[39m



[?2026l[?2026h[2K[1A[2K[1A[2K[1A[2K[1A[2K[1A[2K[1A[2K[1A[2K[1A[2K[1A[2K[G[48;2;45;43;85m[38;2;228;204;255m [1m☆ [22m[38;2;110;97;163mFile operation allowed[38;2;228;204;255m [39m[49m [1m[38;2;138;148;168mesc[39m[22m [38;2;138;148;168mto interrupt[39m [38;2;138;148;168m•[39m [38;2;138;148;168m48s[39m [38;2;138;148;168m•[39m [38;2;138;148;168m↓[39m [38;2;138;148;168m13.2k[39m
 [38;2;138;148;168m ⎿  Tip: Use shift+tab to enable auto-accept[39m
[38;2;138;148;168m────────────────────────────────────────────────────────────────────────────────[39m
❯ [7mA[27m[38;2;138;148;168msk your question...[39m
[38;2;138;148;168m────────────────────────────────────────────────────────────────────────────────[39m
  [38;2;138;148;168m? for shortcuts · [38;2;2;136;142mtaste on[39m



[?2026l[?2026h[2K[1A[2K[1A[2K[1A[2K[1A[2K[1A[2K[1A[2K[1A[2K[1A[2K[1A[2K[G[48;2;45;43;85m[38;2;228;204;255m [1m✧ [22m[38;2;110;97;163mFile operation allowed[38;2;228;204;255m [39m[49m [1m[38;2;138;148;168mesc[39m[22m [38;2;138;148;168mto interrupt[39m [38;2;138;148;168m•[39m [38;2;138;148;168m48s[39m [38;2;138;148;168m•[39m [38;2;138;148;168m↓[39m [38;2;138;148;168m13.2k[39m
 [38;2;138;148;168m ⎿  Tip: Use shift+tab to enable auto-accept[39m
[38;2;138;148;168m────────────────────────────────────────────────────────────────────────────────[39m
❯ [7mA[27m[38;2;138;148;168msk your question...[39m
[38;2;138;148;168m────────────────────────────────────────────────────────────────────────────────[39m
  [38;2;138;148;168m? for shortcuts · [38;2;2;136;142mtaste on[39m



[?2026l[?2026h[2K[1A[2K[1A[2K[1A[2K[1A[2K[1A[2K[1A[2K[1A[2K[1A[2K[1A[2K[G[48;2;45;43;85m[38;2;228;204;255m [1m✧ [22m[38;2;110;97;163mRevi[38;2;165;153;233me[38;2;228;204;255mw[38;2;171;165;206mi[38;2;204;199;225mn[38;2;255;255;255mg[38;2;234;218;255m…[38;2;228;204;255m [39m[49m [1m[38;2;138;148;168mesc[39m[22m [38;2;138;148;168mto interrupt[39m [38;2;138;148;168m•[39m [38;2;138;148;168m48s[39m [38;2;138;148;168m•[39m [38;2;138;148;168m↓[39m [38;2;138;148;168m13.2k[39m
 [38;2;138;148;168m ⎿  Tip: Use shift+tab to enable auto-accept[39m
[38;2;138;148;168m────────────────────────────────────────────────────────────────────────────────[39m
❯ [7mA[27m[38;2;138;148;168msk your question...[39m
[38;2;138;148;168m────────────────────────────────────────────────────────────────────────────────[39m
  [38;2;138;148;168m? for shortcuts · [38;2;2;136;142mtaste on[39m



[?2026l[?2026h[2K[1A[2K[1A[2K[1A[2K[1A[2K[1A[2K[1A[2K[1A[2K[1A[2K[1A[2K[G[48;2;45;43;85m[38;2;228;204;255m [1m☆ [22m[38;2;110;97;163mRevie[38;2;165;153;233mw[38;2;228;204;255mi[38;2;171;165;206mn[38;2;204;199;225mg[38;2;255;255;255m…[38;2;228;204;255m [39m[49m [1m[38;2;138;148;168mesc[39m[22m [38;2;138;148;168mto interrupt[39m [38;2;138;148;168m•[39m [38;2;138;148;168m48s[39m [38;2;138;148;168m•[39m [38;2;138;148;168m↓[39m [38;2;138;148;168m13.2k[39m
 [38;2;138;148;168m ⎿  Tip: Use shift+tab to enable auto-accept[39m
[38;2;138;148;168m────────────────────────────────────────────────────────────────────────────────[39m
❯ [7mA[27m[38;2;138;148;168msk your question...[39m
[38;2;138;148;168m────────────────────────────────────────────────────────────────────────────────[39m
  [38;2;138;148;168m? for shortcuts · [38;2;2;136;142mtaste on[39m



[?2026l[?2026h[2K[1A[2K[1A[2K[1A[2K[1A[2K[1A[2K[1A[2K[1A[2K[1A[2K[1A[2K[G[48;2;45;43;85m[38;2;228;204;255m [1m◇ [22m[38;2;110;97;163mReview[38;2;165;153;233mi[38;2;228;204;255mn[38;2;171;165;206mg[38;2;204;199;225m…[38;2;228;204;255m [39m[49m [1m[38;2;138;148;168mesc[39m[22m [38;2;138;148;168mto interrupt[39m [38;2;138;148;168m•[39m [38;2;138;148;168m48s[39m [38;2;138;148;168m•[39m [38;2;138;148;168m↓[39m [38;2;138;148;168m13.2k[39m
 [38;2;138;148;168m ⎿  Tip: Use shift+tab to enable auto-accept[39m
[38;2;138;148;168m────────────────────────────────────────────────────────────────────────────────[39m
❯ [7mA[27m[38;2;138;148;168msk your question...[39m
[38;2;138;148;168m────────────────────────────────────────────────────────────────────────────────[39m
  [38;2;138;148;168m? for shortcuts · [38;2;2;136;142mtaste on[39m



[?2026l[?2026h[2K[1A[2K[1A[2K[1A[2K[1A[2K[1A[2K[1A[2K[1A[2K[1A[2K[1A[2K[G[48;2;45;43;85m[38;2;228;204;255m [1m○ [22m[38;2;110;97;163mReviewi[38;2;165;153;233mn[38;2;228;204;255mg[38;2;171;165;206m…[38;2;228;204;255m [39m[49m [1m[38;2;138;148;168mesc[39m[22m [38;2;138;148;168mto interrupt[39m [38;2;138;148;168m•[39m [38;2;138;148;168m48s[39m [38;2;138;148;168m•[39m [38;2;138;148;168m↓[39m [38;2;138;148;168m13.2k[39m
 [38;2;138;148;168m ⎿  Tip: Use shift+tab to enable auto-accept[39m
[38;2;138;148;168m────────────────────────────────────────────────────────────────────────────────[39m
❯ [7mA[27m[38;2;138;148;168msk your question...[39m
[38;2;138;148;168m────────────────────────────────────────────────────────────────────────────────[39m
  [38;2;138;148;168m? for shortcuts · [38;2;2;136;142mtaste on[39m



[?2026l[?2026h[2K[1A[2K[1A[2K[1A[2K[1A[2K[1A[2K[1A[2K[1A[2K[1A[2K[1A[2K[G[48;2;45;43;85m[38;2;228;204;255m [1m⌘ [22m[38;2;110;97;163mReviewin[38;2;165;153;233mg[38;2;228;204;255m… [39m[49m [1m[38;2;138;148;168mesc[39m[22m [38;2;138;148;168mto interrupt[39m [38;2;138;148;168m•[39m [38;2;138;148;168m48s[39m [38;2;138;148;168m•[39m [38;2;138;148;168m↓[39m [38;2;138;148;168m13.2k[39m
 [38;2;138;148;168m ⎿  Tip: Use shift+tab to enable auto-accept[39m
[38;2;138;148;168m────────────────────────────────────────────────────────────────────────────────[39m
❯ [7mA[27m[38;2;138;148;168msk your question...[39m
[38;2;138;148;168m────────────────────────────────────────────────────────────────────────────────[39m
  [38;2;138;148;168m? for shortcuts · [38;2;2;136;142mtaste on[39m



[?2026l[?2026h[2K[1A[2K[1A[2K[1A[2K[1A[2K[1A[2K[1A[2K[1A[2K[1A[2K[1A[2K[G[48;2;45;43;85m[38;2;228;204;255m [1m⌘ [22m[38;2;110;97;163mReviewing[38;2;165;153;233m…[38;2;228;204;255m [39m[49m [1m[38;2;138;148;168mesc[39m[22m [38;2;138;148;168mto interrupt[39m [38;2;138;148;168m•[39m [38;2;138;148;168m48s[39m [38;2;138;148;168m•[39m [38;2;138;148;168m↓[39m [38;2;138;148;168m13.2k[39m
 [38;2;138;148;168m ⎿  Tip: Use shift+tab to enable auto-accept[39m
[38;2;138;148;168m────────────────────────────────────────────────────────────────────────────────[39m
❯ [7mA[27m[38;2;138;148;168msk your question...[39m
[38;2;138;148;168m────────────────────────────────────────────────────────────────────────────────[39m
  [38;2;138;148;168m? for shortcuts · [38;2;2;136;142mtaste on[39m



[?2026l[?2026h[2K[1A[2K[1A[2K[1A[2K[1A[2K[1A[2K[1A[2K[1A[2K[1A[2K[1A[2K[G[48;2;45;43;85m[38;2;228;204;255m [1m⌘ [22m[38;2;110;97;163mReviewing…[38;2;228;204;255m [39m[49m [1m[38;2;138;148;168mesc[39m[22m [38;2;138;148;168mto interrupt[39m [38;2;138;148;168m•[39m [38;2;138;148;168m48s[39m [38;2;138;148;168m•[39m [38;2;138;148;168m↓[39m [38;2;138;148;168m13.2k[39m
 [38;2;138;148;168m ⎿  Tip: Use shift+tab to enable auto-accept[39m
[38;2;138;148;168m────────────────────────────────────────────────────────────────────────────────[39m
❯ [7mA[27m[38;2;138;148;168msk your question...[39m
[38;2;138;148;168m────────────────────────────────────────────────────────────────────────────────[39m
  [38;2;138;148;168m? for shortcuts · [38;2;2;136;142mtaste on[39m



[?2026l[?2026h[2K[1A[2K[1A[2K[1A[2K[1A[2K[1A[2K[1A[2K[1A[2K[1A[2K[1A[2K[G[48;2;45;43;85m[38;2;228;204;255m [1m○ [22m[38;2;110;97;163mReviewing…[38;2;228;204;255m [39m[49m [1m[38;2;138;148;168mesc[39m[22m [38;2;138;148;168mto interrupt[39m [38;2;138;148;168m•[39m [38;2;138;148;168m48s[39m [38;2;138;148;168m•[39m [38;2;138;148;168m↓[39m [38;2;138;148;168m13.2k[39m
 [38;2;138;148;168m ⎿  Tip: Use shift+tab to enable auto-accept[39m
[38;2;138;148;168m────────────────────────────────────────────────────────────────────────────────[39m
❯ [7mA[27m[38;2;138;148;168msk your question...[39m
[38;2;138;148;168m────────────────────────────────────────────────────────────────────────────────[39m
  [38;2;138;148;168m? for shortcuts · [38;2;2;136;142mtaste on[39m



[?2026l[?2026h[2K[1A[2K[1A[2K[1A[2K[1A[2K[1A[2K[1A[2K[1A[2K[1A[2K[1A[2K[G[48;2;45;43;85m[38;2;228;204;255m [1m○ [22m[38;2;110;97;163mReviewing…[38;2;228;204;255m [39m[49m [1m[38;2;138;148;168mesc[39m[22m [38;2;138;148;168mto interrupt[39m [38;2;138;148;168m•[39m [38;2;138;148;168m49s[39m [38;2;138;148;168m•[39m [38;2;138;148;168m↓[39m [38;2;138;148;168m13.2k[39m
 [38;2;138;148;168m ⎿  Tip: Use shift+tab to enable auto-accept[39m
[38;2;138;148;168m────────────────────────────────────────────────────────────────────────────────[39m
❯ [7mA[27m[38;2;138;148;168msk your question...[39m
[38;2;138;148;168m────────────────────────────────────────────────────────────────────────────────[39m
  [38;2;138;148;168m? for shortcuts · [38;2;2;136;142mtaste on[39m



[?2026l[?2026h[2K[1A[2K[1A[2K[1A[2K[1A[2K[1A[2K[1A[2K[1A[2K[1A[2K[1A[2K[G[48;2;45;43;85m[38;2;228;204;255m [1m◇ [22m[38;2;110;97;163mReviewing…[38;2;228;204;255m [39m[49m [1m[38;2;138;148;168mesc[39m[22m [38;2;138;148;168mto interrupt[39m [38;2;138;148;168m•[39m [38;2;138;148;168m49s[39m [38;2;138;148;168m•[39m [38;2;138;148;168m↓[39m [38;2;138;148;168m13.2k[39m
 [38;2;138;148;168m ⎿  Tip: Use shift+tab to enable auto-accept[39m
[38;2;138;148;168m────────────────────────────────────────────────────────────────────────────────[39m
❯ [7mA[27m[38;2;138;148;168msk your question...[39m
[38;2;138;148;168m────────────────────────────────────────────────────────────────────────────────[39m
  [38;2;138;148;168m? for shortcuts · [38;2;2;136;142mtaste on[39m



[?2026l]0;⌘ Command Code · orch-go · deepseek-v4-flash-(latest)]2;⌘ Command Code · orch-go · deepseek-v4-flash-(latest)[?2026h[2K[1A[2K[1A[2K[1A[2K[1A[2K[1A[2K[1A[2K[1A[2K[1A[2K[1A[2K[G[48;2;45;43;85m[38;2;228;204;255m [1m☆ [22m[38;2;110;97;163mReviewing…[38;2;228;204;255m [39m[49m [1m[38;2;138;148;168mesc[39m[22m [38;2;138;148;168mto interrupt[39m [38;2;138;148;168m•[39m [38;2;138;148;168m49s[39m [38;2;138;148;168m•[39m [38;2;138;148;168m↓[39m [38;2;138;148;168m13.2k[39m
 [38;2;138;148;168m ⎿  Tip: Use shift+tab to enable auto-accept[39m
[38;2;138;148;168m────────────────────────────────────────────────────────────────────────────────[39m
❯ [7mA[27m[38;2;138;148;168msk your question...[39m
[38;2;138;148;168m────────────────────────────────────────────────────────────────────────────────[39m
  [38;2;138;148;168m? for shortcuts · [38;2;2;136;142mtaste on[39m



[?2026l[?2026h[2K[1A[2K[1A[2K[1A[2K[1A[2K[1A[2K[1A[2K[1A[2K[1A[2K[1A[2K[G[48;2;45;43;85m[38;2;228;204;255m [1m✧ [22m[38;2;234;218;255mR[38;2;171;165;206me[38;2;228;204;255mv[38;2;165;153;233mi[38;2;110;97;163mewing…[38;2;228;204;255m [39m[49m [1m[38;2;138;148;168mesc[39m[22m [38;2;138;148;168mto interrupt[39m [38;2;138;148;168m•[39m [38;2;138;148;168m49s[39m [38;2;138;148;168m•[39m [38;2;138;148;168m↓[39m [38;2;138;148;168m13.2k[39m
 [38;2;138;148;168m ⎿  Tip: Use shift+tab to enable auto-accept[39m
[38;2;138;148;168m────────────────────────────────────────────────────────────────────────────────[39m
❯ [7mA[27m[38;2;138;148;168msk your question...[39m
[38;2;138;148;168m────────────────────────────────────────────────────────────────────────────────[39m
  [38;2;138;148;168m? for shortcuts · [38;2;2;136;142mtaste on[39m



[?2026l[?2026h[2K[1A[2K[1A[2K[1A[2K[1A[2K[1A[2K[1A[2K[1A[2K[1A[2K[1A[2K[G[48;2;45;43;85m[38;2;228;204;255m [1m☆ [22m[38;2;255;255;255mR[38;2;234;218;255me[38;2;171;165;206mv[38;2;228;204;255mi[38;2;165;153;233me[38;2;110;97;163mwing…[38;2;228;204;255m [39m[49m [1m[38;2;138;148;168mesc[39m[22m [38;2;138;148;168mto interrupt[39m [38;2;138;148;168m•[39m [38;2;138;148;168m49s[39m [38;2;138;148;168m•[39m [38;2;138;148;168m↓[39m [38;2;138;148;168m13.2k[39m
 [38;2;138;148;168m ⎿  Tip: Use shift+tab to enable auto-accept[39m
[38;2;138;148;168m────────────────────────────────────────────────────────────────────────────────[39m
❯ [7mA[27m[38;2;138;148;168msk your question...[39m
[38;2;138;148;168m────────────────────────────────────────────────────────────────────────────────[39m
  [38;2;138;148;168m? for shortcuts · [38;2;2;136;142mtaste on[39m



[?2026l[?2026h[2K[1A[2K[1A[2K[1A[2K[1A[2K[1A[2K[1A[2K[1A[2K[1A[2K[1A[2K[G[38;2;165;153;233m⠶[39m Review written to [38;2;177;186;249m.orch/202609[39m

[48;2;45;43;85m[38;2;228;204;255m [1m☆ [22m[38;2;255;255;255mR[38;2;234;218;255me[38;2;171;165;206mv[38;2;228;204;255mi[38;2;165;153;233me[38;2;110;97;163mwing…[38;2;228;204;255m [39m[49m [1m[38;2;138;148;168mesc[39m[22m [38;2;138;148;168mto interrupt[39m [38;2;138;148;168m•[39m [38;2;138;148;168m49s[39m [38;2;138;148;168m•[39m [38;2;138;148;168m↓[39m [38;2;138;148;168m13.2k[39m
 [38;2;138;148;168m ⎿  Tip: Use shift+tab to enable auto-accept[39m
[38;2;138;148;168m────────────────────────────────────────────────────────────────────────────────[39m
❯ [7mA[27m[38;2;138;148;168msk your question...[39m
[38;2;138;148;168m────────────────────────────────────────────────────────────────────────────────[39m
  [38;2;138;148;168m? for shortcuts · [38;2;2;136;142mtaste on[39m



[?2026l[?2026h[2K[1A[2K[1A[2K[1A[2K[1A[2K[1A[2K[1A[2K[1A[2K[1A[2K[1A[2K[1A[2K[1A[2K[G[38;2;165;153;233m⠶[39m Review written to [38;2;177;186;249m.orch/202609[39m

[48;2;45;43;85m[38;2;228;204;255m [1m◇ [22m[38;2;204;199;225mR[38;2;255;255;255me[38;2;234;218;255mv[38;2;171;165;206mi[38;2;228;204;255me[38;2;165;153;233mw[38;2;110;97;163ming…[38;2;228;204;255m [39m[49m [1m[38;2;138;148;168mesc[39m[22m [38;2;138;148;168mto interrupt[39m [38;2;138;148;168m•[39m [38;2;138;148;168m49s[39m [38;2;138;148;168m•[39m [38;2;138;148;168m↓[39m [38;2;138;148;168m13.2k[39m
 [38;2;138;148;168m ⎿  Tip: Use shift+tab to enable auto-accept[39m
[38;2;138;148;168m────────────────────────────────────────────────────────────────────────────────[39m
❯ [7mA[27m[38;2;138;148;168msk your question...[39m
[38;2;138;148;168m────────────────────────────────────────────────────────────────────────────────[39m
  [38;2;138;148;168m? for shortcuts · [38;2;2;136;142mtaste on[39m



[?2026l[?2026h[2K[1A[2K[1A[2K[1A[2K[1A[2K[1A[2K[1A[2K[1A[2K[1A[2K[1A[2K[1A[2K[1A[2K[G[38;2;165;153;233m⠶[39m Review written to [38;2;177;186;249m.orch/20260921-170242/4-review.md[39m.

[?2026h  I verified against the real

[48;2;45;43;85m[38;2;228;204;255m [1m◇ [22m[38;2;204;199;225mR[38;2;255;255;255me[38;2;234;218;255mv[38;2;171;165;206mi[38;2;228;204;255me[38;2;165;153;233mw[38;2;110;97;163ming…[38;2;228;204;255m [39m[49m [1m[38;2;138;148;168mesc[39m[22m [38;2;138;148;168mto interrupt[39m [38;2;138;148;168m•[39m [38;2;138;148;168m49s[39m [38;2;138;148;168m•[39m [38;2;138;148;168m↓[39m [38;2;138;148;168m13.2k[39m
 [38;2;138;148;168m ⎿  Tip: Use shift+tab to enable auto-accept[39m
[38;2;138;148;168m────────────────────────────────────────────────────────────────────────────────[39m
❯ [7mA[27m[38;2;138;148;168msk your question...[39m
[38;2;138;148;168m────────────────────────────────────────────────────────────────────────────────[39m
  [38;2;138;148;168m? for shortcuts · [38;2;2;136;142mtaste on[39m



[?2026l[?2026l[?2026h[2K[1A[2K[1A[2K[1A[2K[1A[2K[1A[2K[1A[2K[1A[2K[1A[2K[1A[2K[1A[2K[1A[2K[G  I verified against the real

[48;2;45;43;85m[38;2;228;204;255m [1m○ [22m[38;2;171;165;206mR[38;2;204;199;225me[38;2;255;255;255mv[38;2;234;218;255mi[38;2;171;165;206me[38;2;228;204;255mw[38;2;165;153;233mi[38;2;110;97;163mng…[38;2;228;204;255m [39m[49m [1m[38;2;138;148;168mesc[39m[22m [38;2;138;148;168mto interrupt[39m [38;2;138;148;168m•[39m [38;2;138;148;168m49s[39m [38;2;138;148;168m•[39m [38;2;138;148;168m↓[39m [38;2;138;148;168m13.2k[39m
 [38;2;138;148;168m ⎿  Tip: Use shift+tab to enable auto-accept[39m
[38;2;138;148;168m────────────────────────────────────────────────────────────────────────────────[39m
❯ [7mA[27m[38;2;138;148;168msk your question...[39m
[38;2;138;148;168m────────────────────────────────────────────────────────────────────────────────[39m
  [38;2;138;148;168m? for shortcuts · [38;2;2;136;142mtaste on[39m



[?2026l[?2026h[2K[1A[2K[1A[2K[1A[2K[1A[2K[1A[2K[1A[2K[1A[2K[1A[2K[1A[2K[1A[2K[1A[2K[G  I verified against the real source rather than the summary: the README
   documents all 5 commands ([38;2;177;186;249mlist[39m/[38;2;177;186;249mls[39m, [38;2;177;186;249mrun[39m, [38;2;177;186;249mbuild[39m, [38;2;177;186;249mversion[39m, [38;2;177;186;249mhelp[39m) and all
   3 agents ([38;2;177;186;249magy[39m,

[48;2;45;43;85m[38;2;228;204;255m [1m○ [22m[38;2;171;165;206mR[38;2;204;199;225me[38;2;255;255;255mv[38;2;234;218;255mi[38;2;171;165;206me[38;2;228;204;255mw[38;2;165;153;233mi[38;2;110;97;163mng…[38;2;228;204;255m [39m[49m [1m[38;2;138;148;168mesc[39m[22m [38;2;138;148;168mto interrupt[39m [38;2;138;148;168m•[39m [38;2;138;148;168m49s[39m [38;2;138;148;168m•[39m [38;2;138;148;168m↓[39m [38;2;138;148;168m13.2k[39m
 [38;2;138;148;168m ⎿  Tip: Use shift+tab to enable auto-accept[39m
[38;2;138;148;168m────────────────────────────────────────────────────────────────────────────────[39m
❯ [7mA[27m[38;2;138;148;168msk your question...[39m
[38;2;138;148;168m────────────────────────────────────────────────────────────────────────────────[39m
  [38;2;138;148;168m? for shortcuts · [38;2;2;136;142mtaste on[39m



[?2026l[?2026h[2K[1A[2K[1A[2K[1A[2K[1A[2K[1A[2K[1A[2K[1A[2K[1A[2K[1A[2K[1A[2K[1A[2K[1A[2K[1A[2K[G  I verified against the real source rather than the summary: the README
   documents all 5 commands ([38;2;177;186;249mlist[39m/[38;2;177;186;249mls[39m, [38;2;177;186;249mrun[39m, [38;2;177;186;249mbuild[39m, [38;2;177;186;249mversion[39m, [38;2;177;186;249mhelp[39m) and all
   3 agents ([38;2;177;186;249magy[39m,

[48;2;45;43;85m[38;2;228;204;255m [1m· [22mR[38;2;171;165;206me[38;2;204;199;225mv[38;2;255;255;255mi[38;2;234;218;255me[38;2;171;165;206mw[38;2;228;204;255mi[38;2;165;153;233mn[38;2;110;97;163mg…[38;2;228;204;255m [39m[49m [1m[38;2;138;148;168mesc[39m[22m [38;2;138;148;168mto interrupt[39m [38;2;138;148;168m•[39m [38;2;138;148;168m49s[39m [38;2;138;148;168m•[39m [38;2;138;148;168m↓[39m [38;2;138;148;168m13.2k[39m
 [38;2;138;148;168m ⎿  Tip: Use shift+tab to enable auto-accept[39m
[38;2;138;148;168m────────────────────────────────────────────────────────────────────────────────[39m
❯ [7mA[27m[38;2;138;148;168msk your question...[39m
[38;2;138;148;168m────────────────────────────────────────────────────────────────────────────────[39m
  [38;2;138;148;168m? for shortcuts · [38;2;2;136;142mtaste on[39m



[?2026l[?2026h[2K[1A[2K[1A[2K[1A[2K[1A[2K[1A[2K[1A[2K[1A[2K[1A[2K[1A[2K[1A[2K[1A[2K[1A[2K[1A[2K[G  I verified against the real source rather than the summary: the README
   documents all 5 commands ([38;2;177;186;249mlist[39m/[38;2;177;186;249mls[39m, [38;2;177;186;249mrun[39m, [38;2;177;186;249mbuild[39m, [38;2;177;186;249mversion[39m, [38;2;177;186;249mhelp[39m) and all
   3 agents ([38;2;177;186;249magy[39m, [38;2;177;186;249mcommand-code[39m, [38;2;177;186;249mcop[39m

[48;2;45;43;85m[38;2;228;204;255m [1m· [22mR[38;2;171;165;206me[38;2;204;199;225mv[38;2;255;255;255mi[38;2;234;218;255me[38;2;171;165;206mw[38;2;228;204;255mi[38;2;165;153;233mn[38;2;110;97;163mg…[38;2;228;204;255m [39m[49m [1m[38;2;138;148;168mesc[39m[22m [38;2;138;148;168mto interrupt[39m [38;2;138;148;168m•[39m [38;2;138;148;168m49s[39m [38;2;138;148;168m•[39m [38;2;138;148;168m↓[39m [38;2;138;148;168m13.2k[39m
 [38;2;138;148;168m ⎿  Tip: Use shift+tab to enable auto-accept[39m
[38;2;138;148;168m────────────────────────────────────────────────────────────────────────────────[39m
❯ [7mA[27m[38;2;138;148;168msk your question...[39m
[38;2;138;148;168m────────────────────────────────────────────────────────────────────────────────[39m
  [38;2;138;148;168m? for shortcuts · [38;2;2;136;142mtaste on[39m



[?2026l[?2026h[2K[1A[2K[1A[2K[1A[2K[1A[2K[1A[2K[1A[2K[1A[2K[1A[2K[1A[2K[1A[2K[1A[2K[1A[2K[1A[2K[G  I verified against the real source rather than the summary: the README
   documents all 5 commands ([38;2;177;186;249mlist[39m/[38;2;177;186;249mls[39m, [38;2;177;186;249mrun[39m, [38;2;177;186;249mbuild[39m, [38;2;177;186;249mversion[39m, [38;2;177;186;249mhelp[39m) and all
   3 agents ([38;2;177;186;249magy[39m, [38;2;177;186;249mcommand-code[39m, [38;2;177;186;249mcopilot[39m) with flags matching [38;2;177;186;249magent.go[39m,
  [38;2;177;186;249mmain.go[39m, and [38;2;177;186;249mbuild.go[39m. Prerequisites ([38;2;177;186;249mgo 1.25.6[39m,

[48;2;45;43;85m[38;2;228;204;255m [1m· [22m[38;2;165;153;233mR[38;2;228;204;255me[38;2;171;165;206mv[38;2;204;199;225mi[38;2;255;255;255me[38;2;234;218;255mw[38;2;171;165;206mi[38;2;228;204;255mn[38;2;165;153;233mg[38;2;110;97;163m…[38;2;228;204;255m [39m[49m [1m[38;2;138;148;168mesc[39m[22m [38;2;138;148;168mto interrupt[39m [38;2;138;148;168m•[39m [38;2;138;148;168m49s[39m [38;2;138;148;168m•[39m [38;2;138;148;168m↓[39m [38;2;138;148;168m13.3k[39m
 [38;2;138;148;168m ⎿  Tip: Use shift+tab to enable auto-accept[39m
[38;2;138;148;168m────────────────────────────────────────────────────────────────────────────────[39m
❯ [7mA[27m[38;2;138;148;168msk your question...[39m
[38;2;138;148;168m────────────────────────────────────────────────────────────────────────────────[39m
  [38;2;138;148;168m? for shortcuts · [38;2;2;136;142mtaste on[39m



[?2026l[?2026h[2K[1A[2K[1A[2K[1A[2K[1A[2K[1A[2K[1A[2K[1A[2K[1A[2K[1A[2K[1A[2K[1A[2K[1A[2K[1A[2K[1A[2K[G  I verified against the real source rather than the summary: the README
   documents all 5 commands ([38;2;177;186;249mlist[39m/[38;2;177;186;249mls[39m, [38;2;177;186;249mrun[39m, [38;2;177;186;249mbuild[39m, [38;2;177;186;249mversion[39m, [38;2;177;186;249mhelp[39m) and all
   3 agents ([38;2;177;186;249magy[39m, [38;2;177;186;249mcommand-code[39m, [38;2;177;186;249mcopilot[39m) with flags matching [38;2;177;186;249magent.go[39m,
  [38;2;177;186;249mmain.go[39m, and [38;2;177;186;249mbuild.go[39m. Prerequisites ([38;2;177;186;249mgo 1.25.6[39m,

[48;2;45;43;85m[38;2;228;204;255m [1m· [22m[38;2;110;97;163mR[38;2;165;153;233me[38;2;228;204;255mv[38;2;171;165;206mi[38;2;204;199;225me[38;2;255;255;255mw[38;2;234;218;255mi[38;2;171;165;206mn[38;2;228;204;255mg[38;2;165;153;233m…[38;2;228;204;255m [39m[49m [1m[38;2;138;148;168mesc[39m[22m [38;2;138;148;168mto interrupt[39m [38;2;138;148;168m•[39m [38;2;138;148;168m49s[39m [38;2;138;148;168m•[39m [38;2;138;148;168m↓[39m [38;2;138;148;168m13.3k[39m
 [38;2;138;148;168m ⎿  Tip: Use shift+tab to enable auto-accept[39m
[38;2;138;148;168m────────────────────────────────────────────────────────────────────────────────[39m
❯ [7mA[27m[38;2;138;148;168msk your question...[39m
[38;2;138;148;168m────────────────────────────────────────────────────────────────────────────────[39m
  [38;2;138;148;168m? for shortcuts · [38;2;2;136;142mtaste on[39m



[?2026l[?2026h[2K[1A[2K[1A[2K[1A[2K[1A[2K[1A[2K[1A[2K[1A[2K[1A[2K[1A[2K[1A[2K[1A[2K[1A[2K[1A[2K[1A[2K[G  I verified against the real source rather than the summary: the README
   documents all 5 commands ([38;2;177;186;249mlist[39m/[38;2;177;186;249mls[39m, [38;2;177;186;249mrun[39m, [38;2;177;186;249mbuild[39m, [38;2;177;186;249mversion[39m, [38;2;177;186;249mhelp[39m) and all
   3 agents ([38;2;177;186;249magy[39m, [38;2;177;186;249mcommand-code[39m, [38;2;177;186;249mcopilot[39m) with flags matching [38;2;177;186;249magent.go[39m,
  [38;2;177;186;249mmain.go[39m, and [38;2;177;186;249mbuild.go[39m. Prerequisites ([38;2;177;186;249mgo 1.25.6[39m, [38;2;177;186;249mcreack/pty v1.1.24[39m),
  the permission-deny

[48;2;45;43;85m[38;2;228;204;255m [1m· [22m[38;2;110;97;163mR[38;2;165;153;233me[38;2;228;204;255mv[38;2;171;165;206mi[38;2;204;199;225me[38;2;255;255;255mw[38;2;234;218;255mi[38;2;171;165;206mn[38;2;228;204;255mg[38;2;165;153;233m…[38;2;228;204;255m [39m[49m [1m[38;2;138;148;168mesc[39m[22m [38;2;138;148;168mto interrupt[39m [38;2;138;148;168m•[39m [38;2;138;148;168m49s[39m [38;2;138;148;168m•[39m [38;2;138;148;168m↓[39m [38;2;138;148;168m13.3k[39m
 [38;2;138;148;168m ⎿  Tip: Use shift+tab to enable auto-accept[39m
[38;2;138;148;168m────────────────────────────────────────────────────────────────────────────────[39m
❯ [7mA[27m[38;2;138;148;168msk your question...[39m
[38;2;138;148;168m────────────────────────────────────────────────────────────────────────────────[39m
  [38;2;138;148;168m? for shortcuts · [38;2;2;136;142mtaste on[39m



[?2026l[?2026h[2K[1A[2K[1A[2K[1A[2K[1A[2K[1A[2K[1A[2K[1A[2K[1A[2K[1A[2K[1A[2K[1A[2K[1A[2K[1A[2K[1A[2K[1A[2K[G  I verified against the real source rather than the summary: the README
   documents all 5 commands ([38;2;177;186;249mlist[39m/[38;2;177;186;249mls[39m, [38;2;177;186;249mrun[39m, [38;2;177;186;249mbuild[39m, [38;2;177;186;249mversion[39m, [38;2;177;186;249mhelp[39m) and all
   3 agents ([38;2;177;186;249magy[39m, [38;2;177;186;249mcommand-code[39m, [38;2;177;186;249mcopilot[39m) with flags matching [38;2;177;186;249magent.go[39m,
  [38;2;177;186;249mmain.go[39m, and [38;2;177;186;249mbuild.go[39m. Prerequisites ([38;2;177;186;249mgo 1.25.6[39m, [38;2;177;186;249mcreack/pty v1.1.24[39m),
  the permission-deny list, the 3-cycle build workflow, and the
  exit-code table

[48;2;45;43;85m[38;2;228;204;255m [1m· [22m[38;2;110;97;163mR[38;2;165;153;233me[38;2;228;204;255mv[38;2;171;165;206mi[38;2;204;199;225me[38;2;255;255;255mw[38;2;234;218;255mi[38;2;171;165;206mn[38;2;228;204;255mg[38;2;165;153;233m…[38;2;228;204;255m [39m[49m [1m[38;2;138;148;168mesc[39m[22m [38;2;138;148;168mto interrupt[39m [38;2;138;148;168m•[39m [38;2;138;148;168m49s[39m [38;2;138;148;168m•[39m [38;2;138;148;168m↓[39m [38;2;138;148;168m13.3k[39m
 [38;2;138;148;168m ⎿  Tip: Use shift+tab to enable auto-accept[39m
[38;2;138;148;168m────────────────────────────────────────────────────────────────────────────────[39m
❯ [7mA[27m[38;2;138;148;168msk your question...[39m
[38;2;138;148;168m────────────────────────────────────────────────────────────────────────────────[39m
  [38;2;138;148;168m? for shortcuts · [38;2;2;136;142mtaste on[39m



[?2026l[?2026h[2K[1A[2K[1A[2K[1A[2K[1A[2K[1A[2K[1A[2K[1A[2K[1A[2K[1A[2K[1A[2K[1A[2K[1A[2K[1A[2K[1A[2K[1A[2K[1A[2K[G  I verified against the real source rather than the summary: the README
   documents all 5 commands ([38;2;177;186;249mlist[39m/[38;2;177;186;249mls[39m, [38;2;177;186;249mrun[39m, [38;2;177;186;249mbuild[39m, [38;2;177;186;249mversion[39m, [38;2;177;186;249mhelp[39m) and all
   3 agents ([38;2;177;186;249magy[39m, [38;2;177;186;249mcommand-code[39m, [38;2;177;186;249mcopilot[39m) with flags matching [38;2;177;186;249magent.go[39m,
  [38;2;177;186;249mmain.go[39m, and [38;2;177;186;249mbuild.go[39m. Prerequisites ([38;2;177;186;249mgo 1.25.6[39m, [38;2;177;186;249mcreack/pty v1.1.24[39m),
  the permission-deny list, the 3-cycle build workflow, and the
  exit-code table

[48;2;45;43;85m[38;2;228;204;255m [1m○ [22m[38;2;110;97;163mRe[38;2;165;153;233mv[38;2;228;204;255mi[38;2;171;165;206me[38;2;204;199;225mw[38;2;255;255;255mi[38;2;234;218;255mn[38;2;171;165;206mg[38;2;228;204;255m… [39m[49m [1m[38;2;138;148;168mesc[39m[22m [38;2;138;148;168mto interrupt[39m [38;2;138;148;168m•[39m [38;2;138;148;168m49s[39m [38;2;138;148;168m•[39m [38;2;138;148;168m↓[39m [38;2;138;148;168m13.3k[39m
 [38;2;138;148;168m ⎿  Tip: Use shift+tab to enable auto-accept[39m
[38;2;138;148;168m────────────────────────────────────────────────────────────────────────────────[39m
❯ [7mA[27m[38;2;138;148;168msk your question...[39m
[38;2;138;148;168m────────────────────────────────────────────────────────────────────────────────[39m
  [38;2;138;148;168m? for shortcuts · [38;2;2;136;142mtaste on[39m



[?2026l[?2026h[2K[1A[2K[1A[2K[1A[2K[1A[2K[1A[2K[1A[2K[1A[2K[1A[2K[1A[2K[1A[2K[1A[2K[1A[2K[1A[2K[1A[2K[1A[2K[1A[2K[G  I verified against the real source rather than the summary: the README
   documents all 5 commands ([38;2;177;186;249mlist[39m/[38;2;177;186;249mls[39m, [38;2;177;186;249mrun[39m, [38;2;177;186;249mbuild[39m, [38;2;177;186;249mversion[39m, [38;2;177;186;249mhelp[39m) and all
   3 agents ([38;2;177;186;249magy[39m, [38;2;177;186;249mcommand-code[39m, [38;2;177;186;249mcopilot[39m) with flags matching [38;2;177;186;249magent.go[39m,
  [38;2;177;186;249mmain.go[39m, and [38;2;177;186;249mbuild.go[39m. Prerequisites ([38;2;177;186;249mgo 1.25.6[39m, [38;2;177;186;249mcreack/pty v1.1.24[39m),
  the permission-deny list, the 3-cycle build workflow, and the
  exit-code table all check out. No Go files

[48;2;45;43;85m[38;2;228;204;255m [1m○ [22m[38;2;110;97;163mRe[38;2;165;153;233mv[38;2;228;204;255mi[38;2;171;165;206me[38;2;204;199;225mw[38;2;255;255;255mi[38;2;234;218;255mn[38;2;171;165;206mg[38;2;228;204;255m… [39m[49m [1m[38;2;138;148;168mesc[39m[22m [38;2;138;148;168mto interrupt[39m [38;2;138;148;168m•[39m [38;2;138;148;168m49s[39m [38;2;138;148;168m•[39m [38;2;138;148;168m↓[39m [38;2;138;148;168m13.3k[39m
 [38;2;138;148;168m ⎿  Tip: Use shift+tab to enable auto-accept[39m
[38;2;138;148;168m────────────────────────────────────────────────────────────────────────────────[39m
❯ [7mA[27m[38;2;138;148;168msk your question...[39m
[38;2;138;148;168m────────────────────────────────────────────────────────────────────────────────[39m
  [38;2;138;148;168m? for shortcuts · [38;2;2;136;142mtaste on[39m



[?2026l[?2026h[2K[1A[2K[1A[2K[1A[2K[1A[2K[1A[2K[1A[2K[1A[2K[1A[2K[1A[2K[1A[2K[1A[2K[1A[2K[1A[2K[1A[2K[1A[2K[1A[2K[G  I verified against the real source rather than the summary: the README
   documents all 5 commands ([38;2;177;186;249mlist[39m/[38;2;177;186;249mls[39m, [38;2;177;186;249mrun[39m, [38;2;177;186;249mbuild[39m, [38;2;177;186;249mversion[39m, [38;2;177;186;249mhelp[39m) and all
   3 agents ([38;2;177;186;249magy[39m, [38;2;177;186;249mcommand-code[39m, [38;2;177;186;249mcopilot[39m) with flags matching [38;2;177;186;249magent.go[39m,
  [38;2;177;186;249mmain.go[39m, and [38;2;177;186;249mbuild.go[39m. Prerequisites ([38;2;177;186;249mgo 1.25.6[39m, [38;2;177;186;249mcreack/pty v1.1.24[39m),
  the permission-deny list, the 3-cycle build workflow, and the
  exit-code table all check out. No Go files

[48;2;45;43;85m[38;2;228;204;255m [1m○ [22m[38;2;110;97;163mRev[38;2;165;153;233mi[38;2;228;204;255me[38;2;171;165;206mw[38;2;204;199;225mi[38;2;255;255;255mn[38;2;234;218;255mg[38;2;171;165;206m…[38;2;228;204;255m [39m[49m [1m[38;2;138;148;168mesc[39m[22m [38;2;138;148;168mto interrupt[39m [38;2;138;148;168m•[39m [38;2;138;148;168m49s[39m [38;2;138;148;168m•[39m [38;2;138;148;168m↓[39m [38;2;138;148;168m13.3k[39m
 [38;2;138;148;168m ⎿  Tip: Use shift+tab to enable auto-accept[39m
[38;2;138;148;168m────────────────────────────────────────────────────────────────────────────────[39m
❯ [7mA[27m[38;2;138;148;168msk your question...[39m
[38;2;138;148;168m────────────────────────────────────────────────────────────────────────────────[39m
  [38;2;138;148;168m? for shortcuts · [38;2;2;136;142mtaste on[39m



[?2026l[?2026h[2K[1A[2K[1A[2K[1A[2K[1A[2K[1A[2K[1A[2K[1A[2K[1A[2K[1A[2K[1A[2K[1A[2K[1A[2K[1A[2K[1A[2K[1A[2K[1A[2K[G  I verified against the real source rather than the summary: the README
   documents all 5 commands ([38;2;177;186;249mlist[39m/[38;2;177;186;249mls[39m, [38;2;177;186;249mrun[39m, [38;2;177;186;249mbuild[39m, [38;2;177;186;249mversion[39m, [38;2;177;186;249mhelp[39m) and all
   3 agents ([38;2;177;186;249magy[39m, [38;2;177;186;249mcommand-code[39m, [38;2;177;186;249mcopilot[39m) with flags matching [38;2;177;186;249magent.go[39m,
  [38;2;177;186;249mmain.go[39m, and [38;2;177;186;249mbuild.go[39m. Prerequisites ([38;2;177;186;249mgo 1.25.6[39m, [38;2;177;186;249mcreack/pty v1.1.24[39m),
  the permission-deny list, the 3-cycle build workflow, and the
  exit-code table all check out. No Go files

[48;2;45;43;85m[38;2;228;204;255m [1m◇ [22m[38;2;110;97;163mRevi[38;2;165;153;233me[38;2;228;204;255mw[38;2;171;165;206mi[38;2;204;199;225mn[38;2;255;255;255mg[38;2;234;218;255m…[38;2;228;204;255m [39m[49m [1m[38;2;138;148;168mesc[39m[22m [38;2;138;148;168mto interrupt[39m [38;2;138;148;168m•[39m [38;2;138;148;168m49s[39m [38;2;138;148;168m•[39m [38;2;138;148;168m↓[39m [38;2;138;148;168m13.3k[39m
 [38;2;138;148;168m ⎿  Tip: Use shift+tab to enable auto-accept[39m
[38;2;138;148;168m────────────────────────────────────────────────────────────────────────────────[39m
❯ [7mA[27m[38;2;138;148;168msk your question...[39m
[38;2;138;148;168m────────────────────────────────────────────────────────────────────────────────[39m
  [38;2;138;148;168m? for shortcuts · [38;2;2;136;142mtaste on[39m



[?2026l[?2026h[2K[1A[2K[1A[2K[1A[2K[1A[2K[1A[2K[1A[2K[1A[2K[1A[2K[1A[2K[1A[2K[1A[2K[1A[2K[1A[2K[1A[2K[1A[2K[1A[2K[G  I verified against the real source rather than the summary: the README
   documents all 5 commands ([38;2;177;186;249mlist[39m/[38;2;177;186;249mls[39m, [38;2;177;186;249mrun[39m, [38;2;177;186;249mbuild[39m, [38;2;177;186;249mversion[39m, [38;2;177;186;249mhelp[39m) and all
   3 agents ([38;2;177;186;249magy[39m, [38;2;177;186;249mcommand-code[39m, [38;2;177;186;249mcopilot[39m) with flags matching [38;2;177;186;249magent.go[39m,
  [38;2;177;186;249mmain.go[39m, and [38;2;177;186;249mbuild.go[39m. Prerequisites ([38;2;177;186;249mgo 1.25.6[39m, [38;2;177;186;249mcreack/pty v1.1.24[39m),
  the permission-deny list, the 3-cycle build workflow, and the
  exit-code table all check out. No Go files

[48;2;45;43;85m[38;2;228;204;255m [1m◇ [22m[38;2;110;97;163mRevi[38;2;165;153;233me[38;2;228;204;255mw[38;2;171;165;206mi[38;2;204;199;225mn[38;2;255;255;255mg[38;2;234;218;255m…[38;2;228;204;255m [39m[49m [1m[38;2;138;148;168mesc[39m[22m [38;2;138;148;168mto interrupt[39m [38;2;138;148;168m•[39m [38;2;138;148;168m50s[39m [38;2;138;148;168m•[39m [38;2;138;148;168m↓[39m [38;2;138;148;168m13.3k[39m
 [38;2;138;148;168m ⎿  Tip: Use shift+tab to enable auto-accept[39m
[38;2;138;148;168m────────────────────────────────────────────────────────────────────────────────[39m
❯ [7mA[27m[38;2;138;148;168msk your question...[39m
[38;2;138;148;168m────────────────────────────────────────────────────────────────────────────────[39m
  [38;2;138;148;168m? for shortcuts · [38;2;2;136;142mtaste on[39m



[?2026l[?2026h[2K[1A[2K[1A[2K[1A[2K[1A[2K[1A[2K[1A[2K[1A[2K[1A[2K[1A[2K[1A[2K[1A[2K[1A[2K[1A[2K[1A[2K[1A[2K[1A[2K[G  I verified against the real source rather than the summary: the README
   documents all 5 commands ([38;2;177;186;249mlist[39m/[38;2;177;186;249mls[39m, [38;2;177;186;249mrun[39m, [38;2;177;186;249mbuild[39m, [38;2;177;186;249mversion[39m, [38;2;177;186;249mhelp[39m) and all
   3 agents ([38;2;177;186;249magy[39m, [38;2;177;186;249mcommand-code[39m, [38;2;177;186;249mcopilot[39m) with flags matching [38;2;177;186;249magent.go[39m,
  [38;2;177;186;249mmain.go[39m, and [38;2;177;186;249mbuild.go[39m. Prerequisites ([38;2;177;186;249mgo 1.25.6[39m, [38;2;177;186;249mcreack/pty v1.1.24[39m),
  the permission-deny list, the 3-cycle build workflow, and the
  exit-code table all check out. No Go files were touched by this run —
  the only modified Go file ([38;2;177;186;249mmain.go[39m) predates it (mtimes 12:49–13:16
  vs. README at 17:34). [38;2;177;186;249mgo vet[39m and [38;2;177;186;249mgo test[39m pass

[48;2;45;43;85m[38;2;228;204;255m [1m☆ [22m[38;2;110;97;163mRevie[38;2;165;153;233mw[38;2;228;204;255mi[38;2;171;165;206mn[38;2;204;199;225mg[38;2;255;255;255m…[38;2;228;204;255m [39m[49m [1m[38;2;138;148;168mesc[39m[22m [38;2;138;148;168mto interrupt[39m [38;2;138;148;168m•[39m [38;2;138;148;168m50s[39m [38;2;138;148;168m•[39m [38;2;138;148;168m↓[39m [38;2;138;148;168m13.3k[39m
 [38;2;138;148;168m ⎿  Tip: Use shift+tab to enable auto-accept[39m
[38;2;138;148;168m────────────────────────────────────────────────────────────────────────────────[39m
❯ [7mA[27m[38;2;138;148;168msk your question...[39m
[38;2;138;148;168m────────────────────────────────────────────────────────────────────────────────[39m
  [38;2;138;148;168m? for shortcuts · [38;2;2;136;142mtaste on[39m



[?2026l[?2026h[2K[1A[2K[1A[2K[1A[2K[1A[2K[1A[2K[1A[2K[1A[2K[1A[2K[1A[2K[1A[2K[1A[2K[1A[2K[1A[2K[1A[2K[1A[2K[1A[2K[1A[2K[1A[2K[G  I verified against the real source rather than the summary: the README
   documents all 5 commands ([38;2;177;186;249mlist[39m/[38;2;177;186;249mls[39m, [38;2;177;186;249mrun[39m, [38;2;177;186;249mbuild[39m, [38;2;177;186;249mversion[39m, [38;2;177;186;249mhelp[39m) and all
   3 agents ([38;2;177;186;249magy[39m, [38;2;177;186;249mcommand-code[39m, [38;2;177;186;249mcopilot[39m) with flags matching [38;2;177;186;249magent.go[39m,
  [38;2;177;186;249mmain.go[39m, and [38;2;177;186;249mbuild.go[39m. Prerequisites ([38;2;177;186;249mgo 1.25.6[39m, [38;2;177;186;249mcreack/pty v1.1.24[39m),
  the permission-deny list, the 3-cycle build workflow, and the
  exit-code table all check out. No Go files were touched by this run —
  the only modified Go file ([38;2;177;186;249mmain.go[39m) predates it (mtimes 12:49–13:16
  vs. README at 17:34). [38;2;177;186;249mgo vet[39m and [38;2;177;186;249mgo test[39m pass.

[?2026h  VERDICT: APPRO

[48;2;45;43;85m[38;2;228;204;255m [1m✧ [22m[38;2;110;97;163mReview[38;2;165;153;233mi[38;2;228;204;255mn[38;2;171;165;206mg[38;2;204;199;225m…[38;2;228;204;255m [39m[49m [1m[38;2;138;148;168mesc[39m[22m [38;2;138;148;168mto interrupt[39m [38;2;138;148;168m•[39m [38;2;138;148;168m50s[39m [38;2;138;148;168m•[39m [38;2;138;148;168m↓[39m [38;2;138;148;168m13.3k[39m
 [38;2;138;148;168m ⎿  Tip: Use shift+tab to enable auto-accept[39m
[38;2;138;148;168m────────────────────────────────────────────────────────────────────────────────[39m
❯ [7mA[27m[38;2;138;148;168msk your question...[39m
[38;2;138;148;168m────────────────────────────────────────────────────────────────────────────────[39m
  [38;2;138;148;168m? for shortcuts · [38;2;2;136;142mtaste on[39m



[?2026l[?2026l[?2026h[2K[1A[2K[1A[2K[1A[2K[1A[2K[1A[2K[1A[2K[1A[2K[1A[2K[1A[2K[1A[2K[1A[2K[G  VERDICT: APPRO

[48;2;45;43;85m[38;2;228;204;255m [1m☆ [22m[38;2;110;97;163mReviewi[38;2;165;153;233mn[38;2;228;204;255mg[38;2;171;165;206m…[38;2;228;204;255m [39m[49m [1m[38;2;138;148;168mesc[39m[22m [38;2;138;148;168mto interrupt[39m [38;2;138;148;168m•[39m [38;2;138;148;168m50s[39m [38;2;138;148;168m•[39m [38;2;138;148;168m↓[39m [38;2;138;148;168m13.3k[39m
 [38;2;138;148;168m ⎿  Tip: Use shift+tab to enable auto-accept[39m
[38;2;138;148;168m────────────────────────────────────────────────────────────────────────────────[39m
❯ [7mA[27m[38;2;138;148;168msk your question...[39m
[38;2;138;148;168m────────────────────────────────────────────────────────────────────────────────[39m
  [38;2;138;148;168m? for shortcuts · [38;2;2;136;142mtaste on[39m



[?2026l[?2026h[2K[1A[2K[1A[2K[1A[2K[1A[2K[1A[2K[1A[2K[1A[2K[1A[2K[1A[2K[1A[2K[1A[2K[G  VERDICT: APPRO

[48;2;45;43;85m[38;2;228;204;255m [1m◇ [22m[38;2;110;97;163mReviewin[38;2;165;153;233mg[38;2;228;204;255m… [39m[49m [1m[38;2;138;148;168mesc[39m[22m [38;2;138;148;168mto interrupt[39m [38;2;138;148;168m•[39m [38;2;138;148;168m50s[39m [38;2;138;148;168m•[39m [38;2;138;148;168m↓[39m [38;2;138;148;168m13.4k[39m
 [38;2;138;148;168m ⎿  Tip: Use shift+tab to enable auto-accept[39m
[38;2;138;148;168m────────────────────────────────────────────────────────────────────────────────[39m
❯ [7mA[27m[38;2;138;148;168msk your question...[39m
[38;2;138;148;168m────────────────────────────────────────────────────────────────────────────────[39m
  [38;2;138;148;168m? for shortcuts · [38;2;2;136;142mtaste on[39m



[?2026l[?2026h[2K[1A[2K[1A[2K[1A[2K[1A[2K[1A[2K[1A[2K[1A[2K[1A[2K[1A[2K[1A[2K[1A[2K[G  VERDICT: APPRO

[48;2;45;43;85m[38;2;228;204;255m [1m○ [22m[38;2;110;97;163mReviewing[38;2;165;153;233m…[38;2;228;204;255m [39m[49m [1m[38;2;138;148;168mesc[39m[22m [38;2;138;148;168mto interrupt[39m [38;2;138;148;168m•[39m [38;2;138;148;168m50s[39m [38;2;138;148;168m•[39m [38;2;138;148;168m↓[39m [38;2;138;148;168m13.4k[39m
 [38;2;138;148;168m ⎿  Tip: Use shift+tab to enable auto-accept[39m
[38;2;138;148;168m────────────────────────────────────────────────────────────────────────────────[39m
❯ [7mA[27m[38;2;138;148;168msk your question...[39m
[38;2;138;148;168m────────────────────────────────────────────────────────────────────────────────[39m
  [38;2;138;148;168m? for shortcuts · [38;2;2;136;142mtaste on[39m



[?2026l[?2026h[2K[1A[2K[1A[2K[1A[2K[1A[2K[1A[2K[1A[2K[1A[2K[1A[2K[1A[2K[1A[2K[1A[2K[G  VERDICT: APPROVED

[?2026h[48;2;45;43;85m[38;2;228;204;255m [1m○ [22m[38;2;110;97;163mReviewing[38;2;165;153;233m…[38;2;228;204;255m [39m[49m [1m[38;2;138;148;168mesc[39m[22m [38;2;138;148;168mto interrupt[39m [38;2;138;148;168m•[39m [38;2;138;148;168m50s[39m [38;2;138;148;168m•[39m [38;2;138;148;168m↓[39m [38;2;138;148;168m13.4k[39m
 [38;2;138;148;168m ⎿  Tip: Use shift+tab to enable auto-accept[39m
[38;2;138;148;168m────────────────────────────────────────────────────────────────────────────────[39m
❯ [7mA[27m[38;2;138;148;168msk your question...[39m
[38;2;138;148;168m────────────────────────────────────────────────────────────────────────────────[39m
  [38;2;138;148;168m? for shortcuts · [38;2;2;136;142mtaste on[39m



[?2026l[?2026l]0;⌘ Command Code · orch-go · deepseek-v4-flash-(latest)]2;⌘ Command Code · orch-go · deepseek-v4-flash-(latest)[?2026h[2K[1A[2K[1A[2K[1A[2K[1A[2K[1A[2K[1A[2K[1A[2K[1A[2K[1A[2K[G[38;2;138;148;168m✻ Worked for 4s[39m

[38;2;138;148;168m────────────────────────────────────────────────────────────────────────────────[39m
❯ [7mA[27m[38;2;138;148;168msk your question...[39m
[38;2;138;148;168m────────────────────────────────────────────────────────────────────────────────[39m
  [38;2;138;148;168m? for shortcuts · [38;2;2;136;142mtaste on[39m



[?2026l]0;⌘ Add Readme Documentation · deepseek-v4-flash-(latest)]2;⌘ Add Readme Documentation · deepseek-v4-flash-(latest)]0;⌘ Add Readme Documentation · deepseek-v4-flash-(latest)]2;⌘ Add Readme Documentation · deepseek-v4-flash-(latest)[?2026h[2K[1A[2K[1A[2K[1A[2K[1A[2K[1A[2K[1A[2K[1A[2K[1A[2K[1A[2K[G[38;2;138;148;168m✻ Worked for 4s[39m

[38;2;138;148;168m────────────────────────────────────────────────────────────────────────────────[39m
❯ [7mA[27m[38;2;138;148;168msk your question...[39m
[38;2;138;148;168m────────────────────────────────────────────────────────────────────────────────[39m
  [38;2;138;148;168mPress Ctrl+C again to exit[39m



[?2026l[?2026h[2K[1A[2K[1A[2K[1A[2K[1A[2K[1A[2K[1A[2K[1A[2K[1A[2K[1A[2K[G
[?2026l[?25h[?2004l[?25h]0;]2;[38;2;138;148;168mResume this session with:[39m
[38;2;138;148;168mcommand-code --resume f4ad5f4e-c2e1-4883-8ebc-0c490a7ff015[39m
[?2004l