[?2004h]11;?[?u[c[?2004h]0;⌘ Command Code · orch-go · deepseek-v4-flash-(latest)]2;⌘ Command Code · orch-go · deepseek-v4-flash-(latest)[?2026h[48;2;43;39;88m[38;2;43;39;88m                                                                      [39m[49m
[48;2;43;39;88m[38;2;43;39;88m   [38;2;177;186;249m███████[38;2;43;39;88m [38;2;177;186;249m███████[38;2;43;39;88m [38;2;177;186;249m███████████[38;2;43;39;88m [38;2;177;186;249m███████████[38;2;43;39;88m [38;2;177;186;249m███████[38;2;43;39;88m [38;2;177;186;249m████████[38;2;43;39;88m    [38;2;177;186;249m████[38;2;43;39;88m   [39m[49m
[48;2;43;39;88m[38;2;43;39;88m   [38;2;177;186;249m███[38;2;43;39;88m [38;2;177;186;249m███[38;2;43;39;88m [38;2;177;186;249m██[38;2;43;39;88m  [38;2;177;186;249m███[38;2;43;39;88m [38;2;177;186;249m███[38;2;43;39;88m [38;2;177;186;249m███[38;2;43;39;88m [38;2;177;186;249m███[38;2;43;39;88m [38;2;177;186;249m███[38;2;43;39;88m [38;2;177;186;249m███[38;2;43;39;88m [38;2;177;186;249m███[38;2;43;39;88m [38;2;177;186;249m███[38;2;43;39;88m [38;2;177;186;249m███[38;2;43;39;88m [38;2;177;186;249m███[38;2;43;39;88m  [38;2;177;186;249m███[38;2;43;39;88m [38;2;177;186;249m███████[38;2;43;39;88m   [39m[49m
[48;2;43;39;88m[38;2;43;39;88m   [38;2;177;186;249m███[38;2;43;39;88m     [38;2;177;186;249m██[38;2;43;39;88m  [38;2;177;186;249m███[38;2;43;39;88m [38;2;177;186;249m███[38;2;43;39;88m [38;2;177;186;249m███[38;2;43;39;88m [38;2;177;186;249m███[38;2;43;39;88m [38;2;177;186;249m███[38;2;43;39;88m [38;2;177;186;249m███[38;2;43;39;88m [38;2;177;186;249m███[38;2;43;39;88m [38;2;177;186;249m███████[38;2;43;39;88m [38;2;177;186;249m███[38;2;43;39;88m  [38;2;177;186;249m███[38;2;43;39;88m [38;2;177;186;249m███[38;2;43;39;88m [38;2;177;186;249m███[38;2;43;39;88m   [39m[49m
[48;2;43;39;88m[38;2;43;39;88m   [38;2;177;186;249m███[38;2;43;39;88m [38;2;177;186;249m███[38;2;43;39;88m [38;2;177;186;249m██[38;2;43;39;88m  [38;2;177;186;249m███[38;2;43;39;88m [38;2;177;186;249m███[38;2;43;39;88m [38;2;177;186;249m███[38;2;43;39;88m [38;2;177;186;249m███[38;2;43;39;88m [38;2;177;186;249m███[38;2;43;39;88m [38;2;177;186;249m███[38;2;43;39;88m [38;2;177;186;249m███[38;2;43;39;88m [38;2;177;186;249m███████[38;2;43;39;88m [38;2;177;186;249m███[38;2;43;39;88m  [38;2;177;186;249m███[38;2;43;39;88m [38;2;177;186;249m███[38;2;43;39;88m [38;2;177;186;249m███[38;2;43;39;88m   [39m[49m
[48;2;43;39;88m[38;2;43;39;88m   [38;2;177;186;249m███████[38;2;43;39;88m [38;2;177;186;249m███████[38;2;43;39;88m [38;2;177;186;249m███[38;2;43;39;88m [38;2;177;186;249m███[38;2;43;39;88m [38;2;177;186;249m███[38;2;43;39;88m [38;2;177;186;249m███[38;2;43;39;88m [38;2;177;186;249m███[38;2;43;39;88m [38;2;177;186;249m███[38;2;43;39;88m [38;2;177;186;249m███[38;2;43;39;88m [38;2;177;186;249m███[38;2;43;39;88m [38;2;177;186;249m███[38;2;43;39;88m  [38;2;177;186;249m███[38;2;43;39;88m [38;2;177;186;249m███████[38;2;43;39;88m   [39m[49m
[48;2;43;39;88m[38;2;43;39;88m                                                                      [39m[49m

[38;2;138;148;168m# [39m[1mCommand Code[22m[38;2;138;148;168m v1.58.1[39m
[38;2;138;148;168m# models: deepseek-v4-flash-(latest) · taste-1[39m
[38;2;138;148;168m# ~/Developer/orch-go[39m

[?25l[?2026h[38;2;138;148;168m────────────────────────────────────────────────────────────────────────────────[39m
❯ [7mA[27m[38;2;138;148;168msk your question...[39m
[38;2;138;148;168m────────────────────────────────────────────────────────────────────────────────[39m
  [38;2;138;148;168m? for shortcuts[39m



[?2026l[?2026l[?2026h[2K[1A[2K[1A[2K[1A[2K[1A[2K[1A[2K[1A[2K[1A[2K[G[38;2;138;148;168m────────────────────────────────────────────────────────────────────────────────[39m
❯ [7mA[27m[38;2;138;148;168msk your question...[39m
[38;2;138;148;168m────────────────────────────────────────────────────────────────────────────────[39m
  [38;2;138;148;168m? for shortcuts · [38;2;2;136;142mtaste on[39m



[?2026l[?2026h[2K[1A[2K[1A[2K[1A[2K[1A[2K[1A[2K[1A[2K[1A[2K[G[1m[48;2;45;43;85m[38;2;165;153;233m❯[39m[22m [38;2;229;229;229mYou are the PLAN REVIEW stage of an orch build workflow. Review the [39m  [49m
[48;2;45;43;85m  [38;2;229;229;229mplan critically before any code is written.[39m                           [49m
[48;2;45;43;85m                                                                        [49m
[48;2;45;43;85m  [38;2;229;229;229mTask:[39m                                                                 [49m
[48;2;45;43;85m  [38;2;229;229;229mAdd a simple README.md that documents the orch CLI commands and the [39m  [49m
[48;2;45;43;85m  [38;2;229;229;229mthree supported agents. Do not modify Go source files.[39m                [49m
[48;2;45;43;85m                                                                        [49m
[48;2;45;43;85m  [38;2;229;229;229mRepository: /Users/najmiraihan/Developer/orch-go[39m                      [49m
[48;2;45;43;85m                                                                        [49m
[48;2;45;43;85m  [38;2;229;229;229m--- plan: [39m                                                            [49m
[48;2;45;43;85m  [38;2;229;229;229m/Users/najmiraihan/Developer/orch-go/.orch/20260921-180819/1-plan.md [39m [49m
[48;2;45;43;85m  [38;2;229;229;229m---[39m                                                                   [49m
[48;2;45;43;85m  [38;2;229;229;229m# Implementation Plan: README.md for orch[39m                             [49m
[48;2;45;43;85m                                                                        [49m
[48;2;45;43;85m  [38;2;229;229;229m## Objective[39m                                                          [49m
[48;2;45;43;85m  [38;2;229;229;229mProvide a concise, comprehensive `README.md` at the repository root [39m  [49m
[48;2;45;43;85m  [38;2;229;229;229m(`README.md`) documenting the `orch` CLI commands, usage patterns, and[39m[49m
[48;2;45;43;85m  [38;2;229;229;229m the three supported coding agents (`agy`, `command-code`, `copilot`),[39m[49m
[48;2;45;43;85m  [38;2;229;229;229m adhering strictly to the constraint of zero modifications to Go [39m     [49m
[48;2;45;43;85m  [38;2;229;229;229msource files.[39m                                                         [49m
[48;2;45;43;85m                                                                        [49m
[48;2;45;43;85m  [38;2;229;229;229m---[39m                                                                   [49m
[48;2;45;43;85m                                                                        [49m
[48;2;45;43;85m  [38;2;229;229;229m## 1. Scope & Constraints[39m                                             [49m
[48;2;45;43;85m  [38;2;229;229;229m- **Target File**: `/Users/najmiraihan/Developer/orch-go/README.md`[39m   [49m
[48;2;45;43;85m  [38;2;229;229;229m- **Zero Go Changes**: Strictly forbidden to modify any `*.go` files.[39m [49m
[48;2;45;43;85m  [38;2;229;229;229m- **Source of Truth**: All documentation must directly reflect the [39m   [49m
[48;2;45;43;85m  [38;2;229;229;229mimplementation in `main.go`, `agent.go`, and `build.go` (and `usage()`[39m[49m
[48;2;45;43;85m  [38;2;229;229;229m in `main.go`).[39m                                                       [49m
[48;2;45;43;85m  [38;2;229;229;229m- **Tone & Style**: Direct, clean, minimal (Ponytail principles: [39m     [49m
[48;2;45;43;85m  [38;2;229;229;229mboring over clever, no unnecessary fluff).[39m                            [49m
[48;2;45;43;85m                                                                        [49m
[48;2;45;43;85m  [38;2;229;229;229m---[39m                                                                   [49m
[48;2;45;43;85m                                                                        [49m
[48;2;45;43;85m  [38;2;229;229;229m## 2. Current State Assessment[39m                                        [49m
[48;2;45;43;85m  [38;2;229;229;229m- `README.md` already exists at the repository root and covers:[39m       [49m
[48;2;45;43;85m  [38;2;229;229;229m  - Architecture overview (Real PTYs, raw mode, sequential execution, [39m[49m
[48;2;45;43;85m  [38;2;229;229;229mzero permission bypass).[39m                                              [49m
[48;2;45;43;85m  [38;2;229;229;229m  - Prerequisites (Go 1.25+, macOS Darwin PTY raw mode vs [39m            [49m
[48;2;45;43;85m  [38;2;229;229;229m`term_other.go`).[39m                                                     [49m
[48;2;45;43;85m  [38;2;229;229;229m  - Supported agents registry table (`agy`, `command-code`, [39m          [49m
[48;2;45;43;85m  [38;2;229;229;229m`copilot`).[39m                                                           [49m
[48;2;45;43;85m  [38;2;229;229;229m  - Permission safety guarantees (shared and agent-specific denied [39m   [49m
[48;2;45;43;85m  [38;2;229;229;229mflags).[39m                                                               [49m
[48;2;45;43;85m  [38;2;229;229;229m  - CLI command reference (`list`/`ls`, `run`, `build`, `version`, [39m   [49m
[48;2;45;43;85m  [38;2;229;229;229m`help`).[39m                                                              [49m
[48;2;45;43;85m  [38;2;229;229;229m  - Exit code specifications (`0`, `1`, `2`, `127`, `>0`/`128+N`).[39m    [49m
[48;2;45;43;85m  [38;2;229;229;229m  - Build workflow and stage completion signal [39m                       [49m
[48;2;45;43;85m  [38;2;229;229;229m(`ORCH_STAGE_COMPLETE`).[39m                                              [49m
[48;2;45;43;85m  [38;2;229;229;229m- Existing Go source files have uncommitted changes implementing the [39m [49m
[48;2;45;43;85m  [38;2;229;229;229m`ORCH_STAGE_COMPLETE` polling mechanism in `pty.go`, `build.go`, [39m     [49m
[48;2;45;43;85m  [38;2;229;229;229m`main.go`, and their corresponding test files. These are part of the [39m [49m
[48;2;45;43;85m  [38;2;229;229;229mrunner infrastructure and must remain untouched by this task.[39m         [49m
[48;2;45;43;85m                                                                        [49m
[48;2;45;43;85m  [38;2;229;229;229m---[39m                                                                   [49m
[48;2;45;43;85m                                                                        [49m
[48;2;45;43;85m  [38;2;229;229;229m## 3. Implementation Steps (for Implementation Stage)[39m                 [49m
[48;2;45;43;85m  [38;2;229;229;229m1. **Audit & Finalize `README.md`**:[39m                                  [49m
[48;2;45;43;85m  [38;2;229;229;229m   - Verify that all 5 CLI commands (`list`/`ls`, `run`, `build`, [39m    [49m
[48;2;45;43;85m  [38;2;229;229;229m`version`, `help`) are documented with accurate flags and behavior.[39m   [49m
[48;2;45;43;85m  [38;2;229;229;229m   - Verify that all 3 supported agents (`agy`, `command-code`, [39m      [49m
[48;2;45;43;85m  [38;2;229;229;229m`copilot`) are documented with correct binary names, invocation flags,[39m[49m
[48;2;45;43;85m  [38;2;229;229;229m continue flags, and denied flags.[39m                                    [49m
[48;2;45;43;85m  [38;2;229;229;229m   - Confirm accurate prerequisite specifications: Go 1.25+ (from [39m    [49m
[48;2;45;43;85m  [38;2;229;229;229m`go.mod`), `github.com/creack/pty v1.1.24`, and macOS Darwin platform [39m[49m
[48;2;45;43;85m  [38;2;229;229;229mrequirement for interactive raw mode.[39m                                 [49m
[48;2;45;43;85m  [38;2;229;229;229m   - Ensure documentation of the build workflow, artifact structure [39m  [49m
[48;2;45;43;85m  [38;2;229;229;229munder `.orch/<run-id>/`, and the `ORCH_STAGE_COMPLETE` completion [39m    [49m
[48;2;45;43;85m  [38;2;229;229;229mmarker.[39m                                                               [49m
[48;2;45;43;85m  [38;2;229;229;229m   - Verify exit codes table matches `orchMain`, `cmdRun`, `cmdBuild`,[39m[49m
[48;2;45;43;85m  [38;2;229;229;229m and `Run`.[39m                                                           [49m
[48;2;45;43;85m  [38;2;229;229;229m2. **Verify No Go File Modifications**:[39m                               [49m
[48;2;45;43;85m  [38;2;229;229;229m   - Verify with `git diff --stat -- '*.go'` that no Go files have [39m   [49m
[48;2;45;43;85m  [38;2;229;229;229mbeen modified as part of documenting `README.md`.[39m                     [49m
[48;2;45;43;85m  [38;2;229;229;229m3. **Repository Integrity Check**:[39m                                    [49m
[48;2;45;43;85m  [38;2;229;229;229m   - Run `gofmt -l .`, `go vet ./...`, and `go test ./...` to verify [39m [49m
[48;2;45;43;85m  [38;2;229;229;229mall tests continue to pass cleanly.[39m                                   [49m
[48;2;45;43;85m                                                                        [49m
[48;2;45;43;85m  [38;2;229;229;229m---[39m                                                                   [49m
[48;2;45;43;85m                                                                        [49m
[48;2;45;43;85m  [38;2;229;229;229m## 4. Verification Checklist[39m                                          [49m
[48;2;45;43;85m  [38;2;229;229;229m- [ ] `README.md` exists at repository root with valid markdown and [39m  [49m
[48;2;45;43;85m  [38;2;229;229;229mbalanced code blocks.[39m                                                 [49m
[48;2;45;43;85m  [38;2;229;229;229m- [ ] All 5 commands (`list`/`ls`, `run`, `build`, [39m                   [49m
[48;2;45;43;85m  [38;2;229;229;229m`version`/`-v`/`--version`, `help`/`-h`/`--help`) are documented [39m     [49m
[48;2;45;43;85m  [38;2;229;229;229maccurately.[39m                                                           [49m
[48;2;45;43;85m  [38;2;229;229;229m- [ ] All 3 agents (`agy`, `command-code`, `copilot`) are documented [39m [49m
[48;2;45;43;85m  [38;2;229;229;229musing exact summaries and flag specifications from `agent.go`.[39m        [49m
[48;2;45;43;85m  [38;2;229;229;229m- [ ] Permission safety and denied flag policies match `agent.go` [39m    [49m
[48;2;45;43;85m  [38;2;229;229;229m(`sharedDeny` and `Deny`).[39m                                            [49m
[48;2;45;43;85m  [38;2;229;229;229m- [ ] Platform requirements (macOS/Darwin raw mode vs non-darwin [39m     [49m
[48;2;45;43;85m  [38;2;229;229;229mfallback) and Go version (1.25+) are accurately documented.[39m           [49m
[48;2;45;43;85m  [38;2;229;229;229m- [ ] Exit code table is present and matches the codebase.[39m            [49m
[48;2;45;43;85m  [38;2;229;229;229m- [ ] Zero Go source files are modified (`*.go` files remain [39m         [49m
[48;2;45;43;85m  [38;2;229;229;229muntouched).[39m                                                           [49m
[48;2;45;43;85m  [38;2;229;229;229m- [ ] `go test ./...` and `go vet ./...` pass.[39m                        [49m
[48;2;45;43;85m                                                                        [49m
[48;2;45;43;85m  [38;2;229;229;229mCheck the plan against the actual repository and the task. Note gaps, [39m[49m
[48;2;45;43;85m  [38;2;229;229;229mwrong assumptions, and risky steps.[39m                                   [49m
[48;2;45;43;85m                                                                        [49m
[48;2;45;43;85m  [38;2;229;229;229mWrite your review as Markdown to:[39m                                     [49m
[48;2;45;43;85m  [38;2;229;229;229m/Users/najmiraihan/Developer/orch-go/.orch/20260921-180819/2-plan-revi[39m[49m
[48;2;45;43;85m  [38;2;229;229;229mew.md[39m                                                                 [49m
[48;2;45;43;85m                                                                        [49m
[48;2;45;43;85m  [38;2;229;229;229mWhen, and only when, everything above is finished, write [39m             [49m
[48;2;45;43;85m  [38;2;229;229;229mORCH_STAGE_COMPLETE on a line by itself as the very last line of that [39m[49m
[48;2;45;43;85m  [38;2;229;229;229mfile. orch watches the file for that line and ends this session as [39m   [49m
[48;2;45;43;85m  [38;2;229;229;229msoon as it appears, so write it only after all other work is done. Do [39m[49m
[48;2;45;43;85m  [38;2;229;229;229mnot exit the session yourself.[39m                                        [49m

[?2026h[48;2;45;43;85m[38;2;228;204;255m [1m· [22m[38;2;234;218;255mS[38;2;171;165;206mt[38;2;228;204;255mu[38;2;165;153;233md[38;2;110;97;163mying…[38;2;228;204;255m [39m[49m [1m[38;2;138;148;168mesc[39m[22m [38;2;138;148;168mto interrupt[39m [38;2;138;148;168m•[39m [38;2;138;148;168m0s[39m [38;2;138;148;168m•[39m [38;2;138;148;168m↓[39m [38;2;138;148;168m0[39m
[38;2;138;148;168m────────────────────────────────────────────────────────────────────────────────[39m
❯ [7mA[27m[38;2;138;148;168msk your question...[39m
[38;2;138;148;168m────────────────────────────────────────────────────────────────────────────────[39m
  [38;2;138;148;168m? for shortcuts · [38;2;2;136;142mtaste on[39m



[?2026l[?2026l]0;⌘ Command Code · orch-go · deepseek-v4-flash-(latest)]2;⌘ Command Code · orch-go · deepseek-v4-flash-(latest)[?2026h[2K[1A[2K[1A[2K[1A[2K[1A[2K[1A[2K[1A[2K[1A[2K[1A[2K[G[48;2;45;43;85m[38;2;228;204;255m [1m· [22m[38;2;255;255;255mS[38;2;234;218;255mt[38;2;171;165;206mu[38;2;228;204;255md[38;2;165;153;233my[38;2;110;97;163ming…[38;2;228;204;255m [39m[49m [1m[38;2;138;148;168mesc[39m[22m [38;2;138;148;168mto interrupt[39m [38;2;138;148;168m•[39m [38;2;138;148;168m0s[39m [38;2;138;148;168m•[39m [38;2;138;148;168m↓[39m [38;2;138;148;168m0[39m
[38;2;138;148;168m────────────────────────────────────────────────────────────────────────────────[39m
❯ [7mA[27m[38;2;138;148;168msk your question...[39m
[38;2;138;148;168m────────────────────────────────────────────────────────────────────────────────[39m
  [38;2;138;148;168m? for shortcuts · [38;2;2;136;142mtaste on[39m



[?2026l[?2026h[2K[1A[2K[1A[2K[1A[2K[1A[2K[1A[2K[1A[2K[1A[2K[1A[2K[G[48;2;45;43;85m[38;2;228;204;255m [1m· [22m[38;2;204;199;225mS[38;2;255;255;255mt[38;2;234;218;255mu[38;2;171;165;206md[38;2;228;204;255my[38;2;165;153;233mi[38;2;110;97;163mng…[38;2;228;204;255m [39m[49m [1m[38;2;138;148;168mesc[39m[22m [38;2;138;148;168mto interrupt[39m [38;2;138;148;168m•[39m [38;2;138;148;168m0s[39m [38;2;138;148;168m•[39m [38;2;138;148;168m↓[39m [38;2;138;148;168m0[39m
[38;2;138;148;168m────────────────────────────────────────────────────────────────────────────────[39m
❯ [7mA[27m[38;2;138;148;168msk your question...[39m
[38;2;138;148;168m────────────────────────────────────────────────────────────────────────────────[39m
  [38;2;138;148;168m? for shortcuts · [38;2;2;136;142mtaste on[39m



[?2026l[?2026h[2K[1A[2K[1A[2K[1A[2K[1A[2K[1A[2K[1A[2K[1A[2K[1A[2K[G[48;2;45;43;85m[38;2;228;204;255m [1m○ [22m[38;2;171;165;206mS[38;2;204;199;225mt[38;2;255;255;255mu[38;2;234;218;255md[38;2;171;165;206my[38;2;228;204;255mi[38;2;165;153;233mn[38;2;110;97;163mg…[38;2;228;204;255m [39m[49m [1m[38;2;138;148;168mesc[39m[22m [38;2;138;148;168mto interrupt[39m [38;2;138;148;168m•[39m [38;2;138;148;168m0s[39m [38;2;138;148;168m•[39m [38;2;138;148;168m↓[39m [38;2;138;148;168m0[39m
[38;2;138;148;168m────────────────────────────────────────────────────────────────────────────────[39m
❯ [7mA[27m[38;2;138;148;168msk your question...[39m
[38;2;138;148;168m────────────────────────────────────────────────────────────────────────────────[39m
  [38;2;138;148;168m? for shortcuts · [38;2;2;136;142mtaste on[39m



[?2026l[?2026h[2K[1A[2K[1A[2K[1A[2K[1A[2K[1A[2K[1A[2K[1A[2K[1A[2K[G[48;2;45;43;85m[38;2;228;204;255m [1m○ [22mS[38;2;171;165;206mt[38;2;204;199;225mu[38;2;255;255;255md[38;2;234;218;255my[38;2;171;165;206mi[38;2;228;204;255mn[38;2;165;153;233mg[38;2;110;97;163m…[38;2;228;204;255m [39m[49m [1m[38;2;138;148;168mesc[39m[22m [38;2;138;148;168mto interrupt[39m [38;2;138;148;168m•[39m [38;2;138;148;168m0s[39m [38;2;138;148;168m•[39m [38;2;138;148;168m↓[39m [38;2;138;148;168m0[39m
[38;2;138;148;168m────────────────────────────────────────────────────────────────────────────────[39m
❯ [7mA[27m[38;2;138;148;168msk your question...[39m
[38;2;138;148;168m────────────────────────────────────────────────────────────────────────────────[39m
  [38;2;138;148;168m? for shortcuts · [38;2;2;136;142mtaste on[39m



[?2026l[?2026h[2K[1A[2K[1A[2K[1A[2K[1A[2K[1A[2K[1A[2K[1A[2K[1A[2K[G[48;2;45;43;85m[38;2;228;204;255m [1m◇ [22m[38;2;165;153;233mS[38;2;228;204;255mt[38;2;171;165;206mu[38;2;204;199;225md[38;2;255;255;255my[38;2;234;218;255mi[38;2;171;165;206mn[38;2;228;204;255mg[38;2;165;153;233m…[38;2;228;204;255m [39m[49m [1m[38;2;138;148;168mesc[39m[22m [38;2;138;148;168mto interrupt[39m [38;2;138;148;168m•[39m [38;2;138;148;168m0s[39m [38;2;138;148;168m•[39m [38;2;138;148;168m↓[39m [38;2;138;148;168m0[39m
[38;2;138;148;168m────────────────────────────────────────────────────────────────────────────────[39m
❯ [7mA[27m[38;2;138;148;168msk your question...[39m
[38;2;138;148;168m────────────────────────────────────────────────────────────────────────────────[39m
  [38;2;138;148;168m? for shortcuts · [38;2;2;136;142mtaste on[39m



[?2026l[?2026h[2K[1A[2K[1A[2K[1A[2K[1A[2K[1A[2K[1A[2K[1A[2K[1A[2K[G[48;2;45;43;85m[38;2;228;204;255m [1m☆ [22m[38;2;110;97;163mS[38;2;165;153;233mt[38;2;228;204;255mu[38;2;171;165;206md[38;2;204;199;225my[38;2;255;255;255mi[38;2;234;218;255mn[38;2;171;165;206mg[38;2;228;204;255m… [39m[49m [1m[38;2;138;148;168mesc[39m[22m [38;2;138;148;168mto interrupt[39m [38;2;138;148;168m•[39m [38;2;138;148;168m0s[39m [38;2;138;148;168m•[39m [38;2;138;148;168m↓[39m [38;2;138;148;168m0[39m
[38;2;138;148;168m────────────────────────────────────────────────────────────────────────────────[39m
❯ [7mA[27m[38;2;138;148;168msk your question...[39m
[38;2;138;148;168m────────────────────────────────────────────────────────────────────────────────[39m
  [38;2;138;148;168m? for shortcuts · [38;2;2;136;142mtaste on[39m



[?2026l[?2026h[2K[1A[2K[1A[2K[1A[2K[1A[2K[1A[2K[1A[2K[1A[2K[1A[2K[G[48;2;45;43;85m[38;2;228;204;255m [1m✧ [22m[38;2;110;97;163mSt[38;2;165;153;233mu[38;2;228;204;255md[38;2;171;165;206my[38;2;204;199;225mi[38;2;255;255;255mn[38;2;234;218;255mg[38;2;171;165;206m…[38;2;228;204;255m [39m[49m [1m[38;2;138;148;168mesc[39m[22m [38;2;138;148;168mto interrupt[39m [38;2;138;148;168m•[39m [38;2;138;148;168m0s[39m [38;2;138;148;168m•[39m [38;2;138;148;168m↓[39m [38;2;138;148;168m0[39m
[38;2;138;148;168m────────────────────────────────────────────────────────────────────────────────[39m
❯ [7mA[27m[38;2;138;148;168msk your question...[39m
[38;2;138;148;168m────────────────────────────────────────────────────────────────────────────────[39m
  [38;2;138;148;168m? for shortcuts · [38;2;2;136;142mtaste on[39m



[?2026l[?2026h[2K[1A[2K[1A[2K[1A[2K[1A[2K[1A[2K[1A[2K[1A[2K[1A[2K[G[48;2;45;43;85m[38;2;228;204;255m [1m☆ [22m[38;2;110;97;163mStu[38;2;165;153;233md[38;2;228;204;255my[38;2;171;165;206mi[38;2;204;199;225mn[38;2;255;255;255mg[38;2;234;218;255m…[38;2;228;204;255m [39m[49m [1m[38;2;138;148;168mesc[39m[22m [38;2;138;148;168mto interrupt[39m [38;2;138;148;168m•[39m [38;2;138;148;168m0s[39m [38;2;138;148;168m•[39m [38;2;138;148;168m↓[39m [38;2;138;148;168m0[39m
[38;2;138;148;168m────────────────────────────────────────────────────────────────────────────────[39m
❯ [7mA[27m[38;2;138;148;168msk your question...[39m
[38;2;138;148;168m────────────────────────────────────────────────────────────────────────────────[39m
  [38;2;138;148;168m? for shortcuts · [38;2;2;136;142mtaste on[39m



[?2026l[?2026h[2K[1A[2K[1A[2K[1A[2K[1A[2K[1A[2K[1A[2K[1A[2K[1A[2K[G[48;2;45;43;85m[38;2;228;204;255m [1m◇ [22m[38;2;110;97;163mStud[38;2;165;153;233my[38;2;228;204;255mi[38;2;171;165;206mn[38;2;204;199;225mg[38;2;255;255;255m…[38;2;228;204;255m [39m[49m [1m[38;2;138;148;168mesc[39m[22m [38;2;138;148;168mto interrupt[39m [38;2;138;148;168m•[39m [38;2;138;148;168m0s[39m [38;2;138;148;168m•[39m [38;2;138;148;168m↓[39m [38;2;138;148;168m0[39m
[38;2;138;148;168m────────────────────────────────────────────────────────────────────────────────[39m
❯ [7mA[27m[38;2;138;148;168msk your question...[39m
[38;2;138;148;168m────────────────────────────────────────────────────────────────────────────────[39m
  [38;2;138;148;168m? for shortcuts · [38;2;2;136;142mtaste on[39m



[?2026l[?2026h[2K[1A[2K[1A[2K[1A[2K[1A[2K[1A[2K[1A[2K[1A[2K[1A[2K[G[48;2;45;43;85m[38;2;228;204;255m [1m○ [22m[38;2;110;97;163mStudy[38;2;165;153;233mi[38;2;228;204;255mn[38;2;171;165;206mg[38;2;204;199;225m…[38;2;228;204;255m [39m[49m [1m[38;2;138;148;168mesc[39m[22m [38;2;138;148;168mto interrupt[39m [38;2;138;148;168m•[39m [38;2;138;148;168m0s[39m [38;2;138;148;168m•[39m [38;2;138;148;168m↓[39m [38;2;138;148;168m0[39m
[38;2;138;148;168m────────────────────────────────────────────────────────────────────────────────[39m
❯ [7mA[27m[38;2;138;148;168msk your question...[39m
[38;2;138;148;168m────────────────────────────────────────────────────────────────────────────────[39m
  [38;2;138;148;168m? for shortcuts · [38;2;2;136;142mtaste on[39m



[?2026l[?2026h[2K[1A[2K[1A[2K[1A[2K[1A[2K[1A[2K[1A[2K[1A[2K[1A[2K[G[48;2;45;43;85m[38;2;228;204;255m [1m⌘ [22m[38;2;110;97;163mStudyi[38;2;165;153;233mn[38;2;228;204;255mg[38;2;171;165;206m…[38;2;228;204;255m [39m[49m [1m[38;2;138;148;168mesc[39m[22m [38;2;138;148;168mto interrupt[39m [38;2;138;148;168m•[39m [38;2;138;148;168m0s[39m [38;2;138;148;168m•[39m [38;2;138;148;168m↓[39m [38;2;138;148;168m0[39m
[38;2;138;148;168m────────────────────────────────────────────────────────────────────────────────[39m
❯ [7mA[27m[38;2;138;148;168msk your question...[39m
[38;2;138;148;168m────────────────────────────────────────────────────────────────────────────────[39m
  [38;2;138;148;168m? for shortcuts · [38;2;2;136;142mtaste on[39m



[?2026l[?2026h[2K[1A[2K[1A[2K[1A[2K[1A[2K[1A[2K[1A[2K[1A[2K[1A[2K[G[48;2;45;43;85m[38;2;228;204;255m [1m⌘ [22m[38;2;110;97;163mStudyin[38;2;165;153;233mg[38;2;228;204;255m… [39m[49m [1m[38;2;138;148;168mesc[39m[22m [38;2;138;148;168mto interrupt[39m [38;2;138;148;168m•[39m [38;2;138;148;168m0s[39m [38;2;138;148;168m•[39m [38;2;138;148;168m↓[39m [38;2;138;148;168m0[39m
[38;2;138;148;168m────────────────────────────────────────────────────────────────────────────────[39m
❯ [7mA[27m[38;2;138;148;168msk your question...[39m
[38;2;138;148;168m────────────────────────────────────────────────────────────────────────────────[39m
  [38;2;138;148;168m? for shortcuts · [38;2;2;136;142mtaste on[39m



[?2026l[?2026h[2K[1A[2K[1A[2K[1A[2K[1A[2K[1A[2K[1A[2K[1A[2K[1A[2K[G[48;2;45;43;85m[38;2;228;204;255m [1m⌘ [22m[38;2;110;97;163mStudyin[38;2;165;153;233mg[38;2;228;204;255m… [39m[49m [1m[38;2;138;148;168mesc[39m[22m [38;2;138;148;168mto interrupt[39m [38;2;138;148;168m•[39m [38;2;138;148;168m1s[39m [38;2;138;148;168m•[39m [38;2;138;148;168m↓[39m [38;2;138;148;168m0[39m
[38;2;138;148;168m────────────────────────────────────────────────────────────────────────────────[39m
❯ [7mA[27m[38;2;138;148;168msk your question...[39m
[38;2;138;148;168m────────────────────────────────────────────────────────────────────────────────[39m
  [38;2;138;148;168m? for shortcuts · [38;2;2;136;142mtaste on[39m



[?2026l[?2026h[2K[1A[2K[1A[2K[1A[2K[1A[2K[1A[2K[1A[2K[1A[2K[1A[2K[G[48;2;45;43;85m[38;2;228;204;255m [1m⌘ [22m[38;2;110;97;163mStudying[38;2;165;153;233m…[38;2;228;204;255m [39m[49m [1m[38;2;138;148;168mesc[39m[22m [38;2;138;148;168mto interrupt[39m [38;2;138;148;168m•[39m [38;2;138;148;168m1s[39m [38;2;138;148;168m•[39m [38;2;138;148;168m↓[39m [38;2;138;148;168m0[39m
[38;2;138;148;168m────────────────────────────────────────────────────────────────────────────────[39m
❯ [7mA[27m[38;2;138;148;168msk your question...[39m
[38;2;138;148;168m────────────────────────────────────────────────────────────────────────────────[39m
  [38;2;138;148;168m? for shortcuts · [38;2;2;136;142mtaste on[39m



[?2026l[?2026h[2K[1A[2K[1A[2K[1A[2K[1A[2K[1A[2K[1A[2K[1A[2K[1A[2K[G[48;2;45;43;85m[38;2;228;204;255m [1m⌘ [22m[38;2;110;97;163mStudying…[38;2;228;204;255m [39m[49m [1m[38;2;138;148;168mesc[39m[22m [38;2;138;148;168mto interrupt[39m [38;2;138;148;168m•[39m [38;2;138;148;168m1s[39m [38;2;138;148;168m•[39m [38;2;138;148;168m↓[39m [38;2;138;148;168m0[39m
[38;2;138;148;168m────────────────────────────────────────────────────────────────────────────────[39m
❯ [7mA[27m[38;2;138;148;168msk your question...[39m
[38;2;138;148;168m────────────────────────────────────────────────────────────────────────────────[39m
  [38;2;138;148;168m? for shortcuts · [38;2;2;136;142mtaste on[39m



[?2026l[?2026h[2K[1A[2K[1A[2K[1A[2K[1A[2K[1A[2K[1A[2K[1A[2K[1A[2K[G[48;2;45;43;85m[38;2;228;204;255m [1m○ [22m[38;2;110;97;163mStudying…[38;2;228;204;255m [39m[49m [1m[38;2;138;148;168mesc[39m[22m [38;2;138;148;168mto interrupt[39m [38;2;138;148;168m•[39m [38;2;138;148;168m1s[39m [38;2;138;148;168m•[39m [38;2;138;148;168m↓[39m [38;2;138;148;168m0[39m
[38;2;138;148;168m────────────────────────────────────────────────────────────────────────────────[39m
❯ [7mA[27m[38;2;138;148;168msk your question...[39m
[38;2;138;148;168m────────────────────────────────────────────────────────────────────────────────[39m
  [38;2;138;148;168m? for shortcuts · [38;2;2;136;142mtaste on[39m



[?2026l[?2026h[2K[1A[2K[1A[2K[1A[2K[1A[2K[1A[2K[1A[2K[1A[2K[1A[2K[G[48;2;45;43;85m[38;2;228;204;255m [1m◇ [22m[38;2;110;97;163mStudying…[38;2;228;204;255m [39m[49m [1m[38;2;138;148;168mesc[39m[22m [38;2;138;148;168mto interrupt[39m [38;2;138;148;168m•[39m [38;2;138;148;168m1s[39m [38;2;138;148;168m•[39m [38;2;138;148;168m↓[39m [38;2;138;148;168m0[39m
[38;2;138;148;168m────────────────────────────────────────────────────────────────────────────────[39m
❯ [7mA[27m[38;2;138;148;168msk your question...[39m
[38;2;138;148;168m────────────────────────────────────────────────────────────────────────────────[39m
  [38;2;138;148;168m? for shortcuts · [38;2;2;136;142mtaste on[39m



[?2026l[?2026h[2K[1A[2K[1A[2K[1A[2K[1A[2K[1A[2K[1A[2K[1A[2K[1A[2K[G[48;2;45;43;85m[38;2;228;204;255m [1m☆ [22m[38;2;110;97;163mStudying…[38;2;228;204;255m [39m[49m [1m[38;2;138;148;168mesc[39m[22m [38;2;138;148;168mto interrupt[39m [38;2;138;148;168m•[39m [38;2;138;148;168m1s[39m [38;2;138;148;168m•[39m [38;2;138;148;168m↓[39m [38;2;138;148;168m0[39m
[38;2;138;148;168m────────────────────────────────────────────────────────────────────────────────[39m
❯ [7mA[27m[38;2;138;148;168msk your question...[39m
[38;2;138;148;168m────────────────────────────────────────────────────────────────────────────────[39m
  [38;2;138;148;168m? for shortcuts · [38;2;2;136;142mtaste on[39m



[?2026l[?2026h[2K[1A[2K[1A[2K[1A[2K[1A[2K[1A[2K[1A[2K[1A[2K[1A[2K[G[48;2;45;43;85m[38;2;228;204;255m [1m✧ [22m[38;2;110;97;163mStudying…[38;2;228;204;255m [39m[49m [1m[38;2;138;148;168mesc[39m[22m [38;2;138;148;168mto interrupt[39m [38;2;138;148;168m•[39m [38;2;138;148;168m1s[39m [38;2;138;148;168m•[39m [38;2;138;148;168m↓[39m [38;2;138;148;168m0[39m
[38;2;138;148;168m────────────────────────────────────────────────────────────────────────────────[39m
❯ [7mA[27m[38;2;138;148;168msk your question...[39m
[38;2;138;148;168m────────────────────────────────────────────────────────────────────────────────[39m
  [38;2;138;148;168m? for shortcuts · [38;2;2;136;142mtaste on[39m



[?2026l[?2026h[2K[1A[2K[1A[2K[1A[2K[1A[2K[1A[2K[1A[2K[1A[2K[1A[2K[G[48;2;45;43;85m[38;2;228;204;255m [1m☆ [22m[38;2;234;218;255mS[38;2;171;165;206mt[38;2;228;204;255mu[38;2;165;153;233md[38;2;110;97;163mying…[38;2;228;204;255m [39m[49m [1m[38;2;138;148;168mesc[39m[22m [38;2;138;148;168mto interrupt[39m [38;2;138;148;168m•[39m [38;2;138;148;168m1s[39m [38;2;138;148;168m•[39m [38;2;138;148;168m↓[39m [38;2;138;148;168m0[39m
[38;2;138;148;168m────────────────────────────────────────────────────────────────────────────────[39m
❯ [7mA[27m[38;2;138;148;168msk your question...[39m
[38;2;138;148;168m────────────────────────────────────────────────────────────────────────────────[39m
  [38;2;138;148;168m? for shortcuts · [38;2;2;136;142mtaste on[39m



[?2026l[?2026h[2K[1A[2K[1A[2K[1A[2K[1A[2K[1A[2K[1A[2K[1A[2K[1A[2K[G[48;2;45;43;85m[38;2;228;204;255m [1m◇ [22m[38;2;255;255;255mS[38;2;234;218;255mt[38;2;171;165;206mu[38;2;228;204;255md[38;2;165;153;233my[38;2;110;97;163ming…[38;2;228;204;255m [39m[49m [1m[38;2;138;148;168mesc[39m[22m [38;2;138;148;168mto interrupt[39m [38;2;138;148;168m•[39m [38;2;138;148;168m1s[39m [38;2;138;148;168m•[39m [38;2;138;148;168m↓[39m [38;2;138;148;168m0[39m
[38;2;138;148;168m────────────────────────────────────────────────────────────────────────────────[39m
❯ [7mA[27m[38;2;138;148;168msk your question...[39m
[38;2;138;148;168m────────────────────────────────────────────────────────────────────────────────[39m
  [38;2;138;148;168m? for shortcuts · [38;2;2;136;142mtaste on[39m



[?2026l[?2026h[2K[1A[2K[1A[2K[1A[2K[1A[2K[1A[2K[1A[2K[1A[2K[1A[2K[G[48;2;45;43;85m[38;2;228;204;255m [1m○ [22m[38;2;204;199;225mS[38;2;255;255;255mt[38;2;234;218;255mu[38;2;171;165;206md[38;2;228;204;255my[38;2;165;153;233mi[38;2;110;97;163mng…[38;2;228;204;255m [39m[49m [1m[38;2;138;148;168mesc[39m[22m [38;2;138;148;168mto interrupt[39m [38;2;138;148;168m•[39m [38;2;138;148;168m1s[39m [38;2;138;148;168m•[39m [38;2;138;148;168m↓[39m [38;2;138;148;168m0[39m
[38;2;138;148;168m────────────────────────────────────────────────────────────────────────────────[39m
❯ [7mA[27m[38;2;138;148;168msk your question...[39m
[38;2;138;148;168m────────────────────────────────────────────────────────────────────────────────[39m
  [38;2;138;148;168m? for shortcuts · [38;2;2;136;142mtaste on[39m



[?2026l[?2026h[2K[1A[2K[1A[2K[1A[2K[1A[2K[1A[2K[1A[2K[1A[2K[1A[2K[G[48;2;45;43;85m[38;2;228;204;255m [1m· [22m[38;2;171;165;206mS[38;2;204;199;225mt[38;2;255;255;255mu[38;2;234;218;255md[38;2;171;165;206my[38;2;228;204;255mi[38;2;165;153;233mn[38;2;110;97;163mg…[38;2;228;204;255m [39m[49m [1m[38;2;138;148;168mesc[39m[22m [38;2;138;148;168mto interrupt[39m [38;2;138;148;168m•[39m [38;2;138;148;168m1s[39m [38;2;138;148;168m•[39m [38;2;138;148;168m↓[39m [38;2;138;148;168m0[39m
[38;2;138;148;168m────────────────────────────────────────────────────────────────────────────────[39m
❯ [7mA[27m[38;2;138;148;168msk your question...[39m
[38;2;138;148;168m────────────────────────────────────────────────────────────────────────────────[39m
  [38;2;138;148;168m? for shortcuts · [38;2;2;136;142mtaste on[39m



[?2026l[?2026h[2K[1A[2K[1A[2K[1A[2K[1A[2K[1A[2K[1A[2K[1A[2K[1A[2K[G[48;2;45;43;85m[38;2;228;204;255m [1m· [22mS[38;2;171;165;206mt[38;2;204;199;225mu[38;2;255;255;255md[38;2;234;218;255my[38;2;171;165;206mi[38;2;228;204;255mn[38;2;165;153;233mg[38;2;110;97;163m…[38;2;228;204;255m [39m[49m [1m[38;2;138;148;168mesc[39m[22m [38;2;138;148;168mto interrupt[39m [38;2;138;148;168m•[39m [38;2;138;148;168m1s[39m [38;2;138;148;168m•[39m [38;2;138;148;168m↓[39m [38;2;138;148;168m0[39m
[38;2;138;148;168m────────────────────────────────────────────────────────────────────────────────[39m
❯ [7mA[27m[38;2;138;148;168msk your question...[39m
[38;2;138;148;168m────────────────────────────────────────────────────────────────────────────────[39m
  [38;2;138;148;168m? for shortcuts · [38;2;2;136;142mtaste on[39m



[?2026l[?2026h[2K[1A[2K[1A[2K[1A[2K[1A[2K[1A[2K[1A[2K[1A[2K[1A[2K[G[48;2;45;43;85m[38;2;228;204;255m [1m· [22m[38;2;165;153;233mS[38;2;228;204;255mt[38;2;171;165;206mu[38;2;204;199;225md[38;2;255;255;255my[38;2;234;218;255mi[38;2;171;165;206mn[38;2;228;204;255mg[38;2;165;153;233m…[38;2;228;204;255m [39m[49m [1m[38;2;138;148;168mesc[39m[22m [38;2;138;148;168mto interrupt[39m [38;2;138;148;168m•[39m [38;2;138;148;168m1s[39m [38;2;138;148;168m•[39m [38;2;138;148;168m↓[39m [38;2;138;148;168m0[39m
[38;2;138;148;168m────────────────────────────────────────────────────────────────────────────────[39m
❯ [7mA[27m[38;2;138;148;168msk your question...[39m
[38;2;138;148;168m────────────────────────────────────────────────────────────────────────────────[39m
  [38;2;138;148;168m? for shortcuts · [38;2;2;136;142mtaste on[39m



[?2026l[?2026h[2K[1A[2K[1A[2K[1A[2K[1A[2K[1A[2K[1A[2K[1A[2K[1A[2K[G[48;2;45;43;85m[38;2;228;204;255m [1m· [22m[38;2;165;153;233mS[38;2;228;204;255mt[38;2;171;165;206mu[38;2;204;199;225md[38;2;255;255;255my[38;2;234;218;255mi[38;2;171;165;206mn[38;2;228;204;255mg[38;2;165;153;233m…[38;2;228;204;255m [39m[49m [1m[38;2;138;148;168mesc[39m[22m [38;2;138;148;168mto interrupt[39m [38;2;138;148;168m•[39m [38;2;138;148;168m2s[39m [38;2;138;148;168m•[39m [38;2;138;148;168m↓[39m [38;2;138;148;168m0[39m
[38;2;138;148;168m────────────────────────────────────────────────────────────────────────────────[39m
❯ [7mA[27m[38;2;138;148;168msk your question...[39m
[38;2;138;148;168m────────────────────────────────────────────────────────────────────────────────[39m
  [38;2;138;148;168m? for shortcuts · [38;2;2;136;142mtaste on[39m



[?2026l[?2026h[2K[1A[2K[1A[2K[1A[2K[1A[2K[1A[2K[1A[2K[1A[2K[1A[2K[G[48;2;45;43;85m[38;2;228;204;255m [1m○ [22m[38;2;110;97;163mS[38;2;165;153;233mt[38;2;228;204;255mu[38;2;171;165;206md[38;2;204;199;225my[38;2;255;255;255mi[38;2;234;218;255mn[38;2;171;165;206mg[38;2;228;204;255m… [39m[49m [1m[38;2;138;148;168mesc[39m[22m [38;2;138;148;168mto interrupt[39m [38;2;138;148;168m•[39m [38;2;138;148;168m2s[39m [38;2;138;148;168m•[39m [38;2;138;148;168m↓[39m [38;2;138;148;168m0[39m
[38;2;138;148;168m────────────────────────────────────────────────────────────────────────────────[39m
❯ [7mA[27m[38;2;138;148;168msk your question...[39m
[38;2;138;148;168m────────────────────────────────────────────────────────────────────────────────[39m
  [38;2;138;148;168m? for shortcuts · [38;2;2;136;142mtaste on[39m



[?2026l[?2026h[2K[1A[2K[1A[2K[1A[2K[1A[2K[1A[2K[1A[2K[1A[2K[1A[2K[G[48;2;45;43;85m[38;2;228;204;255m [1m○ [22m[38;2;110;97;163mSt[38;2;165;153;233mu[38;2;228;204;255md[38;2;171;165;206my[38;2;204;199;225mi[38;2;255;255;255mn[38;2;234;218;255mg[38;2;171;165;206m…[38;2;228;204;255m [39m[49m [1m[38;2;138;148;168mesc[39m[22m [38;2;138;148;168mto interrupt[39m [38;2;138;148;168m•[39m [38;2;138;148;168m2s[39m [38;2;138;148;168m•[39m [38;2;138;148;168m↓[39m [38;2;138;148;168m0[39m
[38;2;138;148;168m────────────────────────────────────────────────────────────────────────────────[39m
❯ [7mA[27m[38;2;138;148;168msk your question...[39m
[38;2;138;148;168m────────────────────────────────────────────────────────────────────────────────[39m
  [38;2;138;148;168m? for shortcuts · [38;2;2;136;142mtaste on[39m



[?2026l[?2026h[2K[1A[2K[1A[2K[1A[2K[1A[2K[1A[2K[1A[2K[1A[2K[1A[2K[G[48;2;45;43;85m[38;2;228;204;255m [1m◇ [22m[38;2;110;97;163mStu[38;2;165;153;233md[38;2;228;204;255my[38;2;171;165;206mi[38;2;204;199;225mn[38;2;255;255;255mg[38;2;234;218;255m…[38;2;228;204;255m [39m[49m [1m[38;2;138;148;168mesc[39m[22m [38;2;138;148;168mto interrupt[39m [38;2;138;148;168m•[39m [38;2;138;148;168m2s[39m [38;2;138;148;168m•[39m [38;2;138;148;168m↓[39m [38;2;138;148;168m0[39m
[38;2;138;148;168m────────────────────────────────────────────────────────────────────────────────[39m
❯ [7mA[27m[38;2;138;148;168msk your question...[39m
[38;2;138;148;168m────────────────────────────────────────────────────────────────────────────────[39m
  [38;2;138;148;168m? for shortcuts · [38;2;2;136;142mtaste on[39m



[?2026l[?2026h[2K[1A[2K[1A[2K[1A[2K[1A[2K[1A[2K[1A[2K[1A[2K[1A[2K[G[48;2;45;43;85m[38;2;228;204;255m [1m☆ [22m[38;2;110;97;163mStud[38;2;165;153;233my[38;2;228;204;255mi[38;2;171;165;206mn[38;2;204;199;225mg[38;2;255;255;255m…[38;2;228;204;255m [39m[49m [1m[38;2;138;148;168mesc[39m[22m [38;2;138;148;168mto interrupt[39m [38;2;138;148;168m•[39m [38;2;138;148;168m2s[39m [38;2;138;148;168m•[39m [38;2;138;148;168m↓[39m [38;2;138;148;168m0[39m
[38;2;138;148;168m────────────────────────────────────────────────────────────────────────────────[39m
❯ [7mA[27m[38;2;138;148;168msk your question...[39m
[38;2;138;148;168m────────────────────────────────────────────────────────────────────────────────[39m
  [38;2;138;148;168m? for shortcuts · [38;2;2;136;142mtaste on[39m



[?2026l[?2026h[2K[1A[2K[1A[2K[1A[2K[1A[2K[1A[2K[1A[2K[1A[2K[1A[2K[G[48;2;45;43;85m[38;2;228;204;255m [1m✧ [22m[38;2;110;97;163mStudy[38;2;165;153;233mi[38;2;228;204;255mn[38;2;171;165;206mg[38;2;204;199;225m…[38;2;228;204;255m [39m[49m [1m[38;2;138;148;168mesc[39m[22m [38;2;138;148;168mto interrupt[39m [38;2;138;148;168m•[39m [38;2;138;148;168m2s[39m [38;2;138;148;168m•[39m [38;2;138;148;168m↓[39m [38;2;138;148;168m0[39m
[38;2;138;148;168m────────────────────────────────────────────────────────────────────────────────[39m
❯ [7mA[27m[38;2;138;148;168msk your question...[39m
[38;2;138;148;168m────────────────────────────────────────────────────────────────────────────────[39m
  [38;2;138;148;168m? for shortcuts · [38;2;2;136;142mtaste on[39m



[?2026l[?2026h[2K[1A[2K[1A[2K[1A[2K[1A[2K[1A[2K[1A[2K[1A[2K[1A[2K[G[48;2;45;43;85m[38;2;228;204;255m [1m☆ [22m[38;2;110;97;163mStudyi[38;2;165;153;233mn[38;2;228;204;255mg[38;2;171;165;206m…[38;2;228;204;255m [39m[49m [1m[38;2;138;148;168mesc[39m[22m [38;2;138;148;168mto interrupt[39m [38;2;138;148;168m•[39m [38;2;138;148;168m2s[39m [38;2;138;148;168m•[39m [38;2;138;148;168m↓[39m [38;2;138;148;168m0[39m
[38;2;138;148;168m────────────────────────────────────────────────────────────────────────────────[39m
❯ [7mA[27m[38;2;138;148;168msk your question...[39m
[38;2;138;148;168m────────────────────────────────────────────────────────────────────────────────[39m
  [38;2;138;148;168m? for shortcuts · [38;2;2;136;142mtaste on[39m



[?2026l[?2026h[2K[1A[2K[1A[2K[1A[2K[1A[2K[1A[2K[1A[2K[1A[2K[1A[2K[G[48;2;45;43;85m[38;2;228;204;255m [1m◇ [22m[38;2;110;97;163mStudyin[38;2;165;153;233mg[38;2;228;204;255m… [39m[49m [1m[38;2;138;148;168mesc[39m[22m [38;2;138;148;168mto interrupt[39m [38;2;138;148;168m•[39m [38;2;138;148;168m2s[39m [38;2;138;148;168m•[39m [38;2;138;148;168m↓[39m [38;2;138;148;168m0[39m
[38;2;138;148;168m────────────────────────────────────────────────────────────────────────────────[39m
❯ [7mA[27m[38;2;138;148;168msk your question...[39m
[38;2;138;148;168m────────────────────────────────────────────────────────────────────────────────[39m
  [38;2;138;148;168m? for shortcuts · [38;2;2;136;142mtaste on[39m



[?2026l[?2026h[2K[1A[2K[1A[2K[1A[2K[1A[2K[1A[2K[1A[2K[1A[2K[1A[2K[G[48;2;45;43;85m[38;2;228;204;255m [1m○ [22m[38;2;110;97;163mStudying[38;2;165;153;233m…[38;2;228;204;255m [39m[49m [1m[38;2;138;148;168mesc[39m[22m [38;2;138;148;168mto interrupt[39m [38;2;138;148;168m•[39m [38;2;138;148;168m2s[39m [38;2;138;148;168m•[39m [38;2;138;148;168m↓[39m [38;2;138;148;168m0[39m
[38;2;138;148;168m────────────────────────────────────────────────────────────────────────────────[39m
❯ [7mA[27m[38;2;138;148;168msk your question...[39m
[38;2;138;148;168m────────────────────────────────────────────────────────────────────────────────[39m
  [38;2;138;148;168m? for shortcuts · [38;2;2;136;142mtaste on[39m



[?2026l[?2026h[2K[1A[2K[1A[2K[1A[2K[1A[2K[1A[2K[1A[2K[1A[2K[1A[2K[G[48;2;45;43;85m[38;2;228;204;255m [1m⌘ [22m[38;2;110;97;163mStudying…[38;2;228;204;255m [39m[49m [1m[38;2;138;148;168mesc[39m[22m [38;2;138;148;168mto interrupt[39m [38;2;138;148;168m•[39m [38;2;138;148;168m2s[39m [38;2;138;148;168m•[39m [38;2;138;148;168m↓[39m [38;2;138;148;168m0[39m
[38;2;138;148;168m────────────────────────────────────────────────────────────────────────────────[39m
❯ [7mA[27m[38;2;138;148;168msk your question...[39m
[38;2;138;148;168m────────────────────────────────────────────────────────────────────────────────[39m
  [38;2;138;148;168m? for shortcuts · [38;2;2;136;142mtaste on[39m



[?2026l[?2026h[2K[1A[2K[1A[2K[1A[2K[1A[2K[1A[2K[1A[2K[1A[2K[1A[2K[G[48;2;45;43;85m[38;2;228;204;255m [1m○ [22m[38;2;110;97;163mStudying…[38;2;228;204;255m [39m[49m [1m[38;2;138;148;168mesc[39m[22m [38;2;138;148;168mto interrupt[39m [38;2;138;148;168m•[39m [38;2;138;148;168m2s[39m [38;2;138;148;168m•[39m [38;2;138;148;168m↓[39m [38;2;138;148;168m0[39m
[38;2;138;148;168m────────────────────────────────────────────────────────────────────────────────[39m
❯ [7mA[27m[38;2;138;148;168msk your question...[39m
[38;2;138;148;168m────────────────────────────────────────────────────────────────────────────────[39m
  [38;2;138;148;168m? for shortcuts · [38;2;2;136;142mtaste on[39m



[?2026l[?2026h[2K[1A[2K[1A[2K[1A[2K[1A[2K[1A[2K[1A[2K[1A[2K[1A[2K[G[48;2;45;43;85m[38;2;228;204;255m [1m○ [22m[38;2;110;97;163mStudying…[38;2;228;204;255m [39m[49m [1m[38;2;138;148;168mesc[39m[22m [38;2;138;148;168mto interrupt[39m [38;2;138;148;168m•[39m [38;2;138;148;168m3s[39m [38;2;138;148;168m•[39m [38;2;138;148;168m↓[39m [38;2;138;148;168m0[39m
[38;2;138;148;168m────────────────────────────────────────────────────────────────────────────────[39m
❯ [7mA[27m[38;2;138;148;168msk your question...[39m
[38;2;138;148;168m────────────────────────────────────────────────────────────────────────────────[39m
  [38;2;138;148;168m? for shortcuts · [38;2;2;136;142mtaste on[39m



[?2026l[?2026h[2K[1A[2K[1A[2K[1A[2K[1A[2K[1A[2K[1A[2K[1A[2K[1A[2K[G[48;2;45;43;85m[38;2;228;204;255m [1m◇ [22m[38;2;234;218;255mS[38;2;171;165;206mt[38;2;228;204;255mu[38;2;165;153;233md[38;2;110;97;163mying…[38;2;228;204;255m [39m[49m [1m[38;2;138;148;168mesc[39m[22m [38;2;138;148;168mto interrupt[39m [38;2;138;148;168m•[39m [38;2;138;148;168m3s[39m [38;2;138;148;168m•[39m [38;2;138;148;168m↓[39m [38;2;138;148;168m0[39m
[38;2;138;148;168m────────────────────────────────────────────────────────────────────────────────[39m
❯ [7mA[27m[38;2;138;148;168msk your question...[39m
[38;2;138;148;168m────────────────────────────────────────────────────────────────────────────────[39m
  [38;2;138;148;168m? for shortcuts · [38;2;2;136;142mtaste on[39m



[?2026l[?2026h[2K[1A[2K[1A[2K[1A[2K[1A[2K[1A[2K[1A[2K[1A[2K[1A[2K[G[48;2;45;43;85m[38;2;228;204;255m [1m☆ [22m[38;2;255;255;255mS[38;2;234;218;255mt[38;2;171;165;206mu[38;2;228;204;255md[38;2;165;153;233my[38;2;110;97;163ming…[38;2;228;204;255m [39m[49m [1m[38;2;138;148;168mesc[39m[22m [38;2;138;148;168mto interrupt[39m [38;2;138;148;168m•[39m [38;2;138;148;168m3s[39m [38;2;138;148;168m•[39m [38;2;138;148;168m↓[39m [38;2;138;148;168m0[39m
[38;2;138;148;168m────────────────────────────────────────────────────────────────────────────────[39m
❯ [7mA[27m[38;2;138;148;168msk your question...[39m
[38;2;138;148;168m────────────────────────────────────────────────────────────────────────────────[39m
  [38;2;138;148;168m? for shortcuts · [38;2;2;136;142mtaste on[39m



[?2026l[?2026h[2K[1A[2K[1A[2K[1A[2K[1A[2K[1A[2K[1A[2K[1A[2K[1A[2K[G[48;2;45;43;85m[38;2;228;204;255m [1m✧ [22m[38;2;204;199;225mS[38;2;255;255;255mt[38;2;234;218;255mu[38;2;171;165;206md[38;2;228;204;255my[38;2;165;153;233mi[38;2;110;97;163mng…[38;2;228;204;255m [39m[49m [1m[38;2;138;148;168mesc[39m[22m [38;2;138;148;168mto interrupt[39m [38;2;138;148;168m•[39m [38;2;138;148;168m3s[39m [38;2;138;148;168m•[39m [38;2;138;148;168m↓[39m [38;2;138;148;168m0[39m
[38;2;138;148;168m────────────────────────────────────────────────────────────────────────────────[39m
❯ [7mA[27m[38;2;138;148;168msk your question...[39m
[38;2;138;148;168m────────────────────────────────────────────────────────────────────────────────[39m
  [38;2;138;148;168m? for shortcuts · [38;2;2;136;142mtaste on[39m



[?2026l[?2026h[2K[1A[2K[1A[2K[1A[2K[1A[2K[1A[2K[1A[2K[1A[2K[1A[2K[G[48;2;45;43;85m[38;2;228;204;255m [1m☆ [22m[38;2;171;165;206mS[38;2;204;199;225mt[38;2;255;255;255mu[38;2;234;218;255md[38;2;171;165;206my[38;2;228;204;255mi[38;2;165;153;233mn[38;2;110;97;163mg…[38;2;228;204;255m [39m[49m [1m[38;2;138;148;168mesc[39m[22m [38;2;138;148;168mto interrupt[39m [38;2;138;148;168m•[39m [38;2;138;148;168m3s[39m [38;2;138;148;168m•[39m [38;2;138;148;168m↓[39m [38;2;138;148;168m0[39m
[38;2;138;148;168m────────────────────────────────────────────────────────────────────────────────[39m
❯ [7mA[27m[38;2;138;148;168msk your question...[39m
[38;2;138;148;168m────────────────────────────────────────────────────────────────────────────────[39m
  [38;2;138;148;168m? for shortcuts · [38;2;2;136;142mtaste on[39m



[?2026l[?2026h[2K[1A[2K[1A[2K[1A[2K[1A[2K[1A[2K[1A[2K[1A[2K[1A[2K[G[48;2;45;43;85m[38;2;228;204;255m [1m◇ [22mS[38;2;171;165;206mt[38;2;204;199;225mu[38;2;255;255;255md[38;2;234;218;255my[38;2;171;165;206mi[38;2;228;204;255mn[38;2;165;153;233mg[38;2;110;97;163m…[38;2;228;204;255m [39m[49m [1m[38;2;138;148;168mesc[39m[22m [38;2;138;148;168mto interrupt[39m [38;2;138;148;168m•[39m [38;2;138;148;168m3s[39m [38;2;138;148;168m•[39m [38;2;138;148;168m↓[39m [38;2;138;148;168m0[39m
[38;2;138;148;168m────────────────────────────────────────────────────────────────────────────────[39m
❯ [7mA[27m[38;2;138;148;168msk your question...[39m
[38;2;138;148;168m────────────────────────────────────────────────────────────────────────────────[39m
  [38;2;138;148;168m? for shortcuts · [38;2;2;136;142mtaste on[39m



[?2026l[?2026h[2K[1A[2K[1A[2K[1A[2K[1A[2K[1A[2K[1A[2K[1A[2K[1A[2K[G[48;2;45;43;85m[38;2;228;204;255m [1m○ [22m[38;2;165;153;233mS[38;2;228;204;255mt[38;2;171;165;206mu[38;2;204;199;225md[38;2;255;255;255my[38;2;234;218;255mi[38;2;171;165;206mn[38;2;228;204;255mg[38;2;165;153;233m…[38;2;228;204;255m [39m[49m [1m[38;2;138;148;168mesc[39m[22m [38;2;138;148;168mto interrupt[39m [38;2;138;148;168m•[39m [38;2;138;148;168m3s[39m [38;2;138;148;168m•[39m [38;2;138;148;168m↓[39m [38;2;138;148;168m0[39m
[38;2;138;148;168m────────────────────────────────────────────────────────────────────────────────[39m
❯ [7mA[27m[38;2;138;148;168msk your question...[39m
[38;2;138;148;168m────────────────────────────────────────────────────────────────────────────────[39m
  [38;2;138;148;168m? for shortcuts · [38;2;2;136;142mtaste on[39m



[?2026l[?2026h[2K[1A[2K[1A[2K[1A[2K[1A[2K[1A[2K[1A[2K[1A[2K[1A[2K[G[48;2;45;43;85m[38;2;228;204;255m [1m· [22m[38;2;110;97;163mS[38;2;165;153;233mt[38;2;228;204;255mu[38;2;171;165;206md[38;2;204;199;225my[38;2;255;255;255mi[38;2;234;218;255mn[38;2;171;165;206mg[38;2;228;204;255m… [39m[49m [1m[38;2;138;148;168mesc[39m[22m [38;2;138;148;168mto interrupt[39m [38;2;138;148;168m•[39m [38;2;138;148;168m3s[39m [38;2;138;148;168m•[39m [38;2;138;148;168m↓[39m [38;2;138;148;168m0[39m
[38;2;138;148;168m────────────────────────────────────────────────────────────────────────────────[39m
❯ [7mA[27m[38;2;138;148;168msk your question...[39m
[38;2;138;148;168m────────────────────────────────────────────────────────────────────────────────[39m
  [38;2;138;148;168m? for shortcuts · [38;2;2;136;142mtaste on[39m



[?2026l[?2026h[2K[1A[2K[1A[2K[1A[2K[1A[2K[1A[2K[1A[2K[1A[2K[1A[2K[G[48;2;45;43;85m[38;2;228;204;255m [1m· [22m[38;2;110;97;163mSt[38;2;165;153;233mu[38;2;228;204;255md[38;2;171;165;206my[38;2;204;199;225mi[38;2;255;255;255mn[38;2;234;218;255mg[38;2;171;165;206m…[38;2;228;204;255m [39m[49m [1m[38;2;138;148;168mesc[39m[22m [38;2;138;148;168mto interrupt[39m [38;2;138;148;168m•[39m [38;2;138;148;168m3s[39m [38;2;138;148;168m•[39m [38;2;138;148;168m↓[39m [38;2;138;148;168m0[39m
[38;2;138;148;168m────────────────────────────────────────────────────────────────────────────────[39m
❯ [7mA[27m[38;2;138;148;168msk your question...[39m
[38;2;138;148;168m────────────────────────────────────────────────────────────────────────────────[39m
  [38;2;138;148;168m? for shortcuts · [38;2;2;136;142mtaste on[39m



[?2026l[?2026h[2K[1A[2K[1A[2K[1A[2K[1A[2K[1A[2K[1A[2K[1A[2K[1A[2K[G[48;2;45;43;85m[38;2;228;204;255m [1m· [22m[38;2;110;97;163mStu[38;2;165;153;233md[38;2;228;204;255my[38;2;171;165;206mi[38;2;204;199;225mn[38;2;255;255;255mg[38;2;234;218;255m…[38;2;228;204;255m [39m[49m [1m[38;2;138;148;168mesc[39m[22m [38;2;138;148;168mto interrupt[39m [38;2;138;148;168m•[39m [38;2;138;148;168m3s[39m [38;2;138;148;168m•[39m [38;2;138;148;168m↓[39m [38;2;138;148;168m0[39m
[38;2;138;148;168m────────────────────────────────────────────────────────────────────────────────[39m
❯ [7mA[27m[38;2;138;148;168msk your question...[39m
[38;2;138;148;168m────────────────────────────────────────────────────────────────────────────────[39m
  [38;2;138;148;168m? for shortcuts · [38;2;2;136;142mtaste on[39m



[?2026l[?2026h[2K[1A[2K[1A[2K[1A[2K[1A[2K[1A[2K[1A[2K[1A[2K[1A[2K[G[48;2;45;43;85m[38;2;228;204;255m [1m○ [22m[38;2;110;97;163mStud[38;2;165;153;233my[38;2;228;204;255mi[38;2;171;165;206mn[38;2;204;199;225mg[38;2;255;255;255m…[38;2;228;204;255m [39m[49m [1m[38;2;138;148;168mesc[39m[22m [38;2;138;148;168mto interrupt[39m [38;2;138;148;168m•[39m [38;2;138;148;168m3s[39m [38;2;138;148;168m•[39m [38;2;138;148;168m↓[39m [38;2;138;148;168m0[39m
[38;2;138;148;168m────────────────────────────────────────────────────────────────────────────────[39m
❯ [7mA[27m[38;2;138;148;168msk your question...[39m
[38;2;138;148;168m────────────────────────────────────────────────────────────────────────────────[39m
  [38;2;138;148;168m? for shortcuts · [38;2;2;136;142mtaste on[39m



[?2026l[?2026h[2K[1A[2K[1A[2K[1A[2K[1A[2K[1A[2K[1A[2K[1A[2K[1A[2K[G[48;2;45;43;85m[38;2;228;204;255m [1m○ [22m[38;2;110;97;163mStudy[38;2;165;153;233mi[38;2;228;204;255mn[38;2;171;165;206mg[38;2;204;199;225m…[38;2;228;204;255m [39m[49m [1m[38;2;138;148;168mesc[39m[22m [38;2;138;148;168mto interrupt[39m [38;2;138;148;168m•[39m [38;2;138;148;168m3s[39m [38;2;138;148;168m•[39m [38;2;138;148;168m↓[39m [38;2;138;148;168m0[39m
[38;2;138;148;168m────────────────────────────────────────────────────────────────────────────────[39m
❯ [7mA[27m[38;2;138;148;168msk your question...[39m
[38;2;138;148;168m────────────────────────────────────────────────────────────────────────────────[39m
  [38;2;138;148;168m? for shortcuts · [38;2;2;136;142mtaste on[39m



[?2026l[?2026h[2K[1A[2K[1A[2K[1A[2K[1A[2K[1A[2K[1A[2K[1A[2K[1A[2K[G[48;2;45;43;85m[38;2;228;204;255m [1m◇ [22m[38;2;110;97;163mStudyi[38;2;165;153;233mn[38;2;228;204;255mg[38;2;171;165;206m…[38;2;228;204;255m [39m[49m [1m[38;2;138;148;168mesc[39m[22m [38;2;138;148;168mto interrupt[39m [38;2;138;148;168m•[39m [38;2;138;148;168m3s[39m [38;2;138;148;168m•[39m [38;2;138;148;168m↓[39m [38;2;138;148;168m0[39m
[38;2;138;148;168m────────────────────────────────────────────────────────────────────────────────[39m
❯ [7mA[27m[38;2;138;148;168msk your question...[39m
[38;2;138;148;168m────────────────────────────────────────────────────────────────────────────────[39m
  [38;2;138;148;168m? for shortcuts · [38;2;2;136;142mtaste on[39m



[?2026l[?2026h[2K[1A[2K[1A[2K[1A[2K[1A[2K[1A[2K[1A[2K[1A[2K[1A[2K[G[48;2;45;43;85m[38;2;228;204;255m [1m◇ [22m[38;2;110;97;163mStudyi[38;2;165;153;233mn[38;2;228;204;255mg[38;2;171;165;206m…[38;2;228;204;255m [39m[49m [1m[38;2;138;148;168mesc[39m[22m [38;2;138;148;168mto interrupt[39m [38;2;138;148;168m•[39m [38;2;138;148;168m4s[39m [38;2;138;148;168m•[39m [38;2;138;148;168m↓[39m [38;2;138;148;168m0[39m
[38;2;138;148;168m────────────────────────────────────────────────────────────────────────────────[39m
❯ [7mA[27m[38;2;138;148;168msk your question...[39m
[38;2;138;148;168m────────────────────────────────────────────────────────────────────────────────[39m
  [38;2;138;148;168m? for shortcuts · [38;2;2;136;142mtaste on[39m



[?2026l[?2026h[2K[1A[2K[1A[2K[1A[2K[1A[2K[1A[2K[1A[2K[1A[2K[1A[2K[G[48;2;45;43;85m[38;2;228;204;255m [1m☆ [22m[38;2;110;97;163mStudyin[38;2;165;153;233mg[38;2;228;204;255m… [39m[49m [1m[38;2;138;148;168mesc[39m[22m [38;2;138;148;168mto interrupt[39m [38;2;138;148;168m•[39m [38;2;138;148;168m4s[39m [38;2;138;148;168m•[39m [38;2;138;148;168m↓[39m [38;2;138;148;168m0[39m
[38;2;138;148;168m────────────────────────────────────────────────────────────────────────────────[39m
❯ [7mA[27m[38;2;138;148;168msk your question...[39m
[38;2;138;148;168m────────────────────────────────────────────────────────────────────────────────[39m
  [38;2;138;148;168m? for shortcuts · [38;2;2;136;142mtaste on[39m



[?2026l[?2026h[2K[1A[2K[1A[2K[1A[2K[1A[2K[1A[2K[1A[2K[1A[2K[1A[2K[G[48;2;45;43;85m[38;2;228;204;255m [1m✧ [22m[38;2;110;97;163mStudying[38;2;165;153;233m…[38;2;228;204;255m [39m[49m [1m[38;2;138;148;168mesc[39m[22m [38;2;138;148;168mto interrupt[39m [38;2;138;148;168m•[39m [38;2;138;148;168m4s[39m [38;2;138;148;168m•[39m [38;2;138;148;168m↓[39m [38;2;138;148;168m0[39m
[38;2;138;148;168m────────────────────────────────────────────────────────────────────────────────[39m
❯ [7mA[27m[38;2;138;148;168msk your question...[39m
[38;2;138;148;168m────────────────────────────────────────────────────────────────────────────────[39m
  [38;2;138;148;168m? for shortcuts · [38;2;2;136;142mtaste on[39m



[?2026l[?2026h[2K[1A[2K[1A[2K[1A[2K[1A[2K[1A[2K[1A[2K[1A[2K[1A[2K[G[48;2;45;43;85m[38;2;228;204;255m [1m☆ [22m[38;2;110;97;163mStudying…[38;2;228;204;255m [39m[49m [1m[38;2;138;148;168mesc[39m[22m [38;2;138;148;168mto interrupt[39m [38;2;138;148;168m•[39m [38;2;138;148;168m4s[39m [38;2;138;148;168m•[39m [38;2;138;148;168m↓[39m [38;2;138;148;168m0[39m
[38;2;138;148;168m────────────────────────────────────────────────────────────────────────────────[39m
❯ [7mA[27m[38;2;138;148;168msk your question...[39m
[38;2;138;148;168m────────────────────────────────────────────────────────────────────────────────[39m
  [38;2;138;148;168m? for shortcuts · [38;2;2;136;142mtaste on[39m



[?2026l[?2026h[2K[1A[2K[1A[2K[1A[2K[1A[2K[1A[2K[1A[2K[1A[2K[1A[2K[G[38;2;228;204;255m✻ Thinking… (1 line) [38;2;53;61;80m[[38;2;138;148;168mctrl+o to expand[38;2;53;61;80m][39m

[48;2;45;43;85m[38;2;228;204;255m [1m☆ [22m[38;2;110;97;163mStudying…[38;2;228;204;255m [39m[49m [1m[38;2;138;148;168mesc[39m[22m [38;2;138;148;168mto interrupt[39m [38;2;138;148;168m•[39m [38;2;138;148;168m4s[39m [38;2;138;148;168m•[39m [38;2;138;148;168m↓[39m [38;2;138;148;168m0[39m
[38;2;138;148;168m────────────────────────────────────────────────────────────────────────────────[39m
❯ [7mA[27m[38;2;138;148;168msk your question...[39m
[38;2;138;148;168m────────────────────────────────────────────────────────────────────────────────[39m
  [38;2;138;148;168m? for shortcuts · [38;2;2;136;142mtaste on[39m



[?2026l[?2026h[2K[1A[2K[1A[2K[1A[2K[1A[2K[1A[2K[1A[2K[1A[2K[1A[2K[1A[2K[1A[2K[G[38;2;228;204;255m✻ Thinking… (1 line) [38;2;53;61;80m[[38;2;138;148;168mctrl+o to expand[38;2;53;61;80m][39m

[48;2;45;43;85m[38;2;228;204;255m [1m◇ [22m[38;2;110;97;163mStudying…[38;2;228;204;255m [39m[49m [1m[38;2;138;148;168mesc[39m[22m [38;2;138;148;168mto interrupt[39m [38;2;138;148;168m•[39m [38;2;138;148;168m4s[39m [38;2;138;148;168m•[39m [38;2;138;148;168m↓[39m [38;2;138;148;168m2[39m
[38;2;138;148;168m────────────────────────────────────────────────────────────────────────────────[39m
❯ [7mA[27m[38;2;138;148;168msk your question...[39m
[38;2;138;148;168m────────────────────────────────────────────────────────────────────────────────[39m
  [38;2;138;148;168m? for shortcuts · [38;2;2;136;142mtaste on[39m



[?2026l[?2026h[2K[1A[2K[1A[2K[1A[2K[1A[2K[1A[2K[1A[2K[1A[2K[1A[2K[1A[2K[1A[2K[G[38;2;228;204;255m✻ Thinking… (1 line) [38;2;53;61;80m[[38;2;138;148;168mctrl+o to expand[38;2;53;61;80m][39m

[48;2;45;43;85m[38;2;228;204;255m [1m○ [22m[38;2;110;97;163mStudying…[38;2;228;204;255m [39m[49m [1m[38;2;138;148;168mesc[39m[22m [38;2;138;148;168mto interrupt[39m [38;2;138;148;168m•[39m [38;2;138;148;168m4s[39m [38;2;138;148;168m•[39m [38;2;138;148;168m↓[39m [38;2;138;148;168m5[39m
[38;2;138;148;168m────────────────────────────────────────────────────────────────────────────────[39m
❯ [7mA[27m[38;2;138;148;168msk your question...[39m
[38;2;138;148;168m────────────────────────────────────────────────────────────────────────────────[39m
  [38;2;138;148;168m? for shortcuts · [38;2;2;136;142mtaste on[39m



[?2026l[?2026h[2K[1A[2K[1A[2K[1A[2K[1A[2K[1A[2K[1A[2K[1A[2K[1A[2K[1A[2K[1A[2K[G[38;2;228;204;255m✻ Thinking… (1 line) [38;2;53;61;80m[[38;2;138;148;168mctrl+o to expand[38;2;53;61;80m][39m

[48;2;45;43;85m[38;2;228;204;255m [1m⌘ [22m[38;2;110;97;163mStudying…[38;2;228;204;255m [39m[49m [1m[38;2;138;148;168mesc[39m[22m [38;2;138;148;168mto interrupt[39m [38;2;138;148;168m•[39m [38;2;138;148;168m4s[39m [38;2;138;148;168m•[39m [38;2;138;148;168m↓[39m [38;2;138;148;168m8[39m
[38;2;138;148;168m────────────────────────────────────────────────────────────────────────────────[39m
❯ [7mA[27m[38;2;138;148;168msk your question...[39m
[38;2;138;148;168m────────────────────────────────────────────────────────────────────────────────[39m
  [38;2;138;148;168m? for shortcuts · [38;2;2;136;142mtaste on[39m



[?2026l[?2026h[2K[1A[2K[1A[2K[1A[2K[1A[2K[1A[2K[1A[2K[1A[2K[1A[2K[1A[2K[1A[2K[G[38;2;228;204;255m✻ Thinking… (1 line) [38;2;53;61;80m[[38;2;138;148;168mctrl+o to expand[38;2;53;61;80m][39m

[48;2;45;43;85m[38;2;228;204;255m [1m⌘ [22m[38;2;110;97;163mStudying…[38;2;228;204;255m [39m[49m [1m[38;2;138;148;168mesc[39m[22m [38;2;138;148;168mto interrupt[39m [38;2;138;148;168m•[39m [38;2;138;148;168m4s[39m [38;2;138;148;168m•[39m [38;2;138;148;168m↓[39m [38;2;138;148;168m11[39m
[38;2;138;148;168m────────────────────────────────────────────────────────────────────────────────[39m
❯ [7mA[27m[38;2;138;148;168msk your question...[39m
[38;2;138;148;168m────────────────────────────────────────────────────────────────────────────────[39m
  [38;2;138;148;168m? for shortcuts · [38;2;2;136;142mtaste on[39m



[?2026l[?2026h[2K[1A[2K[1A[2K[1A[2K[1A[2K[1A[2K[1A[2K[1A[2K[1A[2K[1A[2K[1A[2K[G[38;2;228;204;255m✻ Thinking… (1 line) [38;2;53;61;80m[[38;2;138;148;168mctrl+o to expand[38;2;53;61;80m][39m

[48;2;45;43;85m[38;2;228;204;255m [1m⌘ [22m[38;2;234;218;255mS[38;2;171;165;206mt[38;2;228;204;255mu[38;2;165;153;233md[38;2;110;97;163mying…[38;2;228;204;255m [39m[49m [1m[38;2;138;148;168mesc[39m[22m [38;2;138;148;168mto interrupt[39m [38;2;138;148;168m•[39m [38;2;138;148;168m4s[39m [38;2;138;148;168m•[39m [38;2;138;148;168m↓[39m [38;2;138;148;168m18[39m
[38;2;138;148;168m────────────────────────────────────────────────────────────────────────────────[39m
❯ [7mA[27m[38;2;138;148;168msk your question...[39m
[38;2;138;148;168m────────────────────────────────────────────────────────────────────────────────[39m
  [38;2;138;148;168m? for shortcuts · [38;2;2;136;142mtaste on[39m



[?2026l[?2026h[2K[1A[2K[1A[2K[1A[2K[1A[2K[1A[2K[1A[2K[1A[2K[1A[2K[1A[2K[1A[2K[G[38;2;228;204;255m✻ Thinking… (3 lines) [38;2;53;61;80m[[38;2;138;148;168mctrl+o to expand[38;2;53;61;80m][39m

[48;2;45;43;85m[38;2;228;204;255m [1m⌘ [22m[38;2;234;218;255mS[38;2;171;165;206mt[38;2;228;204;255mu[38;2;165;153;233md[38;2;110;97;163mying…[38;2;228;204;255m [39m[49m [1m[38;2;138;148;168mesc[39m[22m [38;2;138;148;168mto interrupt[39m [38;2;138;148;168m•[39m [38;2;138;148;168m4s[39m [38;2;138;148;168m•[39m [38;2;138;148;168m↓[39m [38;2;138;148;168m18[39m
[38;2;138;148;168m────────────────────────────────────────────────────────────────────────────────[39m
❯ [7mA[27m[38;2;138;148;168msk your question...[39m
[38;2;138;148;168m────────────────────────────────────────────────────────────────────────────────[39m
  [38;2;138;148;168m? for shortcuts · [38;2;2;136;142mtaste on[39m



[?2026l[?2026h[2K[1A[2K[1A[2K[1A[2K[1A[2K[1A[2K[1A[2K[1A[2K[1A[2K[1A[2K[1A[2K[G[38;2;228;204;255m✻ Thinking… (3 lines) [38;2;53;61;80m[[38;2;138;148;168mctrl+o to expand[38;2;53;61;80m][39m

[48;2;45;43;85m[38;2;228;204;255m [1m⌘ [22m[38;2;255;255;255mS[38;2;234;218;255mt[38;2;171;165;206mu[38;2;228;204;255md[38;2;165;153;233my[38;2;110;97;163ming…[38;2;228;204;255m [39m[49m [1m[38;2;138;148;168mesc[39m[22m [38;2;138;148;168mto interrupt[39m [38;2;138;148;168m•[39m [38;2;138;148;168m4s[39m [38;2;138;148;168m•[39m [38;2;138;148;168m↓[39m [38;2;138;148;168m27[39m
[38;2;138;148;168m────────────────────────────────────────────────────────────────────────────────[39m
❯ [7mA[27m[38;2;138;148;168msk your question...[39m
[38;2;138;148;168m────────────────────────────────────────────────────────────────────────────────[39m
  [38;2;138;148;168m? for shortcuts · [38;2;2;136;142mtaste on[39m



[?2026l]0;⌘ Command Code · orch-go · deepseek-v4-flash-(latest)]2;⌘ Command Code · orch-go · deepseek-v4-flash-(latest)[?2026h[2K[1A[2K[1A[2K[1A[2K[1A[2K[1A[2K[1A[2K[1A[2K[1A[2K[1A[2K[1A[2K[G[38;2;228;204;255m✻ Thinking… (3 lines) [38;2;53;61;80m[[38;2;138;148;168mctrl+o to expand[38;2;53;61;80m][39m

[48;2;45;43;85m[38;2;228;204;255m [1m○ [22m[38;2;204;199;225mS[38;2;255;255;255mt[38;2;234;218;255mu[38;2;171;165;206md[38;2;228;204;255my[38;2;165;153;233mi[38;2;110;97;163mng…[38;2;228;204;255m [39m[49m [1m[38;2;138;148;168mesc[39m[22m [38;2;138;148;168mto interrupt[39m [38;2;138;148;168m•[39m [38;2;138;148;168m4s[39m [38;2;138;148;168m•[39m [38;2;138;148;168m↓[39m [38;2;138;148;168m44[39m
[38;2;138;148;168m────────────────────────────────────────────────────────────────────────────────[39m
❯ [7mA[27m[38;2;138;148;168msk your question...[39m
[38;2;138;148;168m────────────────────────────────────────────────────────────────────────────────[39m
  [38;2;138;148;168m? for shortcuts · [38;2;2;136;142mtaste on[39m



[?2026l[?2026h[2K[1A[2K[1A[2K[1A[2K[1A[2K[1A[2K[1A[2K[1A[2K[1A[2K[1A[2K[1A[2K[G[38;2;228;204;255m✻ Thinking… (3 lines) [38;2;53;61;80m[[38;2;138;148;168mctrl+o to expand[38;2;53;61;80m][39m

[48;2;45;43;85m[38;2;228;204;255m [1m◇ [22m[38;2;171;165;206mS[38;2;204;199;225mt[38;2;255;255;255mu[38;2;234;218;255md[38;2;171;165;206my[38;2;228;204;255mi[38;2;165;153;233mn[38;2;110;97;163mg…[38;2;228;204;255m [39m[49m [1m[38;2;138;148;168mesc[39m[22m [38;2;138;148;168mto interrupt[39m [38;2;138;148;168m•[39m [38;2;138;148;168m4s[39m [38;2;138;148;168m•[39m [38;2;138;148;168m↓[39m [38;2;138;148;168m63[39m
[38;2;138;148;168m────────────────────────────────────────────────────────────────────────────────[39m
❯ [7mA[27m[38;2;138;148;168msk your question...[39m
[38;2;138;148;168m────────────────────────────────────────────────────────────────────────────────[39m
  [38;2;138;148;168m? for shortcuts · [38;2;2;136;142mtaste on[39m



[?2026l[?2026h[2K[1A[2K[1A[2K[1A[2K[1A[2K[1A[2K[1A[2K[1A[2K[1A[2K[1A[2K[1A[2K[G[38;2;228;204;255m✻ Thinking… (3 lines) [38;2;53;61;80m[[38;2;138;148;168mctrl+o to expand[38;2;53;61;80m][39m

[48;2;45;43;85m[38;2;228;204;255m [1m☆ [22mS[38;2;171;165;206mt[38;2;204;199;225mu[38;2;255;255;255md[38;2;234;218;255my[38;2;171;165;206mi[38;2;228;204;255mn[38;2;165;153;233mg[38;2;110;97;163m…[38;2;228;204;255m [39m[49m [1m[38;2;138;148;168mesc[39m[22m [38;2;138;148;168mto interrupt[39m [38;2;138;148;168m•[39m [38;2;138;148;168m4s[39m [38;2;138;148;168m•[39m [38;2;138;148;168m↓[39m [38;2;138;148;168m84[39m
[38;2;138;148;168m────────────────────────────────────────────────────────────────────────────────[39m
❯ [7mA[27m[38;2;138;148;168msk your question...[39m
[38;2;138;148;168m────────────────────────────────────────────────────────────────────────────────[39m
  [38;2;138;148;168m? for shortcuts · [38;2;2;136;142mtaste on[39m



[?2026l[?2026h[2K[1A[2K[1A[2K[1A[2K[1A[2K[1A[2K[1A[2K[1A[2K[1A[2K[1A[2K[1A[2K[G[38;2;228;204;255m✻ Thinking… (3 lines) [38;2;53;61;80m[[38;2;138;148;168mctrl+o to expand[38;2;53;61;80m][39m

[48;2;45;43;85m[38;2;228;204;255m [1m✧ [22m[38;2;165;153;233mS[38;2;228;204;255mt[38;2;171;165;206mu[38;2;204;199;225md[38;2;255;255;255my[38;2;234;218;255mi[38;2;171;165;206mn[38;2;228;204;255mg[38;2;165;153;233m…[38;2;228;204;255m [39m[49m [1m[38;2;138;148;168mesc[39m[22m [38;2;138;148;168mto interrupt[39m [38;2;138;148;168m•[39m [38;2;138;148;168m5s[39m [38;2;138;148;168m•[39m [38;2;138;148;168m↓[39m [38;2;138;148;168m104[39m
[38;2;138;148;168m────────────────────────────────────────────────────────────────────────────────[39m
❯ [7mA[27m[38;2;138;148;168msk your question...[39m
[38;2;138;148;168m────────────────────────────────────────────────────────────────────────────────[39m
  [38;2;138;148;168m? for shortcuts · [38;2;2;136;142mtaste on[39m



[?2026l[?2026h[2K[1A[2K[1A[2K[1A[2K[1A[2K[1A[2K[1A[2K[1A[2K[1A[2K[1A[2K[1A[2K[G[38;2;228;204;255m✻ Thinking… (3 lines) [38;2;53;61;80m[[38;2;138;148;168mctrl+o to expand[38;2;53;61;80m][39m

[48;2;45;43;85m[38;2;228;204;255m [1m☆ [22m[38;2;110;97;163mS[38;2;165;153;233mt[38;2;228;204;255mu[38;2;171;165;206md[38;2;204;199;225my[38;2;255;255;255mi[38;2;234;218;255mn[38;2;171;165;206mg[38;2;228;204;255m… [39m[49m [1m[38;2;138;148;168mesc[39m[22m [38;2;138;148;168mto interrupt[39m [38;2;138;148;168m•[39m [38;2;138;148;168m5s[39m [38;2;138;148;168m•[39m [38;2;138;148;168m↓[39m [38;2;138;148;168m125[39m
[38;2;138;148;168m────────────────────────────────────────────────────────────────────────────────[39m
❯ [7mA[27m[38;2;138;148;168msk your question...[39m
[38;2;138;148;168m────────────────────────────────────────────────────────────────────────────────[39m
  [38;2;138;148;168m? for shortcuts · [38;2;2;136;142mtaste on[39m



[?2026l[?2026h[2K[1A[2K[1A[2K[1A[2K[1A[2K[1A[2K[1A[2K[1A[2K[1A[2K[1A[2K[1A[2K[G[38;2;228;204;255m✻ Thinking… (3 lines) [38;2;53;61;80m[[38;2;138;148;168mctrl+o to expand[38;2;53;61;80m][39m

[48;2;45;43;85m[38;2;228;204;255m [1m◇ [22m[38;2;110;97;163mSt[38;2;165;153;233mu[38;2;228;204;255md[38;2;171;165;206my[38;2;204;199;225mi[38;2;255;255;255mn[38;2;234;218;255mg[38;2;171;165;206m…[38;2;228;204;255m [39m[49m [1m[38;2;138;148;168mesc[39m[22m [38;2;138;148;168mto interrupt[39m [38;2;138;148;168m•[39m [38;2;138;148;168m5s[39m [38;2;138;148;168m•[39m [38;2;138;148;168m↓[39m [38;2;138;148;168m146[39m
[38;2;138;148;168m────────────────────────────────────────────────────────────────────────────────[39m
❯ [7mA[27m[38;2;138;148;168msk your question...[39m
[38;2;138;148;168m────────────────────────────────────────────────────────────────────────────────[39m
  [38;2;138;148;168m? for shortcuts · [38;2;2;136;142mtaste on[39m



[?2026l[?2026h[2K[1A[2K[1A[2K[1A[2K[1A[2K[1A[2K[1A[2K[1A[2K[1A[2K[1A[2K[1A[2K[G[38;2;228;204;255m✻ Thinking… (5 lines) [38;2;53;61;80m[[38;2;138;148;168mctrl+o to expand[38;2;53;61;80m][39m

[48;2;45;43;85m[38;2;228;204;255m [1m◇ [22m[38;2;110;97;163mSt[38;2;165;153;233mu[38;2;228;204;255md[38;2;171;165;206my[38;2;204;199;225mi[38;2;255;255;255mn[38;2;234;218;255mg[38;2;171;165;206m…[38;2;228;204;255m [39m[49m [1m[38;2;138;148;168mesc[39m[22m [38;2;138;148;168mto interrupt[39m [38;2;138;148;168m•[39m [38;2;138;148;168m5s[39m [38;2;138;148;168m•[39m [38;2;138;148;168m↓[39m [38;2;138;148;168m146[39m
[38;2;138;148;168m────────────────────────────────────────────────────────────────────────────────[39m
❯ [7mA[27m[38;2;138;148;168msk your question...[39m
[38;2;138;148;168m────────────────────────────────────────────────────────────────────────────────[39m
  [38;2;138;148;168m? for shortcuts · [38;2;2;136;142mtaste on[39m



[?2026l[?2026h[2K[1A[2K[1A[2K[1A[2K[1A[2K[1A[2K[1A[2K[1A[2K[1A[2K[1A[2K[1A[2K[G[38;2;228;204;255m✻ Thinking… (7 lines) [38;2;53;61;80m[[38;2;138;148;168mctrl+o to expand[38;2;53;61;80m][39m

[48;2;45;43;85m[38;2;228;204;255m [1m○ [22m[38;2;110;97;163mStu[38;2;165;153;233md[38;2;228;204;255my[38;2;171;165;206mi[38;2;204;199;225mn[38;2;255;255;255mg[38;2;234;218;255m…[38;2;228;204;255m [39m[49m [1m[38;2;138;148;168mesc[39m[22m [38;2;138;148;168mto interrupt[39m [38;2;138;148;168m•[39m [38;2;138;148;168m5s[39m [38;2;138;148;168m•[39m [38;2;138;148;168m↓[39m [38;2;138;148;168m169[39m
[38;2;138;148;168m────────────────────────────────────────────────────────────────────────────────[39m
❯ [7mA[27m[38;2;138;148;168msk your question...[39m
[38;2;138;148;168m────────────────────────────────────────────────────────────────────────────────[39m
  [38;2;138;148;168m? for shortcuts · [38;2;2;136;142mtaste on[39m



[?2026l[?2026h[2K[1A[2K[1A[2K[1A[2K[1A[2K[1A[2K[1A[2K[1A[2K[1A[2K[1A[2K[1A[2K[G[38;2;228;204;255m✻ Thought for 2 seconds [38;2;53;61;80m[[38;2;138;148;168mctrl+o to expand[38;2;53;61;80m][39m

[?2026h[38;2;165;153;233m⠶[39m I'll verify

[48;2;45;43;85m[38;2;228;204;255m [1m· [22m[38;2;110;97;163mStud[38;2;165;153;233my[38;2;228;204;255mi[38;2;171;165;206mn[38;2;204;199;225mg[38;2;255;255;255m…[38;2;228;204;255m [39m[49m [1m[38;2;138;148;168mesc[39m[22m [38;2;138;148;168mto interrupt[39m [38;2;138;148;168m•[39m [38;2;138;148;168m5s[39m [38;2;138;148;168m•[39m [38;2;138;148;168m↓[39m [38;2;138;148;168m194[39m
[38;2;138;148;168m────────────────────────────────────────────────────────────────────────────────[39m
❯ [7mA[27m[38;2;138;148;168msk your question...[39m
[38;2;138;148;168m────────────────────────────────────────────────────────────────────────────────[39m
  [38;2;138;148;168m? for shortcuts · [38;2;2;136;142mtaste on[39m



[?2026l[?2026l[?2026h[2K[1A[2K[1A[2K[1A[2K[1A[2K[1A[2K[1A[2K[1A[2K[1A[2K[1A[2K[1A[2K[G[38;2;165;153;233m⠶[39m I'll verify the plan against the actual repository before writing my
  review. Let me read the

[48;2;45;43;85m[38;2;228;204;255m [1m· [22m[38;2;110;97;163mStud[38;2;165;153;233my[38;2;228;204;255mi[38;2;171;165;206mn[38;2;204;199;225mg[38;2;255;255;255m…[38;2;228;204;255m [39m[49m [1m[38;2;138;148;168mesc[39m[22m [38;2;138;148;168mto interrupt[39m [38;2;138;148;168m•[39m [38;2;138;148;168m5s[39m [38;2;138;148;168m•[39m [38;2;138;148;168m↓[39m [38;2;138;148;168m194[39m
[38;2;138;148;168m────────────────────────────────────────────────────────────────────────────────[39m
❯ [7mA[27m[38;2;138;148;168msk your question...[39m
[38;2;138;148;168m────────────────────────────────────────────────────────────────────────────────[39m
  [38;2;138;148;168m? for shortcuts · [38;2;2;136;142mtaste on[39m



[?2026l[?2026h[2K[1A[2K[1A[2K[1A[2K[1A[2K[1A[2K[1A[2K[1A[2K[1A[2K[1A[2K[1A[2K[1A[2K[G[38;2;165;153;233m⠶[39m I'll verify the plan against the actual repository before writing my
  review. Let me read the key files.

[48;2;45;43;85m[38;2;228;204;255m [1m· [22m[38;2;110;97;163mStudy[38;2;165;153;233mi[38;2;228;204;255mn[38;2;171;165;206mg[38;2;204;199;225m…[38;2;228;204;255m [39m[49m [1m[38;2;138;148;168mesc[39m[22m [38;2;138;148;168mto interrupt[39m [38;2;138;148;168m•[39m [38;2;138;148;168m5s[39m [38;2;138;148;168m•[39m [38;2;138;148;168m↓[39m [38;2;138;148;168m220[39m
[38;2;138;148;168m────────────────────────────────────────────────────────────────────────────────[39m
❯ [7mA[27m[38;2;138;148;168msk your question...[39m
[38;2;138;148;168m────────────────────────────────────────────────────────────────────────────────[39m
  [38;2;138;148;168m? for shortcuts · [38;2;2;136;142mtaste on[39m



[?2026l[?2026h[2K[1A[2K[1A[2K[1A[2K[1A[2K[1A[2K[1A[2K[1A[2K[1A[2K[1A[2K[1A[2K[1A[2K[G[38;2;165;153;233m⠶[39m I'll verify the plan against the actual repository before writing my
  review. Let me read the key files.

[48;2;45;43;85m[38;2;228;204;255m [1m· [22m[38;2;110;97;163mStudyi[38;2;165;153;233mn[38;2;228;204;255mg[38;2;171;165;206m…[38;2;228;204;255m [39m[49m [1m[38;2;138;148;168mesc[39m[22m [38;2;138;148;168mto interrupt[39m [38;2;138;148;168m•[39m [38;2;138;148;168m5s[39m [38;2;138;148;168m•[39m [38;2;138;148;168m↓[39m [38;2;138;148;168m244[39m
[38;2;138;148;168m────────────────────────────────────────────────────────────────────────────────[39m
❯ [7mA[27m[38;2;138;148;168msk your question...[39m
[38;2;138;148;168m────────────────────────────────────────────────────────────────────────────────[39m
  [38;2;138;148;168m? for shortcuts · [38;2;2;136;142mtaste on[39m



[?2026l[?2026h[2K[1A[2K[1A[2K[1A[2K[1A[2K[1A[2K[1A[2K[1A[2K[1A[2K[1A[2K[1A[2K[1A[2K[G[38;2;165;153;233m⠶[39m I'll verify the plan against the actual repository before writing my
  review. Let me read the key files.

[48;2;45;43;85m[38;2;228;204;255m [1m○ [22m[38;2;110;97;163mStudyin[38;2;165;153;233mg[38;2;228;204;255m… [39m[49m [1m[38;2;138;148;168mesc[39m[22m [38;2;138;148;168mto interrupt[39m [38;2;138;148;168m•[39m [38;2;138;148;168m5s[39m [38;2;138;148;168m•[39m [38;2;138;148;168m↓[39m [38;2;138;148;168m266[39m
[38;2;138;148;168m────────────────────────────────────────────────────────────────────────────────[39m
❯ [7mA[27m[38;2;138;148;168msk your question...[39m
[38;2;138;148;168m────────────────────────────────────────────────────────────────────────────────[39m
  [38;2;138;148;168m? for shortcuts · [38;2;2;136;142mtaste on[39m



[?2026l[?2026h[2K[1A[2K[1A[2K[1A[2K[1A[2K[1A[2K[1A[2K[1A[2K[1A[2K[1A[2K[1A[2K[1A[2K[G[38;2;165;153;233m⠶[39m I'll verify the plan against the actual repository before writing my
  review. Let me read the key files.

[48;2;45;43;85m[38;2;228;204;255m [1m○ [22m[38;2;110;97;163mStudying[38;2;165;153;233m…[38;2;228;204;255m [39m[49m [1m[38;2;138;148;168mesc[39m[22m [38;2;138;148;168mto interrupt[39m [38;2;138;148;168m•[39m [38;2;138;148;168m5s[39m [38;2;138;148;168m•[39m [38;2;138;148;168m↓[39m [38;2;138;148;168m285[39m
[38;2;138;148;168m────────────────────────────────────────────────────────────────────────────────[39m
❯ [7mA[27m[38;2;138;148;168msk your question...[39m
[38;2;138;148;168m────────────────────────────────────────────────────────────────────────────────[39m
  [38;2;138;148;168m? for shortcuts · [38;2;2;136;142mtaste on[39m



[?2026l[?2026h[2K[1A[2K[1A[2K[1A[2K[1A[2K[1A[2K[1A[2K[1A[2K[1A[2K[1A[2K[1A[2K[1A[2K[G[38;2;165;153;233m⠶[39m I'll verify the plan against the actual repository before writing my
  review. Let me read the key files.

[48;2;45;43;85m[38;2;228;204;255m [1m◇ [22m[38;2;110;97;163mStudying…[38;2;228;204;255m [39m[49m [1m[38;2;138;148;168mesc[39m[22m [38;2;138;148;168mto interrupt[39m [38;2;138;148;168m•[39m [38;2;138;148;168m5s[39m [38;2;138;148;168m•[39m [38;2;138;148;168m↓[39m [38;2;138;148;168m302[39m
[38;2;138;148;168m────────────────────────────────────────────────────────────────────────────────[39m
❯ [7mA[27m[38;2;138;148;168msk your question...[39m
[38;2;138;148;168m────────────────────────────────────────────────────────────────────────────────[39m
  [38;2;138;148;168m? for shortcuts · [38;2;2;136;142mtaste on[39m



[?2026l[?2026h[2K[1A[2K[1A[2K[1A[2K[1A[2K[1A[2K[1A[2K[1A[2K[1A[2K[1A[2K[1A[2K[1A[2K[G[38;2;165;153;233m⠶[39m I'll verify the plan against the actual repository before writing my
  review. Let me read the key files.

[48;2;45;43;85m[38;2;228;204;255m [1m☆ [22m[38;2;110;97;163mStudying…[38;2;228;204;255m [39m[49m [1m[38;2;138;148;168mesc[39m[22m [38;2;138;148;168mto interrupt[39m [38;2;138;148;168m•[39m [38;2;138;148;168m5s[39m [38;2;138;148;168m•[39m [38;2;138;148;168m↓[39m [38;2;138;148;168m318[39m
[38;2;138;148;168m────────────────────────────────────────────────────────────────────────────────[39m
❯ [7mA[27m[38;2;138;148;168msk your question...[39m
[38;2;138;148;168m────────────────────────────────────────────────────────────────────────────────[39m
  [38;2;138;148;168m? for shortcuts · [38;2;2;136;142mtaste on[39m



[?2026l[?2026h[2K[1A[2K[1A[2K[1A[2K[1A[2K[1A[2K[1A[2K[1A[2K[1A[2K[1A[2K[1A[2K[1A[2K[G[38;2;165;153;233m⠶[39m I'll verify the plan against the actual repository before writing my
  review. Let me read the key files.

[48;2;45;43;85m[38;2;228;204;255m [1m✧ [22m[38;2;110;97;163mStudying…[38;2;228;204;255m [39m[49m [1m[38;2;138;148;168mesc[39m[22m [38;2;138;148;168mto interrupt[39m [38;2;138;148;168m•[39m [38;2;138;148;168m5s[39m [38;2;138;148;168m•[39m [38;2;138;148;168m↓[39m [38;2;138;148;168m332[39m
[38;2;138;148;168m────────────────────────────────────────────────────────────────────────────────[39m
❯ [7mA[27m[38;2;138;148;168msk your question...[39m
[38;2;138;148;168m────────────────────────────────────────────────────────────────────────────────[39m
  [38;2;138;148;168m? for shortcuts · [38;2;2;136;142mtaste on[39m



[?2026l[?2026h[2K[1A[2K[1A[2K[1A[2K[1A[2K[1A[2K[1A[2K[1A[2K[1A[2K[1A[2K[1A[2K[1A[2K[G[38;2;165;153;233m⠶[39m I'll verify the plan against the actual repository before writing my
  review. Let me read the key files.

[?2026h[1m[48;2;89;69;177m[38;2;244;244;244m READ [39m[49m[22m [38;2;53;61;80m[[39mREADME.md, main.go (+4 more)[38;2;53;61;80m][39m
 [38;2;138;148;168m└ [39m [38;2;138;148;168mProcessing…[39m

[48;2;45;43;85m[38;2;228;204;255m [1m✧ [22m[38;2;110;97;163mStudying…[38;2;228;204;255m [39m[49m [1m[38;2;138;148;168mesc[39m[22m [38;2;138;148;168mto interrupt[39m [38;2;138;148;168m•[39m [38;2;138;148;168m5s[39m [38;2;138;148;168m•[39m [38;2;138;148;168m↓[39m [38;2;138;148;168m332[39m
[38;2;138;148;168m────────────────────────────────────────────────────────────────────────────────[39m
❯ [7mA[27m[38;2;138;148;168msk your question...[39m
[38;2;138;148;168m────────────────────────────────────────────────────────────────────────────────[39m
  [38;2;138;148;168m? for shortcuts · [38;2;2;136;142mtaste on[39m



[?2026l[?2026l[?2026h[2K[1A[2K[1A[2K[1A[2K[1A[2K[1A[2K[1A[2K[1A[2K[1A[2K[1A[2K[1A[2K[1A[2K[G[1m[48;2;89;69;177m[38;2;244;244;244m READ[6] [39m[49m[22m [38;2;53;61;80m[[39mREADME.md, main.go (+4 more)[38;2;53;61;80m][39m

[?2026h[48;2;45;43;85m[38;2;228;204;255m [1m✧ [22m[38;2;110;97;163mStudying…[38;2;228;204;255m [39m[49m [1m[38;2;138;148;168mesc[39m[22m [38;2;138;148;168mto interrupt[39m [38;2;138;148;168m•[39m [38;2;138;148;168m5s[39m [38;2;138;148;168m•[39m [38;2;138;148;168m↓[39m [38;2;138;148;168m332[39m
[38;2;138;148;168m────────────────────────────────────────────────────────────────────────────────[39m
❯ [7mA[27m[38;2;138;148;168msk your question...[39m
[38;2;138;148;168m────────────────────────────────────────────────────────────────────────────────[39m
  [38;2;138;148;168m? for shortcuts · [38;2;2;136;142mtaste on[39m



[?2026l[?2026l[?2026h[2K[1A[2K[1A[2K[1A[2K[1A[2K[1A[2K[1A[2K[1A[2K[1A[2K[G[48;2;45;43;85m[38;2;228;204;255m [1m☆ [22m[38;2;110;97;163mStudying…[38;2;228;204;255m [39m[49m [1m[38;2;138;148;168mesc[39m[22m [38;2;138;148;168mto interrupt[39m [38;2;138;148;168m•[39m [38;2;138;148;168m5s[39m [38;2;138;148;168m•[39m [38;2;138;148;168m↓[39m [38;2;138;148;168m1.4k[39m
[38;2;138;148;168m────────────────────────────────────────────────────────────────────────────────[39m
❯ [7mA[27m[38;2;138;148;168msk your question...[39m
[38;2;138;148;168m────────────────────────────────────────────────────────────────────────────────[39m
  [38;2;138;148;168m? for shortcuts · [38;2;2;136;142mtaste on[39m



[?2026l[?2026h[2K[1A[2K[1A[2K[1A[2K[1A[2K[1A[2K[1A[2K[1A[2K[1A[2K[G[48;2;45;43;85m[38;2;228;204;255m [1m☆ [22m[38;2;110;97;163mStudying…[38;2;228;204;255m [39m[49m [1m[38;2;138;148;168mesc[39m[22m [38;2;138;148;168mto interrupt[39m [38;2;138;148;168m•[39m [38;2;138;148;168m6s[39m [38;2;138;148;168m•[39m [38;2;138;148;168m↓[39m [38;2;138;148;168m1.4k[39m
[38;2;138;148;168m────────────────────────────────────────────────────────────────────────────────[39m
❯ [7mA[27m[38;2;138;148;168msk your question...[39m
[38;2;138;148;168m────────────────────────────────────────────────────────────────────────────────[39m
  [38;2;138;148;168m? for shortcuts · [38;2;2;136;142mtaste on[39m



[?2026l[?2026h[2K[1A[2K[1A[2K[1A[2K[1A[2K[1A[2K[1A[2K[1A[2K[1A[2K[G[48;2;45;43;85m[38;2;228;204;255m [1m◇ [22m[38;2;110;97;163mStudying…[38;2;228;204;255m [39m[49m [1m[38;2;138;148;168mesc[39m[22m [38;2;138;148;168mto interrupt[39m [38;2;138;148;168m•[39m [38;2;138;148;168m6s[39m [38;2;138;148;168m•[39m [38;2;138;148;168m↓[39m [38;2;138;148;168m2.3k[39m
[38;2;138;148;168m────────────────────────────────────────────────────────────────────────────────[39m
❯ [7mA[27m[38;2;138;148;168msk your question...[39m
[38;2;138;148;168m────────────────────────────────────────────────────────────────────────────────[39m
  [38;2;138;148;168m? for shortcuts · [38;2;2;136;142mtaste on[39m



[?2026l[?2026h[2K[1A[2K[1A[2K[1A[2K[1A[2K[1A[2K[1A[2K[1A[2K[1A[2K[G[48;2;45;43;85m[38;2;228;204;255m [1m○ [22m[38;2;234;218;255mS[38;2;171;165;206mt[38;2;228;204;255mu[38;2;165;153;233md[38;2;110;97;163mying…[38;2;228;204;255m [39m[49m [1m[38;2;138;148;168mesc[39m[22m [38;2;138;148;168mto interrupt[39m [38;2;138;148;168m•[39m [38;2;138;148;168m6s[39m [38;2;138;148;168m•[39m [38;2;138;148;168m↓[39m [38;2;138;148;168m3.2k[39m
[38;2;138;148;168m────────────────────────────────────────────────────────────────────────────────[39m
❯ [7mA[27m[38;2;138;148;168msk your question...[39m
[38;2;138;148;168m────────────────────────────────────────────────────────────────────────────────[39m
  [38;2;138;148;168m? for shortcuts · [38;2;2;136;142mtaste on[39m



[?2026l[?2026h[2K[1A[2K[1A[2K[1A[2K[1A[2K[1A[2K[1A[2K[1A[2K[1A[2K[G[48;2;45;43;85m[38;2;228;204;255m [1m⌘ [22m[38;2;255;255;255mS[38;2;234;218;255mt[38;2;171;165;206mu[38;2;228;204;255md[38;2;165;153;233my[38;2;110;97;163ming…[38;2;228;204;255m [39m[49m [1m[38;2;138;148;168mesc[39m[22m [38;2;138;148;168mto interrupt[39m [38;2;138;148;168m•[39m [38;2;138;148;168m6s[39m [38;2;138;148;168m•[39m [38;2;138;148;168m↓[39m [38;2;138;148;168m4.0k[39m
[38;2;138;148;168m────────────────────────────────────────────────────────────────────────────────[39m
❯ [7mA[27m[38;2;138;148;168msk your question...[39m
[38;2;138;148;168m────────────────────────────────────────────────────────────────────────────────[39m
  [38;2;138;148;168m? for shortcuts · [38;2;2;136;142mtaste on[39m



[?2026l[?2026h[2K[1A[2K[1A[2K[1A[2K[1A[2K[1A[2K[1A[2K[1A[2K[1A[2K[G[48;2;45;43;85m[38;2;228;204;255m [1m⌘ [22m[38;2;204;199;225mS[38;2;255;255;255mt[38;2;234;218;255mu[38;2;171;165;206md[38;2;228;204;255my[38;2;165;153;233mi[38;2;110;97;163mng…[38;2;228;204;255m [39m[49m [1m[38;2;138;148;168mesc[39m[22m [38;2;138;148;168mto interrupt[39m [38;2;138;148;168m•[39m [38;2;138;148;168m6s[39m [38;2;138;148;168m•[39m [38;2;138;148;168m↓[39m [38;2;138;148;168m4.6k[39m
[38;2;138;148;168m────────────────────────────────────────────────────────────────────────────────[39m
❯ [7mA[27m[38;2;138;148;168msk your question...[39m
[38;2;138;148;168m────────────────────────────────────────────────────────────────────────────────[39m
  [38;2;138;148;168m? for shortcuts · [38;2;2;136;142mtaste on[39m



[?2026l[?2026h[2K[1A[2K[1A[2K[1A[2K[1A[2K[1A[2K[1A[2K[1A[2K[1A[2K[G[48;2;45;43;85m[38;2;228;204;255m [1m⌘ [22m[38;2;171;165;206mS[38;2;204;199;225mt[38;2;255;255;255mu[38;2;234;218;255md[38;2;171;165;206my[38;2;228;204;255mi[38;2;165;153;233mn[38;2;110;97;163mg…[38;2;228;204;255m [39m[49m [1m[38;2;138;148;168mesc[39m[22m [38;2;138;148;168mto interrupt[39m [38;2;138;148;168m•[39m [38;2;138;148;168m6s[39m [38;2;138;148;168m•[39m [38;2;138;148;168m↓[39m [38;2;138;148;168m5.3k[39m
[38;2;138;148;168m────────────────────────────────────────────────────────────────────────────────[39m
❯ [7mA[27m[38;2;138;148;168msk your question...[39m
[38;2;138;148;168m────────────────────────────────────────────────────────────────────────────────[39m
  [38;2;138;148;168m? for shortcuts · [38;2;2;136;142mtaste on[39m



[?2026l[?2026h[2K[1A[2K[1A[2K[1A[2K[1A[2K[1A[2K[1A[2K[1A[2K[1A[2K[G[48;2;45;43;85m[38;2;228;204;255m [1m⌘ [22mS[38;2;171;165;206mt[38;2;204;199;225mu[38;2;255;255;255md[38;2;234;218;255my[38;2;171;165;206mi[38;2;228;204;255mn[38;2;165;153;233mg[38;2;110;97;163m…[38;2;228;204;255m [39m[49m [1m[38;2;138;148;168mesc[39m[22m [38;2;138;148;168mto interrupt[39m [38;2;138;148;168m•[39m [38;2;138;148;168m6s[39m [38;2;138;148;168m•[39m [38;2;138;148;168m↓[39m [38;2;138;148;168m5.8k[39m
[38;2;138;148;168m────────────────────────────────────────────────────────────────────────────────[39m
❯ [7mA[27m[38;2;138;148;168msk your question...[39m
[38;2;138;148;168m────────────────────────────────────────────────────────────────────────────────[39m
  [38;2;138;148;168m? for shortcuts · [38;2;2;136;142mtaste on[39m



[?2026l[?2026h[2K[1A[2K[1A[2K[1A[2K[1A[2K[1A[2K[1A[2K[1A[2K[1A[2K[G[48;2;45;43;85m[38;2;228;204;255m [1m○ [22m[38;2;165;153;233mS[38;2;228;204;255mt[38;2;171;165;206mu[38;2;204;199;225md[38;2;255;255;255my[38;2;234;218;255mi[38;2;171;165;206mn[38;2;228;204;255mg[38;2;165;153;233m…[38;2;228;204;255m [39m[49m [1m[38;2;138;148;168mesc[39m[22m [38;2;138;148;168mto interrupt[39m [38;2;138;148;168m•[39m [38;2;138;148;168m6s[39m [38;2;138;148;168m•[39m [38;2;138;148;168m↓[39m [38;2;138;148;168m6.3k[39m
[38;2;138;148;168m────────────────────────────────────────────────────────────────────────────────[39m
❯ [7mA[27m[38;2;138;148;168msk your question...[39m
[38;2;138;148;168m────────────────────────────────────────────────────────────────────────────────[39m
  [38;2;138;148;168m? for shortcuts · [38;2;2;136;142mtaste on[39m



[?2026l[?2026h[2K[1A[2K[1A[2K[1A[2K[1A[2K[1A[2K[1A[2K[1A[2K[1A[2K[G[48;2;45;43;85m[38;2;228;204;255m [1m◇ [22m[38;2;110;97;163mS[38;2;165;153;233mt[38;2;228;204;255mu[38;2;171;165;206md[38;2;204;199;225my[38;2;255;255;255mi[38;2;234;218;255mn[38;2;171;165;206mg[38;2;228;204;255m… [39m[49m [1m[38;2;138;148;168mesc[39m[22m [38;2;138;148;168mto interrupt[39m [38;2;138;148;168m•[39m [38;2;138;148;168m6s[39m [38;2;138;148;168m•[39m [38;2;138;148;168m↓[39m [38;2;138;148;168m6.8k[39m
[38;2;138;148;168m────────────────────────────────────────────────────────────────────────────────[39m
❯ [7mA[27m[38;2;138;148;168msk your question...[39m
[38;2;138;148;168m────────────────────────────────────────────────────────────────────────────────[39m
  [38;2;138;148;168m? for shortcuts · [38;2;2;136;142mtaste on[39m



[?2026l[?2026h[2K[1A[2K[1A[2K[1A[2K[1A[2K[1A[2K[1A[2K[1A[2K[1A[2K[G[48;2;45;43;85m[38;2;228;204;255m [1m☆ [22m[38;2;110;97;163mSt[38;2;165;153;233mu[38;2;228;204;255md[38;2;171;165;206my[38;2;204;199;225mi[38;2;255;255;255mn[38;2;234;218;255mg[38;2;171;165;206m…[38;2;228;204;255m [39m[49m [1m[38;2;138;148;168mesc[39m[22m [38;2;138;148;168mto interrupt[39m [38;2;138;148;168m•[39m [38;2;138;148;168m6s[39m [38;2;138;148;168m•[39m [38;2;138;148;168m↓[39m [38;2;138;148;168m7.2k[39m
[38;2;138;148;168m────────────────────────────────────────────────────────────────────────────────[39m
❯ [7mA[27m[38;2;138;148;168msk your question...[39m
[38;2;138;148;168m────────────────────────────────────────────────────────────────────────────────[39m
  [38;2;138;148;168m? for shortcuts · [38;2;2;136;142mtaste on[39m



[?2026l[?2026h[2K[1A[2K[1A[2K[1A[2K[1A[2K[1A[2K[1A[2K[1A[2K[1A[2K[G[48;2;45;43;85m[38;2;228;204;255m [1m✧ [22m[38;2;110;97;163mStu[38;2;165;153;233md[38;2;228;204;255my[38;2;171;165;206mi[38;2;204;199;225mn[38;2;255;255;255mg[38;2;234;218;255m…[38;2;228;204;255m [39m[49m [1m[38;2;138;148;168mesc[39m[22m [38;2;138;148;168mto interrupt[39m [38;2;138;148;168m•[39m [38;2;138;148;168m6s[39m [38;2;138;148;168m•[39m [38;2;138;148;168m↓[39m [38;2;138;148;168m7.6k[39m
[38;2;138;148;168m────────────────────────────────────────────────────────────────────────────────[39m
❯ [7mA[27m[38;2;138;148;168msk your question...[39m
[38;2;138;148;168m────────────────────────────────────────────────────────────────────────────────[39m
  [38;2;138;148;168m? for shortcuts · [38;2;2;136;142mtaste on[39m



[?2026l[?2026h[2K[1A[2K[1A[2K[1A[2K[1A[2K[1A[2K[1A[2K[1A[2K[1A[2K[G[48;2;45;43;85m[38;2;228;204;255m [1m☆ [22m[38;2;110;97;163mStud[38;2;165;153;233my[38;2;228;204;255mi[38;2;171;165;206mn[38;2;204;199;225mg[38;2;255;255;255m…[38;2;228;204;255m [39m[49m [1m[38;2;138;148;168mesc[39m[22m [38;2;138;148;168mto interrupt[39m [38;2;138;148;168m•[39m [38;2;138;148;168m6s[39m [38;2;138;148;168m•[39m [38;2;138;148;168m↓[39m [38;2;138;148;168m7.9k[39m
[38;2;138;148;168m────────────────────────────────────────────────────────────────────────────────[39m
❯ [7mA[27m[38;2;138;148;168msk your question...[39m
[38;2;138;148;168m────────────────────────────────────────────────────────────────────────────────[39m
  [38;2;138;148;168m? for shortcuts · [38;2;2;136;142mtaste on[39m



[?2026l[?2026h[2K[1A[2K[1A[2K[1A[2K[1A[2K[1A[2K[1A[2K[1A[2K[1A[2K[G[48;2;45;43;85m[38;2;228;204;255m [1m◇ [22m[38;2;110;97;163mStudy[38;2;165;153;233mi[38;2;228;204;255mn[38;2;171;165;206mg[38;2;204;199;225m…[38;2;228;204;255m [39m[49m [1m[38;2;138;148;168mesc[39m[22m [38;2;138;148;168mto interrupt[39m [38;2;138;148;168m•[39m [38;2;138;148;168m6s[39m [38;2;138;148;168m•[39m [38;2;138;148;168m↓[39m [38;2;138;148;168m8.2k[39m
[38;2;138;148;168m────────────────────────────────────────────────────────────────────────────────[39m
❯ [7mA[27m[38;2;138;148;168msk your question...[39m
[38;2;138;148;168m────────────────────────────────────────────────────────────────────────────────[39m
  [38;2;138;148;168m? for shortcuts · [38;2;2;136;142mtaste on[39m



[?2026l[?2026h[2K[1A[2K[1A[2K[1A[2K[1A[2K[1A[2K[1A[2K[1A[2K[1A[2K[G[48;2;45;43;85m[38;2;228;204;255m [1m◇ [22m[38;2;204;199;225mC[38;2;255;255;255mo[38;2;234;218;255mn[38;2;171;165;206mn[38;2;228;204;255me[38;2;165;153;233mc[38;2;110;97;163mting…[38;2;228;204;255m [39m[49m [1m[38;2;138;148;168mesc[39m[22m [38;2;138;148;168mto interrupt[39m [38;2;138;148;168m•[39m [38;2;138;148;168m7s[39m [38;2;138;148;168m•[39m [38;2;138;148;168m↓[39m [38;2;138;148;168m8.2k[39m
[38;2;138;148;168m────────────────────────────────────────────────────────────────────────────────[39m
❯ [7mA[27m[38;2;138;148;168msk your question...[39m
[38;2;138;148;168m────────────────────────────────────────────────────────────────────────────────[39m
  [38;2;138;148;168m? for shortcuts · [38;2;2;136;142mtaste on[39m



[?2026l[?2026h[2K[1A[2K[1A[2K[1A[2K[1A[2K[1A[2K[1A[2K[1A[2K[1A[2K[G[48;2;45;43;85m[38;2;228;204;255m [1m○ [22m[38;2;171;165;206mC[38;2;204;199;225mo[38;2;255;255;255mn[38;2;234;218;255mn[38;2;171;165;206me[38;2;228;204;255mc[38;2;165;153;233mt[38;2;110;97;163ming…[38;2;228;204;255m [39m[49m [1m[38;2;138;148;168mesc[39m[22m [38;2;138;148;168mto interrupt[39m [38;2;138;148;168m•[39m [38;2;138;148;168m7s[39m [38;2;138;148;168m•[39m [38;2;138;148;168m↓[39m [38;2;138;148;168m8.4k[39m
[38;2;138;148;168m────────────────────────────────────────────────────────────────────────────────[39m
❯ [7mA[27m[38;2;138;148;168msk your question...[39m
[38;2;138;148;168m────────────────────────────────────────────────────────────────────────────────[39m
  [38;2;138;148;168m? for shortcuts · [38;2;2;136;142mtaste on[39m



[?2026l[?2026h[2K[1A[2K[1A[2K[1A[2K[1A[2K[1A[2K[1A[2K[1A[2K[1A[2K[G[48;2;45;43;85m[38;2;228;204;255m [1m· [22m[38;2;234;218;255mC[38;2;171;165;206mo[38;2;228;204;255mn[38;2;165;153;233mn[38;2;110;97;163mecting…[38;2;228;204;255m [39m[49m [1m[38;2;138;148;168mesc[39m[22m [38;2;138;148;168mto interrupt[39m [38;2;138;148;168m•[39m [38;2;138;148;168m7s[39m [38;2;138;148;168m•[39m [38;2;138;148;168m↓[39m [38;2;138;148;168m8.7k[39m
[38;2;138;148;168m────────────────────────────────────────────────────────────────────────────────[39m
❯ [7mA[27m[38;2;138;148;168msk your question...[39m
[38;2;138;148;168m────────────────────────────────────────────────────────────────────────────────[39m
  [38;2;138;148;168m? for shortcuts · [38;2;2;136;142mtaste on[39m



[?2026l[?2026h[2K[1A[2K[1A[2K[1A[2K[1A[2K[1A[2K[1A[2K[1A[2K[1A[2K[G[48;2;45;43;85m[38;2;228;204;255m [1m· [22m[38;2;255;255;255mC[38;2;234;218;255mo[38;2;171;165;206mn[38;2;228;204;255mn[38;2;165;153;233me[38;2;110;97;163mcting…[38;2;228;204;255m [39m[49m [1m[38;2;138;148;168mesc[39m[22m [38;2;138;148;168mto interrupt[39m [38;2;138;148;168m•[39m [38;2;138;148;168m7s[39m [38;2;138;148;168m•[39m [38;2;138;148;168m↓[39m [38;2;138;148;168m8.9k[39m
[38;2;138;148;168m────────────────────────────────────────────────────────────────────────────────[39m
❯ [7mA[27m[38;2;138;148;168msk your question...[39m
[38;2;138;148;168m────────────────────────────────────────────────────────────────────────────────[39m
  [38;2;138;148;168m? for shortcuts · [38;2;2;136;142mtaste on[39m



[?2026l[?2026h[2K[1A[2K[1A[2K[1A[2K[1A[2K[1A[2K[1A[2K[1A[2K[1A[2K[G[48;2;45;43;85m[38;2;228;204;255m [1m· [22m[38;2;204;199;225mC[38;2;255;255;255mo[38;2;234;218;255mn[38;2;171;165;206mn[38;2;228;204;255me[38;2;165;153;233mc[38;2;110;97;163mting…[38;2;228;204;255m [39m[49m [1m[38;2;138;148;168mesc[39m[22m [38;2;138;148;168mto interrupt[39m [38;2;138;148;168m•[39m [38;2;138;148;168m7s[39m [38;2;138;148;168m•[39m [38;2;138;148;168m↓[39m [38;2;138;148;168m9.1k[39m
[38;2;138;148;168m────────────────────────────────────────────────────────────────────────────────[39m
❯ [7mA[27m[38;2;138;148;168msk your question...[39m
[38;2;138;148;168m────────────────────────────────────────────────────────────────────────────────[39m
  [38;2;138;148;168m? for shortcuts · [38;2;2;136;142mtaste on[39m



[?2026l[?2026h[2K[1A[2K[1A[2K[1A[2K[1A[2K[1A[2K[1A[2K[1A[2K[1A[2K[G[48;2;45;43;85m[38;2;228;204;255m [1m○ [22m[38;2;171;165;206mC[38;2;204;199;225mo[38;2;255;255;255mn[38;2;234;218;255mn[38;2;171;165;206me[38;2;228;204;255mc[38;2;165;153;233mt[38;2;110;97;163ming…[38;2;228;204;255m [39m[49m [1m[38;2;138;148;168mesc[39m[22m [38;2;138;148;168mto interrupt[39m [38;2;138;148;168m•[39m [38;2;138;148;168m7s[39m [38;2;138;148;168m•[39m [38;2;138;148;168m↓[39m [38;2;138;148;168m9.3k[39m
[38;2;138;148;168m────────────────────────────────────────────────────────────────────────────────[39m
❯ [7mA[27m[38;2;138;148;168msk your question...[39m
[38;2;138;148;168m────────────────────────────────────────────────────────────────────────────────[39m
  [38;2;138;148;168m? for shortcuts · [38;2;2;136;142mtaste on[39m



[?2026l[?2026h[2K[1A[2K[1A[2K[1A[2K[1A[2K[1A[2K[1A[2K[1A[2K[1A[2K[G[48;2;45;43;85m[38;2;228;204;255m [1m○ [22mC[38;2;171;165;206mo[38;2;204;199;225mn[38;2;255;255;255mn[38;2;234;218;255me[38;2;171;165;206mc[38;2;228;204;255mt[38;2;165;153;233mi[38;2;110;97;163mng…[38;2;228;204;255m [39m[49m [1m[38;2;138;148;168mesc[39m[22m [38;2;138;148;168mto interrupt[39m [38;2;138;148;168m•[39m [38;2;138;148;168m7s[39m [38;2;138;148;168m•[39m [38;2;138;148;168m↓[39m [38;2;138;148;168m9.4k[39m
[38;2;138;148;168m────────────────────────────────────────────────────────────────────────────────[39m
❯ [7mA[27m[38;2;138;148;168msk your question...[39m
[38;2;138;148;168m────────────────────────────────────────────────────────────────────────────────[39m
  [38;2;138;148;168m? for shortcuts · [38;2;2;136;142mtaste on[39m



[?2026l[?2026h[2K[1A[2K[1A[2K[1A[2K[1A[2K[1A[2K[1A[2K[1A[2K[1A[2K[G[48;2;45;43;85m[38;2;228;204;255m [1m◇ [22m[38;2;165;153;233mC[38;2;228;204;255mo[38;2;171;165;206mn[38;2;204;199;225mn[38;2;255;255;255me[38;2;234;218;255mc[38;2;171;165;206mt[38;2;228;204;255mi[38;2;165;153;233mn[38;2;110;97;163mg…[38;2;228;204;255m [39m[49m [1m[38;2;138;148;168mesc[39m[22m [38;2;138;148;168mto interrupt[39m [38;2;138;148;168m•[39m [38;2;138;148;168m7s[39m [38;2;138;148;168m•[39m [38;2;138;148;168m↓[39m [38;2;138;148;168m9.6k[39m
[38;2;138;148;168m────────────────────────────────────────────────────────────────────────────────[39m
❯ [7mA[27m[38;2;138;148;168msk your question...[39m
[38;2;138;148;168m────────────────────────────────────────────────────────────────────────────────[39m
  [38;2;138;148;168m? for shortcuts · [38;2;2;136;142mtaste on[39m



[?2026l[?2026h[2K[1A[2K[1A[2K[1A[2K[1A[2K[1A[2K[1A[2K[1A[2K[1A[2K[G[48;2;45;43;85m[38;2;228;204;255m [1m☆ [22m[38;2;110;97;163mC[38;2;165;153;233mo[38;2;228;204;255mn[38;2;171;165;206mn[38;2;204;199;225me[38;2;255;255;255mc[38;2;234;218;255mt[38;2;171;165;206mi[38;2;228;204;255mn[38;2;165;153;233mg[38;2;110;97;163m…[38;2;228;204;255m [39m[49m [1m[38;2;138;148;168mesc[39m[22m [38;2;138;148;168mto interrupt[39m [38;2;138;148;168m•[39m [38;2;138;148;168m7s[39m [38;2;138;148;168m•[39m [38;2;138;148;168m↓[39m [38;2;138;148;168m9.7k[39m
[38;2;138;148;168m────────────────────────────────────────────────────────────────────────────────[39m
❯ [7mA[27m[38;2;138;148;168msk your question...[39m
[38;2;138;148;168m────────────────────────────────────────────────────────────────────────────────[39m
  [38;2;138;148;168m? for shortcuts · [38;2;2;136;142mtaste on[39m



[?2026l[?2026h[2K[1A[2K[1A[2K[1A[2K[1A[2K[1A[2K[1A[2K[1A[2K[1A[2K[G[48;2;45;43;85m[38;2;228;204;255m [1m✧ [22m[38;2;110;97;163mCo[38;2;165;153;233mn[38;2;228;204;255mn[38;2;171;165;206me[38;2;204;199;225mc[38;2;255;255;255mt[38;2;234;218;255mi[38;2;171;165;206mn[38;2;228;204;255mg[38;2;165;153;233m…[38;2;228;204;255m [39m[49m [1m[38;2;138;148;168mesc[39m[22m [38;2;138;148;168mto interrupt[39m [38;2;138;148;168m•[39m [38;2;138;148;168m7s[39m [38;2;138;148;168m•[39m [38;2;138;148;168m↓[39m [38;2;138;148;168m9.8k[39m
[38;2;138;148;168m────────────────────────────────────────────────────────────────────────────────[39m
❯ [7mA[27m[38;2;138;148;168msk your question...[39m
[38;2;138;148;168m────────────────────────────────────────────────────────────────────────────────[39m
  [38;2;138;148;168m? for shortcuts · [38;2;2;136;142mtaste on[39m



[?2026l[?2026h[2K[1A[2K[1A[2K[1A[2K[1A[2K[1A[2K[1A[2K[1A[2K[1A[2K[G[48;2;45;43;85m[38;2;228;204;255m [1m☆ [22m[38;2;110;97;163mCon[38;2;165;153;233mn[38;2;228;204;255me[38;2;171;165;206mc[38;2;204;199;225mt[38;2;255;255;255mi[38;2;234;218;255mn[38;2;171;165;206mg[38;2;228;204;255m… [39m[49m [1m[38;2;138;148;168mesc[39m[22m [38;2;138;148;168mto interrupt[39m [38;2;138;148;168m•[39m [38;2;138;148;168m7s[39m [38;2;138;148;168m•[39m [38;2;138;148;168m↓[39m [38;2;138;148;168m9.9k[39m
[38;2;138;148;168m────────────────────────────────────────────────────────────────────────────────[39m
❯ [7mA[27m[38;2;138;148;168msk your question...[39m
[38;2;138;148;168m────────────────────────────────────────────────────────────────────────────────[39m
  [38;2;138;148;168m? for shortcuts · [38;2;2;136;142mtaste on[39m



[?2026l[?2026h[2K[1A[2K[1A[2K[1A[2K[1A[2K[1A[2K[1A[2K[1A[2K[1A[2K[G[48;2;45;43;85m[38;2;228;204;255m [1m◇ [22m[38;2;110;97;163mConn[38;2;165;153;233me[38;2;228;204;255mc[38;2;171;165;206mt[38;2;204;199;225mi[38;2;255;255;255mn[38;2;234;218;255mg[38;2;171;165;206m…[38;2;228;204;255m [39m[49m [1m[38;2;138;148;168mesc[39m[22m [38;2;138;148;168mto interrupt[39m [38;2;138;148;168m•[39m [38;2;138;148;168m7s[39m [38;2;138;148;168m•[39m [38;2;138;148;168m↓[39m [38;2;138;148;168m10.0k[39m
[38;2;138;148;168m────────────────────────────────────────────────────────────────────────────────[39m
❯ [7mA[27m[38;2;138;148;168msk your question...[39m
[38;2;138;148;168m────────────────────────────────────────────────────────────────────────────────[39m
  [38;2;138;148;168m? for shortcuts · [38;2;2;136;142mtaste on[39m



[?2026l[?2026h[2K[1A[2K[1A[2K[1A[2K[1A[2K[1A[2K[1A[2K[1A[2K[1A[2K[G[48;2;45;43;85m[38;2;228;204;255m [1m○ [22m[38;2;110;97;163mConne[38;2;165;153;233mc[38;2;228;204;255mt[38;2;171;165;206mi[38;2;204;199;225mn[38;2;255;255;255mg[38;2;234;218;255m…[38;2;228;204;255m [39m[49m [1m[38;2;138;148;168mesc[39m[22m [38;2;138;148;168mto interrupt[39m [38;2;138;148;168m•[39m [38;2;138;148;168m7s[39m [38;2;138;148;168m•[39m [38;2;138;148;168m↓[39m [38;2;138;148;168m10.1k[39m
[38;2;138;148;168m────────────────────────────────────────────────────────────────────────────────[39m
❯ [7mA[27m[38;2;138;148;168msk your question...[39m
[38;2;138;148;168m────────────────────────────────────────────────────────────────────────────────[39m
  [38;2;138;148;168m? for shortcuts · [38;2;2;136;142mtaste on[39m



[?2026l[?2026h[2K[1A[2K[1A[2K[1A[2K[1A[2K[1A[2K[1A[2K[1A[2K[1A[2K[G[48;2;45;43;85m[38;2;228;204;255m [1m○ [22m[38;2;110;97;163mConne[38;2;165;153;233mc[38;2;228;204;255mt[38;2;171;165;206mi[38;2;204;199;225mn[38;2;255;255;255mg[38;2;234;218;255m…[38;2;228;204;255m [39m[49m [1m[38;2;138;148;168mesc[39m[22m [38;2;138;148;168mto interrupt[39m [38;2;138;148;168m•[39m [38;2;138;148;168m8s[39m [38;2;138;148;168m•[39m [38;2;138;148;168m↓[39m [38;2;138;148;168m10.1k[39m
[38;2;138;148;168m────────────────────────────────────────────────────────────────────────────────[39m
❯ [7mA[27m[38;2;138;148;168msk your question...[39m
[38;2;138;148;168m────────────────────────────────────────────────────────────────────────────────[39m
  [38;2;138;148;168m? for shortcuts · [38;2;2;136;142mtaste on[39m



[?2026l[?2026h[2K[1A[2K[1A[2K[1A[2K[1A[2K[1A[2K[1A[2K[1A[2K[1A[2K[G[48;2;45;43;85m[38;2;228;204;255m [1m⌘ [22m[38;2;110;97;163mConnec[38;2;165;153;233mt[38;2;228;204;255mi[38;2;171;165;206mn[38;2;204;199;225mg[38;2;255;255;255m…[38;2;228;204;255m [39m[49m [1m[38;2;138;148;168mesc[39m[22m [38;2;138;148;168mto interrupt[39m [38;2;138;148;168m•[39m [38;2;138;148;168m8s[39m [38;2;138;148;168m•[39m [38;2;138;148;168m↓[39m [38;2;138;148;168m10.2k[39m
[38;2;138;148;168m────────────────────────────────────────────────────────────────────────────────[39m
❯ [7mA[27m[38;2;138;148;168msk your question...[39m
[38;2;138;148;168m────────────────────────────────────────────────────────────────────────────────[39m
  [38;2;138;148;168m? for shortcuts · [38;2;2;136;142mtaste on[39m



[?2026l[?2026h[2K[1A[2K[1A[2K[1A[2K[1A[2K[1A[2K[1A[2K[1A[2K[1A[2K[G[48;2;45;43;85m[38;2;228;204;255m [1m⌘ [22m[38;2;110;97;163mConnect[38;2;165;153;233mi[38;2;228;204;255mn[38;2;171;165;206mg[38;2;204;199;225m…[38;2;228;204;255m [39m[49m [1m[38;2;138;148;168mesc[39m[22m [38;2;138;148;168mto interrupt[39m [38;2;138;148;168m•[39m [38;2;138;148;168m8s[39m [38;2;138;148;168m•[39m [38;2;138;148;168m↓[39m [38;2;138;148;168m10.2k[39m
[38;2;138;148;168m────────────────────────────────────────────────────────────────────────────────[39m
❯ [7mA[27m[38;2;138;148;168msk your question...[39m
[38;2;138;148;168m────────────────────────────────────────────────────────────────────────────────[39m
  [38;2;138;148;168m? for shortcuts · [38;2;2;136;142mtaste on[39m



[?2026l[?2026h[2K[1A[2K[1A[2K[1A[2K[1A[2K[1A[2K[1A[2K[1A[2K[1A[2K[G[48;2;45;43;85m[38;2;228;204;255m [1m⌘ [22m[38;2;110;97;163mConnecti[38;2;165;153;233mn[38;2;228;204;255mg[38;2;171;165;206m…[38;2;228;204;255m [39m[49m [1m[38;2;138;148;168mesc[39m[22m [38;2;138;148;168mto interrupt[39m [38;2;138;148;168m•[39m [38;2;138;148;168m8s[39m [38;2;138;148;168m•[39m [38;2;138;148;168m↓[39m [38;2;138;148;168m10.3k[39m
[38;2;138;148;168m────────────────────────────────────────────────────────────────────────────────[39m
❯ [7mA[27m[38;2;138;148;168msk your question...[39m
[38;2;138;148;168m────────────────────────────────────────────────────────────────────────────────[39m
  [38;2;138;148;168m? for shortcuts · [38;2;2;136;142mtaste on[39m



[?2026l[?2026h[2K[1A[2K[1A[2K[1A[2K[1A[2K[1A[2K[1A[2K[1A[2K[1A[2K[G[48;2;45;43;85m[38;2;228;204;255m [1m⌘ [22m[38;2;110;97;163mConnectin[38;2;165;153;233mg[38;2;228;204;255m… [39m[49m [1m[38;2;138;148;168mesc[39m[22m [38;2;138;148;168mto interrupt[39m [38;2;138;148;168m•[39m [38;2;138;148;168m8s[39m [38;2;138;148;168m•[39m [38;2;138;148;168m↓[39m [38;2;138;148;168m10.4k[39m
[38;2;138;148;168m────────────────────────────────────────────────────────────────────────────────[39m
❯ [7mA[27m[38;2;138;148;168msk your question...[39m
[38;2;138;148;168m────────────────────────────────────────────────────────────────────────────────[39m
  [38;2;138;148;168m? for shortcuts · [38;2;2;136;142mtaste on[39m



[?2026l[?2026h[2K[1A[2K[1A[2K[1A[2K[1A[2K[1A[2K[1A[2K[1A[2K[1A[2K[G[48;2;45;43;85m[38;2;228;204;255m [1m○ [22m[38;2;110;97;163mConnecting[38;2;165;153;233m…[38;2;228;204;255m [39m[49m [1m[38;2;138;148;168mesc[39m[22m [38;2;138;148;168mto interrupt[39m [38;2;138;148;168m•[39m [38;2;138;148;168m8s[39m [38;2;138;148;168m•[39m [38;2;138;148;168m↓[39m [38;2;138;148;168m10.4k[39m
[38;2;138;148;168m────────────────────────────────────────────────────────────────────────────────[39m
❯ [7mA[27m[38;2;138;148;168msk your question...[39m
[38;2;138;148;168m────────────────────────────────────────────────────────────────────────────────[39m
  [38;2;138;148;168m? for shortcuts · [38;2;2;136;142mtaste on[39m



[?2026l[?2026h[2K[1A[2K[1A[2K[1A[2K[1A[2K[1A[2K[1A[2K[1A[2K[1A[2K[G[48;2;45;43;85m[38;2;228;204;255m [1m◇ [22m[38;2;110;97;163mConnecting…[38;2;228;204;255m [39m[49m [1m[38;2;138;148;168mesc[39m[22m [38;2;138;148;168mto interrupt[39m [38;2;138;148;168m•[39m [38;2;138;148;168m8s[39m [38;2;138;148;168m•[39m [38;2;138;148;168m↓[39m [38;2;138;148;168m10.5k[39m
[38;2;138;148;168m────────────────────────────────────────────────────────────────────────────────[39m
❯ [7mA[27m[38;2;138;148;168msk your question...[39m
[38;2;138;148;168m────────────────────────────────────────────────────────────────────────────────[39m
  [38;2;138;148;168m? for shortcuts · [38;2;2;136;142mtaste on[39m



[?2026l[?2026h[2K[1A[2K[1A[2K[1A[2K[1A[2K[1A[2K[1A[2K[1A[2K[1A[2K[G[48;2;45;43;85m[38;2;228;204;255m [1m☆ [22m[38;2;110;97;163mConnecting…[38;2;228;204;255m [39m[49m [1m[38;2;138;148;168mesc[39m[22m [38;2;138;148;168mto interrupt[39m [38;2;138;148;168m•[39m [38;2;138;148;168m8s[39m [38;2;138;148;168m•[39m [38;2;138;148;168m↓[39m [38;2;138;148;168m10.5k[39m
[38;2;138;148;168m────────────────────────────────────────────────────────────────────────────────[39m
❯ [7mA[27m[38;2;138;148;168msk your question...[39m
[38;2;138;148;168m────────────────────────────────────────────────────────────────────────────────[39m
  [38;2;138;148;168m? for shortcuts · [38;2;2;136;142mtaste on[39m



[?2026l[?2026h[2K[1A[2K[1A[2K[1A[2K[1A[2K[1A[2K[1A[2K[1A[2K[1A[2K[G[48;2;45;43;85m[38;2;228;204;255m [1m✧ [22m[38;2;110;97;163mConnecting…[38;2;228;204;255m [39m[49m [1m[38;2;138;148;168mesc[39m[22m [38;2;138;148;168mto interrupt[39m [38;2;138;148;168m•[39m [38;2;138;148;168m8s[39m [38;2;138;148;168m•[39m [38;2;138;148;168m↓[39m [38;2;138;148;168m10.5k[39m
[38;2;138;148;168m────────────────────────────────────────────────────────────────────────────────[39m
❯ [7mA[27m[38;2;138;148;168msk your question...[39m
[38;2;138;148;168m────────────────────────────────────────────────────────────────────────────────[39m
  [38;2;138;148;168m? for shortcuts · [38;2;2;136;142mtaste on[39m



[?2026l[?2026h[2K[1A[2K[1A[2K[1A[2K[1A[2K[1A[2K[1A[2K[1A[2K[1A[2K[G[48;2;45;43;85m[38;2;228;204;255m [1m☆ [22m[38;2;110;97;163mConnecting…[38;2;228;204;255m [39m[49m [1m[38;2;138;148;168mesc[39m[22m [38;2;138;148;168mto interrupt[39m [38;2;138;148;168m•[39m [38;2;138;148;168m8s[39m [38;2;138;148;168m•[39m [38;2;138;148;168m↓[39m [38;2;138;148;168m10.6k[39m
[38;2;138;148;168m────────────────────────────────────────────────────────────────────────────────[39m
❯ [7mA[27m[38;2;138;148;168msk your question...[39m
[38;2;138;148;168m────────────────────────────────────────────────────────────────────────────────[39m
  [38;2;138;148;168m? for shortcuts · [38;2;2;136;142mtaste on[39m



[?2026l[?2026h[2K[1A[2K[1A[2K[1A[2K[1A[2K[1A[2K[1A[2K[1A[2K[1A[2K[G[48;2;45;43;85m[38;2;228;204;255m [1m◇ [22m[38;2;110;97;163mConnecting…[38;2;228;204;255m [39m[49m [1m[38;2;138;148;168mesc[39m[22m [38;2;138;148;168mto interrupt[39m [38;2;138;148;168m•[39m [38;2;138;148;168m8s[39m [38;2;138;148;168m•[39m [38;2;138;148;168m↓[39m [38;2;138;148;168m10.6k[39m
[38;2;138;148;168m────────────────────────────────────────────────────────────────────────────────[39m
❯ [7mA[27m[38;2;138;148;168msk your question...[39m
[38;2;138;148;168m────────────────────────────────────────────────────────────────────────────────[39m
  [38;2;138;148;168m? for shortcuts · [38;2;2;136;142mtaste on[39m



[?2026l[?2026h[2K[1A[2K[1A[2K[1A[2K[1A[2K[1A[2K[1A[2K[1A[2K[1A[2K[G[48;2;45;43;85m[38;2;228;204;255m [1m○ [22m[38;2;234;218;255mC[38;2;171;165;206mo[38;2;228;204;255mn[38;2;165;153;233mn[38;2;110;97;163mecting…[38;2;228;204;255m [39m[49m [1m[38;2;138;148;168mesc[39m[22m [38;2;138;148;168mto interrupt[39m [38;2;138;148;168m•[39m [38;2;138;148;168m8s[39m [38;2;138;148;168m•[39m [38;2;138;148;168m↓[39m [38;2;138;148;168m10.6k[39m
[38;2;138;148;168m────────────────────────────────────────────────────────────────────────────────[39m
❯ [7mA[27m[38;2;138;148;168msk your question...[39m
[38;2;138;148;168m────────────────────────────────────────────────────────────────────────────────[39m
  [38;2;138;148;168m? for shortcuts · [38;2;2;136;142mtaste on[39m



[?2026l[?2026h[2K[1A[2K[1A[2K[1A[2K[1A[2K[1A[2K[1A[2K[1A[2K[1A[2K[G[38;2;228;204;255m✻ Thinking… (1 line) [38;2;53;61;80m[[38;2;138;148;168mctrl+o to expand[38;2;53;61;80m][39m

[48;2;45;43;85m[38;2;228;204;255m [1m· [22m[38;2;255;255;255mC[38;2;234;218;255mo[38;2;171;165;206mn[38;2;228;204;255mn[38;2;165;153;233me[38;2;110;97;163mcting…[38;2;228;204;255m [39m[49m [1m[38;2;138;148;168mesc[39m[22m [38;2;138;148;168mto interrupt[39m [38;2;138;148;168m•[39m [38;2;138;148;168m8s[39m [38;2;138;148;168m•[39m [38;2;138;148;168m↓[39m [38;2;138;148;168m10.6k[39m
[38;2;138;148;168m────────────────────────────────────────────────────────────────────────────────[39m
❯ [7mA[27m[38;2;138;148;168msk your question...[39m
[38;2;138;148;168m────────────────────────────────────────────────────────────────────────────────[39m
  [38;2;138;148;168m? for shortcuts · [38;2;2;136;142mtaste on[39m



[?2026l[?2026h[2K[1A[2K[1A[2K[1A[2K[1A[2K[1A[2K[1A[2K[1A[2K[1A[2K[1A[2K[1A[2K[G[38;2;228;204;255m✻ Thinking… (4 lines) [38;2;53;61;80m[[38;2;138;148;168mctrl+o to expand[38;2;53;61;80m][39m

[48;2;45;43;85m[38;2;228;204;255m [1m· [22m[38;2;255;255;255mC[38;2;234;218;255mo[38;2;171;165;206mn[38;2;228;204;255mn[38;2;165;153;233me[38;2;110;97;163mcting…[38;2;228;204;255m [39m[49m [1m[38;2;138;148;168mesc[39m[22m [38;2;138;148;168mto interrupt[39m [38;2;138;148;168m•[39m [38;2;138;148;168m8s[39m [38;2;138;148;168m•[39m [38;2;138;148;168m↓[39m [38;2;138;148;168m10.6k[39m
[38;2;138;148;168m────────────────────────────────────────────────────────────────────────────────[39m
❯ [7mA[27m[38;2;138;148;168msk your question...[39m
[38;2;138;148;168m────────────────────────────────────────────────────────────────────────────────[39m
  [38;2;138;148;168m? for shortcuts · [38;2;2;136;142mtaste on[39m



[?2026l[?2026h[2K[1A[2K[1A[2K[1A[2K[1A[2K[1A[2K[1A[2K[1A[2K[1A[2K[1A[2K[1A[2K[G[38;2;228;204;255m✻ Thinking… (4 lines) [38;2;53;61;80m[[38;2;138;148;168mctrl+o to expand[38;2;53;61;80m][39m

[48;2;45;43;85m[38;2;228;204;255m [1m· [22m[38;2;204;199;225mC[38;2;255;255;255mo[38;2;234;218;255mn[38;2;171;165;206mn[38;2;228;204;255me[38;2;165;153;233mc[38;2;110;97;163mting…[38;2;228;204;255m [39m[49m [1m[38;2;138;148;168mesc[39m[22m [38;2;138;148;168mto interrupt[39m [38;2;138;148;168m•[39m [38;2;138;148;168m8s[39m [38;2;138;148;168m•[39m [38;2;138;148;168m↓[39m [38;2;138;148;168m10.7k[39m
[38;2;138;148;168m────────────────────────────────────────────────────────────────────────────────[39m
❯ [7mA[27m[38;2;138;148;168msk your question...[39m
[38;2;138;148;168m────────────────────────────────────────────────────────────────────────────────[39m
  [38;2;138;148;168m? for shortcuts · [38;2;2;136;142mtaste on[39m



[?2026l[?2026h[2K[1A[2K[1A[2K[1A[2K[1A[2K[1A[2K[1A[2K[1A[2K[1A[2K[1A[2K[1A[2K[G[38;2;228;204;255m✻ Thinking… (4 lines) [38;2;53;61;80m[[38;2;138;148;168mctrl+o to expand[38;2;53;61;80m][39m

[48;2;45;43;85m[38;2;228;204;255m [1m· [22m[38;2;204;199;225mC[38;2;255;255;255mo[38;2;234;218;255mn[38;2;171;165;206mn[38;2;228;204;255me[38;2;165;153;233mc[38;2;110;97;163mting…[38;2;228;204;255m [39m[49m [1m[38;2;138;148;168mesc[39m[22m [38;2;138;148;168mto interrupt[39m [38;2;138;148;168m•[39m [38;2;138;148;168m9s[39m [38;2;138;148;168m•[39m [38;2;138;148;168m↓[39m [38;2;138;148;168m10.7k[39m
[38;2;138;148;168m────────────────────────────────────────────────────────────────────────────────[39m
❯ [7mA[27m[38;2;138;148;168msk your question...[39m
[38;2;138;148;168m────────────────────────────────────────────────────────────────────────────────[39m
  [38;2;138;148;168m? for shortcuts · [38;2;2;136;142mtaste on[39m



[?2026l[?2026h[2K[1A[2K[1A[2K[1A[2K[1A[2K[1A[2K[1A[2K[1A[2K[1A[2K[1A[2K[1A[2K[G[38;2;228;204;255m✻ Thinking… (5 lines) [38;2;53;61;80m[[38;2;138;148;168mctrl+o to expand[38;2;53;61;80m][39m

[48;2;45;43;85m[38;2;228;204;255m [1m· [22m[38;2;171;165;206mC[38;2;204;199;225mo[38;2;255;255;255mn[38;2;234;218;255mn[38;2;171;165;206me[38;2;228;204;255mc[38;2;165;153;233mt[38;2;110;97;163ming…[38;2;228;204;255m [39m[49m [1m[38;2;138;148;168mesc[39m[22m [38;2;138;148;168mto interrupt[39m [38;2;138;148;168m•[39m [38;2;138;148;168m9s[39m [38;2;138;148;168m•[39m [38;2;138;148;168m↓[39m [38;2;138;148;168m10.7k[39m
[38;2;138;148;168m────────────────────────────────────────────────────────────────────────────────[39m
❯ [7mA[27m[38;2;138;148;168msk your question...[39m
[38;2;138;148;168m────────────────────────────────────────────────────────────────────────────────[39m
  [38;2;138;148;168m? for shortcuts · [38;2;2;136;142mtaste on[39m



[?2026l[?2026h[2K[1A[2K[1A[2K[1A[2K[1A[2K[1A[2K[1A[2K[1A[2K[1A[2K[1A[2K[1A[2K[G[38;2;228;204;255m✻ Thinking… (6 lines) [38;2;53;61;80m[[38;2;138;148;168mctrl+o to expand[38;2;53;61;80m][39m

[48;2;45;43;85m[38;2;228;204;255m [1m· [22m[38;2;171;165;206mC[38;2;204;199;225mo[38;2;255;255;255mn[38;2;234;218;255mn[38;2;171;165;206me[38;2;228;204;255mc[38;2;165;153;233mt[38;2;110;97;163ming…[38;2;228;204;255m [39m[49m [1m[38;2;138;148;168mesc[39m[22m [38;2;138;148;168mto interrupt[39m [38;2;138;148;168m•[39m [38;2;138;148;168m9s[39m [38;2;138;148;168m•[39m [38;2;138;148;168m↓[39m [38;2;138;148;168m10.7k[39m
[38;2;138;148;168m────────────────────────────────────────────────────────────────────────────────[39m
❯ [7mA[27m[38;2;138;148;168msk your question...[39m
[38;2;138;148;168m────────────────────────────────────────────────────────────────────────────────[39m
  [38;2;138;148;168m? for shortcuts · [38;2;2;136;142mtaste on[39m



[?2026l[?2026h[2K[1A[2K[1A[2K[1A[2K[1A[2K[1A[2K[1A[2K[1A[2K[1A[2K[1A[2K[1A[2K[G[38;2;228;204;255m✻ Thinking… (7 lines) [38;2;53;61;80m[[38;2;138;148;168mctrl+o to expand[38;2;53;61;80m][39m

[48;2;45;43;85m[38;2;228;204;255m [1m○ [22mC[38;2;171;165;206mo[38;2;204;199;225mn[38;2;255;255;255mn[38;2;234;218;255me[38;2;171;165;206mc[38;2;228;204;255mt[38;2;165;153;233mi[38;2;110;97;163mng…[38;2;228;204;255m [39m[49m [1m[38;2;138;148;168mesc[39m[22m [38;2;138;148;168mto interrupt[39m [38;2;138;148;168m•[39m [38;2;138;148;168m9s[39m [38;2;138;148;168m•[39m [38;2;138;148;168m↓[39m [38;2;138;148;168m10.7k[39m
[38;2;138;148;168m────────────────────────────────────────────────────────────────────────────────[39m
❯ [7mA[27m[38;2;138;148;168msk your question...[39m
[38;2;138;148;168m────────────────────────────────────────────────────────────────────────────────[39m
  [38;2;138;148;168m? for shortcuts · [38;2;2;136;142mtaste on[39m



[?2026l[?2026h[2K[1A[2K[1A[2K[1A[2K[1A[2K[1A[2K[1A[2K[1A[2K[1A[2K[1A[2K[1A[2K[G[38;2;228;204;255m✻ Thinking… (7 lines) [38;2;53;61;80m[[38;2;138;148;168mctrl+o to expand[38;2;53;61;80m][39m

[48;2;45;43;85m[38;2;228;204;255m [1m○ [22m[38;2;165;153;233mC[38;2;228;204;255mo[38;2;171;165;206mn[38;2;204;199;225mn[38;2;255;255;255me[38;2;234;218;255mc[38;2;171;165;206mt[38;2;228;204;255mi[38;2;165;153;233mn[38;2;110;97;163mg…[38;2;228;204;255m [39m[49m [1m[38;2;138;148;168mesc[39m[22m [38;2;138;148;168mto interrupt[39m [38;2;138;148;168m•[39m [38;2;138;148;168m9s[39m [38;2;138;148;168m•[39m [38;2;138;148;168m↓[39m [38;2;138;148;168m10.8k[39m
[38;2;138;148;168m────────────────────────────────────────────────────────────────────────────────[39m
❯ [7mA[27m[38;2;138;148;168msk your question...[39m
[38;2;138;148;168m────────────────────────────────────────────────────────────────────────────────[39m
  [38;2;138;148;168m? for shortcuts · [38;2;2;136;142mtaste on[39m



[?2026l[?2026h[2K[1A[2K[1A[2K[1A[2K[1A[2K[1A[2K[1A[2K[1A[2K[1A[2K[1A[2K[1A[2K[G[38;2;228;204;255m✻ Thinking… (7 lines) [38;2;53;61;80m[[38;2;138;148;168mctrl+o to expand[38;2;53;61;80m][39m

[48;2;45;43;85m[38;2;228;204;255m [1m◇ [22m[38;2;110;97;163mC[38;2;165;153;233mo[38;2;228;204;255mn[38;2;171;165;206mn[38;2;204;199;225me[38;2;255;255;255mc[38;2;234;218;255mt[38;2;171;165;206mi[38;2;228;204;255mn[38;2;165;153;233mg[38;2;110;97;163m…[38;2;228;204;255m [39m[49m [1m[38;2;138;148;168mesc[39m[22m [38;2;138;148;168mto interrupt[39m [38;2;138;148;168m•[39m [38;2;138;148;168m9s[39m [38;2;138;148;168m•[39m [38;2;138;148;168m↓[39m [38;2;138;148;168m10.8k[39m
[38;2;138;148;168m────────────────────────────────────────────────────────────────────────────────[39m
❯ [7mA[27m[38;2;138;148;168msk your question...[39m
[38;2;138;148;168m────────────────────────────────────────────────────────────────────────────────[39m
  [38;2;138;148;168m? for shortcuts · [38;2;2;136;142mtaste on[39m



[?2026l[?2026h[2K[1A[2K[1A[2K[1A[2K[1A[2K[1A[2K[1A[2K[1A[2K[1A[2K[1A[2K[1A[2K[G[38;2;228;204;255m✻ Thinking… (9 lines) [38;2;53;61;80m[[38;2;138;148;168mctrl+o to expand[38;2;53;61;80m][39m

[48;2;45;43;85m[38;2;228;204;255m [1m☆ [22m[38;2;110;97;163mCo[38;2;165;153;233mn[38;2;228;204;255mn[38;2;171;165;206me[38;2;204;199;225mc[38;2;255;255;255mt[38;2;234;218;255mi[38;2;171;165;206mn[38;2;228;204;255mg[38;2;165;153;233m…[38;2;228;204;255m [39m[49m [1m[38;2;138;148;168mesc[39m[22m [38;2;138;148;168mto interrupt[39m [38;2;138;148;168m•[39m [38;2;138;148;168m9s[39m [38;2;138;148;168m•[39m [38;2;138;148;168m↓[39m [38;2;138;148;168m10.8k[39m
[38;2;138;148;168m────────────────────────────────────────────────────────────────────────────────[39m
❯ [7mA[27m[38;2;138;148;168msk your question...[39m
[38;2;138;148;168m────────────────────────────────────────────────────────────────────────────────[39m
  [38;2;138;148;168m? for shortcuts · [38;2;2;136;142mtaste on[39m



[?2026l[?2026h[2K[1A[2K[1A[2K[1A[2K[1A[2K[1A[2K[1A[2K[1A[2K[1A[2K[1A[2K[1A[2K[G[38;2;228;204;255m✻ Thinking… (9 lines) [38;2;53;61;80m[[38;2;138;148;168mctrl+o to expand[38;2;53;61;80m][39m

[48;2;45;43;85m[38;2;228;204;255m [1m✧ [22m[38;2;110;97;163mCon[38;2;165;153;233mn[38;2;228;204;255me[38;2;171;165;206mc[38;2;204;199;225mt[38;2;255;255;255mi[38;2;234;218;255mn[38;2;171;165;206mg[38;2;228;204;255m… [39m[49m [1m[38;2;138;148;168mesc[39m[22m [38;2;138;148;168mto interrupt[39m [38;2;138;148;168m•[39m [38;2;138;148;168m9s[39m [38;2;138;148;168m•[39m [38;2;138;148;168m↓[39m [38;2;138;148;168m10.8k[39m
[38;2;138;148;168m────────────────────────────────────────────────────────────────────────────────[39m
❯ [7mA[27m[38;2;138;148;168msk your question...[39m
[38;2;138;148;168m────────────────────────────────────────────────────────────────────────────────[39m
  [38;2;138;148;168m? for shortcuts · [38;2;2;136;142mtaste on[39m



[?2026l[?2026h[2K[1A[2K[1A[2K[1A[2K[1A[2K[1A[2K[1A[2K[1A[2K[1A[2K[1A[2K[1A[2K[G[38;2;228;204;255m✻ Thinking… (9 lines) [38;2;53;61;80m[[38;2;138;148;168mctrl+o to expand[38;2;53;61;80m][39m

[48;2;45;43;85m[38;2;228;204;255m [1m☆ [22m[38;2;110;97;163mConn[38;2;165;153;233me[38;2;228;204;255mc[38;2;171;165;206mt[38;2;204;199;225mi[38;2;255;255;255mn[38;2;234;218;255mg[38;2;171;165;206m…[38;2;228;204;255m [39m[49m [1m[38;2;138;148;168mesc[39m[22m [38;2;138;148;168mto interrupt[39m [38;2;138;148;168m•[39m [38;2;138;148;168m9s[39m [38;2;138;148;168m•[39m [38;2;138;148;168m↓[39m [38;2;138;148;168m10.9k[39m
[38;2;138;148;168m────────────────────────────────────────────────────────────────────────────────[39m
❯ [7mA[27m[38;2;138;148;168msk your question...[39m
[38;2;138;148;168m────────────────────────────────────────────────────────────────────────────────[39m
  [38;2;138;148;168m? for shortcuts · [38;2;2;136;142mtaste on[39m



[?2026l[?2026h[2K[1A[2K[1A[2K[1A[2K[1A[2K[1A[2K[1A[2K[1A[2K[1A[2K[1A[2K[1A[2K[G[38;2;228;204;255m✻ Thinking… (11 lines) [38;2;53;61;80m[[38;2;138;148;168mctrl+o to expand[38;2;53;61;80m][39m

[48;2;45;43;85m[38;2;228;204;255m [1m☆ [22m[38;2;110;97;163mConn[38;2;165;153;233me[38;2;228;204;255mc[38;2;171;165;206mt[38;2;204;199;225mi[38;2;255;255;255mn[38;2;234;218;255mg[38;2;171;165;206m…[38;2;228;204;255m [39m[49m [1m[38;2;138;148;168mesc[39m[22m [38;2;138;148;168mto interrupt[39m [38;2;138;148;168m•[39m [38;2;138;148;168m9s[39m [38;2;138;148;168m•[39m [38;2;138;148;168m↓[39m [38;2;138;148;168m10.9k[39m
[38;2;138;148;168m────────────────────────────────────────────────────────────────────────────────[39m
❯ [7mA[27m[38;2;138;148;168msk your question...[39m
[38;2;138;148;168m────────────────────────────────────────────────────────────────────────────────[39m
  [38;2;138;148;168m? for shortcuts · [38;2;2;136;142mtaste on[39m



[?2026l[?2026h[2K[1A[2K[1A[2K[1A[2K[1A[2K[1A[2K[1A[2K[1A[2K[1A[2K[1A[2K[1A[2K[G[38;2;228;204;255m✻ Thinking… (11 lines) [38;2;53;61;80m[[38;2;138;148;168mctrl+o to expand[38;2;53;61;80m][39m

[48;2;45;43;85m[38;2;228;204;255m [1m◇ [22m[38;2;110;97;163mConne[38;2;165;153;233mc[38;2;228;204;255mt[38;2;171;165;206mi[38;2;204;199;225mn[38;2;255;255;255mg[38;2;234;218;255m…[38;2;228;204;255m [39m[49m [1m[38;2;138;148;168mesc[39m[22m [38;2;138;148;168mto interrupt[39m [38;2;138;148;168m•[39m [38;2;138;148;168m9s[39m [38;2;138;148;168m•[39m [38;2;138;148;168m↓[39m [38;2;138;148;168m10.9k[39m
[38;2;138;148;168m────────────────────────────────────────────────────────────────────────────────[39m
❯ [7mA[27m[38;2;138;148;168msk your question...[39m
[38;2;138;148;168m────────────────────────────────────────────────────────────────────────────────[39m
  [38;2;138;148;168m? for shortcuts · [38;2;2;136;142mtaste on[39m



[?2026l[?2026h[2K[1A[2K[1A[2K[1A[2K[1A[2K[1A[2K[1A[2K[1A[2K[1A[2K[1A[2K[1A[2K[G[38;2;228;204;255m✻ Thinking… (11 lines) [38;2;53;61;80m[[38;2;138;148;168mctrl+o to expand[38;2;53;61;80m][39m

[48;2;45;43;85m[38;2;228;204;255m [1m○ [22m[38;2;110;97;163mConnec[38;2;165;153;233mt[38;2;228;204;255mi[38;2;171;165;206mn[38;2;204;199;225mg[38;2;255;255;255m…[38;2;228;204;255m [39m[49m [1m[38;2;138;148;168mesc[39m[22m [38;2;138;148;168mto interrupt[39m [38;2;138;148;168m•[39m [38;2;138;148;168m9s[39m [38;2;138;148;168m•[39m [38;2;138;148;168m↓[39m [38;2;138;148;168m10.9k[39m
[38;2;138;148;168m────────────────────────────────────────────────────────────────────────────────[39m
❯ [7mA[27m[38;2;138;148;168msk your question...[39m
[38;2;138;148;168m────────────────────────────────────────────────────────────────────────────────[39m
  [38;2;138;148;168m? for shortcuts · [38;2;2;136;142mtaste on[39m



[?2026l]0;⌘ Command Code · orch-go · deepseek-v4-flash-(latest)]2;⌘ Command Code · orch-go · deepseek-v4-flash-(latest)[?2026h[2K[1A[2K[1A[2K[1A[2K[1A[2K[1A[2K[1A[2K[1A[2K[1A[2K[1A[2K[1A[2K[G[38;2;228;204;255m✻ Thinking… (11 lines) [38;2;53;61;80m[[38;2;138;148;168mctrl+o to expand[38;2;53;61;80m][39m

[48;2;45;43;85m[38;2;228;204;255m [1m⌘ [22m[38;2;110;97;163mConnect[38;2;165;153;233mi[38;2;228;204;255mn[38;2;171;165;206mg[38;2;204;199;225m…[38;2;228;204;255m [39m[49m [1m[38;2;138;148;168mesc[39m[22m [38;2;138;148;168mto interrupt[39m [38;2;138;148;168m•[39m [38;2;138;148;168m9s[39m [38;2;138;148;168m•[39m [38;2;138;148;168m↓[39m [38;2;138;148;168m11.0k[39m
[38;2;138;148;168m────────────────────────────────────────────────────────────────────────────────[39m
❯ [7mA[27m[38;2;138;148;168msk your question...[39m
[38;2;138;148;168m────────────────────────────────────────────────────────────────────────────────[39m
  [38;2;138;148;168m? for shortcuts · [38;2;2;136;142mtaste on[39m



[?2026l[?2026h[2K[1A[2K[1A[2K[1A[2K[1A[2K[1A[2K[1A[2K[1A[2K[1A[2K[1A[2K[1A[2K[G[38;2;228;204;255m✻ Thinking… (11 lines) [38;2;53;61;80m[[38;2;138;148;168mctrl+o to expand[38;2;53;61;80m][39m

[48;2;45;43;85m[38;2;228;204;255m [1m⌘ [22m[38;2;110;97;163mConnecti[38;2;165;153;233mn[38;2;228;204;255mg[38;2;171;165;206m…[38;2;228;204;255m [39m[49m [1m[38;2;138;148;168mesc[39m[22m [38;2;138;148;168mto interrupt[39m [38;2;138;148;168m•[39m [38;2;138;148;168m9s[39m [38;2;138;148;168m•[39m [38;2;138;148;168m↓[39m [38;2;138;148;168m11.0k[39m
[38;2;138;148;168m────────────────────────────────────────────────────────────────────────────────[39m
❯ [7mA[27m[38;2;138;148;168msk your question...[39m
[38;2;138;148;168m────────────────────────────────────────────────────────────────────────────────[39m
  [38;2;138;148;168m? for shortcuts · [38;2;2;136;142mtaste on[39m



[?2026l[?2026h[2K[1A[2K[1A[2K[1A[2K[1A[2K[1A[2K[1A[2K[1A[2K[1A[2K[1A[2K[1A[2K[G[38;2;228;204;255m✻ Thinking… (11 lines) [38;2;53;61;80m[[38;2;138;148;168mctrl+o to expand[38;2;53;61;80m][39m

[48;2;45;43;85m[38;2;228;204;255m [1m⌘ [22m[38;2;110;97;163mConnectin[38;2;165;153;233mg[38;2;228;204;255m… [39m[49m [1m[38;2;138;148;168mesc[39m[22m [38;2;138;148;168mto interrupt[39m [38;2;138;148;168m•[39m [38;2;138;148;168m9s[39m [38;2;138;148;168m•[39m [38;2;138;148;168m↓[39m [38;2;138;148;168m11.0k[39m
[38;2;138;148;168m────────────────────────────────────────────────────────────────────────────────[39m
❯ [7mA[27m[38;2;138;148;168msk your question...[39m
[38;2;138;148;168m────────────────────────────────────────────────────────────────────────────────[39m
  [38;2;138;148;168m? for shortcuts · [38;2;2;136;142mtaste on[39m



[?2026l[?2026h[2K[1A[2K[1A[2K[1A[2K[1A[2K[1A[2K[1A[2K[1A[2K[1A[2K[1A[2K[1A[2K[G[38;2;228;204;255m✻ Thinking… (11 lines) [38;2;53;61;80m[[38;2;138;148;168mctrl+o to expand[38;2;53;61;80m][39m

[48;2;45;43;85m[38;2;228;204;255m [1m⌘ [22m[38;2;110;97;163mConnectin[38;2;165;153;233mg[38;2;228;204;255m… [39m[49m [1m[38;2;138;148;168mesc[39m[22m [38;2;138;148;168mto interrupt[39m [38;2;138;148;168m•[39m [38;2;138;148;168m10s[39m [38;2;138;148;168m•[39m [38;2;138;148;168m↓[39m [38;2;138;148;168m11.0k[39m
[38;2;138;148;168m────────────────────────────────────────────────────────────────────────────────[39m
❯ [7mA[27m[38;2;138;148;168msk your question...[39m
[38;2;138;148;168m────────────────────────────────────────────────────────────────────────────────[39m
  [38;2;138;148;168m? for shortcuts · [38;2;2;136;142mtaste on[39m



[?2026l[?2026h[2K[1A[2K[1A[2K[1A[2K[1A[2K[1A[2K[1A[2K[1A[2K[1A[2K[1A[2K[1A[2K[G[38;2;228;204;255m✻ Thinking… (13 lines) [38;2;53;61;80m[[38;2;138;148;168mctrl+o to expand[38;2;53;61;80m][39m

[48;2;45;43;85m[38;2;228;204;255m [1m⌘ [22m[38;2;110;97;163mConnecting[38;2;165;153;233m…[38;2;228;204;255m [39m[49m [1m[38;2;138;148;168mesc[39m[22m [38;2;138;148;168mto interrupt[39m [38;2;138;148;168m•[39m [38;2;138;148;168m10s[39m [38;2;138;148;168m•[39m [38;2;138;148;168m↓[39m [38;2;138;148;168m11.0k[39m
[38;2;138;148;168m────────────────────────────────────────────────────────────────────────────────[39m
❯ [7mA[27m[38;2;138;148;168msk your question...[39m
[38;2;138;148;168m────────────────────────────────────────────────────────────────────────────────[39m
  [38;2;138;148;168m? for shortcuts · [38;2;2;136;142mtaste on[39m



[?2026l[?2026h[2K[1A[2K[1A[2K[1A[2K[1A[2K[1A[2K[1A[2K[1A[2K[1A[2K[1A[2K[1A[2K[G[38;2;228;204;255m✻ Thinking… (13 lines) [38;2;53;61;80m[[38;2;138;148;168mctrl+o to expand[38;2;53;61;80m][39m

[48;2;45;43;85m[38;2;228;204;255m [1m○ [22m[38;2;110;97;163mConnecting…[38;2;228;204;255m [39m[49m [1m[38;2;138;148;168mesc[39m[22m [38;2;138;148;168mto interrupt[39m [38;2;138;148;168m•[39m [38;2;138;148;168m10s[39m [38;2;138;148;168m•[39m [38;2;138;148;168m↓[39m [38;2;138;148;168m11.1k[39m
[38;2;138;148;168m────────────────────────────────────────────────────────────────────────────────[39m
❯ [7mA[27m[38;2;138;148;168msk your question...[39m
[38;2;138;148;168m────────────────────────────────────────────────────────────────────────────────[39m
  [38;2;138;148;168m? for shortcuts · [38;2;2;136;142mtaste on[39m



[?2026l[?2026h[2K[1A[2K[1A[2K[1A[2K[1A[2K[1A[2K[1A[2K[1A[2K[1A[2K[1A[2K[1A[2K[G[38;2;228;204;255m✻ Thinking… (13 lines) [38;2;53;61;80m[[38;2;138;148;168mctrl+o to expand[38;2;53;61;80m][39m

[48;2;45;43;85m[38;2;228;204;255m [1m◇ [22m[38;2;110;97;163mConnecting…[38;2;228;204;255m [39m[49m [1m[38;2;138;148;168mesc[39m[22m [38;2;138;148;168mto interrupt[39m [38;2;138;148;168m•[39m [38;2;138;148;168m10s[39m [38;2;138;148;168m•[39m [38;2;138;148;168m↓[39m [38;2;138;148;168m11.1k[39m
[38;2;138;148;168m────────────────────────────────────────────────────────────────────────────────[39m
❯ [7mA[27m[38;2;138;148;168msk your question...[39m
[38;2;138;148;168m────────────────────────────────────────────────────────────────────────────────[39m
  [38;2;138;148;168m? for shortcuts · [38;2;2;136;142mtaste on[39m



[?2026l[?2026h[2K[1A[2K[1A[2K[1A[2K[1A[2K[1A[2K[1A[2K[1A[2K[1A[2K[1A[2K[1A[2K[G[38;2;228;204;255m✻ Thinking… (13 lines) [38;2;53;61;80m[[38;2;138;148;168mctrl+o to expand[38;2;53;61;80m][39m

[48;2;45;43;85m[38;2;228;204;255m [1m☆ [22m[38;2;110;97;163mConnecting…[38;2;228;204;255m [39m[49m [1m[38;2;138;148;168mesc[39m[22m [38;2;138;148;168mto interrupt[39m [38;2;138;148;168m•[39m [38;2;138;148;168m10s[39m [38;2;138;148;168m•[39m [38;2;138;148;168m↓[39m [38;2;138;148;168m11.1k[39m
[38;2;138;148;168m────────────────────────────────────────────────────────────────────────────────[39m
❯ [7mA[27m[38;2;138;148;168msk your question...[39m
[38;2;138;148;168m────────────────────────────────────────────────────────────────────────────────[39m
  [38;2;138;148;168m? for shortcuts · [38;2;2;136;142mtaste on[39m



[?2026l[?2026h[2K[1A[2K[1A[2K[1A[2K[1A[2K[1A[2K[1A[2K[1A[2K[1A[2K[1A[2K[1A[2K[G[38;2;228;204;255m✻ Thinking… (15 lines) [38;2;53;61;80m[[38;2;138;148;168mctrl+o to expand[38;2;53;61;80m][39m

[48;2;45;43;85m[38;2;228;204;255m [1m✧ [22m[38;2;110;97;163mConnecting…[38;2;228;204;255m [39m[49m [1m[38;2;138;148;168mesc[39m[22m [38;2;138;148;168mto interrupt[39m [38;2;138;148;168m•[39m [38;2;138;148;168m10s[39m [38;2;138;148;168m•[39m [38;2;138;148;168m↓[39m [38;2;138;148;168m11.1k[39m
[38;2;138;148;168m────────────────────────────────────────────────────────────────────────────────[39m
❯ [7mA[27m[38;2;138;148;168msk your question...[39m
[38;2;138;148;168m────────────────────────────────────────────────────────────────────────────────[39m
  [38;2;138;148;168m? for shortcuts · [38;2;2;136;142mtaste on[39m



[?2026l[?2026h[2K[1A[2K[1A[2K[1A[2K[1A[2K[1A[2K[1A[2K[1A[2K[1A[2K[1A[2K[1A[2K[G[38;2;228;204;255m✻ Thinking… (15 lines) [38;2;53;61;80m[[38;2;138;148;168mctrl+o to expand[38;2;53;61;80m][39m

[48;2;45;43;85m[38;2;228;204;255m [1m☆ [22m[38;2;110;97;163mConnecting…[38;2;228;204;255m [39m[49m [1m[38;2;138;148;168mesc[39m[22m [38;2;138;148;168mto interrupt[39m [38;2;138;148;168m•[39m [38;2;138;148;168m10s[39m [38;2;138;148;168m•[39m [38;2;138;148;168m↓[39m [38;2;138;148;168m11.2k[39m
[38;2;138;148;168m────────────────────────────────────────────────────────────────────────────────[39m
❯ [7mA[27m[38;2;138;148;168msk your question...[39m
[38;2;138;148;168m────────────────────────────────────────────────────────────────────────────────[39m
  [38;2;138;148;168m? for shortcuts · [38;2;2;136;142mtaste on[39m



[?2026l[?2026h[2K[1A[2K[1A[2K[1A[2K[1A[2K[1A[2K[1A[2K[1A[2K[1A[2K[1A[2K[1A[2K[G[38;2;228;204;255m✻ Thinking… (15 lines) [38;2;53;61;80m[[38;2;138;148;168mctrl+o to expand[38;2;53;61;80m][39m

[48;2;45;43;85m[38;2;228;204;255m [1m◇ [22m[38;2;234;218;255mC[38;2;171;165;206mo[38;2;228;204;255mn[38;2;165;153;233mn[38;2;110;97;163mecting…[38;2;228;204;255m [39m[49m [1m[38;2;138;148;168mesc[39m[22m [38;2;138;148;168mto interrupt[39m [38;2;138;148;168m•[39m [38;2;138;148;168m10s[39m [38;2;138;148;168m•[39m [38;2;138;148;168m↓[39m [38;2;138;148;168m11.2k[39m
[38;2;138;148;168m────────────────────────────────────────────────────────────────────────────────[39m
❯ [7mA[27m[38;2;138;148;168msk your question...[39m
[38;2;138;148;168m────────────────────────────────────────────────────────────────────────────────[39m
  [38;2;138;148;168m? for shortcuts · [38;2;2;136;142mtaste on[39m



[?2026l[?2026h[2K[1A[2K[1A[2K[1A[2K[1A[2K[1A[2K[1A[2K[1A[2K[1A[2K[1A[2K[1A[2K[G[38;2;228;204;255m✻ Thinking… (15 lines) [38;2;53;61;80m[[38;2;138;148;168mctrl+o to expand[38;2;53;61;80m][39m

[48;2;45;43;85m[38;2;228;204;255m [1m○ [22m[38;2;255;255;255mC[38;2;234;218;255mo[38;2;171;165;206mn[38;2;228;204;255mn[38;2;165;153;233me[38;2;110;97;163mcting…[38;2;228;204;255m [39m[49m [1m[38;2;138;148;168mesc[39m[22m [38;2;138;148;168mto interrupt[39m [38;2;138;148;168m•[39m [38;2;138;148;168m10s[39m [38;2;138;148;168m•[39m [38;2;138;148;168m↓[39m [38;2;138;148;168m11.2k[39m
[38;2;138;148;168m────────────────────────────────────────────────────────────────────────────────[39m
❯ [7mA[27m[38;2;138;148;168msk your question...[39m
[38;2;138;148;168m────────────────────────────────────────────────────────────────────────────────[39m
  [38;2;138;148;168m? for shortcuts · [38;2;2;136;142mtaste on[39m



[?2026l[?2026h[2K[1A[2K[1A[2K[1A[2K[1A[2K[1A[2K[1A[2K[1A[2K[1A[2K[1A[2K[1A[2K[G[38;2;228;204;255m✻ Thinking… (15 lines) [38;2;53;61;80m[[38;2;138;148;168mctrl+o to expand[38;2;53;61;80m][39m

[48;2;45;43;85m[38;2;228;204;255m [1m· [22m[38;2;204;199;225mC[38;2;255;255;255mo[38;2;234;218;255mn[38;2;171;165;206mn[38;2;228;204;255me[38;2;165;153;233mc[38;2;110;97;163mting…[38;2;228;204;255m [39m[49m [1m[38;2;138;148;168mesc[39m[22m [38;2;138;148;168mto interrupt[39m [38;2;138;148;168m•[39m [38;2;138;148;168m10s[39m [38;2;138;148;168m•[39m [38;2;138;148;168m↓[39m [38;2;138;148;168m11.3k[39m
[38;2;138;148;168m────────────────────────────────────────────────────────────────────────────────[39m
❯ [7mA[27m[38;2;138;148;168msk your question...[39m
[38;2;138;148;168m────────────────────────────────────────────────────────────────────────────────[39m
  [38;2;138;148;168m? for shortcuts · [38;2;2;136;142mtaste on[39m



[?2026l[?2026h[2K[1A[2K[1A[2K[1A[2K[1A[2K[1A[2K[1A[2K[1A[2K[1A[2K[1A[2K[1A[2K[G[38;2;228;204;255m✻ Thinking… (17 lines) [38;2;53;61;80m[[38;2;138;148;168mctrl+o to expand[38;2;53;61;80m][39m

[48;2;45;43;85m[38;2;228;204;255m [1m· [22m[38;2;171;165;206mC[38;2;204;199;225mo[38;2;255;255;255mn[38;2;234;218;255mn[38;2;171;165;206me[38;2;228;204;255mc[38;2;165;153;233mt[38;2;110;97;163ming…[38;2;228;204;255m [39m[49m [1m[38;2;138;148;168mesc[39m[22m [38;2;138;148;168mto interrupt[39m [38;2;138;148;168m•[39m [38;2;138;148;168m10s[39m [38;2;138;148;168m•[39m [38;2;138;148;168m↓[39m [38;2;138;148;168m11.3k[39m
[38;2;138;148;168m────────────────────────────────────────────────────────────────────────────────[39m
❯ [7mA[27m[38;2;138;148;168msk your question...[39m
[38;2;138;148;168m────────────────────────────────────────────────────────────────────────────────[39m
  [38;2;138;148;168m? for shortcuts · [38;2;2;136;142mtaste on[39m



[?2026l[?2026h[2K[1A[2K[1A[2K[1A[2K[1A[2K[1A[2K[1A[2K[1A[2K[1A[2K[1A[2K[1A[2K[G[38;2;228;204;255m✻ Thinking… (17 lines) [38;2;53;61;80m[[38;2;138;148;168mctrl+o to expand[38;2;53;61;80m][39m

[48;2;45;43;85m[38;2;228;204;255m [1m· [22mC[38;2;171;165;206mo[38;2;204;199;225mn[38;2;255;255;255mn[38;2;234;218;255me[38;2;171;165;206mc[38;2;228;204;255mt[38;2;165;153;233mi[38;2;110;97;163mng…[38;2;228;204;255m [39m[49m [1m[38;2;138;148;168mesc[39m[22m [38;2;138;148;168mto interrupt[39m [38;2;138;148;168m•[39m [38;2;138;148;168m10s[39m [38;2;138;148;168m•[39m [38;2;138;148;168m↓[39m [38;2;138;148;168m11.3k[39m
[38;2;138;148;168m────────────────────────────────────────────────────────────────────────────────[39m
❯ [7mA[27m[38;2;138;148;168msk your question...[39m
[38;2;138;148;168m────────────────────────────────────────────────────────────────────────────────[39m
  [38;2;138;148;168m? for shortcuts · [38;2;2;136;142mtaste on[39m



[?2026l[?2026h[2K[1A[2K[1A[2K[1A[2K[1A[2K[1A[2K[1A[2K[1A[2K[1A[2K[1A[2K[1A[2K[G[38;2;228;204;255m✻ Thinking… (19 lines) [38;2;53;61;80m[[38;2;138;148;168mctrl+o to expand[38;2;53;61;80m][39m

[48;2;45;43;85m[38;2;228;204;255m [1m○ [22m[38;2;165;153;233mC[38;2;228;204;255mo[38;2;171;165;206mn[38;2;204;199;225mn[38;2;255;255;255me[38;2;234;218;255mc[38;2;171;165;206mt[38;2;228;204;255mi[38;2;165;153;233mn[38;2;110;97;163mg…[38;2;228;204;255m [39m[49m [1m[38;2;138;148;168mesc[39m[22m [38;2;138;148;168mto interrupt[39m [38;2;138;148;168m•[39m [38;2;138;148;168m10s[39m [38;2;138;148;168m•[39m [38;2;138;148;168m↓[39m [38;2;138;148;168m11.4k[39m
[38;2;138;148;168m────────────────────────────────────────────────────────────────────────────────[39m
❯ [7mA[27m[38;2;138;148;168msk your question...[39m
[38;2;138;148;168m────────────────────────────────────────────────────────────────────────────────[39m
  [38;2;138;148;168m? for shortcuts · [38;2;2;136;142mtaste on[39m



[?2026l[?2026h[2K[1A[2K[1A[2K[1A[2K[1A[2K[1A[2K[1A[2K[1A[2K[1A[2K[1A[2K[1A[2K[G[38;2;228;204;255m✻ Thinking… (19 lines) [38;2;53;61;80m[[38;2;138;148;168mctrl+o to expand[38;2;53;61;80m][39m

[48;2;45;43;85m[38;2;228;204;255m [1m○ [22m[38;2;110;97;163mC[38;2;165;153;233mo[38;2;228;204;255mn[38;2;171;165;206mn[38;2;204;199;225me[38;2;255;255;255mc[38;2;234;218;255mt[38;2;171;165;206mi[38;2;228;204;255mn[38;2;165;153;233mg[38;2;110;97;163m…[38;2;228;204;255m [39m[49m [1m[38;2;138;148;168mesc[39m[22m [38;2;138;148;168mto interrupt[39m [38;2;138;148;168m•[39m [38;2;138;148;168m11s[39m [38;2;138;148;168m•[39m [38;2;138;148;168m↓[39m [38;2;138;148;168m11.4k[39m
[38;2;138;148;168m────────────────────────────────────────────────────────────────────────────────[39m
❯ [7mA[27m[38;2;138;148;168msk your question...[39m
[38;2;138;148;168m────────────────────────────────────────────────────────────────────────────────[39m
  [38;2;138;148;168m? for shortcuts · [38;2;2;136;142mtaste on[39m



[?2026l[?2026h[2K[1A[2K[1A[2K[1A[2K[1A[2K[1A[2K[1A[2K[1A[2K[1A[2K[1A[2K[1A[2K[G[38;2;228;204;255m✻ Thinking… (21 lines) [38;2;53;61;80m[[38;2;138;148;168mctrl+o to expand[38;2;53;61;80m][39m

[48;2;45;43;85m[38;2;228;204;255m [1m○ [22m[38;2;110;97;163mC[38;2;165;153;233mo[38;2;228;204;255mn[38;2;171;165;206mn[38;2;204;199;225me[38;2;255;255;255mc[38;2;234;218;255mt[38;2;171;165;206mi[38;2;228;204;255mn[38;2;165;153;233mg[38;2;110;97;163m…[38;2;228;204;255m [39m[49m [1m[38;2;138;148;168mesc[39m[22m [38;2;138;148;168mto interrupt[39m [38;2;138;148;168m•[39m [38;2;138;148;168m11s[39m [38;2;138;148;168m•[39m [38;2;138;148;168m↓[39m [38;2;138;148;168m11.4k[39m
[38;2;138;148;168m────────────────────────────────────────────────────────────────────────────────[39m
❯ [7mA[27m[38;2;138;148;168msk your question...[39m
[38;2;138;148;168m────────────────────────────────────────────────────────────────────────────────[39m
  [38;2;138;148;168m? for shortcuts · [38;2;2;136;142mtaste on[39m



[?2026l[?2026h[2K[1A[2K[1A[2K[1A[2K[1A[2K[1A[2K[1A[2K[1A[2K[1A[2K[1A[2K[1A[2K[G[38;2;228;204;255m✻ Thinking… (21 lines) [38;2;53;61;80m[[38;2;138;148;168mctrl+o to expand[38;2;53;61;80m][39m

[48;2;45;43;85m[38;2;228;204;255m [1m◇ [22m[38;2;110;97;163mCo[38;2;165;153;233mn[38;2;228;204;255mn[38;2;171;165;206me[38;2;204;199;225mc[38;2;255;255;255mt[38;2;234;218;255mi[38;2;171;165;206mn[38;2;228;204;255mg[38;2;165;153;233m…[38;2;228;204;255m [39m[49m [1m[38;2;138;148;168mesc[39m[22m [38;2;138;148;168mto interrupt[39m [38;2;138;148;168m•[39m [38;2;138;148;168m11s[39m [38;2;138;148;168m•[39m [38;2;138;148;168m↓[39m [38;2;138;148;168m11.4k[39m
[38;2;138;148;168m────────────────────────────────────────────────────────────────────────────────[39m
❯ [7mA[27m[38;2;138;148;168msk your question...[39m
[38;2;138;148;168m────────────────────────────────────────────────────────────────────────────────[39m
  [38;2;138;148;168m? for shortcuts · [38;2;2;136;142mtaste on[39m



[?2026l[?2026h[2K[1A[2K[1A[2K[1A[2K[1A[2K[1A[2K[1A[2K[1A[2K[1A[2K[1A[2K[1A[2K[G[38;2;228;204;255m✻ Thinking… (23 lines) [38;2;53;61;80m[[38;2;138;148;168mctrl+o to expand[38;2;53;61;80m][39m

[48;2;45;43;85m[38;2;228;204;255m [1m◇ [22m[38;2;110;97;163mCo[38;2;165;153;233mn[38;2;228;204;255mn[38;2;171;165;206me[38;2;204;199;225mc[38;2;255;255;255mt[38;2;234;218;255mi[38;2;171;165;206mn[38;2;228;204;255mg[38;2;165;153;233m…[38;2;228;204;255m [39m[49m [1m[38;2;138;148;168mesc[39m[22m [38;2;138;148;168mto interrupt[39m [38;2;138;148;168m•[39m [38;2;138;148;168m11s[39m [38;2;138;148;168m•[39m [38;2;138;148;168m↓[39m [38;2;138;148;168m11.4k[39m
[38;2;138;148;168m────────────────────────────────────────────────────────────────────────────────[39m
❯ [7mA[27m[38;2;138;148;168msk your question...[39m
[38;2;138;148;168m────────────────────────────────────────────────────────────────────────────────[39m
  [38;2;138;148;168m? for shortcuts · [38;2;2;136;142mtaste on[39m



[?2026l[?2026h[2K[1A[2K[1A[2K[1A[2K[1A[2K[1A[2K[1A[2K[1A[2K[1A[2K[1A[2K[1A[2K[G[38;2;228;204;255m✻ Thinking… (23 lines) [38;2;53;61;80m[[38;2;138;148;168mctrl+o to expand[38;2;53;61;80m][39m

[48;2;45;43;85m[38;2;228;204;255m [1m☆ [22m[38;2;110;97;163mCon[38;2;165;153;233mn[38;2;228;204;255me[38;2;171;165;206mc[38;2;204;199;225mt[38;2;255;255;255mi[38;2;234;218;255mn[38;2;171;165;206mg[38;2;228;204;255m… [39m[49m [1m[38;2;138;148;168mesc[39m[22m [38;2;138;148;168mto interrupt[39m [38;2;138;148;168m•[39m [38;2;138;148;168m11s[39m [38;2;138;148;168m•[39m [38;2;138;148;168m↓[39m [38;2;138;148;168m11.4k[39m
[38;2;138;148;168m────────────────────────────────────────────────────────────────────────────────[39m
❯ [7mA[27m[38;2;138;148;168msk your question...[39m
[38;2;138;148;168m────────────────────────────────────────────────────────────────────────────────[39m
  [38;2;138;148;168m? for shortcuts · [38;2;2;136;142mtaste on[39m



[?2026l[?2026h[2K[1A[2K[1A[2K[1A[2K[1A[2K[1A[2K[1A[2K[1A[2K[1A[2K[1A[2K[1A[2K[G[38;2;228;204;255m✻ Thinking… (24 lines) [38;2;53;61;80m[[38;2;138;148;168mctrl+o to expand[38;2;53;61;80m][39m

[48;2;45;43;85m[38;2;228;204;255m [1m✧ [22m[38;2;110;97;163mConn[38;2;165;153;233me[38;2;228;204;255mc[38;2;171;165;206mt[38;2;204;199;225mi[38;2;255;255;255mn[38;2;234;218;255mg[38;2;171;165;206m…[38;2;228;204;255m [39m[49m [1m[38;2;138;148;168mesc[39m[22m [38;2;138;148;168mto interrupt[39m [38;2;138;148;168m•[39m [38;2;138;148;168m11s[39m [38;2;138;148;168m•[39m [38;2;138;148;168m↓[39m [38;2;138;148;168m11.5k[39m
[38;2;138;148;168m────────────────────────────────────────────────────────────────────────────────[39m
❯ [7mA[27m[38;2;138;148;168msk your question...[39m
[38;2;138;148;168m────────────────────────────────────────────────────────────────────────────────[39m
  [38;2;138;148;168m? for shortcuts · [38;2;2;136;142mtaste on[39m



[?2026l[?2026h[2K[1A[2K[1A[2K[1A[2K[1A[2K[1A[2K[1A[2K[1A[2K[1A[2K[1A[2K[1A[2K[G[38;2;228;204;255m✻ Thinking… (25 lines) [38;2;53;61;80m[[38;2;138;148;168mctrl+o to expand[38;2;53;61;80m][39m

[48;2;45;43;85m[38;2;228;204;255m [1m☆ [22m[38;2;110;97;163mConne[38;2;165;153;233mc[38;2;228;204;255mt[38;2;171;165;206mi[38;2;204;199;225mn[38;2;255;255;255mg[38;2;234;218;255m…[38;2;228;204;255m [39m[49m [1m[38;2;138;148;168mesc[39m[22m [38;2;138;148;168mto interrupt[39m [38;2;138;148;168m•[39m [38;2;138;148;168m11s[39m [38;2;138;148;168m•[39m [38;2;138;148;168m↓[39m [38;2;138;148;168m11.5k[39m
[38;2;138;148;168m────────────────────────────────────────────────────────────────────────────────[39m
❯ [7mA[27m[38;2;138;148;168msk your question...[39m
[38;2;138;148;168m────────────────────────────────────────────────────────────────────────────────[39m
  [38;2;138;148;168m? for shortcuts · [38;2;2;136;142mtaste on[39m



[?2026l[?2026h[2K[1A[2K[1A[2K[1A[2K[1A[2K[1A[2K[1A[2K[1A[2K[1A[2K[1A[2K[1A[2K[G[38;2;228;204;255m✻ Thinking… (25 lines) [38;2;53;61;80m[[38;2;138;148;168mctrl+o to expand[38;2;53;61;80m][39m

[48;2;45;43;85m[38;2;228;204;255m [1m◇ [22m[38;2;110;97;163mConnec[38;2;165;153;233mt[38;2;228;204;255mi[38;2;171;165;206mn[38;2;204;199;225mg[38;2;255;255;255m…[38;2;228;204;255m [39m[49m [1m[38;2;138;148;168mesc[39m[22m [38;2;138;148;168mto interrupt[39m [38;2;138;148;168m•[39m [38;2;138;148;168m11s[39m [38;2;138;148;168m•[39m [38;2;138;148;168m↓[39m [38;2;138;148;168m11.5k[39m
[38;2;138;148;168m────────────────────────────────────────────────────────────────────────────────[39m
❯ [7mA[27m[38;2;138;148;168msk your question...[39m
[38;2;138;148;168m────────────────────────────────────────────────────────────────────────────────[39m
  [38;2;138;148;168m? for shortcuts · [38;2;2;136;142mtaste on[39m



[?2026l[?2026h[2K[1A[2K[1A[2K[1A[2K[1A[2K[1A[2K[1A[2K[1A[2K[1A[2K[1A[2K[1A[2K[G[38;2;228;204;255m✻ Thinking… (25 lines) [38;2;53;61;80m[[38;2;138;148;168mctrl+o to expand[38;2;53;61;80m][39m

[48;2;45;43;85m[38;2;228;204;255m [1m○ [22m[38;2;110;97;163mConnect[38;2;165;153;233mi[38;2;228;204;255mn[38;2;171;165;206mg[38;2;204;199;225m…[38;2;228;204;255m [39m[49m [1m[38;2;138;148;168mesc[39m[22m [38;2;138;148;168mto interrupt[39m [38;2;138;148;168m•[39m [38;2;138;148;168m11s[39m [38;2;138;148;168m•[39m [38;2;138;148;168m↓[39m [38;2;138;148;168m11.6k[39m
[38;2;138;148;168m────────────────────────────────────────────────────────────────────────────────[39m
❯ [7mA[27m[38;2;138;148;168msk your question...[39m
[38;2;138;148;168m────────────────────────────────────────────────────────────────────────────────[39m
  [38;2;138;148;168m? for shortcuts · [38;2;2;136;142mtaste on[39m



[?2026l[?2026h[2K[1A[2K[1A[2K[1A[2K[1A[2K[1A[2K[1A[2K[1A[2K[1A[2K[1A[2K[1A[2K[G[38;2;228;204;255m✻ Thinking… (25 lines) [38;2;53;61;80m[[38;2;138;148;168mctrl+o to expand[38;2;53;61;80m][39m

[48;2;45;43;85m[38;2;228;204;255m [1m⌘ [22m[38;2;110;97;163mConnecti[38;2;165;153;233mn[38;2;228;204;255mg[38;2;171;165;206m…[38;2;228;204;255m [39m[49m [1m[38;2;138;148;168mesc[39m[22m [38;2;138;148;168mto interrupt[39m [38;2;138;148;168m•[39m [38;2;138;148;168m11s[39m [38;2;138;148;168m•[39m [38;2;138;148;168m↓[39m [38;2;138;148;168m11.6k[39m
[38;2;138;148;168m────────────────────────────────────────────────────────────────────────────────[39m
❯ [7mA[27m[38;2;138;148;168msk your question...[39m
[38;2;138;148;168m────────────────────────────────────────────────────────────────────────────────[39m
  [38;2;138;148;168m? for shortcuts · [38;2;2;136;142mtaste on[39m



[?2026l[?2026h[2K[1A[2K[1A[2K[1A[2K[1A[2K[1A[2K[1A[2K[1A[2K[1A[2K[1A[2K[1A[2K[G[38;2;228;204;255m✻ Thinking… (26 lines) [38;2;53;61;80m[[38;2;138;148;168mctrl+o to expand[38;2;53;61;80m][39m

[48;2;45;43;85m[38;2;228;204;255m [1m⌘ [22m[38;2;110;97;163mConnecti[38;2;165;153;233mn[38;2;228;204;255mg[38;2;171;165;206m…[38;2;228;204;255m [39m[49m [1m[38;2;138;148;168mesc[39m[22m [38;2;138;148;168mto interrupt[39m [38;2;138;148;168m•[39m [38;2;138;148;168m11s[39m [38;2;138;148;168m•[39m [38;2;138;148;168m↓[39m [38;2;138;148;168m11.6k[39m
[38;2;138;148;168m────────────────────────────────────────────────────────────────────────────────[39m
❯ [7mA[27m[38;2;138;148;168msk your question...[39m
[38;2;138;148;168m────────────────────────────────────────────────────────────────────────────────[39m
  [38;2;138;148;168m? for shortcuts · [38;2;2;136;142mtaste on[39m



[?2026l[?2026h[2K[1A[2K[1A[2K[1A[2K[1A[2K[1A[2K[1A[2K[1A[2K[1A[2K[1A[2K[1A[2K[G[38;2;228;204;255m✻ Thinking… (26 lines) [38;2;53;61;80m[[38;2;138;148;168mctrl+o to expand[38;2;53;61;80m][39m

[48;2;45;43;85m[38;2;228;204;255m [1m⌘ [22m[38;2;110;97;163mConnectin[38;2;165;153;233mg[38;2;228;204;255m… [39m[49m [1m[38;2;138;148;168mesc[39m[22m [38;2;138;148;168mto interrupt[39m [38;2;138;148;168m•[39m [38;2;138;148;168m11s[39m [38;2;138;148;168m•[39m [38;2;138;148;168m↓[39m [38;2;138;148;168m11.6k[39m
[38;2;138;148;168m────────────────────────────────────────────────────────────────────────────────[39m
❯ [7mA[27m[38;2;138;148;168msk your question...[39m
[38;2;138;148;168m────────────────────────────────────────────────────────────────────────────────[39m
  [38;2;138;148;168m? for shortcuts · [38;2;2;136;142mtaste on[39m



[?2026l[?2026h[2K[1A[2K[1A[2K[1A[2K[1A[2K[1A[2K[1A[2K[1A[2K[1A[2K[1A[2K[1A[2K[G[38;2;228;204;255m✻ Thinking… (26 lines) [38;2;53;61;80m[[38;2;138;148;168mctrl+o to expand[38;2;53;61;80m][39m

[48;2;45;43;85m[38;2;228;204;255m [1m⌘ [22m[38;2;110;97;163mConnecting[38;2;165;153;233m…[38;2;228;204;255m [39m[49m [1m[38;2;138;148;168mesc[39m[22m [38;2;138;148;168mto interrupt[39m [38;2;138;148;168m•[39m [38;2;138;148;168m11s[39m [38;2;138;148;168m•[39m [38;2;138;148;168m↓[39m [38;2;138;148;168m11.6k[39m
[38;2;138;148;168m────────────────────────────────────────────────────────────────────────────────[39m
❯ [7mA[27m[38;2;138;148;168msk your question...[39m
[38;2;138;148;168m────────────────────────────────────────────────────────────────────────────────[39m
  [38;2;138;148;168m? for shortcuts · [38;2;2;136;142mtaste on[39m



[?2026l[?2026h[2K[1A[2K[1A[2K[1A[2K[1A[2K[1A[2K[1A[2K[1A[2K[1A[2K[1A[2K[1A[2K[G[38;2;228;204;255m✻ Thinking… (27 lines) [38;2;53;61;80m[[38;2;138;148;168mctrl+o to expand[38;2;53;61;80m][39m

[48;2;45;43;85m[38;2;228;204;255m [1m⌘ [22m[38;2;110;97;163mConnecting[38;2;165;153;233m…[38;2;228;204;255m [39m[49m [1m[38;2;138;148;168mesc[39m[22m [38;2;138;148;168mto interrupt[39m [38;2;138;148;168m•[39m [38;2;138;148;168m11s[39m [38;2;138;148;168m•[39m [38;2;138;148;168m↓[39m [38;2;138;148;168m11.6k[39m
[38;2;138;148;168m────────────────────────────────────────────────────────────────────────────────[39m
❯ [7mA[27m[38;2;138;148;168msk your question...[39m
[38;2;138;148;168m────────────────────────────────────────────────────────────────────────────────[39m
  [38;2;138;148;168m? for shortcuts · [38;2;2;136;142mtaste on[39m



[?2026l[?2026h[2K[1A[2K[1A[2K[1A[2K[1A[2K[1A[2K[1A[2K[1A[2K[1A[2K[1A[2K[1A[2K[G[38;2;228;204;255m✻ Thinking… (29 lines) [38;2;53;61;80m[[38;2;138;148;168mctrl+o to expand[38;2;53;61;80m][39m

[48;2;45;43;85m[38;2;228;204;255m [1m⌘ [22m[38;2;110;97;163mConnecting…[38;2;228;204;255m [39m[49m [1m[38;2;138;148;168mesc[39m[22m [38;2;138;148;168mto interrupt[39m [38;2;138;148;168m•[39m [38;2;138;148;168m11s[39m [38;2;138;148;168m•[39m [38;2;138;148;168m↓[39m [38;2;138;148;168m11.7k[39m
[38;2;138;148;168m────────────────────────────────────────────────────────────────────────────────[39m
❯ [7mA[27m[38;2;138;148;168msk your question...[39m
[38;2;138;148;168m────────────────────────────────────────────────────────────────────────────────[39m
  [38;2;138;148;168m? for shortcuts · [38;2;2;136;142mtaste on[39m



[?2026l[?2026h[2K[1A[2K[1A[2K[1A[2K[1A[2K[1A[2K[1A[2K[1A[2K[1A[2K[1A[2K[1A[2K[G[38;2;228;204;255m✻ Thinking… (29 lines) [38;2;53;61;80m[[38;2;138;148;168mctrl+o to expand[38;2;53;61;80m][39m

[48;2;45;43;85m[38;2;228;204;255m [1m○ [22m[38;2;110;97;163mConnecting…[38;2;228;204;255m [39m[49m [1m[38;2;138;148;168mesc[39m[22m [38;2;138;148;168mto interrupt[39m [38;2;138;148;168m•[39m [38;2;138;148;168m11s[39m [38;2;138;148;168m•[39m [38;2;138;148;168m↓[39m [38;2;138;148;168m11.7k[39m
[38;2;138;148;168m────────────────────────────────────────────────────────────────────────────────[39m
❯ [7mA[27m[38;2;138;148;168msk your question...[39m
[38;2;138;148;168m────────────────────────────────────────────────────────────────────────────────[39m
  [38;2;138;148;168m? for shortcuts · [38;2;2;136;142mtaste on[39m



[?2026l[?2026h[2K[1A[2K[1A[2K[1A[2K[1A[2K[1A[2K[1A[2K[1A[2K[1A[2K[1A[2K[1A[2K[G[38;2;228;204;255m✻ Thinking… (29 lines) [38;2;53;61;80m[[38;2;138;148;168mctrl+o to expand[38;2;53;61;80m][39m

[48;2;45;43;85m[38;2;228;204;255m [1m◇ [22m[38;2;110;97;163mConnecting…[38;2;228;204;255m [39m[49m [1m[38;2;138;148;168mesc[39m[22m [38;2;138;148;168mto interrupt[39m [38;2;138;148;168m•[39m [38;2;138;148;168m11s[39m [38;2;138;148;168m•[39m [38;2;138;148;168m↓[39m [38;2;138;148;168m11.7k[39m
[38;2;138;148;168m────────────────────────────────────────────────────────────────────────────────[39m
❯ [7mA[27m[38;2;138;148;168msk your question...[39m
[38;2;138;148;168m────────────────────────────────────────────────────────────────────────────────[39m
  [38;2;138;148;168m? for shortcuts · [38;2;2;136;142mtaste on[39m



[?2026l[?2026h[2K[1A[2K[1A[2K[1A[2K[1A[2K[1A[2K[1A[2K[1A[2K[1A[2K[1A[2K[1A[2K[G[38;2;228;204;255m✻ Thinking… (29 lines) [38;2;53;61;80m[[38;2;138;148;168mctrl+o to expand[38;2;53;61;80m][39m

[48;2;45;43;85m[38;2;228;204;255m [1m◇ [22m[38;2;110;97;163mConnecting…[38;2;228;204;255m [39m[49m [1m[38;2;138;148;168mesc[39m[22m [38;2;138;148;168mto interrupt[39m [38;2;138;148;168m•[39m [38;2;138;148;168m12s[39m [38;2;138;148;168m•[39m [38;2;138;148;168m↓[39m [38;2;138;148;168m11.7k[39m
[38;2;138;148;168m────────────────────────────────────────────────────────────────────────────────[39m
❯ [7mA[27m[38;2;138;148;168msk your question...[39m
[38;2;138;148;168m────────────────────────────────────────────────────────────────────────────────[39m
  [38;2;138;148;168m? for shortcuts · [38;2;2;136;142mtaste on[39m



[?2026l[?2026h[2K[1A[2K[1A[2K[1A[2K[1A[2K[1A[2K[1A[2K[1A[2K[1A[2K[1A[2K[1A[2K[G[38;2;228;204;255m✻ Thinking… (29 lines) [38;2;53;61;80m[[38;2;138;148;168mctrl+o to expand[38;2;53;61;80m][39m

[48;2;45;43;85m[38;2;228;204;255m [1m☆ [22m[38;2;110;97;163mConnecting…[38;2;228;204;255m [39m[49m [1m[38;2;138;148;168mesc[39m[22m [38;2;138;148;168mto interrupt[39m [38;2;138;148;168m•[39m [38;2;138;148;168m12s[39m [38;2;138;148;168m•[39m [38;2;138;148;168m↓[39m [38;2;138;148;168m11.8k[39m
[38;2;138;148;168m────────────────────────────────────────────────────────────────────────────────[39m
❯ [7mA[27m[38;2;138;148;168msk your question...[39m
[38;2;138;148;168m────────────────────────────────────────────────────────────────────────────────[39m
  [38;2;138;148;168m? for shortcuts · [38;2;2;136;142mtaste on[39m



[?2026l[?2026h[2K[1A[2K[1A[2K[1A[2K[1A[2K[1A[2K[1A[2K[1A[2K[1A[2K[1A[2K[1A[2K[G[38;2;228;204;255m✻ Thinking… (29 lines) [38;2;53;61;80m[[38;2;138;148;168mctrl+o to expand[38;2;53;61;80m][39m

[48;2;45;43;85m[38;2;228;204;255m [1m✧ [22m[38;2;110;97;163mConnecting…[38;2;228;204;255m [39m[49m [1m[38;2;138;148;168mesc[39m[22m [38;2;138;148;168mto interrupt[39m [38;2;138;148;168m•[39m [38;2;138;148;168m12s[39m [38;2;138;148;168m•[39m [38;2;138;148;168m↓[39m [38;2;138;148;168m11.8k[39m
[38;2;138;148;168m────────────────────────────────────────────────────────────────────────────────[39m
❯ [7mA[27m[38;2;138;148;168msk your question...[39m
[38;2;138;148;168m────────────────────────────────────────────────────────────────────────────────[39m
  [38;2;138;148;168m? for shortcuts · [38;2;2;136;142mtaste on[39m



[?2026l[?2026h[2K[1A[2K[1A[2K[1A[2K[1A[2K[1A[2K[1A[2K[1A[2K[1A[2K[1A[2K[1A[2K[G[38;2;228;204;255m✻ Thinking… (29 lines) [38;2;53;61;80m[[38;2;138;148;168mctrl+o to expand[38;2;53;61;80m][39m

[48;2;45;43;85m[38;2;228;204;255m [1m☆ [22m[38;2;234;218;255mC[38;2;171;165;206mo[38;2;228;204;255mn[38;2;165;153;233mn[38;2;110;97;163mecting…[38;2;228;204;255m [39m[49m [1m[38;2;138;148;168mesc[39m[22m [38;2;138;148;168mto interrupt[39m [38;2;138;148;168m•[39m [38;2;138;148;168m12s[39m [38;2;138;148;168m•[39m [38;2;138;148;168m↓[39m [38;2;138;148;168m11.8k[39m
[38;2;138;148;168m────────────────────────────────────────────────────────────────────────────────[39m
❯ [7mA[27m[38;2;138;148;168msk your question...[39m
[38;2;138;148;168m────────────────────────────────────────────────────────────────────────────────[39m
  [38;2;138;148;168m? for shortcuts · [38;2;2;136;142mtaste on[39m



[?2026l[?2026h[2K[1A[2K[1A[2K[1A[2K[1A[2K[1A[2K[1A[2K[1A[2K[1A[2K[1A[2K[1A[2K[G[38;2;228;204;255m✻ Thinking… (29 lines) [38;2;53;61;80m[[38;2;138;148;168mctrl+o to expand[38;2;53;61;80m][39m

[48;2;45;43;85m[38;2;228;204;255m [1m◇ [22m[38;2;255;255;255mC[38;2;234;218;255mo[38;2;171;165;206mn[38;2;228;204;255mn[38;2;165;153;233me[38;2;110;97;163mcting…[38;2;228;204;255m [39m[49m [1m[38;2;138;148;168mesc[39m[22m [38;2;138;148;168mto interrupt[39m [38;2;138;148;168m•[39m [38;2;138;148;168m12s[39m [38;2;138;148;168m•[39m [38;2;138;148;168m↓[39m [38;2;138;148;168m11.8k[39m
[38;2;138;148;168m────────────────────────────────────────────────────────────────────────────────[39m
❯ [7mA[27m[38;2;138;148;168msk your question...[39m
[38;2;138;148;168m────────────────────────────────────────────────────────────────────────────────[39m
  [38;2;138;148;168m? for shortcuts · [38;2;2;136;142mtaste on[39m



[?2026l[?2026h[2K[1A[2K[1A[2K[1A[2K[1A[2K[1A[2K[1A[2K[1A[2K[1A[2K[1A[2K[1A[2K[G[38;2;228;204;255m✻ Thinking… (29 lines) [38;2;53;61;80m[[38;2;138;148;168mctrl+o to expand[38;2;53;61;80m][39m

[48;2;45;43;85m[38;2;228;204;255m [1m○ [22m[38;2;204;199;225mC[38;2;255;255;255mo[38;2;234;218;255mn[38;2;171;165;206mn[38;2;228;204;255me[38;2;165;153;233mc[38;2;110;97;163mting…[38;2;228;204;255m [39m[49m [1m[38;2;138;148;168mesc[39m[22m [38;2;138;148;168mto interrupt[39m [38;2;138;148;168m•[39m [38;2;138;148;168m12s[39m [38;2;138;148;168m•[39m [38;2;138;148;168m↓[39m [38;2;138;148;168m11.9k[39m
[38;2;138;148;168m────────────────────────────────────────────────────────────────────────────────[39m
❯ [7mA[27m[38;2;138;148;168msk your question...[39m
[38;2;138;148;168m────────────────────────────────────────────────────────────────────────────────[39m
  [38;2;138;148;168m? for shortcuts · [38;2;2;136;142mtaste on[39m



[?2026l[?2026h[2K[1A[2K[1A[2K[1A[2K[1A[2K[1A[2K[1A[2K[1A[2K[1A[2K[1A[2K[1A[2K[G[38;2;228;204;255m✻ Thinking… (31 lines) [38;2;53;61;80m[[38;2;138;148;168mctrl+o to expand[38;2;53;61;80m][39m

[48;2;45;43;85m[38;2;228;204;255m [1m○ [22m[38;2;204;199;225mC[38;2;255;255;255mo[38;2;234;218;255mn[38;2;171;165;206mn[38;2;228;204;255me[38;2;165;153;233mc[38;2;110;97;163mting…[38;2;228;204;255m [39m[49m [1m[38;2;138;148;168mesc[39m[22m [38;2;138;148;168mto interrupt[39m [38;2;138;148;168m•[39m [38;2;138;148;168m12s[39m [38;2;138;148;168m•[39m [38;2;138;148;168m↓[39m [38;2;138;148;168m11.9k[39m
[38;2;138;148;168m────────────────────────────────────────────────────────────────────────────────[39m
❯ [7mA[27m[38;2;138;148;168msk your question...[39m
[38;2;138;148;168m────────────────────────────────────────────────────────────────────────────────[39m
  [38;2;138;148;168m? for shortcuts · [38;2;2;136;142mtaste on[39m



[?2026l[?2026h[2K[1A[2K[1A[2K[1A[2K[1A[2K[1A[2K[1A[2K[1A[2K[1A[2K[1A[2K[1A[2K[G[38;2;228;204;255m✻ Thinking… (31 lines) [38;2;53;61;80m[[38;2;138;148;168mctrl+o to expand[38;2;53;61;80m][39m

[48;2;45;43;85m[38;2;228;204;255m [1m· [22m[38;2;171;165;206mC[38;2;204;199;225mo[38;2;255;255;255mn[38;2;234;218;255mn[38;2;171;165;206me[38;2;228;204;255mc[38;2;165;153;233mt[38;2;110;97;163ming…[38;2;228;204;255m [39m[49m [1m[38;2;138;148;168mesc[39m[22m [38;2;138;148;168mto interrupt[39m [38;2;138;148;168m•[39m [38;2;138;148;168m12s[39m [38;2;138;148;168m•[39m [38;2;138;148;168m↓[39m [38;2;138;148;168m11.9k[39m
[38;2;138;148;168m────────────────────────────────────────────────────────────────────────────────[39m
❯ [7mA[27m[38;2;138;148;168msk your question...[39m
[38;2;138;148;168m────────────────────────────────────────────────────────────────────────────────[39m
  [38;2;138;148;168m? for shortcuts · [38;2;2;136;142mtaste on[39m



[?2026l[?2026h[2K[1A[2K[1A[2K[1A[2K[1A[2K[1A[2K[1A[2K[1A[2K[1A[2K[1A[2K[1A[2K[G[38;2;228;204;255m✻ Thinking… (31 lines) [38;2;53;61;80m[[38;2;138;148;168mctrl+o to expand[38;2;53;61;80m][39m

[48;2;45;43;85m[38;2;228;204;255m [1m· [22mC[38;2;171;165;206mo[38;2;204;199;225mn[38;2;255;255;255mn[38;2;234;218;255me[38;2;171;165;206mc[38;2;228;204;255mt[38;2;165;153;233mi[38;2;110;97;163mng…[38;2;228;204;255m [39m[49m [1m[38;2;138;148;168mesc[39m[22m [38;2;138;148;168mto interrupt[39m [38;2;138;148;168m•[39m [38;2;138;148;168m12s[39m [38;2;138;148;168m•[39m [38;2;138;148;168m↓[39m [38;2;138;148;168m11.9k[39m
[38;2;138;148;168m────────────────────────────────────────────────────────────────────────────────[39m
❯ [7mA[27m[38;2;138;148;168msk your question...[39m
[38;2;138;148;168m────────────────────────────────────────────────────────────────────────────────[39m
  [38;2;138;148;168m? for shortcuts · [38;2;2;136;142mtaste on[39m



[?2026l[?2026h[2K[1A[2K[1A[2K[1A[2K[1A[2K[1A[2K[1A[2K[1A[2K[1A[2K[1A[2K[1A[2K[G[38;2;228;204;255m✻ Thinking… (33 lines) [38;2;53;61;80m[[38;2;138;148;168mctrl+o to expand[38;2;53;61;80m][39m

[48;2;45;43;85m[38;2;228;204;255m [1m· [22m[38;2;165;153;233mC[38;2;228;204;255mo[38;2;171;165;206mn[38;2;204;199;225mn[38;2;255;255;255me[38;2;234;218;255mc[38;2;171;165;206mt[38;2;228;204;255mi[38;2;165;153;233mn[38;2;110;97;163mg…[38;2;228;204;255m [39m[49m [1m[38;2;138;148;168mesc[39m[22m [38;2;138;148;168mto interrupt[39m [38;2;138;148;168m•[39m [38;2;138;148;168m12s[39m [38;2;138;148;168m•[39m [38;2;138;148;168m↓[39m [38;2;138;148;168m12.0k[39m
[38;2;138;148;168m────────────────────────────────────────────────────────────────────────────────[39m
❯ [7mA[27m[38;2;138;148;168msk your question...[39m
[38;2;138;148;168m────────────────────────────────────────────────────────────────────────────────[39m
  [38;2;138;148;168m? for shortcuts · [38;2;2;136;142mtaste on[39m



[?2026l[?2026h[2K[1A[2K[1A[2K[1A[2K[1A[2K[1A[2K[1A[2K[1A[2K[1A[2K[1A[2K[1A[2K[G[38;2;228;204;255m✻ Thinking… (33 lines) [38;2;53;61;80m[[38;2;138;148;168mctrl+o to expand[38;2;53;61;80m][39m

[48;2;45;43;85m[38;2;228;204;255m [1m○ [22m[38;2;110;97;163mC[38;2;165;153;233mo[38;2;228;204;255mn[38;2;171;165;206mn[38;2;204;199;225me[38;2;255;255;255mc[38;2;234;218;255mt[38;2;171;165;206mi[38;2;228;204;255mn[38;2;165;153;233mg[38;2;110;97;163m…[38;2;228;204;255m [39m[49m [1m[38;2;138;148;168mesc[39m[22m [38;2;138;148;168mto interrupt[39m [38;2;138;148;168m•[39m [38;2;138;148;168m12s[39m [38;2;138;148;168m•[39m [38;2;138;148;168m↓[39m [38;2;138;148;168m12.0k[39m
[38;2;138;148;168m────────────────────────────────────────────────────────────────────────────────[39m
❯ [7mA[27m[38;2;138;148;168msk your question...[39m
[38;2;138;148;168m────────────────────────────────────────────────────────────────────────────────[39m
  [38;2;138;148;168m? for shortcuts · [38;2;2;136;142mtaste on[39m



[?2026l[?2026h[2K[1A[2K[1A[2K[1A[2K[1A[2K[1A[2K[1A[2K[1A[2K[1A[2K[1A[2K[1A[2K[G[38;2;228;204;255m✻ Thinking… (33 lines) [38;2;53;61;80m[[38;2;138;148;168mctrl+o to expand[38;2;53;61;80m][39m

[48;2;45;43;85m[38;2;228;204;255m [1m○ [22m[38;2;110;97;163mCo[38;2;165;153;233mn[38;2;228;204;255mn[38;2;171;165;206me[38;2;204;199;225mc[38;2;255;255;255mt[38;2;234;218;255mi[38;2;171;165;206mn[38;2;228;204;255mg[38;2;165;153;233m…[38;2;228;204;255m [39m[49m [1m[38;2;138;148;168mesc[39m[22m [38;2;138;148;168mto interrupt[39m [38;2;138;148;168m•[39m [38;2;138;148;168m12s[39m [38;2;138;148;168m•[39m [38;2;138;148;168m↓[39m [38;2;138;148;168m12.0k[39m
[38;2;138;148;168m────────────────────────────────────────────────────────────────────────────────[39m
❯ [7mA[27m[38;2;138;148;168msk your question...[39m
[38;2;138;148;168m────────────────────────────────────────────────────────────────────────────────[39m
  [38;2;138;148;168m? for shortcuts · [38;2;2;136;142mtaste on[39m



[?2026l[?2026h[2K[1A[2K[1A[2K[1A[2K[1A[2K[1A[2K[1A[2K[1A[2K[1A[2K[1A[2K[1A[2K[G[38;2;228;204;255m✻ Thinking… (33 lines) [38;2;53;61;80m[[38;2;138;148;168mctrl+o to expand[38;2;53;61;80m][39m

[48;2;45;43;85m[38;2;228;204;255m [1m◇ [22m[38;2;110;97;163mCon[38;2;165;153;233mn[38;2;228;204;255me[38;2;171;165;206mc[38;2;204;199;225mt[38;2;255;255;255mi[38;2;234;218;255mn[38;2;171;165;206mg[38;2;228;204;255m… [39m[49m [1m[38;2;138;148;168mesc[39m[22m [38;2;138;148;168mto interrupt[39m [38;2;138;148;168m•[39m [38;2;138;148;168m12s[39m [38;2;138;148;168m•[39m [38;2;138;148;168m↓[39m [38;2;138;148;168m12.0k[39m
[38;2;138;148;168m────────────────────────────────────────────────────────────────────────────────[39m
❯ [7mA[27m[38;2;138;148;168msk your question...[39m
[38;2;138;148;168m────────────────────────────────────────────────────────────────────────────────[39m
  [38;2;138;148;168m? for shortcuts · [38;2;2;136;142mtaste on[39m



[?2026l[?2026h[2K[1A[2K[1A[2K[1A[2K[1A[2K[1A[2K[1A[2K[1A[2K[1A[2K[1A[2K[1A[2K[G[38;2;228;204;255m✻ Thinking… (33 lines) [38;2;53;61;80m[[38;2;138;148;168mctrl+o to expand[38;2;53;61;80m][39m

[48;2;45;43;85m[38;2;228;204;255m [1m☆ [22m[38;2;110;97;163mConn[38;2;165;153;233me[38;2;228;204;255mc[38;2;171;165;206mt[38;2;204;199;225mi[38;2;255;255;255mn[38;2;234;218;255mg[38;2;171;165;206m…[38;2;228;204;255m [39m[49m [1m[38;2;138;148;168mesc[39m[22m [38;2;138;148;168mto interrupt[39m [38;2;138;148;168m•[39m [38;2;138;148;168m12s[39m [38;2;138;148;168m•[39m [38;2;138;148;168m↓[39m [38;2;138;148;168m12.1k[39m
[38;2;138;148;168m────────────────────────────────────────────────────────────────────────────────[39m
❯ [7mA[27m[38;2;138;148;168msk your question...[39m
[38;2;138;148;168m────────────────────────────────────────────────────────────────────────────────[39m
  [38;2;138;148;168m? for shortcuts · [38;2;2;136;142mtaste on[39m



[?2026l[?2026h[2K[1A[2K[1A[2K[1A[2K[1A[2K[1A[2K[1A[2K[1A[2K[1A[2K[1A[2K[1A[2K[G[38;2;228;204;255m✻ Thinking… (33 lines) [38;2;53;61;80m[[38;2;138;148;168mctrl+o to expand[38;2;53;61;80m][39m

[48;2;45;43;85m[38;2;228;204;255m [1m☆ [22m[38;2;110;97;163mConn[38;2;165;153;233me[38;2;228;204;255mc[38;2;171;165;206mt[38;2;204;199;225mi[38;2;255;255;255mn[38;2;234;218;255mg[38;2;171;165;206m…[38;2;228;204;255m [39m[49m [1m[38;2;138;148;168mesc[39m[22m [38;2;138;148;168mto interrupt[39m [38;2;138;148;168m•[39m [38;2;138;148;168m13s[39m [38;2;138;148;168m•[39m [38;2;138;148;168m↓[39m [38;2;138;148;168m12.1k[39m
[38;2;138;148;168m────────────────────────────────────────────────────────────────────────────────[39m
❯ [7mA[27m[38;2;138;148;168msk your question...[39m
[38;2;138;148;168m────────────────────────────────────────────────────────────────────────────────[39m
  [38;2;138;148;168m? for shortcuts · [38;2;2;136;142mtaste on[39m



[?2026l[?2026h[2K[1A[2K[1A[2K[1A[2K[1A[2K[1A[2K[1A[2K[1A[2K[1A[2K[1A[2K[1A[2K[G[38;2;228;204;255m✻ Thinking… (33 lines) [38;2;53;61;80m[[38;2;138;148;168mctrl+o to expand[38;2;53;61;80m][39m

[48;2;45;43;85m[38;2;228;204;255m [1m✧ [22m[38;2;110;97;163mConne[38;2;165;153;233mc[38;2;228;204;255mt[38;2;171;165;206mi[38;2;204;199;225mn[38;2;255;255;255mg[38;2;234;218;255m…[38;2;228;204;255m [39m[49m [1m[38;2;138;148;168mesc[39m[22m [38;2;138;148;168mto interrupt[39m [38;2;138;148;168m•[39m [38;2;138;148;168m13s[39m [38;2;138;148;168m•[39m [38;2;138;148;168m↓[39m [38;2;138;148;168m12.1k[39m
[38;2;138;148;168m────────────────────────────────────────────────────────────────────────────────[39m
❯ [7mA[27m[38;2;138;148;168msk your question...[39m
[38;2;138;148;168m────────────────────────────────────────────────────────────────────────────────[39m
  [38;2;138;148;168m? for shortcuts · [38;2;2;136;142mtaste on[39m



[?2026l[?2026h[2K[1A[2K[1A[2K[1A[2K[1A[2K[1A[2K[1A[2K[1A[2K[1A[2K[1A[2K[1A[2K[G[38;2;228;204;255m✻ Thinking… (33 lines) [38;2;53;61;80m[[38;2;138;148;168mctrl+o to expand[38;2;53;61;80m][39m

[48;2;45;43;85m[38;2;228;204;255m [1m☆ [22m[38;2;110;97;163mConnec[38;2;165;153;233mt[38;2;228;204;255mi[38;2;171;165;206mn[38;2;204;199;225mg[38;2;255;255;255m…[38;2;228;204;255m [39m[49m [1m[38;2;138;148;168mesc[39m[22m [38;2;138;148;168mto interrupt[39m [38;2;138;148;168m•[39m [38;2;138;148;168m13s[39m [38;2;138;148;168m•[39m [38;2;138;148;168m↓[39m [38;2;138;148;168m12.1k[39m
[38;2;138;148;168m────────────────────────────────────────────────────────────────────────────────[39m
❯ [7mA[27m[38;2;138;148;168msk your question...[39m
[38;2;138;148;168m────────────────────────────────────────────────────────────────────────────────[39m
  [38;2;138;148;168m? for shortcuts · [38;2;2;136;142mtaste on[39m



[?2026l[?2026h[2K[1A[2K[1A[2K[1A[2K[1A[2K[1A[2K[1A[2K[1A[2K[1A[2K[1A[2K[1A[2K[G[38;2;228;204;255m✻ Thinking… (33 lines) [38;2;53;61;80m[[38;2;138;148;168mctrl+o to expand[38;2;53;61;80m][39m

[48;2;45;43;85m[38;2;228;204;255m [1m◇ [22m[38;2;110;97;163mConnect[38;2;165;153;233mi[38;2;228;204;255mn[38;2;171;165;206mg[38;2;204;199;225m…[38;2;228;204;255m [39m[49m [1m[38;2;138;148;168mesc[39m[22m [38;2;138;148;168mto interrupt[39m [38;2;138;148;168m•[39m [38;2;138;148;168m13s[39m [38;2;138;148;168m•[39m [38;2;138;148;168m↓[39m [38;2;138;148;168m12.1k[39m
[38;2;138;148;168m────────────────────────────────────────────────────────────────────────────────[39m
❯ [7mA[27m[38;2;138;148;168msk your question...[39m
[38;2;138;148;168m────────────────────────────────────────────────────────────────────────────────[39m
  [38;2;138;148;168m? for shortcuts · [38;2;2;136;142mtaste on[39m



[?2026l[?2026h[2K[1A[2K[1A[2K[1A[2K[1A[2K[1A[2K[1A[2K[1A[2K[1A[2K[1A[2K[1A[2K[G[38;2;228;204;255m✻ Thinking… (37 lines) [38;2;53;61;80m[[38;2;138;148;168mctrl+o to expand[38;2;53;61;80m][39m

[48;2;45;43;85m[38;2;228;204;255m [1m◇ [22m[38;2;110;97;163mConnect[38;2;165;153;233mi[38;2;228;204;255mn[38;2;171;165;206mg[38;2;204;199;225m…[38;2;228;204;255m [39m[49m [1m[38;2;138;148;168mesc[39m[22m [38;2;138;148;168mto interrupt[39m [38;2;138;148;168m•[39m [38;2;138;148;168m13s[39m [38;2;138;148;168m•[39m [38;2;138;148;168m↓[39m [38;2;138;148;168m12.1k[39m
[38;2;138;148;168m────────────────────────────────────────────────────────────────────────────────[39m
❯ [7mA[27m[38;2;138;148;168msk your question...[39m
[38;2;138;148;168m────────────────────────────────────────────────────────────────────────────────[39m
  [38;2;138;148;168m? for shortcuts · [38;2;2;136;142mtaste on[39m



[?2026l[?2026h[2K[1A[2K[1A[2K[1A[2K[1A[2K[1A[2K[1A[2K[1A[2K[1A[2K[1A[2K[1A[2K[G[38;2;228;204;255m✻ Thinking… (37 lines) [38;2;53;61;80m[[38;2;138;148;168mctrl+o to expand[38;2;53;61;80m][39m

[48;2;45;43;85m[38;2;228;204;255m [1m○ [22m[38;2;110;97;163mConnecti[38;2;165;153;233mn[38;2;228;204;255mg[38;2;171;165;206m…[38;2;228;204;255m [39m[49m [1m[38;2;138;148;168mesc[39m[22m [38;2;138;148;168mto interrupt[39m [38;2;138;148;168m•[39m [38;2;138;148;168m13s[39m [38;2;138;148;168m•[39m [38;2;138;148;168m↓[39m [38;2;138;148;168m12.2k[39m
[38;2;138;148;168m────────────────────────────────────────────────────────────────────────────────[39m
❯ [7mA[27m[38;2;138;148;168msk your question...[39m
[38;2;138;148;168m────────────────────────────────────────────────────────────────────────────────[39m
  [38;2;138;148;168m? for shortcuts · [38;2;2;136;142mtaste on[39m



[?2026l[?2026h[2K[1A[2K[1A[2K[1A[2K[1A[2K[1A[2K[1A[2K[1A[2K[1A[2K[1A[2K[1A[2K[G[38;2;228;204;255m✻ Thinking… (37 lines) [38;2;53;61;80m[[38;2;138;148;168mctrl+o to expand[38;2;53;61;80m][39m

[48;2;45;43;85m[38;2;228;204;255m [1m⌘ [22m[38;2;110;97;163mConnectin[38;2;165;153;233mg[38;2;228;204;255m… [39m[49m [1m[38;2;138;148;168mesc[39m[22m [38;2;138;148;168mto interrupt[39m [38;2;138;148;168m•[39m [38;2;138;148;168m13s[39m [38;2;138;148;168m•[39m [38;2;138;148;168m↓[39m [38;2;138;148;168m12.2k[39m
[38;2;138;148;168m────────────────────────────────────────────────────────────────────────────────[39m
❯ [7mA[27m[38;2;138;148;168msk your question...[39m
[38;2;138;148;168m────────────────────────────────────────────────────────────────────────────────[39m
  [38;2;138;148;168m? for shortcuts · [38;2;2;136;142mtaste on[39m



[?2026l[?2026h[2K[1A[2K[1A[2K[1A[2K[1A[2K[1A[2K[1A[2K[1A[2K[1A[2K[1A[2K[1A[2K[G[38;2;228;204;255m✻ Thinking… (37 lines) [38;2;53;61;80m[[38;2;138;148;168mctrl+o to expand[38;2;53;61;80m][39m

[48;2;45;43;85m[38;2;228;204;255m [1m⌘ [22m[38;2;110;97;163mConnecting[38;2;165;153;233m…[38;2;228;204;255m [39m[49m [1m[38;2;138;148;168mesc[39m[22m [38;2;138;148;168mto interrupt[39m [38;2;138;148;168m•[39m [38;2;138;148;168m13s[39m [38;2;138;148;168m•[39m [38;2;138;148;168m↓[39m [38;2;138;148;168m12.2k[39m
[38;2;138;148;168m────────────────────────────────────────────────────────────────────────────────[39m
❯ [7mA[27m[38;2;138;148;168msk your question...[39m
[38;2;138;148;168m────────────────────────────────────────────────────────────────────────────────[39m
  [38;2;138;148;168m? for shortcuts · [38;2;2;136;142mtaste on[39m



[?2026l[?2026h[2K[1A[2K[1A[2K[1A[2K[1A[2K[1A[2K[1A[2K[1A[2K[1A[2K[1A[2K[1A[2K[G[38;2;228;204;255m✻ Thinking… (37 lines) [38;2;53;61;80m[[38;2;138;148;168mctrl+o to expand[38;2;53;61;80m][39m

[48;2;45;43;85m[38;2;228;204;255m [1m⌘ [22m[38;2;110;97;163mConnecting…[38;2;228;204;255m [39m[49m [1m[38;2;138;148;168mesc[39m[22m [38;2;138;148;168mto interrupt[39m [38;2;138;148;168m•[39m [38;2;138;148;168m13s[39m [38;2;138;148;168m•[39m [38;2;138;148;168m↓[39m [38;2;138;148;168m12.2k[39m
[38;2;138;148;168m────────────────────────────────────────────────────────────────────────────────[39m
❯ [7mA[27m[38;2;138;148;168msk your question...[39m
[38;2;138;148;168m────────────────────────────────────────────────────────────────────────────────[39m
  [38;2;138;148;168m? for shortcuts · [38;2;2;136;142mtaste on[39m



[?2026l[?2026h[2K[1A[2K[1A[2K[1A[2K[1A[2K[1A[2K[1A[2K[1A[2K[1A[2K[1A[2K[1A[2K[G[38;2;228;204;255m✻ Thinking… (37 lines) [38;2;53;61;80m[[38;2;138;148;168mctrl+o to expand[38;2;53;61;80m][39m

[48;2;45;43;85m[38;2;228;204;255m [1m○ [22m[38;2;110;97;163mConnecting…[38;2;228;204;255m [39m[49m [1m[38;2;138;148;168mesc[39m[22m [38;2;138;148;168mto interrupt[39m [38;2;138;148;168m•[39m [38;2;138;148;168m13s[39m [38;2;138;148;168m•[39m [38;2;138;148;168m↓[39m [38;2;138;148;168m12.3k[39m
[38;2;138;148;168m────────────────────────────────────────────────────────────────────────────────[39m
❯ [7mA[27m[38;2;138;148;168msk your question...[39m
[38;2;138;148;168m────────────────────────────────────────────────────────────────────────────────[39m
  [38;2;138;148;168m? for shortcuts · [38;2;2;136;142mtaste on[39m



[?2026l[?2026h[2K[1A[2K[1A[2K[1A[2K[1A[2K[1A[2K[1A[2K[1A[2K[1A[2K[1A[2K[1A[2K[G[38;2;228;204;255m✻ Thinking… (37 lines) [38;2;53;61;80m[[38;2;138;148;168mctrl+o to expand[38;2;53;61;80m][39m

[48;2;45;43;85m[38;2;228;204;255m [1m◇ [22m[38;2;110;97;163mConnecting…[38;2;228;204;255m [39m[49m [1m[38;2;138;148;168mesc[39m[22m [38;2;138;148;168mto interrupt[39m [38;2;138;148;168m•[39m [38;2;138;148;168m13s[39m [38;2;138;148;168m•[39m [38;2;138;148;168m↓[39m [38;2;138;148;168m12.3k[39m
[38;2;138;148;168m────────────────────────────────────────────────────────────────────────────────[39m
❯ [7mA[27m[38;2;138;148;168msk your question...[39m
[38;2;138;148;168m────────────────────────────────────────────────────────────────────────────────[39m
  [38;2;138;148;168m? for shortcuts · [38;2;2;136;142mtaste on[39m



[?2026l[?2026h[2K[1A[2K[1A[2K[1A[2K[1A[2K[1A[2K[1A[2K[1A[2K[1A[2K[1A[2K[1A[2K[G[38;2;228;204;255m✻ Thinking… (37 lines) [38;2;53;61;80m[[38;2;138;148;168mctrl+o to expand[38;2;53;61;80m][39m

[48;2;45;43;85m[38;2;228;204;255m [1m☆ [22m[38;2;110;97;163mConnecting…[38;2;228;204;255m [39m[49m [1m[38;2;138;148;168mesc[39m[22m [38;2;138;148;168mto interrupt[39m [38;2;138;148;168m•[39m [38;2;138;148;168m13s[39m [38;2;138;148;168m•[39m [38;2;138;148;168m↓[39m [38;2;138;148;168m12.3k[39m
[38;2;138;148;168m────────────────────────────────────────────────────────────────────────────────[39m
❯ [7mA[27m[38;2;138;148;168msk your question...[39m
[38;2;138;148;168m────────────────────────────────────────────────────────────────────────────────[39m
  [38;2;138;148;168m? for shortcuts · [38;2;2;136;142mtaste on[39m



[?2026l[?2026h[2K[1A[2K[1A[2K[1A[2K[1A[2K[1A[2K[1A[2K[1A[2K[1A[2K[1A[2K[1A[2K[G[38;2;228;204;255m✻ Thought for 9 seconds [38;2;53;61;80m[[38;2;138;148;168mctrl+o to expand[38;2;53;61;80m][39m

[?2026h[38;2;165;153;233m⠶[39m Let me verify the

[48;2;45;43;85m[38;2;228;204;255m [1m✧ [22m[38;2;234;218;255mC[38;2;171;165;206mo[38;2;228;204;255mn[38;2;165;153;233mn[38;2;110;97;163mecting…[38;2;228;204;255m [39m[49m [1m[38;2;138;148;168mesc[39m[22m [38;2;138;148;168mto interrupt[39m [38;2;138;148;168m•[39m [38;2;138;148;168m13s[39m [38;2;138;148;168m•[39m [38;2;138;148;168m↓[39m [38;2;138;148;168m12.3k[39m
[38;2;138;148;168m────────────────────────────────────────────────────────────────────────────────[39m
❯ [7mA[27m[38;2;138;148;168msk your question...[39m
[38;2;138;148;168m────────────────────────────────────────────────────────────────────────────────[39m
  [38;2;138;148;168m? for shortcuts · [38;2;2;136;142mtaste on[39m



[?2026l[?2026l[?2026h[2K[1A[2K[1A[2K[1A[2K[1A[2K[1A[2K[1A[2K[1A[2K[1A[2K[1A[2K[1A[2K[G[38;2;165;153;233m⠶[39m Let me verify the

[48;2;45;43;85m[38;2;228;204;255m [1m✧ [22m[38;2;110;97;163mC[38;2;165;153;233mo[38;2;228;204;255mn[38;2;171;165;206mc[38;2;204;199;225me[38;2;255;255;255mp[38;2;234;218;255mt[38;2;171;165;206mu[38;2;228;204;255ma[38;2;165;153;233ml[38;2;110;97;163mizing…[38;2;228;204;255m [39m[49m [1m[38;2;138;148;168mesc[39m[22m [38;2;138;148;168mto interrupt[39m [38;2;138;148;168m•[39m [38;2;138;148;168m13s[39m [38;2;138;148;168m•[39m [38;2;138;148;168m↓[39m [38;2;138;148;168m12.3k[39m
[38;2;138;148;168m────────────────────────────────────────────────────────────────────────────────[39m
❯ [7mA[27m[38;2;138;148;168msk your question...[39m
[38;2;138;148;168m────────────────────────────────────────────────────────────────────────────────[39m
  [38;2;138;148;168m? for shortcuts · [38;2;2;136;142mtaste on[39m



[?2026l[?2026h[2K[1A[2K[1A[2K[1A[2K[1A[2K[1A[2K[1A[2K[1A[2K[1A[2K[1A[2K[1A[2K[G[38;2;165;153;233m⠶[39m Let me verify the claims in

[48;2;45;43;85m[38;2;228;204;255m [1m☆ [22m[38;2;110;97;163mCo[38;2;165;153;233mn[38;2;228;204;255mc[38;2;171;165;206me[38;2;204;199;225mp[38;2;255;255;255mt[38;2;234;218;255mu[38;2;171;165;206ma[38;2;228;204;255ml[38;2;165;153;233mi[38;2;110;97;163mzing…[38;2;228;204;255m [39m[49m [1m[38;2;138;148;168mesc[39m[22m [38;2;138;148;168mto interrupt[39m [38;2;138;148;168m•[39m [38;2;138;148;168m14s[39m [38;2;138;148;168m•[39m [38;2;138;148;168m↓[39m [38;2;138;148;168m12.3k[39m
[38;2;138;148;168m────────────────────────────────────────────────────────────────────────────────[39m
❯ [7mA[27m[38;2;138;148;168msk your question...[39m
[38;2;138;148;168m────────────────────────────────────────────────────────────────────────────────[39m
  [38;2;138;148;168m? for shortcuts · [38;2;2;136;142mtaste on[39m



[?2026l[?2026h[2K[1A[2K[1A[2K[1A[2K[1A[2K[1A[2K[1A[2K[1A[2K[1A[2K[1A[2K[1A[2K[G[38;2;165;153;233m⠶[39m Let me verify the claims in

[48;2;45;43;85m[38;2;228;204;255m [1m◇ [22m[38;2;110;97;163mCon[38;2;165;153;233mc[38;2;228;204;255me[38;2;171;165;206mp[38;2;204;199;225mt[38;2;255;255;255mu[38;2;234;218;255ma[38;2;171;165;206ml[38;2;228;204;255mi[38;2;165;153;233mz[38;2;110;97;163ming…[38;2;228;204;255m [39m[49m [1m[38;2;138;148;168mesc[39m[22m [38;2;138;148;168mto interrupt[39m [38;2;138;148;168m•[39m [38;2;138;148;168m14s[39m [38;2;138;148;168m•[39m [38;2;138;148;168m↓[39m [38;2;138;148;168m12.4k[39m
[38;2;138;148;168m────────────────────────────────────────────────────────────────────────────────[39m
❯ [7mA[27m[38;2;138;148;168msk your question...[39m
[38;2;138;148;168m────────────────────────────────────────────────────────────────────────────────[39m
  [38;2;138;148;168m? for shortcuts · [38;2;2;136;142mtaste on[39m



[?2026l[?2026h[2K[1A[2K[1A[2K[1A[2K[1A[2K[1A[2K[1A[2K[1A[2K[1A[2K[1A[2K[1A[2K[G[38;2;165;153;233m⠶[39m Let me verify the claims in the plan against the actual repository
  state.

[48;2;45;43;85m[38;2;228;204;255m [1m◇ [22m[38;2;110;97;163mCon[38;2;165;153;233mc[38;2;228;204;255me[38;2;171;165;206mp[38;2;204;199;225mt[38;2;255;255;255mu[38;2;234;218;255ma[38;2;171;165;206ml[38;2;228;204;255mi[38;2;165;153;233mz[38;2;110;97;163ming…[38;2;228;204;255m [39m[49m [1m[38;2;138;148;168mesc[39m[22m [38;2;138;148;168mto interrupt[39m [38;2;138;148;168m•[39m [38;2;138;148;168m14s[39m [38;2;138;148;168m•[39m [38;2;138;148;168m↓[39m [38;2;138;148;168m12.4k[39m
[38;2;138;148;168m────────────────────────────────────────────────────────────────────────────────[39m
❯ [7mA[27m[38;2;138;148;168msk your question...[39m
[38;2;138;148;168m────────────────────────────────────────────────────────────────────────────────[39m
  [38;2;138;148;168m? for shortcuts · [38;2;2;136;142mtaste on[39m



[?2026l[?2026h[2K[1A[2K[1A[2K[1A[2K[1A[2K[1A[2K[1A[2K[1A[2K[1A[2K[1A[2K[1A[2K[1A[2K[G[38;2;165;153;233m⠶[39m Let me verify the claims in the plan against the actual repository
  state.

[48;2;45;43;85m[38;2;228;204;255m [1m○ [22m[38;2;110;97;163mConc[38;2;165;153;233me[38;2;228;204;255mp[38;2;171;165;206mt[38;2;204;199;225mu[38;2;255;255;255ma[38;2;234;218;255ml[38;2;171;165;206mi[38;2;228;204;255mz[38;2;165;153;233mi[38;2;110;97;163mng…[38;2;228;204;255m [39m[49m [1m[38;2;138;148;168mesc[39m[22m [38;2;138;148;168mto interrupt[39m [38;2;138;148;168m•[39m [38;2;138;148;168m14s[39m [38;2;138;148;168m•[39m [38;2;138;148;168m↓[39m [38;2;138;148;168m12.4k[39m
[38;2;138;148;168m────────────────────────────────────────────────────────────────────────────────[39m
❯ [7mA[27m[38;2;138;148;168msk your question...[39m
[38;2;138;148;168m────────────────────────────────────────────────────────────────────────────────[39m
  [38;2;138;148;168m? for shortcuts · [38;2;2;136;142mtaste on[39m



[?2026l[?2026h[2K[1A[2K[1A[2K[1A[2K[1A[2K[1A[2K[1A[2K[1A[2K[1A[2K[1A[2K[1A[2K[1A[2K[G[38;2;165;153;233m⠶[39m Let me verify the claims in the plan against the actual repository
  state.

[48;2;45;43;85m[38;2;228;204;255m [1m· [22m[38;2;234;218;255mC[38;2;171;165;206mo[38;2;228;204;255mn[38;2;165;153;233mc[38;2;110;97;163meptualizing…[38;2;228;204;255m [39m[49m [1m[38;2;138;148;168mesc[39m[22m [38;2;138;148;168mto interrupt[39m [38;2;138;148;168m•[39m [38;2;138;148;168m14s[39m [38;2;138;148;168m•[39m [38;2;138;148;168m↓[39m [38;2;138;148;168m12.4k[39m
[38;2;138;148;168m────────────────────────────────────────────────────────────────────────────────[39m
❯ [7mA[27m[38;2;138;148;168msk your question...[39m
[38;2;138;148;168m────────────────────────────────────────────────────────────────────────────────[39m
  [38;2;138;148;168m? for shortcuts · [38;2;2;136;142mtaste on[39m



[?2026l[?2026h[2K[1A[2K[1A[2K[1A[2K[1A[2K[1A[2K[1A[2K[1A[2K[1A[2K[1A[2K[1A[2K[1A[2K[G[38;2;165;153;233m⠶[39m Let me verify the claims in the plan against the actual repository
  state.

[48;2;45;43;85m[38;2;228;204;255m [1m· [22m[38;2;255;255;255mC[38;2;234;218;255mo[38;2;171;165;206mn[38;2;228;204;255mc[38;2;165;153;233me[38;2;110;97;163mptualizing…[38;2;228;204;255m [39m[49m [1m[38;2;138;148;168mesc[39m[22m [38;2;138;148;168mto interrupt[39m [38;2;138;148;168m•[39m [38;2;138;148;168m14s[39m [38;2;138;148;168m•[39m [38;2;138;148;168m↓[39m [38;2;138;148;168m12.4k[39m
[38;2;138;148;168m────────────────────────────────────────────────────────────────────────────────[39m
❯ [7mA[27m[38;2;138;148;168msk your question...[39m
[38;2;138;148;168m────────────────────────────────────────────────────────────────────────────────[39m
  [38;2;138;148;168m? for shortcuts · [38;2;2;136;142mtaste on[39m



[?2026l[?2026h[2K[1A[2K[1A[2K[1A[2K[1A[2K[1A[2K[1A[2K[1A[2K[1A[2K[1A[2K[1A[2K[1A[2K[G[38;2;165;153;233m⠶[39m Let me verify the claims in the plan against the actual repository
  state.

[48;2;45;43;85m[38;2;228;204;255m [1m· [22m[38;2;204;199;225mC[38;2;255;255;255mo[38;2;234;218;255mn[38;2;171;165;206mc[38;2;228;204;255me[38;2;165;153;233mp[38;2;110;97;163mtualizing…[38;2;228;204;255m [39m[49m [1m[38;2;138;148;168mesc[39m[22m [38;2;138;148;168mto interrupt[39m [38;2;138;148;168m•[39m [38;2;138;148;168m14s[39m [38;2;138;148;168m•[39m [38;2;138;148;168m↓[39m [38;2;138;148;168m12.4k[39m
[38;2;138;148;168m────────────────────────────────────────────────────────────────────────────────[39m
❯ [7mA[27m[38;2;138;148;168msk your question...[39m
[38;2;138;148;168m────────────────────────────────────────────────────────────────────────────────[39m
  [38;2;138;148;168m? for shortcuts · [38;2;2;136;142mtaste on[39m



[?2026l[?2026h[2K[1A[2K[1A[2K[1A[2K[1A[2K[1A[2K[1A[2K[1A[2K[1A[2K[1A[2K[1A[2K[1A[2K[G[38;2;165;153;233m⠶[39m Let me verify the claims in the plan against the actual repository
  state.

[48;2;45;43;85m[38;2;228;204;255m [1m○ [22m[38;2;171;165;206mC[38;2;204;199;225mo[38;2;255;255;255mn[38;2;234;218;255mc[38;2;171;165;206me[38;2;228;204;255mp[38;2;165;153;233mt[38;2;110;97;163mualizing…[38;2;228;204;255m [39m[49m [1m[38;2;138;148;168mesc[39m[22m [38;2;138;148;168mto interrupt[39m [38;2;138;148;168m•[39m [38;2;138;148;168m14s[39m [38;2;138;148;168m•[39m [38;2;138;148;168m↓[39m [38;2;138;148;168m12.4k[39m
[38;2;138;148;168m────────────────────────────────────────────────────────────────────────────────[39m
❯ [7mA[27m[38;2;138;148;168msk your question...[39m
[38;2;138;148;168m────────────────────────────────────────────────────────────────────────────────[39m
  [38;2;138;148;168m? for shortcuts · [38;2;2;136;142mtaste on[39m



[?2026l[?2026h[2K[1A[2K[1A[2K[1A[2K[1A[2K[1A[2K[1A[2K[1A[2K[1A[2K[1A[2K[1A[2K[1A[2K[G[38;2;165;153;233m⠶[39m Let me verify the claims in the plan against the actual repository
  state.

[48;2;45;43;85m[38;2;228;204;255m [1m○ [22mC[38;2;171;165;206mo[38;2;204;199;225mn[38;2;255;255;255mc[38;2;234;218;255me[38;2;171;165;206mp[38;2;228;204;255mt[38;2;165;153;233mu[38;2;110;97;163malizing…[38;2;228;204;255m [39m[49m [1m[38;2;138;148;168mesc[39m[22m [38;2;138;148;168mto interrupt[39m [38;2;138;148;168m•[39m [38;2;138;148;168m14s[39m [38;2;138;148;168m•[39m [38;2;138;148;168m↓[39m [38;2;138;148;168m12.5k[39m
[38;2;138;148;168m────────────────────────────────────────────────────────────────────────────────[39m
❯ [7mA[27m[38;2;138;148;168msk your question...[39m
[38;2;138;148;168m────────────────────────────────────────────────────────────────────────────────[39m
  [38;2;138;148;168m? for shortcuts · [38;2;2;136;142mtaste on[39m



[?2026l[?2026h[2K[1A[2K[1A[2K[1A[2K[1A[2K[1A[2K[1A[2K[1A[2K[1A[2K[1A[2K[1A[2K[1A[2K[G[38;2;165;153;233m⠶[39m Let me verify the claims in the plan against the actual repository
  state.

[48;2;45;43;85m[38;2;228;204;255m [1m◇ [22m[38;2;165;153;233mC[38;2;228;204;255mo[38;2;171;165;206mn[38;2;204;199;225mc[38;2;255;255;255me[38;2;234;218;255mp[38;2;171;165;206mt[38;2;228;204;255mu[38;2;165;153;233ma[38;2;110;97;163mlizing…[38;2;228;204;255m [39m[49m [1m[38;2;138;148;168mesc[39m[22m [38;2;138;148;168mto interrupt[39m [38;2;138;148;168m•[39m [38;2;138;148;168m14s[39m [38;2;138;148;168m•[39m [38;2;138;148;168m↓[39m [38;2;138;148;168m12.5k[39m
[38;2;138;148;168m────────────────────────────────────────────────────────────────────────────────[39m
❯ [7mA[27m[38;2;138;148;168msk your question...[39m
[38;2;138;148;168m────────────────────────────────────────────────────────────────────────────────[39m
  [38;2;138;148;168m? for shortcuts · [38;2;2;136;142mtaste on[39m



[?2026l[?2026h[2K[1A[2K[1A[2K[1A[2K[1A[2K[1A[2K[1A[2K[1A[2K[1A[2K[1A[2K[1A[2K[1A[2K[G[38;2;165;153;233m⠶[39m Let me verify the claims in the plan against the actual repository
  state.

[48;2;45;43;85m[38;2;228;204;255m [1m☆ [22m[38;2;110;97;163mC[38;2;165;153;233mo[38;2;228;204;255mn[38;2;171;165;206mc[38;2;204;199;225me[38;2;255;255;255mp[38;2;234;218;255mt[38;2;171;165;206mu[38;2;228;204;255ma[38;2;165;153;233ml[38;2;110;97;163mizing…[38;2;228;204;255m [39m[49m [1m[38;2;138;148;168mesc[39m[22m [38;2;138;148;168mto interrupt[39m [38;2;138;148;168m•[39m [38;2;138;148;168m14s[39m [38;2;138;148;168m•[39m [38;2;138;148;168m↓[39m [38;2;138;148;168m12.5k[39m
[38;2;138;148;168m────────────────────────────────────────────────────────────────────────────────[39m
❯ [7mA[27m[38;2;138;148;168msk your question...[39m
[38;2;138;148;168m────────────────────────────────────────────────────────────────────────────────[39m
  [38;2;138;148;168m? for shortcuts · [38;2;2;136;142mtaste on[39m



[?2026l[?2026h[2K[1A[2K[1A[2K[1A[2K[1A[2K[1A[2K[1A[2K[1A[2K[1A[2K[1A[2K[1A[2K[1A[2K[G[38;2;165;153;233m⠶[39m Let me verify the claims in the plan against the actual repository
  state.

[?2026h[48;2;45;43;85m[38;2;228;204;255m [1m☆ [22m[38;2;110;97;163mC[38;2;165;153;233mo[38;2;228;204;255mn[38;2;171;165;206mc[38;2;204;199;225me[38;2;255;255;255mp[38;2;234;218;255mt[38;2;171;165;206mu[38;2;228;204;255ma[38;2;165;153;233ml[38;2;110;97;163mizing…[38;2;228;204;255m [39m[49m [1m[38;2;138;148;168mesc[39m[22m [38;2;138;148;168mto interrupt[39m [38;2;138;148;168m•[39m [38;2;138;148;168m14s[39m [38;2;138;148;168m•[39m [38;2;138;148;168m↓[39m [38;2;138;148;168m12.5k[39m
[38;2;138;148;168m────────────────────────────────────────────────────────────────────────────────[39m
❯ [7mA[27m[38;2;138;148;168msk your question...[39m
[38;2;138;148;168m────────────────────────────────────────────────────────────────────────────────[39m
  [38;2;138;148;168m? for shortcuts · [38;2;2;136;142mtaste on[39m



[?2026l[?2026l]0;⌘ Command Code · orch-go · deepseek-v4-flash-(latest)]2;⌘ Command Code · orch-go · deepseek-v4-flash-(latest)[?2026h[2K[1A[2K[1A[2K[1A[2K[1A[2K[1A[2K[1A[2K[1A[2K[1A[2K[G
[38;2;76;85;106m────────────────────────────────────────────────────────────────────────────────[39m

[1m[38;2;228;204;255mExecute Shell Command[39m[22m
[38;2;138;148;168mCommand Code needs to execute [38;2;228;204;255mcd /Users/najmiraihan/Developer/orch-go && echo [39m
[38;2;228;204;255m"=== git status ===" && git status && echo "=== git diff --stat ===" && git diff[39m
[38;2;228;204;255m --stat && echo "=== go version ===" && go version && echo "=== ls .orch ===" &&[39m
[38;2;228;204;255m ls -la .orch 2>/dev/null && echo "=== git log --oneline ===" && git log [39m
[38;2;228;204;255m--oneline -5[38;2;138;148;168m.[39m

[3m[38;2;138;148;168mPress [1m[38;2;53;61;80m[[38;2;138;148;168mctrl+e[38;2;53;61;80m][22m[38;2;138;148;168m to explain this command[39m[23m

[38;2;228;204;255m❯ 1. Yes[39m
[38;2;138;148;168m [38;2;229;229;229m 2. Yes, don't ask again for `go`, `ls` commands in this project[39m
[38;2;138;148;168m [38;2;229;229;229m 3. No, tell Command Code what to do differently[39m

[3m[38;2;138;148;168m↑/↓ navigate · enter select · ctrl+e explain · Run [38;2;229;229;229mcmd --yolo[38;2;138;148;168m to bypass all [39m[23m
[3m[38;2;138;148;168mpermissions (]8;;https://commandcode.ai/docs/permissions#permission-modesDocs ↗]8;;)[39m[23m

[?2026l[?2026h[2K[1A[2K[1A[2K[1A[2K[1A[2K[1A[2K[1A[2K[1A[2K[1A[2K[1A[2K[1A[2K[1A[2K[1A[2K[1A[2K[1A[2K[1A[2K[1A[2K[1A[2K[1A[2K[1A[2K[G
[38;2;76;85;106m────────────────────────────────────────────────────────────────────────────────[39m

[1m[38;2;228;204;255mExecute Shell Command[39m[22m
[38;2;138;148;168mCommand Code needs to execute [38;2;228;204;255mcd /Users/najmiraihan/Developer/orch-go && echo [39m
[38;2;228;204;255m"=== git status ===" && git status && echo "=== git diff --stat ===" && git diff[39m
[38;2;228;204;255m --stat && echo "=== go version ===" && go version && echo "=== ls .orch ===" &&[39m
[38;2;228;204;255m ls -la .orch 2>/dev/null && echo "=== git log --oneline ===" && git log [39m
[38;2;228;204;255m--oneline -5[38;2;138;148;168m.[39m

[3m[38;2;138;148;168mPress [1m[38;2;53;61;80m[[38;2;138;148;168mctrl+e[38;2;53;61;80m][22m[38;2;138;148;168m to explain this command[39m[23m

[38;2;138;148;168m [38;2;229;229;229m 1. Yes[39m
[38;2;228;204;255m❯ 2. Yes, don't ask again for `go`, `ls` commands in this project[39m
[38;2;138;148;168m [38;2;229;229;229m 3. No, tell Command Code what to do differently[39m

[3m[38;2;138;148;168m↑/↓ navigate · enter select · ctrl+e explain · Run [38;2;229;229;229mcmd --yolo[38;2;138;148;168m to bypass all [39m[23m
[3m[38;2;138;148;168mpermissions (]8;;https://commandcode.ai/docs/permissions#permission-modesDocs ↗]8;;)[39m[23m

[?2026l[?2026h[2K[1A[2K[1A[2K[1A[2K[1A[2K[1A[2K[1A[2K[1A[2K[1A[2K[1A[2K[1A[2K[1A[2K[1A[2K[1A[2K[1A[2K[1A[2K[1A[2K[1A[2K[1A[2K[1A[2K[G[48;2;45;43;85m[38;2;228;204;255m [1m· [22m[38;2;234;218;255mS[38;2;171;165;206mh[38;2;228;204;255me[38;2;165;153;233ml[38;2;110;97;163ml command allowed[38;2;228;204;255m [39m[49m [1m[38;2;138;148;168mesc[39m[22m [38;2;138;148;168mto interrupt[39m [38;2;138;148;168m•[39m [38;2;138;148;168m17s[39m [38;2;138;148;168m•[39m [38;2;138;148;168m↓[39m [38;2;138;148;168m12.6k[39m
 [38;2;138;148;168m ⎿  Tip: Use shift+tab to enable auto-accept[39m
[38;2;138;148;168m────────────────────────────────────────────────────────────────────────────────[39m
❯ [7mA[27m[38;2;138;148;168msk your question...[39m
[38;2;138;148;168m────────────────────────────────────────────────────────────────────────────────[39m
  [38;2;138;148;168m? for shortcuts · [38;2;2;136;142mtaste on[39m



[?2026l[?2026h[2K[1A[2K[1A[2K[1A[2K[1A[2K[1A[2K[1A[2K[1A[2K[1A[2K[1A[2K[G[1m[48;2;89;69;177m[38;2;244;244;244m READ[4] [39m[49m[22m [38;2;53;61;80m[[39mterm_darwin.go, term_other.go (+2 more)[38;2;53;61;80m][39m

[?2026h[1m[48;2;89;69;177m[38;2;244;244;244m SHELL [39m[49m[22m [38;2;53;61;80m[[39mcd ~/Developer/orch-go && ...[38;2;53;61;80m][39m
 [38;2;138;148;168m└ [39m [38;2;138;148;168mProcessing…[39m

[48;2;45;43;85m[38;2;228;204;255m [1m· [22m[38;2;234;218;255mS[38;2;171;165;206mh[38;2;228;204;255me[38;2;165;153;233ml[38;2;110;97;163ml command allowed[38;2;228;204;255m [39m[49m [1m[38;2;138;148;168mesc[39m[22m [38;2;138;148;168mto interrupt[39m [38;2;138;148;168m•[39m [38;2;138;148;168m17s[39m [38;2;138;148;168m•[39m [38;2;138;148;168m↓[39m [38;2;138;148;168m12.6k[39m
 [38;2;138;148;168m ⎿  Tip: Use shift+tab to enable auto-accept[39m
[38;2;138;148;168m────────────────────────────────────────────────────────────────────────────────[39m
❯ [7mA[27m[38;2;138;148;168msk your question...[39m
[38;2;138;148;168m────────────────────────────────────────────────────────────────────────────────[39m
  [38;2;138;148;168m? for shortcuts · [38;2;2;136;142mtaste on[39m



[?2026l[?2026l[?2026h[2K[1A[2K[1A[2K[1A[2K[1A[2K[1A[2K[1A[2K[1A[2K[1A[2K[1A[2K[1A[2K[1A[2K[1A[2K[G[1m[48;2;89;69;177m[38;2;244;244;244m SHELL [39m[49m[22m [38;2;53;61;80m[[39mcd ~/Developer/orch-go && ...[38;2;53;61;80m][39m
 [38;2;138;148;168m│[39m On branch main
 [38;2;138;148;168m│[39m Your branch is up to date with 'origin/main'.
 [38;2;138;148;168m│ [39m [38;2;138;148;168m... +17 lines [38;2;53;61;80m[[38;2;138;148;168mctrl+o to expand[38;2;53;61;80m][39m
 [38;2;138;148;168m└ [39m [38;2;138;148;168mProcessing…[39m

[48;2;45;43;85m[38;2;228;204;255m [1m· [22m[38;2;234;218;255mS[38;2;171;165;206mh[38;2;228;204;255me[38;2;165;153;233ml[38;2;110;97;163ml command allowed[38;2;228;204;255m [39m[49m [1m[38;2;138;148;168mesc[39m[22m [38;2;138;148;168mto interrupt[39m [38;2;138;148;168m•[39m [38;2;138;148;168m17s[39m [38;2;138;148;168m•[39m [38;2;138;148;168m↓[39m [38;2;138;148;168m12.6k[39m
 [38;2;138;148;168m ⎿  Tip: Use shift+tab to enable auto-accept[39m
[38;2;138;148;168m────────────────────────────────────────────────────────────────────────────────[39m
❯ [7mA[27m[38;2;138;148;168msk your question...[39m
[38;2;138;148;168m────────────────────────────────────────────────────────────────────────────────[39m
  [38;2;138;148;168m? for shortcuts · [38;2;2;136;142mtaste on[39m



[?2026l[?2026h[2K[1A[2K[1A[2K[1A[2K[1A[2K[1A[2K[1A[2K[1A[2K[1A[2K[1A[2K[1A[2K[1A[2K[1A[2K[1A[2K[1A[2K[1A[2K[G[1m[48;2;89;69;177m[38;2;244;244;244m SHELL [39m[49m[22m [38;2;53;61;80m[[39mcd ~/Developer/orch-go && ...[38;2;53;61;80m][39m
 [38;2;138;148;168m│[39m === git log --oneline ===
 [38;2;138;148;168m└ [39m [38;2;138;148;168mProcessing…[39m

[48;2;45;43;85m[38;2;228;204;255m [1m· [22m[38;2;255;255;255mS[38;2;234;218;255mh[38;2;171;165;206me[38;2;228;204;255ml[38;2;165;153;233ml[38;2;110;97;163m command allowed[38;2;228;204;255m [39m[49m [1m[38;2;138;148;168mesc[39m[22m [38;2;138;148;168mto interrupt[39m [38;2;138;148;168m•[39m [38;2;138;148;168m17s[39m [38;2;138;148;168m•[39m [38;2;138;148;168m↓[39m [38;2;138;148;168m13.0k[39m
 [38;2;138;148;168m ⎿  Tip: Use shift+tab to enable auto-accept[39m
[38;2;138;148;168m────────────────────────────────────────────────────────────────────────────────[39m
❯ [7mA[27m[38;2;138;148;168msk your question...[39m
[38;2;138;148;168m────────────────────────────────────────────────────────────────────────────────[39m
  [38;2;138;148;168m? for shortcuts · [38;2;2;136;142mtaste on[39m



[?2026l[?2026h[2K[1A[2K[1A[2K[1A[2K[1A[2K[1A[2K[1A[2K[1A[2K[1A[2K[1A[2K[1A[2K[1A[2K[1A[2K[1A[2K[G[1m[48;2;89;69;177m[38;2;244;244;244m SHELL [39m[49m[22m [38;2;53;61;80m[[39mcd ~/Developer/orch-go && ...[38;2;53;61;80m][39m
 [38;2;138;148;168m│[39m === git status ===
 [38;2;138;148;168m│[39m On branch main
 [38;2;138;148;168m└ [39m [38;2;138;148;168m... +42 lines [38;2;53;61;80m[[38;2;138;148;168mctrl+o to expand[38;2;53;61;80m][39m

[?2026h[48;2;45;43;85m[38;2;228;204;255m [1m· [22m[38;2;255;255;255mS[38;2;234;218;255mh[38;2;171;165;206me[38;2;228;204;255ml[38;2;165;153;233ml[38;2;110;97;163m command allowed[38;2;228;204;255m [39m[49m [1m[38;2;138;148;168mesc[39m[22m [38;2;138;148;168mto interrupt[39m [38;2;138;148;168m•[39m [38;2;138;148;168m17s[39m [38;2;138;148;168m•[39m [38;2;138;148;168m↓[39m [38;2;138;148;168m13.0k[39m
 [38;2;138;148;168m ⎿  Tip: Use shift+tab to enable auto-accept[39m
[38;2;138;148;168m────────────────────────────────────────────────────────────────────────────────[39m
❯ [7mA[27m[38;2;138;148;168msk your question...[39m
[38;2;138;148;168m────────────────────────────────────────────────────────────────────────────────[39m
  [38;2;138;148;168m? for shortcuts · [38;2;2;136;142mtaste on[39m



[?2026l[?2026l[?2026h[2K[1A[2K[1A[2K[1A[2K[1A[2K[1A[2K[1A[2K[1A[2K[1A[2K[1A[2K[G[48;2;45;43;85m[38;2;228;204;255m [1m· [22m[38;2;204;199;225mS[38;2;255;255;255mh[38;2;234;218;255me[38;2;171;165;206ml[38;2;228;204;255ml[38;2;165;153;233m [38;2;110;97;163mcommand allowed[38;2;228;204;255m [39m[49m [1m[38;2;138;148;168mesc[39m[22m [38;2;138;148;168mto interrupt[39m [38;2;138;148;168m•[39m [38;2;138;148;168m17s[39m [38;2;138;148;168m•[39m [38;2;138;148;168m↓[39m [38;2;138;148;168m13.4k[39m
 [38;2;138;148;168m ⎿  Tip: Use shift+tab to enable auto-accept[39m
[38;2;138;148;168m────────────────────────────────────────────────────────────────────────────────[39m
❯ [7mA[27m[38;2;138;148;168msk your question...[39m
[38;2;138;148;168m────────────────────────────────────────────────────────────────────────────────[39m
  [38;2;138;148;168m? for shortcuts · [38;2;2;136;142mtaste on[39m



[?2026l[?2026h[2K[1A[2K[1A[2K[1A[2K[1A[2K[1A[2K[1A[2K[1A[2K[1A[2K[1A[2K[G[48;2;45;43;85m[38;2;228;204;255m [1m○ [22m[38;2;171;165;206mS[38;2;204;199;225mh[38;2;255;255;255me[38;2;234;218;255ml[38;2;171;165;206ml[38;2;228;204;255m [38;2;165;153;233mc[38;2;110;97;163mommand allowed[38;2;228;204;255m [39m[49m [1m[38;2;138;148;168mesc[39m[22m [38;2;138;148;168mto interrupt[39m [38;2;138;148;168m•[39m [38;2;138;148;168m17s[39m [38;2;138;148;168m•[39m [38;2;138;148;168m↓[39m [38;2;138;148;168m13.7k[39m
 [38;2;138;148;168m ⎿  Tip: Use shift+tab to enable auto-accept[39m
[38;2;138;148;168m────────────────────────────────────────────────────────────────────────────────[39m
❯ [7mA[27m[38;2;138;148;168msk your question...[39m
[38;2;138;148;168m────────────────────────────────────────────────────────────────────────────────[39m
  [38;2;138;148;168m? for shortcuts · [38;2;2;136;142mtaste on[39m



[?2026l[?2026h[2K[1A[2K[1A[2K[1A[2K[1A[2K[1A[2K[1A[2K[1A[2K[1A[2K[1A[2K[G[48;2;45;43;85m[38;2;228;204;255m [1m○ [22mS[38;2;171;165;206mh[38;2;204;199;225me[38;2;255;255;255ml[38;2;234;218;255ml[38;2;171;165;206m [38;2;228;204;255mc[38;2;165;153;233mo[38;2;110;97;163mmmand allowed[38;2;228;204;255m [39m[49m [1m[38;2;138;148;168mesc[39m[22m [38;2;138;148;168mto interrupt[39m [38;2;138;148;168m•[39m [38;2;138;148;168m17s[39m [38;2;138;148;168m•[39m [38;2;138;148;168m↓[39m [38;2;138;148;168m14.1k[39m
 [38;2;138;148;168m ⎿  Tip: Use shift+tab to enable auto-accept[39m
[38;2;138;148;168m────────────────────────────────────────────────────────────────────────────────[39m
❯ [7mA[27m[38;2;138;148;168msk your question...[39m
[38;2;138;148;168m────────────────────────────────────────────────────────────────────────────────[39m
  [38;2;138;148;168m? for shortcuts · [38;2;2;136;142mtaste on[39m



[?2026l[?2026h[2K[1A[2K[1A[2K[1A[2K[1A[2K[1A[2K[1A[2K[1A[2K[1A[2K[1A[2K[G[48;2;45;43;85m[38;2;228;204;255m [1m◇ [22m[38;2;165;153;233mS[38;2;228;204;255mh[38;2;171;165;206me[38;2;204;199;225ml[38;2;255;255;255ml[38;2;234;218;255m [38;2;171;165;206mc[38;2;228;204;255mo[38;2;165;153;233mm[38;2;110;97;163mmand allowed[38;2;228;204;255m [39m[49m [1m[38;2;138;148;168mesc[39m[22m [38;2;138;148;168mto interrupt[39m [38;2;138;148;168m•[39m [38;2;138;148;168m17s[39m [38;2;138;148;168m•[39m [38;2;138;148;168m↓[39m [38;2;138;148;168m14.3k[39m
 [38;2;138;148;168m ⎿  Tip: Use shift+tab to enable auto-accept[39m
[38;2;138;148;168m────────────────────────────────────────────────────────────────────────────────[39m
❯ [7mA[27m[38;2;138;148;168msk your question...[39m
[38;2;138;148;168m────────────────────────────────────────────────────────────────────────────────[39m
  [38;2;138;148;168m? for shortcuts · [38;2;2;136;142mtaste on[39m



[?2026l[?2026h[2K[1A[2K[1A[2K[1A[2K[1A[2K[1A[2K[1A[2K[1A[2K[1A[2K[1A[2K[G[48;2;45;43;85m[38;2;228;204;255m [1m☆ [22m[38;2;110;97;163mS[38;2;165;153;233mh[38;2;228;204;255me[38;2;171;165;206ml[38;2;204;199;225ml[38;2;255;255;255m [38;2;234;218;255mc[38;2;171;165;206mo[38;2;228;204;255mm[38;2;165;153;233mm[38;2;110;97;163mand allowed[38;2;228;204;255m [39m[49m [1m[38;2;138;148;168mesc[39m[22m [38;2;138;148;168mto interrupt[39m [38;2;138;148;168m•[39m [38;2;138;148;168m17s[39m [38;2;138;148;168m•[39m [38;2;138;148;168m↓[39m [38;2;138;148;168m14.6k[39m
 [38;2;138;148;168m ⎿  Tip: Use shift+tab to enable auto-accept[39m
[38;2;138;148;168m────────────────────────────────────────────────────────────────────────────────[39m
❯ [7mA[27m[38;2;138;148;168msk your question...[39m
[38;2;138;148;168m────────────────────────────────────────────────────────────────────────────────[39m
  [38;2;138;148;168m? for shortcuts · [38;2;2;136;142mtaste on[39m



[?2026l[?2026h[2K[1A[2K[1A[2K[1A[2K[1A[2K[1A[2K[1A[2K[1A[2K[1A[2K[1A[2K[G[48;2;45;43;85m[38;2;228;204;255m [1m✧ [22m[38;2;110;97;163mSh[38;2;165;153;233me[38;2;228;204;255ml[38;2;171;165;206ml[38;2;204;199;225m [38;2;255;255;255mc[38;2;234;218;255mo[38;2;171;165;206mm[38;2;228;204;255mm[38;2;165;153;233ma[38;2;110;97;163mnd allowed[38;2;228;204;255m [39m[49m [1m[38;2;138;148;168mesc[39m[22m [38;2;138;148;168mto interrupt[39m [38;2;138;148;168m•[39m [38;2;138;148;168m17s[39m [38;2;138;148;168m•[39m [38;2;138;148;168m↓[39m [38;2;138;148;168m14.8k[39m
 [38;2;138;148;168m ⎿  Tip: Use shift+tab to enable auto-accept[39m
[38;2;138;148;168m────────────────────────────────────────────────────────────────────────────────[39m
❯ [7mA[27m[38;2;138;148;168msk your question...[39m
[38;2;138;148;168m────────────────────────────────────────────────────────────────────────────────[39m
  [38;2;138;148;168m? for shortcuts · [38;2;2;136;142mtaste on[39m



[?2026l[?2026h[2K[1A[2K[1A[2K[1A[2K[1A[2K[1A[2K[1A[2K[1A[2K[1A[2K[1A[2K[G[48;2;45;43;85m[38;2;228;204;255m [1m☆ [22m[38;2;110;97;163mShe[38;2;165;153;233ml[38;2;228;204;255ml[38;2;171;165;206m [38;2;204;199;225mc[38;2;255;255;255mo[38;2;234;218;255mm[38;2;171;165;206mm[38;2;228;204;255ma[38;2;165;153;233mn[38;2;110;97;163md allowed[38;2;228;204;255m [39m[49m [1m[38;2;138;148;168mesc[39m[22m [38;2;138;148;168mto interrupt[39m [38;2;138;148;168m•[39m [38;2;138;148;168m17s[39m [38;2;138;148;168m•[39m [38;2;138;148;168m↓[39m [38;2;138;148;168m15.0k[39m
 [38;2;138;148;168m ⎿  Tip: Use shift+tab to enable auto-accept[39m
[38;2;138;148;168m────────────────────────────────────────────────────────────────────────────────[39m
❯ [7mA[27m[38;2;138;148;168msk your question...[39m
[38;2;138;148;168m────────────────────────────────────────────────────────────────────────────────[39m
  [38;2;138;148;168m? for shortcuts · [38;2;2;136;142mtaste on[39m



[?2026l[?2026h[2K[1A[2K[1A[2K[1A[2K[1A[2K[1A[2K[1A[2K[1A[2K[1A[2K[1A[2K[G[48;2;45;43;85m[38;2;228;204;255m [1m◇ [22m[38;2;110;97;163mShel[38;2;165;153;233ml[38;2;228;204;255m [38;2;171;165;206mc[38;2;204;199;225mo[38;2;255;255;255mm[38;2;234;218;255mm[38;2;171;165;206ma[38;2;228;204;255mn[38;2;165;153;233md[38;2;110;97;163m allowed[38;2;228;204;255m [39m[49m [1m[38;2;138;148;168mesc[39m[22m [38;2;138;148;168mto interrupt[39m [38;2;138;148;168m•[39m [38;2;138;148;168m17s[39m [38;2;138;148;168m•[39m [38;2;138;148;168m↓[39m [38;2;138;148;168m15.2k[39m
 [38;2;138;148;168m ⎿  Tip: Use shift+tab to enable auto-accept[39m
[38;2;138;148;168m────────────────────────────────────────────────────────────────────────────────[39m
❯ [7mA[27m[38;2;138;148;168msk your question...[39m
[38;2;138;148;168m────────────────────────────────────────────────────────────────────────────────[39m
  [38;2;138;148;168m? for shortcuts · [38;2;2;136;142mtaste on[39m



[?2026l[?2026h[2K[1A[2K[1A[2K[1A[2K[1A[2K[1A[2K[1A[2K[1A[2K[1A[2K[1A[2K[G[48;2;45;43;85m[38;2;228;204;255m [1m○ [22m[38;2;110;97;163mShell[38;2;165;153;233m [38;2;228;204;255mc[38;2;171;165;206mo[38;2;204;199;225mm[38;2;255;255;255mm[38;2;234;218;255ma[38;2;171;165;206mn[38;2;228;204;255md[38;2;165;153;233m [38;2;110;97;163mallowed[38;2;228;204;255m [39m[49m [1m[38;2;138;148;168mesc[39m[22m [38;2;138;148;168mto interrupt[39m [38;2;138;148;168m•[39m [38;2;138;148;168m17s[39m [38;2;138;148;168m•[39m [38;2;138;148;168m↓[39m [38;2;138;148;168m15.4k[39m
 [38;2;138;148;168m ⎿  Tip: Use shift+tab to enable auto-accept[39m
[38;2;138;148;168m────────────────────────────────────────────────────────────────────────────────[39m
❯ [7mA[27m[38;2;138;148;168msk your question...[39m
[38;2;138;148;168m────────────────────────────────────────────────────────────────────────────────[39m
  [38;2;138;148;168m? for shortcuts · [38;2;2;136;142mtaste on[39m



[?2026l[?2026h[2K[1A[2K[1A[2K[1A[2K[1A[2K[1A[2K[1A[2K[1A[2K[1A[2K[1A[2K[G[48;2;45;43;85m[38;2;228;204;255m [1m⌘ [22m[38;2;110;97;163mShell [38;2;165;153;233mc[38;2;228;204;255mo[38;2;171;165;206mm[38;2;204;199;225mm[38;2;255;255;255ma[38;2;234;218;255mn[38;2;171;165;206md[38;2;228;204;255m [38;2;165;153;233ma[38;2;110;97;163mllowed[38;2;228;204;255m [39m[49m [1m[38;2;138;148;168mesc[39m[22m [38;2;138;148;168mto interrupt[39m [38;2;138;148;168m•[39m [38;2;138;148;168m17s[39m [38;2;138;148;168m•[39m [38;2;138;148;168m↓[39m [38;2;138;148;168m15.6k[39m
 [38;2;138;148;168m ⎿  Tip: Use shift+tab to enable auto-accept[39m
[38;2;138;148;168m────────────────────────────────────────────────────────────────────────────────[39m
❯ [7mA[27m[38;2;138;148;168msk your question...[39m
[38;2;138;148;168m────────────────────────────────────────────────────────────────────────────────[39m
  [38;2;138;148;168m? for shortcuts · [38;2;2;136;142mtaste on[39m



[?2026l[?2026h[2K[1A[2K[1A[2K[1A[2K[1A[2K[1A[2K[1A[2K[1A[2K[1A[2K[1A[2K[G[48;2;45;43;85m[38;2;228;204;255m [1m⌘ [22m[38;2;110;97;163mShell c[38;2;165;153;233mo[38;2;228;204;255mm[38;2;171;165;206mm[38;2;204;199;225ma[38;2;255;255;255mn[38;2;234;218;255md[38;2;171;165;206m [38;2;228;204;255ma[38;2;165;153;233ml[38;2;110;97;163mlowed[38;2;228;204;255m [39m[49m [1m[38;2;138;148;168mesc[39m[22m [38;2;138;148;168mto interrupt[39m [38;2;138;148;168m•[39m [38;2;138;148;168m18s[39m [38;2;138;148;168m•[39m [38;2;138;148;168m↓[39m [38;2;138;148;168m15.7k[39m
 [38;2;138;148;168m ⎿  Tip: Use shift+tab to enable auto-accept[39m
[38;2;138;148;168m────────────────────────────────────────────────────────────────────────────────[39m
❯ [7mA[27m[38;2;138;148;168msk your question...[39m
[38;2;138;148;168m────────────────────────────────────────────────────────────────────────────────[39m
  [38;2;138;148;168m? for shortcuts · [38;2;2;136;142mtaste on[39m



[?2026l[?2026h[2K[1A[2K[1A[2K[1A[2K[1A[2K[1A[2K[1A[2K[1A[2K[1A[2K[1A[2K[G[48;2;45;43;85m[38;2;228;204;255m [1m⌘ [22m[38;2;110;97;163mShell co[38;2;165;153;233mm[38;2;228;204;255mm[38;2;171;165;206ma[38;2;204;199;225mn[38;2;255;255;255md[38;2;234;218;255m [38;2;171;165;206ma[38;2;228;204;255ml[38;2;165;153;233ml[38;2;110;97;163mowed[38;2;228;204;255m [39m[49m [1m[38;2;138;148;168mesc[39m[22m [38;2;138;148;168mto interrupt[39m [38;2;138;148;168m•[39m [38;2;138;148;168m18s[39m [38;2;138;148;168m•[39m [38;2;138;148;168m↓[39m [38;2;138;148;168m15.8k[39m
 [38;2;138;148;168m ⎿  Tip: Use shift+tab to enable auto-accept[39m
[38;2;138;148;168m────────────────────────────────────────────────────────────────────────────────[39m
❯ [7mA[27m[38;2;138;148;168msk your question...[39m
[38;2;138;148;168m────────────────────────────────────────────────────────────────────────────────[39m
  [38;2;138;148;168m? for shortcuts · [38;2;2;136;142mtaste on[39m



[?2026l[?2026h[2K[1A[2K[1A[2K[1A[2K[1A[2K[1A[2K[1A[2K[1A[2K[1A[2K[1A[2K[G[48;2;45;43;85m[38;2;228;204;255m [1m⌘ [22m[38;2;110;97;163mShell com[38;2;165;153;233mm[38;2;228;204;255ma[38;2;171;165;206mn[38;2;204;199;225md[38;2;255;255;255m [38;2;234;218;255ma[38;2;171;165;206ml[38;2;228;204;255ml[38;2;165;153;233mo[38;2;110;97;163mwed[38;2;228;204;255m [39m[49m [1m[38;2;138;148;168mesc[39m[22m [38;2;138;148;168mto interrupt[39m [38;2;138;148;168m•[39m [38;2;138;148;168m18s[39m [38;2;138;148;168m•[39m [38;2;138;148;168m↓[39m [38;2;138;148;168m15.9k[39m
 [38;2;138;148;168m ⎿  Tip: Use shift+tab to enable auto-accept[39m
[38;2;138;148;168m────────────────────────────────────────────────────────────────────────────────[39m
❯ [7mA[27m[38;2;138;148;168msk your question...[39m
[38;2;138;148;168m────────────────────────────────────────────────────────────────────────────────[39m
  [38;2;138;148;168m? for shortcuts · [38;2;2;136;142mtaste on[39m



[?2026l[?2026h[2K[1A[2K[1A[2K[1A[2K[1A[2K[1A[2K[1A[2K[1A[2K[1A[2K[1A[2K[G[48;2;45;43;85m[38;2;228;204;255m [1m○ [22m[38;2;110;97;163mShell comm[38;2;165;153;233ma[38;2;228;204;255mn[38;2;171;165;206md[38;2;204;199;225m [38;2;255;255;255ma[38;2;234;218;255ml[38;2;171;165;206ml[38;2;228;204;255mo[38;2;165;153;233mw[38;2;110;97;163med[38;2;228;204;255m [39m[49m [1m[38;2;138;148;168mesc[39m[22m [38;2;138;148;168mto interrupt[39m [38;2;138;148;168m•[39m [38;2;138;148;168m18s[39m [38;2;138;148;168m•[39m [38;2;138;148;168m↓[39m [38;2;138;148;168m16.0k[39m
 [38;2;138;148;168m ⎿  Tip: Use shift+tab to enable auto-accept[39m
[38;2;138;148;168m────────────────────────────────────────────────────────────────────────────────[39m
❯ [7mA[27m[38;2;138;148;168msk your question...[39m
[38;2;138;148;168m────────────────────────────────────────────────────────────────────────────────[39m
  [38;2;138;148;168m? for shortcuts · [38;2;2;136;142mtaste on[39m



[?2026l[?2026h[2K[1A[2K[1A[2K[1A[2K[1A[2K[1A[2K[1A[2K[1A[2K[1A[2K[1A[2K[G[48;2;45;43;85m[38;2;228;204;255m [1m◇ [22m[38;2;110;97;163mShell comma[38;2;165;153;233mn[38;2;228;204;255md[38;2;171;165;206m [38;2;204;199;225ma[38;2;255;255;255ml[38;2;234;218;255ml[38;2;171;165;206mo[38;2;228;204;255mw[38;2;165;153;233me[38;2;110;97;163md[38;2;228;204;255m [39m[49m [1m[38;2;138;148;168mesc[39m[22m [38;2;138;148;168mto interrupt[39m [38;2;138;148;168m•[39m [38;2;138;148;168m18s[39m [38;2;138;148;168m•[39m [38;2;138;148;168m↓[39m [38;2;138;148;168m16.1k[39m
 [38;2;138;148;168m ⎿  Tip: Use shift+tab to enable auto-accept[39m
[38;2;138;148;168m────────────────────────────────────────────────────────────────────────────────[39m
❯ [7mA[27m[38;2;138;148;168msk your question...[39m
[38;2;138;148;168m────────────────────────────────────────────────────────────────────────────────[39m
  [38;2;138;148;168m? for shortcuts · [38;2;2;136;142mtaste on[39m



[?2026l[?2026h[2K[1A[2K[1A[2K[1A[2K[1A[2K[1A[2K[1A[2K[1A[2K[1A[2K[1A[2K[G[48;2;45;43;85m[38;2;228;204;255m [1m☆ [22m[38;2;110;97;163mShell comman[38;2;165;153;233md[38;2;228;204;255m [38;2;171;165;206ma[38;2;204;199;225ml[38;2;255;255;255ml[38;2;234;218;255mo[38;2;171;165;206mw[38;2;228;204;255me[38;2;165;153;233md[38;2;228;204;255m [39m[49m [1m[38;2;138;148;168mesc[39m[22m [38;2;138;148;168mto interrupt[39m [38;2;138;148;168m•[39m [38;2;138;148;168m18s[39m [38;2;138;148;168m•[39m [38;2;138;148;168m↓[39m [38;2;138;148;168m16.2k[39m
 [38;2;138;148;168m ⎿  Tip: Use shift+tab to enable auto-accept[39m
[38;2;138;148;168m────────────────────────────────────────────────────────────────────────────────[39m
❯ [7mA[27m[38;2;138;148;168msk your question...[39m
[38;2;138;148;168m────────────────────────────────────────────────────────────────────────────────[39m
  [38;2;138;148;168m? for shortcuts · [38;2;2;136;142mtaste on[39m



[?2026l[?2026h[2K[1A[2K[1A[2K[1A[2K[1A[2K[1A[2K[1A[2K[1A[2K[1A[2K[1A[2K[G[48;2;45;43;85m[38;2;228;204;255m [1m✧ [22m[38;2;110;97;163mShell command[38;2;165;153;233m [38;2;228;204;255ma[38;2;171;165;206ml[38;2;204;199;225ml[38;2;255;255;255mo[38;2;234;218;255mw[38;2;171;165;206me[38;2;228;204;255md [39m[49m [1m[38;2;138;148;168mesc[39m[22m [38;2;138;148;168mto interrupt[39m [38;2;138;148;168m•[39m [38;2;138;148;168m18s[39m [38;2;138;148;168m•[39m [38;2;138;148;168m↓[39m [38;2;138;148;168m16.3k[39m
 [38;2;138;148;168m ⎿  Tip: Use shift+tab to enable auto-accept[39m
[38;2;138;148;168m────────────────────────────────────────────────────────────────────────────────[39m
❯ [7mA[27m[38;2;138;148;168msk your question...[39m
[38;2;138;148;168m────────────────────────────────────────────────────────────────────────────────[39m
  [38;2;138;148;168m? for shortcuts · [38;2;2;136;142mtaste on[39m



[?2026l[?2026h[2K[1A[2K[1A[2K[1A[2K[1A[2K[1A[2K[1A[2K[1A[2K[1A[2K[1A[2K[G[48;2;45;43;85m[38;2;228;204;255m [1m☆ [22m[38;2;110;97;163mShell command [38;2;165;153;233ma[38;2;228;204;255ml[38;2;171;165;206ml[38;2;204;199;225mo[38;2;255;255;255mw[38;2;234;218;255me[38;2;171;165;206md[38;2;228;204;255m [39m[49m [1m[38;2;138;148;168mesc[39m[22m [38;2;138;148;168mto interrupt[39m [38;2;138;148;168m•[39m [38;2;138;148;168m18s[39m [38;2;138;148;168m•[39m [38;2;138;148;168m↓[39m [38;2;138;148;168m16.4k[39m
 [38;2;138;148;168m ⎿  Tip: Use shift+tab to enable auto-accept[39m
[38;2;138;148;168m────────────────────────────────────────────────────────────────────────────────[39m
❯ [7mA[27m[38;2;138;148;168msk your question...[39m
[38;2;138;148;168m────────────────────────────────────────────────────────────────────────────────[39m
  [38;2;138;148;168m? for shortcuts · [38;2;2;136;142mtaste on[39m



[?2026l[?2026h[2K[1A[2K[1A[2K[1A[2K[1A[2K[1A[2K[1A[2K[1A[2K[1A[2K[1A[2K[G[48;2;45;43;85m[38;2;228;204;255m [1m◇ [22m[38;2;110;97;163mShell command a[38;2;165;153;233ml[38;2;228;204;255ml[38;2;171;165;206mo[38;2;204;199;225mw[38;2;255;255;255me[38;2;234;218;255md[38;2;228;204;255m [39m[49m [1m[38;2;138;148;168mesc[39m[22m [38;2;138;148;168mto interrupt[39m [38;2;138;148;168m•[39m [38;2;138;148;168m18s[39m [38;2;138;148;168m•[39m [38;2;138;148;168m↓[39m [38;2;138;148;168m16.4k[39m
 [38;2;138;148;168m ⎿  Tip: Use shift+tab to enable auto-accept[39m
[38;2;138;148;168m────────────────────────────────────────────────────────────────────────────────[39m
❯ [7mA[27m[38;2;138;148;168msk your question...[39m
[38;2;138;148;168m────────────────────────────────────────────────────────────────────────────────[39m
  [38;2;138;148;168m? for shortcuts · [38;2;2;136;142mtaste on[39m



[?2026l[?2026h[2K[1A[2K[1A[2K[1A[2K[1A[2K[1A[2K[1A[2K[1A[2K[1A[2K[1A[2K[G[48;2;45;43;85m[38;2;228;204;255m [1m○ [22m[38;2;110;97;163mShell command al[38;2;165;153;233ml[38;2;228;204;255mo[38;2;171;165;206mw[38;2;204;199;225me[38;2;255;255;255md[38;2;228;204;255m [39m[49m [1m[38;2;138;148;168mesc[39m[22m [38;2;138;148;168mto interrupt[39m [38;2;138;148;168m•[39m [38;2;138;148;168m18s[39m [38;2;138;148;168m•[39m [38;2;138;148;168m↓[39m [38;2;138;148;168m16.5k[39m
 [38;2;138;148;168m ⎿  Tip: Use shift+tab to enable auto-accept[39m
[38;2;138;148;168m────────────────────────────────────────────────────────────────────────────────[39m
❯ [7mA[27m[38;2;138;148;168msk your question...[39m
[38;2;138;148;168m────────────────────────────────────────────────────────────────────────────────[39m
  [38;2;138;148;168m? for shortcuts · [38;2;2;136;142mtaste on[39m



[?2026l[?2026h[2K[1A[2K[1A[2K[1A[2K[1A[2K[1A[2K[1A[2K[1A[2K[1A[2K[1A[2K[G[48;2;45;43;85m[38;2;228;204;255m [1m· [22m[38;2;110;97;163mShell command all[38;2;165;153;233mo[38;2;228;204;255mw[38;2;171;165;206me[38;2;204;199;225md[38;2;228;204;255m [39m[49m [1m[38;2;138;148;168mesc[39m[22m [38;2;138;148;168mto interrupt[39m [38;2;138;148;168m•[39m [38;2;138;148;168m18s[39m [38;2;138;148;168m•[39m [38;2;138;148;168m↓[39m [38;2;138;148;168m16.5k[39m
 [38;2;138;148;168m ⎿  Tip: Use shift+tab to enable auto-accept[39m
[38;2;138;148;168m────────────────────────────────────────────────────────────────────────────────[39m
❯ [7mA[27m[38;2;138;148;168msk your question...[39m
[38;2;138;148;168m────────────────────────────────────────────────────────────────────────────────[39m
  [38;2;138;148;168m? for shortcuts · [38;2;2;136;142mtaste on[39m



[?2026l[?2026h[2K[1A[2K[1A[2K[1A[2K[1A[2K[1A[2K[1A[2K[1A[2K[1A[2K[1A[2K[G[48;2;45;43;85m[38;2;228;204;255m [1m· [22m[38;2;110;97;163mShell command allo[38;2;165;153;233mw[38;2;228;204;255me[38;2;171;165;206md[38;2;228;204;255m [39m[49m [1m[38;2;138;148;168mesc[39m[22m [38;2;138;148;168mto interrupt[39m [38;2;138;148;168m•[39m [38;2;138;148;168m18s[39m [38;2;138;148;168m•[39m [38;2;138;148;168m↓[39m [38;2;138;148;168m16.6k[39m
 [38;2;138;148;168m ⎿  Tip: Use shift+tab to enable auto-accept[39m
[38;2;138;148;168m────────────────────────────────────────────────────────────────────────────────[39m
❯ [7mA[27m[38;2;138;148;168msk your question...[39m
[38;2;138;148;168m────────────────────────────────────────────────────────────────────────────────[39m
  [38;2;138;148;168m? for shortcuts · [38;2;2;136;142mtaste on[39m



[?2026l[?2026h[2K[1A[2K[1A[2K[1A[2K[1A[2K[1A[2K[1A[2K[1A[2K[1A[2K[1A[2K[G[48;2;45;43;85m[38;2;228;204;255m [1m· [22m[38;2;110;97;163mShell command allow[38;2;165;153;233me[38;2;228;204;255md [39m[49m [1m[38;2;138;148;168mesc[39m[22m [38;2;138;148;168mto interrupt[39m [38;2;138;148;168m•[39m [38;2;138;148;168m18s[39m [38;2;138;148;168m•[39m [38;2;138;148;168m↓[39m [38;2;138;148;168m16.6k[39m
 [38;2;138;148;168m ⎿  Tip: Use shift+tab to enable auto-accept[39m
[38;2;138;148;168m────────────────────────────────────────────────────────────────────────────────[39m
❯ [7mA[27m[38;2;138;148;168msk your question...[39m
[38;2;138;148;168m────────────────────────────────────────────────────────────────────────────────[39m
  [38;2;138;148;168m? for shortcuts · [38;2;2;136;142mtaste on[39m



[?2026l[?2026h[2K[1A[2K[1A[2K[1A[2K[1A[2K[1A[2K[1A[2K[1A[2K[1A[2K[1A[2K[G[48;2;45;43;85m[38;2;228;204;255m [1m○ [22m[38;2;110;97;163mShell command allowe[38;2;165;153;233md[38;2;228;204;255m [39m[49m [1m[38;2;138;148;168mesc[39m[22m [38;2;138;148;168mto interrupt[39m [38;2;138;148;168m•[39m [38;2;138;148;168m19s[39m [38;2;138;148;168m•[39m [38;2;138;148;168m↓[39m [38;2;138;148;168m16.6k[39m
 [38;2;138;148;168m ⎿  Tip: Use shift+tab to enable auto-accept[39m
[38;2;138;148;168m────────────────────────────────────────────────────────────────────────────────[39m
❯ [7mA[27m[38;2;138;148;168msk your question...[39m
[38;2;138;148;168m────────────────────────────────────────────────────────────────────────────────[39m
  [38;2;138;148;168m? for shortcuts · [38;2;2;136;142mtaste on[39m



[?2026l]0;⌘ Command Code · orch-go · deepseek-v4-flash-(latest)]2;⌘ Command Code · orch-go · deepseek-v4-flash-(latest)[?2026h[2K[1A[2K[1A[2K[1A[2K[1A[2K[1A[2K[1A[2K[1A[2K[1A[2K[1A[2K[G[48;2;45;43;85m[38;2;228;204;255m [1m○ [22m[38;2;110;97;163mShell command allowed[38;2;228;204;255m [39m[49m [1m[38;2;138;148;168mesc[39m[22m [38;2;138;148;168mto interrupt[39m [38;2;138;148;168m•[39m [38;2;138;148;168m19s[39m [38;2;138;148;168m•[39m [38;2;138;148;168m↓[39m [38;2;138;148;168m16.7k[39m
 [38;2;138;148;168m ⎿  Tip: Use shift+tab to enable auto-accept[39m
[38;2;138;148;168m────────────────────────────────────────────────────────────────────────────────[39m
❯ [7mA[27m[38;2;138;148;168msk your question...[39m
[38;2;138;148;168m────────────────────────────────────────────────────────────────────────────────[39m
  [38;2;138;148;168m? for shortcuts · [38;2;2;136;142mtaste on[39m



[?2026l[?2026h[2K[1A[2K[1A[2K[1A[2K[1A[2K[1A[2K[1A[2K[1A[2K[1A[2K[1A[2K[G[48;2;45;43;85m[38;2;228;204;255m [1m◇ [22m[38;2;110;97;163mShell command allowed[38;2;228;204;255m [39m[49m [1m[38;2;138;148;168mesc[39m[22m [38;2;138;148;168mto interrupt[39m [38;2;138;148;168m•[39m [38;2;138;148;168m19s[39m [38;2;138;148;168m•[39m [38;2;138;148;168m↓[39m [38;2;138;148;168m16.7k[39m
 [38;2;138;148;168m ⎿  Tip: Use shift+tab to enable auto-accept[39m
[38;2;138;148;168m────────────────────────────────────────────────────────────────────────────────[39m
❯ [7mA[27m[38;2;138;148;168msk your question...[39m
[38;2;138;148;168m────────────────────────────────────────────────────────────────────────────────[39m
  [38;2;138;148;168m? for shortcuts · [38;2;2;136;142mtaste on[39m



[?2026l[?2026h[2K[1A[2K[1A[2K[1A[2K[1A[2K[1A[2K[1A[2K[1A[2K[1A[2K[1A[2K[G[48;2;45;43;85m[38;2;228;204;255m [1m☆ [22m[38;2;110;97;163mShell command allowed[38;2;228;204;255m [39m[49m [1m[38;2;138;148;168mesc[39m[22m [38;2;138;148;168mto interrupt[39m [38;2;138;148;168m•[39m [38;2;138;148;168m19s[39m [38;2;138;148;168m•[39m [38;2;138;148;168m↓[39m [38;2;138;148;168m16.7k[39m
 [38;2;138;148;168m ⎿  Tip: Use shift+tab to enable auto-accept[39m
[38;2;138;148;168m────────────────────────────────────────────────────────────────────────────────[39m
❯ [7mA[27m[38;2;138;148;168msk your question...[39m
[38;2;138;148;168m────────────────────────────────────────────────────────────────────────────────[39m
  [38;2;138;148;168m? for shortcuts · [38;2;2;136;142mtaste on[39m



[?2026l[?2026h[2K[1A[2K[1A[2K[1A[2K[1A[2K[1A[2K[1A[2K[1A[2K[1A[2K[1A[2K[G[38;2;228;204;255m✻ Thinking… (1 line) [38;2;53;61;80m[[38;2;138;148;168mctrl+o to expand[38;2;53;61;80m][39m

[48;2;45;43;85m[38;2;228;204;255m [1m☆ [22m[38;2;110;97;163mShell command allowed[38;2;228;204;255m [39m[49m [1m[38;2;138;148;168mesc[39m[22m [38;2;138;148;168mto interrupt[39m [38;2;138;148;168m•[39m [38;2;138;148;168m19s[39m [38;2;138;148;168m•[39m [38;2;138;148;168m↓[39m [38;2;138;148;168m16.7k[39m
 [38;2;138;148;168m ⎿  Tip: Use shift+tab to enable auto-accept[39m
[38;2;138;148;168m────────────────────────────────────────────────────────────────────────────────[39m
❯ [7mA[27m[38;2;138;148;168msk your question...[39m
[38;2;138;148;168m────────────────────────────────────────────────────────────────────────────────[39m
  [38;2;138;148;168m? for shortcuts · [38;2;2;136;142mtaste on[39m



[?2026l[?2026h[2K[1A[2K[1A[2K[1A[2K[1A[2K[1A[2K[1A[2K[1A[2K[1A[2K[1A[2K[1A[2K[1A[2K[G[38;2;228;204;255m✻ Thinking… (3 lines) [38;2;53;61;80m[[38;2;138;148;168mctrl+o to expand[38;2;53;61;80m][39m

[48;2;45;43;85m[38;2;228;204;255m [1m☆ [22m[38;2;110;97;163mShell command allowed[38;2;228;204;255m [39m[49m [1m[38;2;138;148;168mesc[39m[22m [38;2;138;148;168mto interrupt[39m [38;2;138;148;168m•[39m [38;2;138;148;168m19s[39m [38;2;138;148;168m•[39m [38;2;138;148;168m↓[39m [38;2;138;148;168m16.7k[39m
 [38;2;138;148;168m ⎿  Tip: Use shift+tab to enable auto-accept[39m
[38;2;138;148;168m────────────────────────────────────────────────────────────────────────────────[39m
❯ [7mA[27m[38;2;138;148;168msk your question...[39m
[38;2;138;148;168m────────────────────────────────────────────────────────────────────────────────[39m
  [38;2;138;148;168m? for shortcuts · [38;2;2;136;142mtaste on[39m



[?2026l[?2026h[2K[1A[2K[1A[2K[1A[2K[1A[2K[1A[2K[1A[2K[1A[2K[1A[2K[1A[2K[1A[2K[1A[2K[G[38;2;228;204;255m✻ Thinking… (3 lines) [38;2;53;61;80m[[38;2;138;148;168mctrl+o to expand[38;2;53;61;80m][39m

[48;2;45;43;85m[38;2;228;204;255m [1m✧ [22m[38;2;110;97;163mShell command allowed[38;2;228;204;255m [39m[49m [1m[38;2;138;148;168mesc[39m[22m [38;2;138;148;168mto interrupt[39m [38;2;138;148;168m•[39m [38;2;138;148;168m19s[39m [38;2;138;148;168m•[39m [38;2;138;148;168m↓[39m [38;2;138;148;168m16.7k[39m
 [38;2;138;148;168m ⎿  Tip: Use shift+tab to enable auto-accept[39m
[38;2;138;148;168m────────────────────────────────────────────────────────────────────────────────[39m
❯ [7mA[27m[38;2;138;148;168msk your question...[39m
[38;2;138;148;168m────────────────────────────────────────────────────────────────────────────────[39m
  [38;2;138;148;168m? for shortcuts · [38;2;2;136;142mtaste on[39m



[?2026l[?2026h[2K[1A[2K[1A[2K[1A[2K[1A[2K[1A[2K[1A[2K[1A[2K[1A[2K[1A[2K[1A[2K[1A[2K[G[38;2;228;204;255m✻ Thinking… (3 lines) [38;2;53;61;80m[[38;2;138;148;168mctrl+o to expand[38;2;53;61;80m][39m

[48;2;45;43;85m[38;2;228;204;255m [1m☆ [22m[38;2;110;97;163mShell command allowed[38;2;228;204;255m [39m[49m [1m[38;2;138;148;168mesc[39m[22m [38;2;138;148;168mto interrupt[39m [38;2;138;148;168m•[39m [38;2;138;148;168m19s[39m [38;2;138;148;168m•[39m [38;2;138;148;168m↓[39m [38;2;138;148;168m16.8k[39m
 [38;2;138;148;168m ⎿  Tip: Use shift+tab to enable auto-accept[39m
[38;2;138;148;168m────────────────────────────────────────────────────────────────────────────────[39m
❯ [7mA[27m[38;2;138;148;168msk your question...[39m
[38;2;138;148;168m────────────────────────────────────────────────────────────────────────────────[39m
  [38;2;138;148;168m? for shortcuts · [38;2;2;136;142mtaste on[39m



[?2026l[?2026h[2K[1A[2K[1A[2K[1A[2K[1A[2K[1A[2K[1A[2K[1A[2K[1A[2K[1A[2K[1A[2K[1A[2K[G[38;2;228;204;255m✻ Thinking… (3 lines) [38;2;53;61;80m[[38;2;138;148;168mctrl+o to expand[38;2;53;61;80m][39m

[48;2;45;43;85m[38;2;228;204;255m [1m◇ [22m[38;2;234;218;255mS[38;2;171;165;206mh[38;2;228;204;255me[38;2;165;153;233ml[38;2;110;97;163ml command allowed[38;2;228;204;255m [39m[49m [1m[38;2;138;148;168mesc[39m[22m [38;2;138;148;168mto interrupt[39m [38;2;138;148;168m•[39m [38;2;138;148;168m19s[39m [38;2;138;148;168m•[39m [38;2;138;148;168m↓[39m [38;2;138;148;168m16.8k[39m
 [38;2;138;148;168m ⎿  Tip: Use shift+tab to enable auto-accept[39m
[38;2;138;148;168m────────────────────────────────────────────────────────────────────────────────[39m
❯ [7mA[27m[38;2;138;148;168msk your question...[39m
[38;2;138;148;168m────────────────────────────────────────────────────────────────────────────────[39m
  [38;2;138;148;168m? for shortcuts · [38;2;2;136;142mtaste on[39m



[?2026l[?2026h[2K[1A[2K[1A[2K[1A[2K[1A[2K[1A[2K[1A[2K[1A[2K[1A[2K[1A[2K[1A[2K[1A[2K[G[38;2;228;204;255m✻ Thinking… (5 lines) [38;2;53;61;80m[[38;2;138;148;168mctrl+o to expand[38;2;53;61;80m][39m

[48;2;45;43;85m[38;2;228;204;255m [1m○ [22m[38;2;255;255;255mS[38;2;234;218;255mh[38;2;171;165;206me[38;2;228;204;255ml[38;2;165;153;233ml[38;2;110;97;163m command allowed[38;2;228;204;255m [39m[49m [1m[38;2;138;148;168mesc[39m[22m [38;2;138;148;168mto interrupt[39m [38;2;138;148;168m•[39m [38;2;138;148;168m19s[39m [38;2;138;148;168m•[39m [38;2;138;148;168m↓[39m [38;2;138;148;168m16.8k[39m
 [38;2;138;148;168m ⎿  Tip: Use shift+tab to enable auto-accept[39m
[38;2;138;148;168m────────────────────────────────────────────────────────────────────────────────[39m
❯ [7mA[27m[38;2;138;148;168msk your question...[39m
[38;2;138;148;168m────────────────────────────────────────────────────────────────────────────────[39m
  [38;2;138;148;168m? for shortcuts · [38;2;2;136;142mtaste on[39m



[?2026l[?2026h[2K[1A[2K[1A[2K[1A[2K[1A[2K[1A[2K[1A[2K[1A[2K[1A[2K[1A[2K[1A[2K[1A[2K[G[38;2;228;204;255m✻ Thinking… (7 lines) [38;2;53;61;80m[[38;2;138;148;168mctrl+o to expand[38;2;53;61;80m][39m

[48;2;45;43;85m[38;2;228;204;255m [1m○ [22m[38;2;255;255;255mS[38;2;234;218;255mh[38;2;171;165;206me[38;2;228;204;255ml[38;2;165;153;233ml[38;2;110;97;163m command allowed[38;2;228;204;255m [39m[49m [1m[38;2;138;148;168mesc[39m[22m [38;2;138;148;168mto interrupt[39m [38;2;138;148;168m•[39m [38;2;138;148;168m19s[39m [38;2;138;148;168m•[39m [38;2;138;148;168m↓[39m [38;2;138;148;168m16.8k[39m
 [38;2;138;148;168m ⎿  Tip: Use shift+tab to enable auto-accept[39m
[38;2;138;148;168m────────────────────────────────────────────────────────────────────────────────[39m
❯ [7mA[27m[38;2;138;148;168msk your question...[39m
[38;2;138;148;168m────────────────────────────────────────────────────────────────────────────────[39m
  [38;2;138;148;168m? for shortcuts · [38;2;2;136;142mtaste on[39m



[?2026l[?2026h[2K[1A[2K[1A[2K[1A[2K[1A[2K[1A[2K[1A[2K[1A[2K[1A[2K[1A[2K[1A[2K[1A[2K[G[38;2;228;204;255m✻ Thinking… (7 lines) [38;2;53;61;80m[[38;2;138;148;168mctrl+o to expand[38;2;53;61;80m][39m

[48;2;45;43;85m[38;2;228;204;255m [1m⌘ [22m[38;2;204;199;225mS[38;2;255;255;255mh[38;2;234;218;255me[38;2;171;165;206ml[38;2;228;204;255ml[38;2;165;153;233m [38;2;110;97;163mcommand allowed[38;2;228;204;255m [39m[49m [1m[38;2;138;148;168mesc[39m[22m [38;2;138;148;168mto interrupt[39m [38;2;138;148;168m•[39m [38;2;138;148;168m19s[39m [38;2;138;148;168m•[39m [38;2;138;148;168m↓[39m [38;2;138;148;168m16.9k[39m
 [38;2;138;148;168m ⎿  Tip: Use shift+tab to enable auto-accept[39m
[38;2;138;148;168m────────────────────────────────────────────────────────────────────────────────[39m
❯ [7mA[27m[38;2;138;148;168msk your question...[39m
[38;2;138;148;168m────────────────────────────────────────────────────────────────────────────────[39m
  [38;2;138;148;168m? for shortcuts · [38;2;2;136;142mtaste on[39m



[?2026l[?2026h[2K[1A[2K[1A[2K[1A[2K[1A[2K[1A[2K[1A[2K[1A[2K[1A[2K[1A[2K[1A[2K[1A[2K[G[38;2;228;204;255m✻ Thinking… (7 lines) [38;2;53;61;80m[[38;2;138;148;168mctrl+o to expand[38;2;53;61;80m][39m

[48;2;45;43;85m[38;2;228;204;255m [1m⌘ [22m[38;2;171;165;206mS[38;2;204;199;225mh[38;2;255;255;255me[38;2;234;218;255ml[38;2;171;165;206ml[38;2;228;204;255m [38;2;165;153;233mc[38;2;110;97;163mommand allowed[38;2;228;204;255m [39m[49m [1m[38;2;138;148;168mesc[39m[22m [38;2;138;148;168mto interrupt[39m [38;2;138;148;168m•[39m [38;2;138;148;168m19s[39m [38;2;138;148;168m•[39m [38;2;138;148;168m↓[39m [38;2;138;148;168m16.9k[39m
 [38;2;138;148;168m ⎿  Tip: Use shift+tab to enable auto-accept[39m
[38;2;138;148;168m────────────────────────────────────────────────────────────────────────────────[39m
❯ [7mA[27m[38;2;138;148;168msk your question...[39m
[38;2;138;148;168m────────────────────────────────────────────────────────────────────────────────[39m
  [38;2;138;148;168m? for shortcuts · [38;2;2;136;142mtaste on[39m



[?2026l[?2026h[2K[1A[2K[1A[2K[1A[2K[1A[2K[1A[2K[1A[2K[1A[2K[1A[2K[1A[2K[1A[2K[1A[2K[G[38;2;228;204;255m✻ Thinking… (7 lines) [38;2;53;61;80m[[38;2;138;148;168mctrl+o to expand[38;2;53;61;80m][39m

[48;2;45;43;85m[38;2;228;204;255m [1m⌘ [22mS[38;2;171;165;206mh[38;2;204;199;225me[38;2;255;255;255ml[38;2;234;218;255ml[38;2;171;165;206m [38;2;228;204;255mc[38;2;165;153;233mo[38;2;110;97;163mmmand allowed[38;2;228;204;255m [39m[49m [1m[38;2;138;148;168mesc[39m[22m [38;2;138;148;168mto interrupt[39m [38;2;138;148;168m•[39m [38;2;138;148;168m19s[39m [38;2;138;148;168m•[39m [38;2;138;148;168m↓[39m [38;2;138;148;168m16.9k[39m
 [38;2;138;148;168m ⎿  Tip: Use shift+tab to enable auto-accept[39m
[38;2;138;148;168m────────────────────────────────────────────────────────────────────────────────[39m
❯ [7mA[27m[38;2;138;148;168msk your question...[39m
[38;2;138;148;168m────────────────────────────────────────────────────────────────────────────────[39m
  [38;2;138;148;168m? for shortcuts · [38;2;2;136;142mtaste on[39m



[?2026l[?2026h[2K[1A[2K[1A[2K[1A[2K[1A[2K[1A[2K[1A[2K[1A[2K[1A[2K[1A[2K[1A[2K[1A[2K[G[38;2;228;204;255m✻ Thinking… (7 lines) [38;2;53;61;80m[[38;2;138;148;168mctrl+o to expand[38;2;53;61;80m][39m

[48;2;45;43;85m[38;2;228;204;255m [1m⌘ [22m[38;2;165;153;233mS[38;2;228;204;255mh[38;2;171;165;206me[38;2;204;199;225ml[38;2;255;255;255ml[38;2;234;218;255m [38;2;171;165;206mc[38;2;228;204;255mo[38;2;165;153;233mm[38;2;110;97;163mmand allowed[38;2;228;204;255m [39m[49m [1m[38;2;138;148;168mesc[39m[22m [38;2;138;148;168mto interrupt[39m [38;2;138;148;168m•[39m [38;2;138;148;168m19s[39m [38;2;138;148;168m•[39m [38;2;138;148;168m↓[39m [38;2;138;148;168m16.9k[39m
 [38;2;138;148;168m ⎿  Tip: Use shift+tab to enable auto-accept[39m
[38;2;138;148;168m────────────────────────────────────────────────────────────────────────────────[39m
❯ [7mA[27m[38;2;138;148;168msk your question...[39m
[38;2;138;148;168m────────────────────────────────────────────────────────────────────────────────[39m
  [38;2;138;148;168m? for shortcuts · [38;2;2;136;142mtaste on[39m



[?2026l[?2026h[2K[1A[2K[1A[2K[1A[2K[1A[2K[1A[2K[1A[2K[1A[2K[1A[2K[1A[2K[1A[2K[1A[2K[G[38;2;228;204;255m✻ Thinking… (11 lines) [38;2;53;61;80m[[38;2;138;148;168mctrl+o to expand[38;2;53;61;80m][39m

[48;2;45;43;85m[38;2;228;204;255m [1m○ [22m[38;2;110;97;163mS[38;2;165;153;233mh[38;2;228;204;255me[38;2;171;165;206ml[38;2;204;199;225ml[38;2;255;255;255m [38;2;234;218;255mc[38;2;171;165;206mo[38;2;228;204;255mm[38;2;165;153;233mm[38;2;110;97;163mand allowed[38;2;228;204;255m [39m[49m [1m[38;2;138;148;168mesc[39m[22m [38;2;138;148;168mto interrupt[39m [38;2;138;148;168m•[39m [38;2;138;148;168m20s[39m [38;2;138;148;168m•[39m [38;2;138;148;168m↓[39m [38;2;138;148;168m17.0k[39m
 [38;2;138;148;168m ⎿  Tip: Use shift+tab to enable auto-accept[39m
[38;2;138;148;168m────────────────────────────────────────────────────────────────────────────────[39m
❯ [7mA[27m[38;2;138;148;168msk your question...[39m
[38;2;138;148;168m────────────────────────────────────────────────────────────────────────────────[39m
  [38;2;138;148;168m? for shortcuts · [38;2;2;136;142mtaste on[39m



[?2026l[?2026h[2K[1A[2K[1A[2K[1A[2K[1A[2K[1A[2K[1A[2K[1A[2K[1A[2K[1A[2K[1A[2K[1A[2K[G[38;2;228;204;255m✻ Thinking… (11 lines) [38;2;53;61;80m[[38;2;138;148;168mctrl+o to expand[38;2;53;61;80m][39m

[48;2;45;43;85m[38;2;228;204;255m [1m◇ [22m[38;2;110;97;163mSh[38;2;165;153;233me[38;2;228;204;255ml[38;2;171;165;206ml[38;2;204;199;225m [38;2;255;255;255mc[38;2;234;218;255mo[38;2;171;165;206mm[38;2;228;204;255mm[38;2;165;153;233ma[38;2;110;97;163mnd allowed[38;2;228;204;255m [39m[49m [1m[38;2;138;148;168mesc[39m[22m [38;2;138;148;168mto interrupt[39m [38;2;138;148;168m•[39m [38;2;138;148;168m20s[39m [38;2;138;148;168m•[39m [38;2;138;148;168m↓[39m [38;2;138;148;168m17.0k[39m
 [38;2;138;148;168m ⎿  Tip: Use shift+tab to enable auto-accept[39m
[38;2;138;148;168m────────────────────────────────────────────────────────────────────────────────[39m
❯ [7mA[27m[38;2;138;148;168msk your question...[39m
[38;2;138;148;168m────────────────────────────────────────────────────────────────────────────────[39m
  [38;2;138;148;168m? for shortcuts · [38;2;2;136;142mtaste on[39m



[?2026l[?2026h[2K[1A[2K[1A[2K[1A[2K[1A[2K[1A[2K[1A[2K[1A[2K[1A[2K[1A[2K[1A[2K[1A[2K[G[38;2;228;204;255m✻ Thinking… (11 lines) [38;2;53;61;80m[[38;2;138;148;168mctrl+o to expand[38;2;53;61;80m][39m

[48;2;45;43;85m[38;2;228;204;255m [1m☆ [22m[38;2;110;97;163mShe[38;2;165;153;233ml[38;2;228;204;255ml[38;2;171;165;206m [38;2;204;199;225mc[38;2;255;255;255mo[38;2;234;218;255mm[38;2;171;165;206mm[38;2;228;204;255ma[38;2;165;153;233mn[38;2;110;97;163md allowed[38;2;228;204;255m [39m[49m [1m[38;2;138;148;168mesc[39m[22m [38;2;138;148;168mto interrupt[39m [38;2;138;148;168m•[39m [38;2;138;148;168m20s[39m [38;2;138;148;168m•[39m [38;2;138;148;168m↓[39m [38;2;138;148;168m17.0k[39m
 [38;2;138;148;168m ⎿  Tip: Use shift+tab to enable auto-accept[39m
[38;2;138;148;168m────────────────────────────────────────────────────────────────────────────────[39m
❯ [7mA[27m[38;2;138;148;168msk your question...[39m
[38;2;138;148;168m────────────────────────────────────────────────────────────────────────────────[39m
  [38;2;138;148;168m? for shortcuts · [38;2;2;136;142mtaste on[39m



[?2026l[?2026h[2K[1A[2K[1A[2K[1A[2K[1A[2K[1A[2K[1A[2K[1A[2K[1A[2K[1A[2K[1A[2K[1A[2K[G[38;2;228;204;255m✻ Thinking… (11 lines) [38;2;53;61;80m[[38;2;138;148;168mctrl+o to expand[38;2;53;61;80m][39m

[48;2;45;43;85m[38;2;228;204;255m [1m✧ [22m[38;2;110;97;163mShel[38;2;165;153;233ml[38;2;228;204;255m [38;2;171;165;206mc[38;2;204;199;225mo[38;2;255;255;255mm[38;2;234;218;255mm[38;2;171;165;206ma[38;2;228;204;255mn[38;2;165;153;233md[38;2;110;97;163m allowed[38;2;228;204;255m [39m[49m [1m[38;2;138;148;168mesc[39m[22m [38;2;138;148;168mto interrupt[39m [38;2;138;148;168m•[39m [38;2;138;148;168m20s[39m [38;2;138;148;168m•[39m [38;2;138;148;168m↓[39m [38;2;138;148;168m17.0k[39m
 [38;2;138;148;168m ⎿  Tip: Use shift+tab to enable auto-accept[39m
[38;2;138;148;168m────────────────────────────────────────────────────────────────────────────────[39m
❯ [7mA[27m[38;2;138;148;168msk your question...[39m
[38;2;138;148;168m────────────────────────────────────────────────────────────────────────────────[39m
  [38;2;138;148;168m? for shortcuts · [38;2;2;136;142mtaste on[39m



[?2026l[?2026h[2K[1A[2K[1A[2K[1A[2K[1A[2K[1A[2K[1A[2K[1A[2K[1A[2K[1A[2K[1A[2K[1A[2K[G[38;2;228;204;255m✻ Thinking… (11 lines) [38;2;53;61;80m[[38;2;138;148;168mctrl+o to expand[38;2;53;61;80m][39m

[48;2;45;43;85m[38;2;228;204;255m [1m✧ [22m[38;2;234;218;255mR[38;2;171;165;206me[38;2;228;204;255ma[38;2;165;153;233ms[38;2;110;97;163moning…[38;2;228;204;255m [39m[49m [1m[38;2;138;148;168mesc[39m[22m [38;2;138;148;168mto interrupt[39m [38;2;138;148;168m•[39m [38;2;138;148;168m20s[39m [38;2;138;148;168m•[39m [38;2;138;148;168m↓[39m [38;2;138;148;168m17.0k[39m
 [38;2;138;148;168m ⎿  Tip: Use shift+tab to enable auto-accept[39m
[38;2;138;148;168m────────────────────────────────────────────────────────────────────────────────[39m
❯ [7mA[27m[38;2;138;148;168msk your question...[39m
[38;2;138;148;168m────────────────────────────────────────────────────────────────────────────────[39m
  [38;2;138;148;168m? for shortcuts · [38;2;2;136;142mtaste on[39m



[?2026l[?2026h[2K[1A[2K[1A[2K[1A[2K[1A[2K[1A[2K[1A[2K[1A[2K[1A[2K[1A[2K[1A[2K[1A[2K[G[38;2;228;204;255m✻ Thinking… (13 lines) [38;2;53;61;80m[[38;2;138;148;168mctrl+o to expand[38;2;53;61;80m][39m

[48;2;45;43;85m[38;2;228;204;255m [1m☆ [22m[38;2;255;255;255mR[38;2;234;218;255me[38;2;171;165;206ma[38;2;228;204;255ms[38;2;165;153;233mo[38;2;110;97;163mning…[38;2;228;204;255m [39m[49m [1m[38;2;138;148;168mesc[39m[22m [38;2;138;148;168mto interrupt[39m [38;2;138;148;168m•[39m [38;2;138;148;168m20s[39m [38;2;138;148;168m•[39m [38;2;138;148;168m↓[39m [38;2;138;148;168m17.1k[39m
 [38;2;138;148;168m ⎿  Tip: Use shift+tab to enable auto-accept[39m
[38;2;138;148;168m────────────────────────────────────────────────────────────────────────────────[39m
❯ [7mA[27m[38;2;138;148;168msk your question...[39m
[38;2;138;148;168m────────────────────────────────────────────────────────────────────────────────[39m
  [38;2;138;148;168m? for shortcuts · [38;2;2;136;142mtaste on[39m



[?2026l[?2026h[2K[1A[2K[1A[2K[1A[2K[1A[2K[1A[2K[1A[2K[1A[2K[1A[2K[1A[2K[1A[2K[1A[2K[G[38;2;228;204;255m✻ Thinking… (13 lines) [38;2;53;61;80m[[38;2;138;148;168mctrl+o to expand[38;2;53;61;80m][39m

[48;2;45;43;85m[38;2;228;204;255m [1m◇ [22m[38;2;204;199;225mR[38;2;255;255;255me[38;2;234;218;255ma[38;2;171;165;206ms[38;2;228;204;255mo[38;2;165;153;233mn[38;2;110;97;163ming…[38;2;228;204;255m [39m[49m [1m[38;2;138;148;168mesc[39m[22m [38;2;138;148;168mto interrupt[39m [38;2;138;148;168m•[39m [38;2;138;148;168m20s[39m [38;2;138;148;168m•[39m [38;2;138;148;168m↓[39m [38;2;138;148;168m17.1k[39m
 [38;2;138;148;168m ⎿  Tip: Use shift+tab to enable auto-accept[39m
[38;2;138;148;168m────────────────────────────────────────────────────────────────────────────────[39m
❯ [7mA[27m[38;2;138;148;168msk your question...[39m
[38;2;138;148;168m────────────────────────────────────────────────────────────────────────────────[39m
  [38;2;138;148;168m? for shortcuts · [38;2;2;136;142mtaste on[39m



[?2026l[?2026h[2K[1A[2K[1A[2K[1A[2K[1A[2K[1A[2K[1A[2K[1A[2K[1A[2K[1A[2K[1A[2K[1A[2K[G[38;2;228;204;255m✻ Thinking… (15 lines) [38;2;53;61;80m[[38;2;138;148;168mctrl+o to expand[38;2;53;61;80m][39m

[48;2;45;43;85m[38;2;228;204;255m [1m◇ [22m[38;2;204;199;225mR[38;2;255;255;255me[38;2;234;218;255ma[38;2;171;165;206ms[38;2;228;204;255mo[38;2;165;153;233mn[38;2;110;97;163ming…[38;2;228;204;255m [39m[49m [1m[38;2;138;148;168mesc[39m[22m [38;2;138;148;168mto interrupt[39m [38;2;138;148;168m•[39m [38;2;138;148;168m20s[39m [38;2;138;148;168m•[39m [38;2;138;148;168m↓[39m [38;2;138;148;168m17.1k[39m
 [38;2;138;148;168m ⎿  Tip: Use shift+tab to enable auto-accept[39m
[38;2;138;148;168m────────────────────────────────────────────────────────────────────────────────[39m
❯ [7mA[27m[38;2;138;148;168msk your question...[39m
[38;2;138;148;168m────────────────────────────────────────────────────────────────────────────────[39m
  [38;2;138;148;168m? for shortcuts · [38;2;2;136;142mtaste on[39m



[?2026l[?2026h[2K[1A[2K[1A[2K[1A[2K[1A[2K[1A[2K[1A[2K[1A[2K[1A[2K[1A[2K[1A[2K[1A[2K[G[38;2;228;204;255m✻ Thinking… (15 lines) [38;2;53;61;80m[[38;2;138;148;168mctrl+o to expand[38;2;53;61;80m][39m

[48;2;45;43;85m[38;2;228;204;255m [1m○ [22m[38;2;171;165;206mR[38;2;204;199;225me[38;2;255;255;255ma[38;2;234;218;255ms[38;2;171;165;206mo[38;2;228;204;255mn[38;2;165;153;233mi[38;2;110;97;163mng…[38;2;228;204;255m [39m[49m [1m[38;2;138;148;168mesc[39m[22m [38;2;138;148;168mto interrupt[39m [38;2;138;148;168m•[39m [38;2;138;148;168m20s[39m [38;2;138;148;168m•[39m [38;2;138;148;168m↓[39m [38;2;138;148;168m17.1k[39m
 [38;2;138;148;168m ⎿  Tip: Use shift+tab to enable auto-accept[39m
[38;2;138;148;168m────────────────────────────────────────────────────────────────────────────────[39m
❯ [7mA[27m[38;2;138;148;168msk your question...[39m
[38;2;138;148;168m────────────────────────────────────────────────────────────────────────────────[39m
  [38;2;138;148;168m? for shortcuts · [38;2;2;136;142mtaste on[39m



[?2026l[?2026h[2K[1A[2K[1A[2K[1A[2K[1A[2K[1A[2K[1A[2K[1A[2K[1A[2K[1A[2K[1A[2K[1A[2K[G[38;2;228;204;255m✻ Thinking… (17 lines) [38;2;53;61;80m[[38;2;138;148;168mctrl+o to expand[38;2;53;61;80m][39m

[48;2;45;43;85m[38;2;228;204;255m [1m○ [22m[38;2;171;165;206mR[38;2;204;199;225me[38;2;255;255;255ma[38;2;234;218;255ms[38;2;171;165;206mo[38;2;228;204;255mn[38;2;165;153;233mi[38;2;110;97;163mng…[38;2;228;204;255m [39m[49m [1m[38;2;138;148;168mesc[39m[22m [38;2;138;148;168mto interrupt[39m [38;2;138;148;168m•[39m [38;2;138;148;168m20s[39m [38;2;138;148;168m•[39m [38;2;138;148;168m↓[39m [38;2;138;148;168m17.1k[39m
 [38;2;138;148;168m ⎿  Tip: Use shift+tab to enable auto-accept[39m
[38;2;138;148;168m────────────────────────────────────────────────────────────────────────────────[39m
❯ [7mA[27m[38;2;138;148;168msk your question...[39m
[38;2;138;148;168m────────────────────────────────────────────────────────────────────────────────[39m
  [38;2;138;148;168m? for shortcuts · [38;2;2;136;142mtaste on[39m



[?2026l[?2026h[2K[1A[2K[1A[2K[1A[2K[1A[2K[1A[2K[1A[2K[1A[2K[1A[2K[1A[2K[1A[2K[1A[2K[G[38;2;228;204;255m✻ Thinking… (17 lines) [38;2;53;61;80m[[38;2;138;148;168mctrl+o to expand[38;2;53;61;80m][39m

[48;2;45;43;85m[38;2;228;204;255m [1m· [22mR[38;2;171;165;206me[38;2;204;199;225ma[38;2;255;255;255ms[38;2;234;218;255mo[38;2;171;165;206mn[38;2;228;204;255mi[38;2;165;153;233mn[38;2;110;97;163mg…[38;2;228;204;255m [39m[49m [1m[38;2;138;148;168mesc[39m[22m [38;2;138;148;168mto interrupt[39m [38;2;138;148;168m•[39m [38;2;138;148;168m20s[39m [38;2;138;148;168m•[39m [38;2;138;148;168m↓[39m [38;2;138;148;168m17.1k[39m
 [38;2;138;148;168m ⎿  Tip: Use shift+tab to enable auto-accept[39m
[38;2;138;148;168m────────────────────────────────────────────────────────────────────────────────[39m
❯ [7mA[27m[38;2;138;148;168msk your question...[39m
[38;2;138;148;168m────────────────────────────────────────────────────────────────────────────────[39m
  [38;2;138;148;168m? for shortcuts · [38;2;2;136;142mtaste on[39m



[?2026l[?2026h[2K[1A[2K[1A[2K[1A[2K[1A[2K[1A[2K[1A[2K[1A[2K[1A[2K[1A[2K[1A[2K[1A[2K[G[38;2;228;204;255m✻ Thinking… (17 lines) [38;2;53;61;80m[[38;2;138;148;168mctrl+o to expand[38;2;53;61;80m][39m

[48;2;45;43;85m[38;2;228;204;255m [1m· [22m[38;2;165;153;233mR[38;2;228;204;255me[38;2;171;165;206ma[38;2;204;199;225ms[38;2;255;255;255mo[38;2;234;218;255mn[38;2;171;165;206mi[38;2;228;204;255mn[38;2;165;153;233mg[38;2;110;97;163m…[38;2;228;204;255m [39m[49m [1m[38;2;138;148;168mesc[39m[22m [38;2;138;148;168mto interrupt[39m [38;2;138;148;168m•[39m [38;2;138;148;168m20s[39m [38;2;138;148;168m•[39m [38;2;138;148;168m↓[39m [38;2;138;148;168m17.2k[39m
 [38;2;138;148;168m ⎿  Tip: Use shift+tab to enable auto-accept[39m
[38;2;138;148;168m────────────────────────────────────────────────────────────────────────────────[39m
❯ [7mA[27m[38;2;138;148;168msk your question...[39m
[38;2;138;148;168m────────────────────────────────────────────────────────────────────────────────[39m
  [38;2;138;148;168m? for shortcuts · [38;2;2;136;142mtaste on[39m



[?2026l[?2026h[2K[1A[2K[1A[2K[1A[2K[1A[2K[1A[2K[1A[2K[1A[2K[1A[2K[1A[2K[1A[2K[1A[2K[G[38;2;228;204;255m✻ Thinking… (17 lines) [38;2;53;61;80m[[38;2;138;148;168mctrl+o to expand[38;2;53;61;80m][39m

[48;2;45;43;85m[38;2;228;204;255m [1m· [22m[38;2;110;97;163mR[38;2;165;153;233me[38;2;228;204;255ma[38;2;171;165;206ms[38;2;204;199;225mo[38;2;255;255;255mn[38;2;234;218;255mi[38;2;171;165;206mn[38;2;228;204;255mg[38;2;165;153;233m…[38;2;228;204;255m [39m[49m [1m[38;2;138;148;168mesc[39m[22m [38;2;138;148;168mto interrupt[39m [38;2;138;148;168m•[39m [38;2;138;148;168m20s[39m [38;2;138;148;168m•[39m [38;2;138;148;168m↓[39m [38;2;138;148;168m17.2k[39m
 [38;2;138;148;168m ⎿  Tip: Use shift+tab to enable auto-accept[39m
[38;2;138;148;168m────────────────────────────────────────────────────────────────────────────────[39m
❯ [7mA[27m[38;2;138;148;168msk your question...[39m
[38;2;138;148;168m────────────────────────────────────────────────────────────────────────────────[39m
  [38;2;138;148;168m? for shortcuts · [38;2;2;136;142mtaste on[39m



[?2026l[?2026h[2K[1A[2K[1A[2K[1A[2K[1A[2K[1A[2K[1A[2K[1A[2K[1A[2K[1A[2K[1A[2K[1A[2K[G[38;2;228;204;255m✻ Thinking… (19 lines) [38;2;53;61;80m[[38;2;138;148;168mctrl+o to expand[38;2;53;61;80m][39m

[48;2;45;43;85m[38;2;228;204;255m [1m· [22m[38;2;110;97;163mR[38;2;165;153;233me[38;2;228;204;255ma[38;2;171;165;206ms[38;2;204;199;225mo[38;2;255;255;255mn[38;2;234;218;255mi[38;2;171;165;206mn[38;2;228;204;255mg[38;2;165;153;233m…[38;2;228;204;255m [39m[49m [1m[38;2;138;148;168mesc[39m[22m [38;2;138;148;168mto interrupt[39m [38;2;138;148;168m•[39m [38;2;138;148;168m20s[39m [38;2;138;148;168m•[39m [38;2;138;148;168m↓[39m [38;2;138;148;168m17.2k[39m
 [38;2;138;148;168m ⎿  Tip: Use shift+tab to enable auto-accept[39m
[38;2;138;148;168m────────────────────────────────────────────────────────────────────────────────[39m
❯ [7mA[27m[38;2;138;148;168msk your question...[39m
[38;2;138;148;168m────────────────────────────────────────────────────────────────────────────────[39m
  [38;2;138;148;168m? for shortcuts · [38;2;2;136;142mtaste on[39m



[?2026l[?2026h[2K[1A[2K[1A[2K[1A[2K[1A[2K[1A[2K[1A[2K[1A[2K[1A[2K[1A[2K[1A[2K[1A[2K[G[38;2;228;204;255m✻ Thinking… (19 lines) [38;2;53;61;80m[[38;2;138;148;168mctrl+o to expand[38;2;53;61;80m][39m

[48;2;45;43;85m[38;2;228;204;255m [1m○ [22m[38;2;110;97;163mRe[38;2;165;153;233ma[38;2;228;204;255ms[38;2;171;165;206mo[38;2;204;199;225mn[38;2;255;255;255mi[38;2;234;218;255mn[38;2;171;165;206mg[38;2;228;204;255m… [39m[49m [1m[38;2;138;148;168mesc[39m[22m [38;2;138;148;168mto interrupt[39m [38;2;138;148;168m•[39m [38;2;138;148;168m20s[39m [38;2;138;148;168m•[39m [38;2;138;148;168m↓[39m [38;2;138;148;168m17.2k[39m
 [38;2;138;148;168m ⎿  Tip: Use shift+tab to enable auto-accept[39m
[38;2;138;148;168m────────────────────────────────────────────────────────────────────────────────[39m
❯ [7mA[27m[38;2;138;148;168msk your question...[39m
[38;2;138;148;168m────────────────────────────────────────────────────────────────────────────────[39m
  [38;2;138;148;168m? for shortcuts · [38;2;2;136;142mtaste on[39m



[?2026l[?2026h[2K[1A[2K[1A[2K[1A[2K[1A[2K[1A[2K[1A[2K[1A[2K[1A[2K[1A[2K[1A[2K[1A[2K[G[38;2;228;204;255m✻ Thinking… (19 lines) [38;2;53;61;80m[[38;2;138;148;168mctrl+o to expand[38;2;53;61;80m][39m

[48;2;45;43;85m[38;2;228;204;255m [1m○ [22m[38;2;110;97;163mRea[38;2;165;153;233ms[38;2;228;204;255mo[38;2;171;165;206mn[38;2;204;199;225mi[38;2;255;255;255mn[38;2;234;218;255mg[38;2;171;165;206m…[38;2;228;204;255m [39m[49m [1m[38;2;138;148;168mesc[39m[22m [38;2;138;148;168mto interrupt[39m [38;2;138;148;168m•[39m [38;2;138;148;168m20s[39m [38;2;138;148;168m•[39m [38;2;138;148;168m↓[39m [38;2;138;148;168m17.3k[39m
 [38;2;138;148;168m ⎿  Tip: Use shift+tab to enable auto-accept[39m
[38;2;138;148;168m────────────────────────────────────────────────────────────────────────────────[39m
❯ [7mA[27m[38;2;138;148;168msk your question...[39m
[38;2;138;148;168m────────────────────────────────────────────────────────────────────────────────[39m
  [38;2;138;148;168m? for shortcuts · [38;2;2;136;142mtaste on[39m



[?2026l[?2026h[2K[1A[2K[1A[2K[1A[2K[1A[2K[1A[2K[1A[2K[1A[2K[1A[2K[1A[2K[1A[2K[1A[2K[G[38;2;228;204;255m✻ Thinking… (23 lines) [38;2;53;61;80m[[38;2;138;148;168mctrl+o to expand[38;2;53;61;80m][39m

[48;2;45;43;85m[38;2;228;204;255m [1m◇ [22m[38;2;110;97;163mReas[38;2;165;153;233mo[38;2;228;204;255mn[38;2;171;165;206mi[38;2;204;199;225mn[38;2;255;255;255mg[38;2;234;218;255m…[38;2;228;204;255m [39m[49m [1m[38;2;138;148;168mesc[39m[22m [38;2;138;148;168mto interrupt[39m [38;2;138;148;168m•[39m [38;2;138;148;168m21s[39m [38;2;138;148;168m•[39m [38;2;138;148;168m↓[39m [38;2;138;148;168m17.3k[39m
 [38;2;138;148;168m ⎿  Tip: Use shift+tab to enable auto-accept[39m
[38;2;138;148;168m────────────────────────────────────────────────────────────────────────────────[39m
❯ [7mA[27m[38;2;138;148;168msk your question...[39m
[38;2;138;148;168m────────────────────────────────────────────────────────────────────────────────[39m
  [38;2;138;148;168m? for shortcuts · [38;2;2;136;142mtaste on[39m



[?2026l[?2026h[2K[1A[2K[1A[2K[1A[2K[1A[2K[1A[2K[1A[2K[1A[2K[1A[2K[1A[2K[1A[2K[1A[2K[G[38;2;228;204;255m✻ Thinking… (23 lines) [38;2;53;61;80m[[38;2;138;148;168mctrl+o to expand[38;2;53;61;80m][39m

[48;2;45;43;85m[38;2;228;204;255m [1m☆ [22m[38;2;110;97;163mReaso[38;2;165;153;233mn[38;2;228;204;255mi[38;2;171;165;206mn[38;2;204;199;225mg[38;2;255;255;255m…[38;2;228;204;255m [39m[49m [1m[38;2;138;148;168mesc[39m[22m [38;2;138;148;168mto interrupt[39m [38;2;138;148;168m•[39m [38;2;138;148;168m21s[39m [38;2;138;148;168m•[39m [38;2;138;148;168m↓[39m [38;2;138;148;168m17.3k[39m
 [38;2;138;148;168m ⎿  Tip: Use shift+tab to enable auto-accept[39m
[38;2;138;148;168m────────────────────────────────────────────────────────────────────────────────[39m
❯ [7mA[27m[38;2;138;148;168msk your question...[39m
[38;2;138;148;168m────────────────────────────────────────────────────────────────────────────────[39m
  [38;2;138;148;168m? for shortcuts · [38;2;2;136;142mtaste on[39m



[?2026l[?2026h[2K[1A[2K[1A[2K[1A[2K[1A[2K[1A[2K[1A[2K[1A[2K[1A[2K[1A[2K[1A[2K[1A[2K[G[38;2;228;204;255m✻ Thinking… (25 lines) [38;2;53;61;80m[[38;2;138;148;168mctrl+o to expand[38;2;53;61;80m][39m

[48;2;45;43;85m[38;2;228;204;255m [1m☆ [22m[38;2;110;97;163mReaso[38;2;165;153;233mn[38;2;228;204;255mi[38;2;171;165;206mn[38;2;204;199;225mg[38;2;255;255;255m…[38;2;228;204;255m [39m[49m [1m[38;2;138;148;168mesc[39m[22m [38;2;138;148;168mto interrupt[39m [38;2;138;148;168m•[39m [38;2;138;148;168m21s[39m [38;2;138;148;168m•[39m [38;2;138;148;168m↓[39m [38;2;138;148;168m17.3k[39m
 [38;2;138;148;168m ⎿  Tip: Use shift+tab to enable auto-accept[39m
[38;2;138;148;168m────────────────────────────────────────────────────────────────────────────────[39m
❯ [7mA[27m[38;2;138;148;168msk your question...[39m
[38;2;138;148;168m────────────────────────────────────────────────────────────────────────────────[39m
  [38;2;138;148;168m? for shortcuts · [38;2;2;136;142mtaste on[39m



[?2026l[?2026h[2K[1A[2K[1A[2K[1A[2K[1A[2K[1A[2K[1A[2K[1A[2K[1A[2K[1A[2K[1A[2K[1A[2K[G[38;2;228;204;255m✻ Thinking… (25 lines) [38;2;53;61;80m[[38;2;138;148;168mctrl+o to expand[38;2;53;61;80m][39m

[48;2;45;43;85m[38;2;228;204;255m [1m✧ [22m[38;2;110;97;163mReason[38;2;165;153;233mi[38;2;228;204;255mn[38;2;171;165;206mg[38;2;204;199;225m…[38;2;228;204;255m [39m[49m [1m[38;2;138;148;168mesc[39m[22m [38;2;138;148;168mto interrupt[39m [38;2;138;148;168m•[39m [38;2;138;148;168m21s[39m [38;2;138;148;168m•[39m [38;2;138;148;168m↓[39m [38;2;138;148;168m17.3k[39m
 [38;2;138;148;168m ⎿  Tip: Use shift+tab to enable auto-accept[39m
[38;2;138;148;168m────────────────────────────────────────────────────────────────────────────────[39m
❯ [7mA[27m[38;2;138;148;168msk your question...[39m
[38;2;138;148;168m────────────────────────────────────────────────────────────────────────────────[39m
  [38;2;138;148;168m? for shortcuts · [38;2;2;136;142mtaste on[39m



[?2026l[?2026h[2K[1A[2K[1A[2K[1A[2K[1A[2K[1A[2K[1A[2K[1A[2K[1A[2K[1A[2K[1A[2K[1A[2K[G[38;2;228;204;255m✻ Thinking… (27 lines) [38;2;53;61;80m[[38;2;138;148;168mctrl+o to expand[38;2;53;61;80m][39m

[48;2;45;43;85m[38;2;228;204;255m [1m☆ [22m[38;2;110;97;163mReasoni[38;2;165;153;233mn[38;2;228;204;255mg[38;2;171;165;206m…[38;2;228;204;255m [39m[49m [1m[38;2;138;148;168mesc[39m[22m [38;2;138;148;168mto interrupt[39m [38;2;138;148;168m•[39m [38;2;138;148;168m21s[39m [38;2;138;148;168m•[39m [38;2;138;148;168m↓[39m [38;2;138;148;168m17.4k[39m
 [38;2;138;148;168m ⎿  Tip: Use shift+tab to enable auto-accept[39m
[38;2;138;148;168m────────────────────────────────────────────────────────────────────────────────[39m
❯ [7mA[27m[38;2;138;148;168msk your question...[39m
[38;2;138;148;168m────────────────────────────────────────────────────────────────────────────────[39m
  [38;2;138;148;168m? for shortcuts · [38;2;2;136;142mtaste on[39m



[?2026l[?2026h[2K[1A[2K[1A[2K[1A[2K[1A[2K[1A[2K[1A[2K[1A[2K[1A[2K[1A[2K[1A[2K[1A[2K[G[38;2;228;204;255m✻ Thinking… (27 lines) [38;2;53;61;80m[[38;2;138;148;168mctrl+o to expand[38;2;53;61;80m][39m

[48;2;45;43;85m[38;2;228;204;255m [1m◇ [22m[38;2;110;97;163mReasonin[38;2;165;153;233mg[38;2;228;204;255m… [39m[49m [1m[38;2;138;148;168mesc[39m[22m [38;2;138;148;168mto interrupt[39m [38;2;138;148;168m•[39m [38;2;138;148;168m21s[39m [38;2;138;148;168m•[39m [38;2;138;148;168m↓[39m [38;2;138;148;168m17.4k[39m
 [38;2;138;148;168m ⎿  Tip: Use shift+tab to enable auto-accept[39m
[38;2;138;148;168m────────────────────────────────────────────────────────────────────────────────[39m
❯ [7mA[27m[38;2;138;148;168msk your question...[39m
[38;2;138;148;168m────────────────────────────────────────────────────────────────────────────────[39m
  [38;2;138;148;168m? for shortcuts · [38;2;2;136;142mtaste on[39m



[?2026l[?2026h[2K[1A[2K[1A[2K[1A[2K[1A[2K[1A[2K[1A[2K[1A[2K[1A[2K[1A[2K[1A[2K[1A[2K[G[38;2;228;204;255m✻ Thinking… (27 lines) [38;2;53;61;80m[[38;2;138;148;168mctrl+o to expand[38;2;53;61;80m][39m

[48;2;45;43;85m[38;2;228;204;255m [1m○ [22m[38;2;110;97;163mReasoning[38;2;165;153;233m…[38;2;228;204;255m [39m[49m [1m[38;2;138;148;168mesc[39m[22m [38;2;138;148;168mto interrupt[39m [38;2;138;148;168m•[39m [38;2;138;148;168m21s[39m [38;2;138;148;168m•[39m [38;2;138;148;168m↓[39m [38;2;138;148;168m17.4k[39m
 [38;2;138;148;168m ⎿  Tip: Use shift+tab to enable auto-accept[39m
[38;2;138;148;168m────────────────────────────────────────────────────────────────────────────────[39m
❯ [7mA[27m[38;2;138;148;168msk your question...[39m
[38;2;138;148;168m────────────────────────────────────────────────────────────────────────────────[39m
  [38;2;138;148;168m? for shortcuts · [38;2;2;136;142mtaste on[39m



[?2026l[?2026h[2K[1A[2K[1A[2K[1A[2K[1A[2K[1A[2K[1A[2K[1A[2K[1A[2K[1A[2K[1A[2K[1A[2K[G[38;2;228;204;255m✻ Thinking… (27 lines) [38;2;53;61;80m[[38;2;138;148;168mctrl+o to expand[38;2;53;61;80m][39m

[48;2;45;43;85m[38;2;228;204;255m [1m⌘ [22m[38;2;110;97;163mReasoning…[38;2;228;204;255m [39m[49m [1m[38;2;138;148;168mesc[39m[22m [38;2;138;148;168mto interrupt[39m [38;2;138;148;168m•[39m [38;2;138;148;168m21s[39m [38;2;138;148;168m•[39m [38;2;138;148;168m↓[39m [38;2;138;148;168m17.5k[39m
 [38;2;138;148;168m ⎿  Tip: Use shift+tab to enable auto-accept[39m
[38;2;138;148;168m────────────────────────────────────────────────────────────────────────────────[39m
❯ [7mA[27m[38;2;138;148;168msk your question...[39m
[38;2;138;148;168m────────────────────────────────────────────────────────────────────────────────[39m
  [38;2;138;148;168m? for shortcuts · [38;2;2;136;142mtaste on[39m



[?2026l[?2026h[2K[1A[2K[1A[2K[1A[2K[1A[2K[1A[2K[1A[2K[1A[2K[1A[2K[1A[2K[1A[2K[1A[2K[G[38;2;228;204;255m✻ Thinking… (27 lines) [38;2;53;61;80m[[38;2;138;148;168mctrl+o to expand[38;2;53;61;80m][39m

[48;2;45;43;85m[38;2;228;204;255m [1m○ [22m[38;2;110;97;163mReasoning…[38;2;228;204;255m [39m[49m [1m[38;2;138;148;168mesc[39m[22m [38;2;138;148;168mto interrupt[39m [38;2;138;148;168m•[39m [38;2;138;148;168m21s[39m [38;2;138;148;168m•[39m [38;2;138;148;168m↓[39m [38;2;138;148;168m17.6k[39m
 [38;2;138;148;168m ⎿  Tip: Use shift+tab to enable auto-accept[39m
[38;2;138;148;168m────────────────────────────────────────────────────────────────────────────────[39m
❯ [7mA[27m[38;2;138;148;168msk your question...[39m
[38;2;138;148;168m────────────────────────────────────────────────────────────────────────────────[39m
  [38;2;138;148;168m? for shortcuts · [38;2;2;136;142mtaste on[39m



[?2026l[?2026h[2K[1A[2K[1A[2K[1A[2K[1A[2K[1A[2K[1A[2K[1A[2K[1A[2K[1A[2K[1A[2K[1A[2K[G[38;2;228;204;255m✻ Thinking… (29 lines) [38;2;53;61;80m[[38;2;138;148;168mctrl+o to expand[38;2;53;61;80m][39m

[48;2;45;43;85m[38;2;228;204;255m [1m○ [22m[38;2;110;97;163mReasoning…[38;2;228;204;255m [39m[49m [1m[38;2;138;148;168mesc[39m[22m [38;2;138;148;168mto interrupt[39m [38;2;138;148;168m•[39m [38;2;138;148;168m21s[39m [38;2;138;148;168m•[39m [38;2;138;148;168m↓[39m [38;2;138;148;168m17.6k[39m
 [38;2;138;148;168m ⎿  Tip: Use shift+tab to enable auto-accept[39m
[38;2;138;148;168m────────────────────────────────────────────────────────────────────────────────[39m
❯ [7mA[27m[38;2;138;148;168msk your question...[39m
[38;2;138;148;168m────────────────────────────────────────────────────────────────────────────────[39m
  [38;2;138;148;168m? for shortcuts · [38;2;2;136;142mtaste on[39m



[?2026l[?2026h[2K[1A[2K[1A[2K[1A[2K[1A[2K[1A[2K[1A[2K[1A[2K[1A[2K[1A[2K[1A[2K[1A[2K[G[38;2;228;204;255m✻ Thinking… (29 lines) [38;2;53;61;80m[[38;2;138;148;168mctrl+o to expand[38;2;53;61;80m][39m

[48;2;45;43;85m[38;2;228;204;255m [1m◇ [22m[38;2;234;218;255mR[38;2;171;165;206me[38;2;228;204;255ma[38;2;165;153;233ms[38;2;110;97;163moning…[38;2;228;204;255m [39m[49m [1m[38;2;138;148;168mesc[39m[22m [38;2;138;148;168mto interrupt[39m [38;2;138;148;168m•[39m [38;2;138;148;168m21s[39m [38;2;138;148;168m•[39m [38;2;138;148;168m↓[39m [38;2;138;148;168m17.6k[39m
 [38;2;138;148;168m ⎿  Tip: Use shift+tab to enable auto-accept[39m
[38;2;138;148;168m────────────────────────────────────────────────────────────────────────────────[39m
❯ [7mA[27m[38;2;138;148;168msk your question...[39m
[38;2;138;148;168m────────────────────────────────────────────────────────────────────────────────[39m
  [38;2;138;148;168m? for shortcuts · [38;2;2;136;142mtaste on[39m



[?2026l[?2026h[2K[1A[2K[1A[2K[1A[2K[1A[2K[1A[2K[1A[2K[1A[2K[1A[2K[1A[2K[1A[2K[1A[2K[G[38;2;228;204;255m✻ Thinking… (31 lines) [38;2;53;61;80m[[38;2;138;148;168mctrl+o to expand[38;2;53;61;80m][39m

[48;2;45;43;85m[38;2;228;204;255m [1m◇ [22m[38;2;234;218;255mR[38;2;171;165;206me[38;2;228;204;255ma[38;2;165;153;233ms[38;2;110;97;163moning…[38;2;228;204;255m [39m[49m [1m[38;2;138;148;168mesc[39m[22m [38;2;138;148;168mto interrupt[39m [38;2;138;148;168m•[39m [38;2;138;148;168m21s[39m [38;2;138;148;168m•[39m [38;2;138;148;168m↓[39m [38;2;138;148;168m17.6k[39m
 [38;2;138;148;168m ⎿  Tip: Use shift+tab to enable auto-accept[39m
[38;2;138;148;168m────────────────────────────────────────────────────────────────────────────────[39m
❯ [7mA[27m[38;2;138;148;168msk your question...[39m
[38;2;138;148;168m────────────────────────────────────────────────────────────────────────────────[39m
  [38;2;138;148;168m? for shortcuts · [38;2;2;136;142mtaste on[39m



[?2026l[?2026h[2K[1A[2K[1A[2K[1A[2K[1A[2K[1A[2K[1A[2K[1A[2K[1A[2K[1A[2K[1A[2K[1A[2K[G[38;2;228;204;255m✻ Thinking… (31 lines) [38;2;53;61;80m[[38;2;138;148;168mctrl+o to expand[38;2;53;61;80m][39m

[48;2;45;43;85m[38;2;228;204;255m [1m☆ [22m[38;2;255;255;255mR[38;2;234;218;255me[38;2;171;165;206ma[38;2;228;204;255ms[38;2;165;153;233mo[38;2;110;97;163mning…[38;2;228;204;255m [39m[49m [1m[38;2;138;148;168mesc[39m[22m [38;2;138;148;168mto interrupt[39m [38;2;138;148;168m•[39m [38;2;138;148;168m21s[39m [38;2;138;148;168m•[39m [38;2;138;148;168m↓[39m [38;2;138;148;168m17.6k[39m
 [38;2;138;148;168m ⎿  Tip: Use shift+tab to enable auto-accept[39m
[38;2;138;148;168m────────────────────────────────────────────────────────────────────────────────[39m
❯ [7mA[27m[38;2;138;148;168msk your question...[39m
[38;2;138;148;168m────────────────────────────────────────────────────────────────────────────────[39m
  [38;2;138;148;168m? for shortcuts · [38;2;2;136;142mtaste on[39m



[?2026l[?2026h[2K[1A[2K[1A[2K[1A[2K[1A[2K[1A[2K[1A[2K[1A[2K[1A[2K[1A[2K[1A[2K[1A[2K[G[38;2;228;204;255m✻ Thinking… (31 lines) [38;2;53;61;80m[[38;2;138;148;168mctrl+o to expand[38;2;53;61;80m][39m

[48;2;45;43;85m[38;2;228;204;255m [1m☆ [22m[38;2;255;255;255mR[38;2;234;218;255me[38;2;171;165;206ma[38;2;228;204;255ms[38;2;165;153;233mo[38;2;110;97;163mning…[38;2;228;204;255m [39m[49m [1m[38;2;138;148;168mesc[39m[22m [38;2;138;148;168mto interrupt[39m [38;2;138;148;168m•[39m [38;2;138;148;168m22s[39m [38;2;138;148;168m•[39m [38;2;138;148;168m↓[39m [38;2;138;148;168m17.6k[39m
[38;2;138;148;168m────────────────────────────────────────────────────────────────────────────────[39m
❯ [7mA[27m[38;2;138;148;168msk your question...[39m
[38;2;138;148;168m────────────────────────────────────────────────────────────────────────────────[39m
  [38;2;138;148;168m? for shortcuts · [38;2;2;136;142mtaste on[39m



[?2026l[?2026h[2K[1A[2K[1A[2K[1A[2K[1A[2K[1A[2K[1A[2K[1A[2K[1A[2K[1A[2K[1A[2K[G[38;2;228;204;255m✻ Thinking… (31 lines) [38;2;53;61;80m[[38;2;138;148;168mctrl+o to expand[38;2;53;61;80m][39m

[48;2;45;43;85m[38;2;228;204;255m [1m✧ [22m[38;2;204;199;225mR[38;2;255;255;255me[38;2;234;218;255ma[38;2;171;165;206ms[38;2;228;204;255mo[38;2;165;153;233mn[38;2;110;97;163ming…[38;2;228;204;255m [39m[49m [1m[38;2;138;148;168mesc[39m[22m [38;2;138;148;168mto interrupt[39m [38;2;138;148;168m•[39m [38;2;138;148;168m22s[39m [38;2;138;148;168m•[39m [38;2;138;148;168m↓[39m [38;2;138;148;168m17.7k[39m
[38;2;138;148;168m────────────────────────────────────────────────────────────────────────────────[39m
❯ [7mA[27m[38;2;138;148;168msk your question...[39m
[38;2;138;148;168m────────────────────────────────────────────────────────────────────────────────[39m
  [38;2;138;148;168m? for shortcuts · [38;2;2;136;142mtaste on[39m



[?2026l[?2026h[2K[1A[2K[1A[2K[1A[2K[1A[2K[1A[2K[1A[2K[1A[2K[1A[2K[1A[2K[1A[2K[G[38;2;228;204;255m✻ Thinking… (33 lines) [38;2;53;61;80m[[38;2;138;148;168mctrl+o to expand[38;2;53;61;80m][39m

[48;2;45;43;85m[38;2;228;204;255m [1m✧ [22m[38;2;204;199;225mR[38;2;255;255;255me[38;2;234;218;255ma[38;2;171;165;206ms[38;2;228;204;255mo[38;2;165;153;233mn[38;2;110;97;163ming…[38;2;228;204;255m [39m[49m [1m[38;2;138;148;168mesc[39m[22m [38;2;138;148;168mto interrupt[39m [38;2;138;148;168m•[39m [38;2;138;148;168m22s[39m [38;2;138;148;168m•[39m [38;2;138;148;168m↓[39m [38;2;138;148;168m17.7k[39m
[38;2;138;148;168m────────────────────────────────────────────────────────────────────────────────[39m
❯ [7mA[27m[38;2;138;148;168msk your question...[39m
[38;2;138;148;168m────────────────────────────────────────────────────────────────────────────────[39m
  [38;2;138;148;168m? for shortcuts · [38;2;2;136;142mtaste on[39m



[?2026l[?2026h[2K[1A[2K[1A[2K[1A[2K[1A[2K[1A[2K[1A[2K[1A[2K[1A[2K[1A[2K[1A[2K[G[38;2;228;204;255m✻ Thinking… (33 lines) [38;2;53;61;80m[[38;2;138;148;168mctrl+o to expand[38;2;53;61;80m][39m

[48;2;45;43;85m[38;2;228;204;255m [1m☆ [22m[38;2;171;165;206mR[38;2;204;199;225me[38;2;255;255;255ma[38;2;234;218;255ms[38;2;171;165;206mo[38;2;228;204;255mn[38;2;165;153;233mi[38;2;110;97;163mng…[38;2;228;204;255m [39m[49m [1m[38;2;138;148;168mesc[39m[22m [38;2;138;148;168mto interrupt[39m [38;2;138;148;168m•[39m [38;2;138;148;168m22s[39m [38;2;138;148;168m•[39m [38;2;138;148;168m↓[39m [38;2;138;148;168m17.7k[39m
[38;2;138;148;168m────────────────────────────────────────────────────────────────────────────────[39m
❯ [7mA[27m[38;2;138;148;168msk your question...[39m
[38;2;138;148;168m────────────────────────────────────────────────────────────────────────────────[39m
  [38;2;138;148;168m? for shortcuts · [38;2;2;136;142mtaste on[39m



[?2026l[?2026h[2K[1A[2K[1A[2K[1A[2K[1A[2K[1A[2K[1A[2K[1A[2K[1A[2K[1A[2K[1A[2K[G[38;2;228;204;255m✻ Thinking… (33 lines) [38;2;53;61;80m[[38;2;138;148;168mctrl+o to expand[38;2;53;61;80m][39m

[48;2;45;43;85m[38;2;228;204;255m [1m◇ [22mR[38;2;171;165;206me[38;2;204;199;225ma[38;2;255;255;255ms[38;2;234;218;255mo[38;2;171;165;206mn[38;2;228;204;255mi[38;2;165;153;233mn[38;2;110;97;163mg…[38;2;228;204;255m [39m[49m [1m[38;2;138;148;168mesc[39m[22m [38;2;138;148;168mto interrupt[39m [38;2;138;148;168m•[39m [38;2;138;148;168m22s[39m [38;2;138;148;168m•[39m [38;2;138;148;168m↓[39m [38;2;138;148;168m17.7k[39m
[38;2;138;148;168m────────────────────────────────────────────────────────────────────────────────[39m
❯ [7mA[27m[38;2;138;148;168msk your question...[39m
[38;2;138;148;168m────────────────────────────────────────────────────────────────────────────────[39m
  [38;2;138;148;168m? for shortcuts · [38;2;2;136;142mtaste on[39m



[?2026l[?2026h[2K[1A[2K[1A[2K[1A[2K[1A[2K[1A[2K[1A[2K[1A[2K[1A[2K[1A[2K[1A[2K[G[38;2;228;204;255m✻ Thinking… (33 lines) [38;2;53;61;80m[[38;2;138;148;168mctrl+o to expand[38;2;53;61;80m][39m

[48;2;45;43;85m[38;2;228;204;255m [1m○ [22m[38;2;165;153;233mR[38;2;228;204;255me[38;2;171;165;206ma[38;2;204;199;225ms[38;2;255;255;255mo[38;2;234;218;255mn[38;2;171;165;206mi[38;2;228;204;255mn[38;2;165;153;233mg[38;2;110;97;163m…[38;2;228;204;255m [39m[49m [1m[38;2;138;148;168mesc[39m[22m [38;2;138;148;168mto interrupt[39m [38;2;138;148;168m•[39m [38;2;138;148;168m22s[39m [38;2;138;148;168m•[39m [38;2;138;148;168m↓[39m [38;2;138;148;168m17.7k[39m
[38;2;138;148;168m────────────────────────────────────────────────────────────────────────────────[39m
❯ [7mA[27m[38;2;138;148;168msk your question...[39m
[38;2;138;148;168m────────────────────────────────────────────────────────────────────────────────[39m
  [38;2;138;148;168m? for shortcuts · [38;2;2;136;142mtaste on[39m



[?2026l[?2026h[2K[1A[2K[1A[2K[1A[2K[1A[2K[1A[2K[1A[2K[1A[2K[1A[2K[1A[2K[1A[2K[G[38;2;228;204;255m✻ Thinking… (33 lines) [38;2;53;61;80m[[38;2;138;148;168mctrl+o to expand[38;2;53;61;80m][39m

[48;2;45;43;85m[38;2;228;204;255m [1m· [22m[38;2;110;97;163mR[38;2;165;153;233me[38;2;228;204;255ma[38;2;171;165;206ms[38;2;204;199;225mo[38;2;255;255;255mn[38;2;234;218;255mi[38;2;171;165;206mn[38;2;228;204;255mg[38;2;165;153;233m…[38;2;228;204;255m [39m[49m [1m[38;2;138;148;168mesc[39m[22m [38;2;138;148;168mto interrupt[39m [38;2;138;148;168m•[39m [38;2;138;148;168m22s[39m [38;2;138;148;168m•[39m [38;2;138;148;168m↓[39m [38;2;138;148;168m17.8k[39m
[38;2;138;148;168m────────────────────────────────────────────────────────────────────────────────[39m
❯ [7mA[27m[38;2;138;148;168msk your question...[39m
[38;2;138;148;168m────────────────────────────────────────────────────────────────────────────────[39m
  [38;2;138;148;168m? for shortcuts · [38;2;2;136;142mtaste on[39m



[?2026l[?2026h[2K[1A[2K[1A[2K[1A[2K[1A[2K[1A[2K[1A[2K[1A[2K[1A[2K[1A[2K[1A[2K[G[38;2;228;204;255m✻ Thinking… (33 lines) [38;2;53;61;80m[[38;2;138;148;168mctrl+o to expand[38;2;53;61;80m][39m

[48;2;45;43;85m[38;2;228;204;255m [1m· [22m[38;2;110;97;163mRe[38;2;165;153;233ma[38;2;228;204;255ms[38;2;171;165;206mo[38;2;204;199;225mn[38;2;255;255;255mi[38;2;234;218;255mn[38;2;171;165;206mg[38;2;228;204;255m… [39m[49m [1m[38;2;138;148;168mesc[39m[22m [38;2;138;148;168mto interrupt[39m [38;2;138;148;168m•[39m [38;2;138;148;168m22s[39m [38;2;138;148;168m•[39m [38;2;138;148;168m↓[39m [38;2;138;148;168m17.8k[39m
[38;2;138;148;168m────────────────────────────────────────────────────────────────────────────────[39m
❯ [7mA[27m[38;2;138;148;168msk your question...[39m
[38;2;138;148;168m────────────────────────────────────────────────────────────────────────────────[39m
  [38;2;138;148;168m? for shortcuts · [38;2;2;136;142mtaste on[39m



[?2026l[?2026h[2K[1A[2K[1A[2K[1A[2K[1A[2K[1A[2K[1A[2K[1A[2K[1A[2K[1A[2K[1A[2K[G[38;2;228;204;255m✻ Thinking… (37 lines) [38;2;53;61;80m[[38;2;138;148;168mctrl+o to expand[38;2;53;61;80m][39m

[48;2;45;43;85m[38;2;228;204;255m [1m· [22m[38;2;110;97;163mRe[38;2;165;153;233ma[38;2;228;204;255ms[38;2;171;165;206mo[38;2;204;199;225mn[38;2;255;255;255mi[38;2;234;218;255mn[38;2;171;165;206mg[38;2;228;204;255m… [39m[49m [1m[38;2;138;148;168mesc[39m[22m [38;2;138;148;168mto interrupt[39m [38;2;138;148;168m•[39m [38;2;138;148;168m22s[39m [38;2;138;148;168m•[39m [38;2;138;148;168m↓[39m [38;2;138;148;168m17.8k[39m
[38;2;138;148;168m────────────────────────────────────────────────────────────────────────────────[39m
❯ [7mA[27m[38;2;138;148;168msk your question...[39m
[38;2;138;148;168m────────────────────────────────────────────────────────────────────────────────[39m
  [38;2;138;148;168m? for shortcuts · [38;2;2;136;142mtaste on[39m



[?2026l[?2026h[2K[1A[2K[1A[2K[1A[2K[1A[2K[1A[2K[1A[2K[1A[2K[1A[2K[1A[2K[1A[2K[G[38;2;228;204;255m✻ Thinking… (37 lines) [38;2;53;61;80m[[38;2;138;148;168mctrl+o to expand[38;2;53;61;80m][39m

[48;2;45;43;85m[38;2;228;204;255m [1m· [22m[38;2;110;97;163mRea[38;2;165;153;233ms[38;2;228;204;255mo[38;2;171;165;206mn[38;2;204;199;225mi[38;2;255;255;255mn[38;2;234;218;255mg[38;2;171;165;206m…[38;2;228;204;255m [39m[49m [1m[38;2;138;148;168mesc[39m[22m [38;2;138;148;168mto interrupt[39m [38;2;138;148;168m•[39m [38;2;138;148;168m22s[39m [38;2;138;148;168m•[39m [38;2;138;148;168m↓[39m [38;2;138;148;168m17.8k[39m
[38;2;138;148;168m────────────────────────────────────────────────────────────────────────────────[39m
❯ [7mA[27m[38;2;138;148;168msk your question...[39m
[38;2;138;148;168m────────────────────────────────────────────────────────────────────────────────[39m
  [38;2;138;148;168m? for shortcuts · [38;2;2;136;142mtaste on[39m



[?2026l[?2026h[2K[1A[2K[1A[2K[1A[2K[1A[2K[1A[2K[1A[2K[1A[2K[1A[2K[1A[2K[1A[2K[G[38;2;228;204;255m✻ Thinking… (37 lines) [38;2;53;61;80m[[38;2;138;148;168mctrl+o to expand[38;2;53;61;80m][39m

[48;2;45;43;85m[38;2;228;204;255m [1m○ [22m[38;2;110;97;163mReas[38;2;165;153;233mo[38;2;228;204;255mn[38;2;171;165;206mi[38;2;204;199;225mn[38;2;255;255;255mg[38;2;234;218;255m…[38;2;228;204;255m [39m[49m [1m[38;2;138;148;168mesc[39m[22m [38;2;138;148;168mto interrupt[39m [38;2;138;148;168m•[39m [38;2;138;148;168m22s[39m [38;2;138;148;168m•[39m [38;2;138;148;168m↓[39m [38;2;138;148;168m17.8k[39m
[38;2;138;148;168m────────────────────────────────────────────────────────────────────────────────[39m
❯ [7mA[27m[38;2;138;148;168msk your question...[39m
[38;2;138;148;168m────────────────────────────────────────────────────────────────────────────────[39m
  [38;2;138;148;168m? for shortcuts · [38;2;2;136;142mtaste on[39m



[?2026l[?2026h[2K[1A[2K[1A[2K[1A[2K[1A[2K[1A[2K[1A[2K[1A[2K[1A[2K[1A[2K[1A[2K[G[38;2;228;204;255m✻ Thinking… (37 lines) [38;2;53;61;80m[[38;2;138;148;168mctrl+o to expand[38;2;53;61;80m][39m

[48;2;45;43;85m[38;2;228;204;255m [1m○ [22m[38;2;110;97;163mReaso[38;2;165;153;233mn[38;2;228;204;255mi[38;2;171;165;206mn[38;2;204;199;225mg[38;2;255;255;255m…[38;2;228;204;255m [39m[49m [1m[38;2;138;148;168mesc[39m[22m [38;2;138;148;168mto interrupt[39m [38;2;138;148;168m•[39m [38;2;138;148;168m22s[39m [38;2;138;148;168m•[39m [38;2;138;148;168m↓[39m [38;2;138;148;168m17.8k[39m
[38;2;138;148;168m────────────────────────────────────────────────────────────────────────────────[39m
❯ [7mA[27m[38;2;138;148;168msk your question...[39m
[38;2;138;148;168m────────────────────────────────────────────────────────────────────────────────[39m
  [38;2;138;148;168m? for shortcuts · [38;2;2;136;142mtaste on[39m



[?2026l[?2026h[2K[1A[2K[1A[2K[1A[2K[1A[2K[1A[2K[1A[2K[1A[2K[1A[2K[1A[2K[1A[2K[G[38;2;228;204;255m✻ Thought for 6 seconds [38;2;53;61;80m[[38;2;138;148;168mctrl+o to expand[38;2;53;61;80m][39m

[?2026h[38;2;165;153;233m⠶[39m Let me check the README

[48;2;45;43;85m[38;2;228;204;255m [1m○ [22m[38;2;110;97;163mReaso[38;2;165;153;233mn[38;2;228;204;255mi[38;2;171;165;206mn[38;2;204;199;225mg[38;2;255;255;255m…[38;2;228;204;255m [39m[49m [1m[38;2;138;148;168mesc[39m[22m [38;2;138;148;168mto interrupt[39m [38;2;138;148;168m•[39m [38;2;138;148;168m22s[39m [38;2;138;148;168m•[39m [38;2;138;148;168m↓[39m [38;2;138;148;168m17.8k[39m
[38;2;138;148;168m────────────────────────────────────────────────────────────────────────────────[39m
❯ [7mA[27m[38;2;138;148;168msk your question...[39m
[38;2;138;148;168m────────────────────────────────────────────────────────────────────────────────[39m
  [38;2;138;148;168m? for shortcuts · [38;2;2;136;142mtaste on[39m



[?2026l[?2026l[?2026h[2K[1A[2K[1A[2K[1A[2K[1A[2K[1A[2K[1A[2K[1A[2K[1A[2K[1A[2K[1A[2K[G[38;2;165;153;233m⠶[39m Let me check the README diff and verify a few specific claims.

[48;2;45;43;85m[38;2;228;204;255m [1m◇ [22m[38;2;110;97;163mReason[38;2;165;153;233mi[38;2;228;204;255mn[38;2;171;165;206mg[38;2;204;199;225m…[38;2;228;204;255m [39m[49m [1m[38;2;138;148;168mesc[39m[22m [38;2;138;148;168mto interrupt[39m [38;2;138;148;168m•[39m [38;2;138;148;168m22s[39m [38;2;138;148;168m•[39m [38;2;138;148;168m↓[39m [38;2;138;148;168m17.9k[39m
[38;2;138;148;168m────────────────────────────────────────────────────────────────────────────────[39m
❯ [7mA[27m[38;2;138;148;168msk your question...[39m
[38;2;138;148;168m────────────────────────────────────────────────────────────────────────────────[39m
  [38;2;138;148;168m? for shortcuts · [38;2;2;136;142mtaste on[39m



[?2026l[?2026h[2K[1A[2K[1A[2K[1A[2K[1A[2K[1A[2K[1A[2K[1A[2K[1A[2K[1A[2K[1A[2K[G[38;2;165;153;233m⠶[39m Let me check the README diff and verify a few specific claims.

[48;2;45;43;85m[38;2;228;204;255m [1m☆ [22m[38;2;110;97;163mReasoni[38;2;165;153;233mn[38;2;228;204;255mg[38;2;171;165;206m…[38;2;228;204;255m [39m[49m [1m[38;2;138;148;168mesc[39m[22m [38;2;138;148;168mto interrupt[39m [38;2;138;148;168m•[39m [38;2;138;148;168m22s[39m [38;2;138;148;168m•[39m [38;2;138;148;168m↓[39m [38;2;138;148;168m17.9k[39m
[38;2;138;148;168m────────────────────────────────────────────────────────────────────────────────[39m
❯ [7mA[27m[38;2;138;148;168msk your question...[39m
[38;2;138;148;168m────────────────────────────────────────────────────────────────────────────────[39m
  [38;2;138;148;168m? for shortcuts · [38;2;2;136;142mtaste on[39m



[?2026l[?2026h[2K[1A[2K[1A[2K[1A[2K[1A[2K[1A[2K[1A[2K[1A[2K[1A[2K[1A[2K[1A[2K[G[38;2;165;153;233m⠶[39m Let me check the README diff and verify a few specific claims.

[48;2;45;43;85m[38;2;228;204;255m [1m✧ [22m[38;2;110;97;163mReasonin[38;2;165;153;233mg[38;2;228;204;255m… [39m[49m [1m[38;2;138;148;168mesc[39m[22m [38;2;138;148;168mto interrupt[39m [38;2;138;148;168m•[39m [38;2;138;148;168m22s[39m [38;2;138;148;168m•[39m [38;2;138;148;168m↓[39m [38;2;138;148;168m17.9k[39m
[38;2;138;148;168m────────────────────────────────────────────────────────────────────────────────[39m
❯ [7mA[27m[38;2;138;148;168msk your question...[39m
[38;2;138;148;168m────────────────────────────────────────────────────────────────────────────────[39m
  [38;2;138;148;168m? for shortcuts · [38;2;2;136;142mtaste on[39m



[?2026l[?2026h[2K[1A[2K[1A[2K[1A[2K[1A[2K[1A[2K[1A[2K[1A[2K[1A[2K[1A[2K[1A[2K[G[38;2;165;153;233m⠶[39m Let me check the README diff and verify a few specific claims.

[48;2;45;43;85m[38;2;228;204;255m [1m☆ [22m[38;2;110;97;163mReasoning[38;2;165;153;233m…[38;2;228;204;255m [39m[49m [1m[38;2;138;148;168mesc[39m[22m [38;2;138;148;168mto interrupt[39m [38;2;138;148;168m•[39m [38;2;138;148;168m23s[39m [38;2;138;148;168m•[39m [38;2;138;148;168m↓[39m [38;2;138;148;168m17.9k[39m
[38;2;138;148;168m────────────────────────────────────────────────────────────────────────────────[39m
❯ [7mA[27m[38;2;138;148;168msk your question...[39m
[38;2;138;148;168m────────────────────────────────────────────────────────────────────────────────[39m
  [38;2;138;148;168m? for shortcuts · [38;2;2;136;142mtaste on[39m



[?2026l[?2026h[2K[1A[2K[1A[2K[1A[2K[1A[2K[1A[2K[1A[2K[1A[2K[1A[2K[1A[2K[1A[2K[G[38;2;165;153;233m⠶[39m Let me check the README diff and verify a few specific claims.

[48;2;45;43;85m[38;2;228;204;255m [1m◇ [22m[38;2;110;97;163mReasoning…[38;2;228;204;255m [39m[49m [1m[38;2;138;148;168mesc[39m[22m [38;2;138;148;168mto interrupt[39m [38;2;138;148;168m•[39m [38;2;138;148;168m23s[39m [38;2;138;148;168m•[39m [38;2;138;148;168m↓[39m [38;2;138;148;168m17.9k[39m
[38;2;138;148;168m────────────────────────────────────────────────────────────────────────────────[39m
❯ [7mA[27m[38;2;138;148;168msk your question...[39m
[38;2;138;148;168m────────────────────────────────────────────────────────────────────────────────[39m
  [38;2;138;148;168m? for shortcuts · [38;2;2;136;142mtaste on[39m



[?2026l[?2026h[2K[1A[2K[1A[2K[1A[2K[1A[2K[1A[2K[1A[2K[1A[2K[1A[2K[1A[2K[1A[2K[G[38;2;165;153;233m⠶[39m Let me check the README diff and verify a few specific claims.

[48;2;45;43;85m[38;2;228;204;255m [1m○ [22m[38;2;110;97;163mReasoning…[38;2;228;204;255m [39m[49m [1m[38;2;138;148;168mesc[39m[22m [38;2;138;148;168mto interrupt[39m [38;2;138;148;168m•[39m [38;2;138;148;168m23s[39m [38;2;138;148;168m•[39m [38;2;138;148;168m↓[39m [38;2;138;148;168m17.9k[39m
[38;2;138;148;168m────────────────────────────────────────────────────────────────────────────────[39m
❯ [7mA[27m[38;2;138;148;168msk your question...[39m
[38;2;138;148;168m────────────────────────────────────────────────────────────────────────────────[39m
  [38;2;138;148;168m? for shortcuts · [38;2;2;136;142mtaste on[39m



[?2026l[?2026h[2K[1A[2K[1A[2K[1A[2K[1A[2K[1A[2K[1A[2K[1A[2K[1A[2K[1A[2K[1A[2K[G[38;2;165;153;233m⠶[39m Let me check the README diff and verify a few specific claims.

[48;2;45;43;85m[38;2;228;204;255m [1m⌘ [22m[38;2;110;97;163mReasoning…[38;2;228;204;255m [39m[49m [1m[38;2;138;148;168mesc[39m[22m [38;2;138;148;168mto interrupt[39m [38;2;138;148;168m•[39m [38;2;138;148;168m23s[39m [38;2;138;148;168m•[39m [38;2;138;148;168m↓[39m [38;2;138;148;168m18.0k[39m
[38;2;138;148;168m────────────────────────────────────────────────────────────────────────────────[39m
❯ [7mA[27m[38;2;138;148;168msk your question...[39m
[38;2;138;148;168m────────────────────────────────────────────────────────────────────────────────[39m
  [38;2;138;148;168m? for shortcuts · [38;2;2;136;142mtaste on[39m



[?2026l[?2026h[2K[1A[2K[1A[2K[1A[2K[1A[2K[1A[2K[1A[2K[1A[2K[1A[2K[1A[2K[1A[2K[G[38;2;165;153;233m⠶[39m Let me check the README diff and verify a few specific claims.

[?2026h[48;2;45;43;85m[38;2;228;204;255m [1m⌘ [22m[38;2;110;97;163mReasoning…[38;2;228;204;255m [39m[49m [1m[38;2;138;148;168mesc[39m[22m [38;2;138;148;168mto interrupt[39m [38;2;138;148;168m•[39m [38;2;138;148;168m23s[39m [38;2;138;148;168m•[39m [38;2;138;148;168m↓[39m [38;2;138;148;168m18.0k[39m
[38;2;138;148;168m────────────────────────────────────────────────────────────────────────────────[39m
❯ [7mA[27m[38;2;138;148;168msk your question...[39m
[38;2;138;148;168m────────────────────────────────────────────────────────────────────────────────[39m
  [38;2;138;148;168m? for shortcuts · [38;2;2;136;142mtaste on[39m



[?2026l[?2026l[?2026h[2K[1A[2K[1A[2K[1A[2K[1A[2K[1A[2K[1A[2K[1A[2K[1A[2K[G
[38;2;76;85;106m────────────────────────────────────────────────────────────────────────────────[39m

[1m[38;2;228;204;255mExecute Shell Command[39m[22m
[38;2;138;148;168mCommand Code needs to execute [38;2;228;204;255mcd /Users/najmiraihan/Developer/orch-go && echo [39m
[38;2;228;204;255m"=== gofmt ===" && gofmt -l . ; echo "=== vet ===" && go vet ./... ; echo "=== [39m
[38;2;228;204;255mtest ===" && go test ./... 2>&1 | tail -20[38;2;138;148;168m.[39m

[3m[38;2;138;148;168mPress [1m[38;2;53;61;80m[[38;2;138;148;168mctrl+e[38;2;53;61;80m][22m[38;2;138;148;168m to explain this command[39m[23m

[38;2;228;204;255m❯ 1. Yes[39m
[38;2;138;148;168m [38;2;229;229;229m 2. Yes, don't ask again for `gofmt`, `go` commands in this project[39m
[38;2;138;148;168m [38;2;229;229;229m 3. No, tell Command Code what to do differently[39m

[3m[38;2;138;148;168m↑/↓ navigate · enter select · ctrl+e explain · Run [38;2;229;229;229mcmd --yolo[38;2;138;148;168m to bypass all [39m[23m
[3m[38;2;138;148;168mpermissions (]8;;https://commandcode.ai/docs/permissions#permission-modesDocs ↗]8;;)[39m[23m

[?2026l]0;⌘ Command Code · orch-go · deepseek-v4-flash-(latest)]2;⌘ Command Code · orch-go · deepseek-v4-flash-(latest)[?2026h[2K[1A[2K[1A[2K[1A[2K[1A[2K[1A[2K[1A[2K[1A[2K[1A[2K[1A[2K[1A[2K[1A[2K[1A[2K[1A[2K[1A[2K[1A[2K[1A[2K[1A[2K[G[48;2;45;43;85m[38;2;228;204;255m [1m· [22m[38;2;234;218;255mS[38;2;171;165;206mh[38;2;228;204;255me[38;2;165;153;233ml[38;2;110;97;163ml command allowed[38;2;228;204;255m [39m[49m [1m[38;2;138;148;168mesc[39m[22m [38;2;138;148;168mto interrupt[39m [38;2;138;148;168m•[39m [38;2;138;148;168m25s[39m [38;2;138;148;168m•[39m [38;2;138;148;168m↓[39m [38;2;138;148;168m18.1k[39m
 [38;2;138;148;168m ⎿  Tip: Use shift+tab to enable auto-accept[39m
[38;2;138;148;168m────────────────────────────────────────────────────────────────────────────────[39m
❯ [7mA[27m[38;2;138;148;168msk your question...[39m
[38;2;138;148;168m────────────────────────────────────────────────────────────────────────────────[39m
  [38;2;138;148;168m? for shortcuts · [38;2;2;136;142mtaste on[39m



[?2026l[?2026h[2K[1A[2K[1A[2K[1A[2K[1A[2K[1A[2K[1A[2K[1A[2K[1A[2K[1A[2K[G[1m[48;2;89;69;177m[38;2;244;244;244m SHELL [39m[49m[22m [38;2;53;61;80m[[39mcd ~/Developer/orch-go && ...[38;2;53;61;80m][39m
 [38;2;138;148;168m│[39m 1-plan.log
 [38;2;138;148;168m│[39m 1-plan.md
 [38;2;138;148;168m│ [39m [38;2;138;148;168m... +7 lines [38;2;53;61;80m[[38;2;138;148;168mctrl+o to expand[38;2;53;61;80m][39m
 [38;2;138;148;168m└ [39m [38;2;138;148;168mProcessing…[39m

[1m[48;2;89;69;177m[38;2;244;244;244m SHELL [39m[49m[22m [38;2;53;61;80m[[39mcd ~/Developer/orch-go && ...[38;2;53;61;80m][39m
 [38;2;138;148;168m│[39m === vet ===
 [38;2;138;148;168m└ [39m [38;2;138;148;168mProcessing…[39m

[48;2;45;43;85m[38;2;228;204;255m [1m· [22m[38;2;234;218;255mS[38;2;171;165;206mh[38;2;228;204;255me[38;2;165;153;233ml[38;2;110;97;163ml command allowed[38;2;228;204;255m [39m[49m [1m[38;2;138;148;168mesc[39m[22m [38;2;138;148;168mto interrupt[39m [38;2;138;148;168m•[39m [38;2;138;148;168m25s[39m [38;2;138;148;168m•[39m [38;2;138;148;168m↓[39m [38;2;138;148;168m18.1k[39m
 [38;2;138;148;168m ⎿  Tip: Use shift+tab to enable auto-accept[39m
[38;2;138;148;168m────────────────────────────────────────────────────────────────────────────────[39m
❯ [7mA[27m[38;2;138;148;168msk your question...[39m
[38;2;138;148;168m────────────────────────────────────────────────────────────────────────────────[39m
  [38;2;138;148;168m? for shortcuts · [38;2;2;136;142mtaste on[39m



[?2026l[?2026h[2K[1A[2K[1A[2K[1A[2K[1A[2K[1A[2K[1A[2K[1A[2K[1A[2K[1A[2K[1A[2K[1A[2K[1A[2K[1A[2K[1A[2K[1A[2K[1A[2K[1A[2K[1A[2K[1A[2K[G[1m[48;2;89;69;177m[38;2;244;244;244m SHELL [39m[49m[22m [38;2;53;61;80m[[39mcd ~/Developer/orch-go && ...[38;2;53;61;80m][39m
 [38;2;138;148;168m│[39m === README diff vs HEAD ===
 [38;2;138;148;168m│[39m diff --git a/README.md b/README.md
 [38;2;138;148;168m└ [39m [38;2;138;148;168m... +35 lines [38;2;53;61;80m[[38;2;138;148;168mctrl+o to expand[38;2;53;61;80m][39m

[?2026h[1m[48;2;89;69;177m[38;2;244;244;244m SHELL [39m[49m[22m [38;2;53;61;80m[[39mcd ~/Developer/orch-go && ...[38;2;53;61;80m][39m
 [38;2;138;148;168m│[39m === vet ===
 [38;2;138;148;168m└ [39m [38;2;138;148;168mProcessing…[39m

[48;2;45;43;85m[38;2;228;204;255m [1m· [22m[38;2;234;218;255mS[38;2;171;165;206mh[38;2;228;204;255me[38;2;165;153;233ml[38;2;110;97;163ml command allowed[38;2;228;204;255m [39m[49m [1m[38;2;138;148;168mesc[39m[22m [38;2;138;148;168mto interrupt[39m [38;2;138;148;168m•[39m [38;2;138;148;168m25s[39m [38;2;138;148;168m•[39m [38;2;138;148;168m↓[39m [38;2;138;148;168m18.1k[39m
 [38;2;138;148;168m ⎿  Tip: Use shift+tab to enable auto-accept[39m
[38;2;138;148;168m────────────────────────────────────────────────────────────────────────────────[39m
❯ [7mA[27m[38;2;138;148;168msk your question...[39m
[38;2;138;148;168m────────────────────────────────────────────────────────────────────────────────[39m
  [38;2;138;148;168m? for shortcuts · [38;2;2;136;142mtaste on[39m



[?2026l[?2026l[?2026h[2K[1A[2K[1A[2K[1A[2K[1A[2K[1A[2K[1A[2K[1A[2K[1A[2K[1A[2K[1A[2K[1A[2K[1A[2K[1A[2K[G[1m[48;2;89;69;177m[38;2;244;244;244m SHELL [39m[49m[22m [38;2;53;61;80m[[39mcd ~/Developer/orch-go && ...[38;2;53;61;80m][39m
 [38;2;138;148;168m│[39m === vet ===
 [38;2;138;148;168m└ [39m [38;2;138;148;168mProcessing…[39m

[48;2;45;43;85m[38;2;228;204;255m [1m· [22m[38;2;255;255;255mS[38;2;234;218;255mh[38;2;171;165;206me[38;2;228;204;255ml[38;2;165;153;233ml[38;2;110;97;163m command allowed[38;2;228;204;255m [39m[49m [1m[38;2;138;148;168mesc[39m[22m [38;2;138;148;168mto interrupt[39m [38;2;138;148;168m•[39m [38;2;138;148;168m25s[39m [38;2;138;148;168m•[39m [38;2;138;148;168m↓[39m [38;2;138;148;168m18.1k[39m
 [38;2;138;148;168m ⎿  Tip: Use shift+tab to enable auto-accept[39m
[38;2;138;148;168m────────────────────────────────────────────────────────────────────────────────[39m
❯ [7mA[27m[38;2;138;148;168msk your question...[39m
[38;2;138;148;168m────────────────────────────────────────────────────────────────────────────────[39m
  [38;2;138;148;168m? for shortcuts · [38;2;2;136;142mtaste on[39m



[?2026l[?2026h[2K[1A[2K[1A[2K[1A[2K[1A[2K[1A[2K[1A[2K[1A[2K[1A[2K[1A[2K[1A[2K[1A[2K[1A[2K[1A[2K[G[1m[48;2;89;69;177m[38;2;244;244;244m SHELL [39m[49m[22m [38;2;53;61;80m[[39mcd ~/Developer/orch-go && ...[38;2;53;61;80m][39m
 [38;2;138;148;168m│[39m === vet ===
 [38;2;138;148;168m└ [39m [38;2;138;148;168mProcessing…[39m

[48;2;45;43;85m[38;2;228;204;255m [1m· [22m[38;2;204;199;225mS[38;2;255;255;255mh[38;2;234;218;255me[38;2;171;165;206ml[38;2;228;204;255ml[38;2;165;153;233m [38;2;110;97;163mcommand allowed[38;2;228;204;255m [39m[49m [1m[38;2;138;148;168mesc[39m[22m [38;2;138;148;168mto interrupt[39m [38;2;138;148;168m•[39m [38;2;138;148;168m25s[39m [38;2;138;148;168m•[39m [38;2;138;148;168m↓[39m [38;2;138;148;168m18.1k[39m
 [38;2;138;148;168m ⎿  Tip: Use shift+tab to enable auto-accept[39m
[38;2;138;148;168m────────────────────────────────────────────────────────────────────────────────[39m
❯ [7mA[27m[38;2;138;148;168msk your question...[39m
[38;2;138;148;168m────────────────────────────────────────────────────────────────────────────────[39m
  [38;2;138;148;168m? for shortcuts · [38;2;2;136;142mtaste on[39m



[?2026l[?2026h[2K[1A[2K[1A[2K[1A[2K[1A[2K[1A[2K[1A[2K[1A[2K[1A[2K[1A[2K[1A[2K[1A[2K[1A[2K[1A[2K[G[1m[48;2;89;69;177m[38;2;244;244;244m SHELL [39m[49m[22m [38;2;53;61;80m[[39mcd ~/Developer/orch-go && ...[38;2;53;61;80m][39m
 [38;2;138;148;168m│[39m === vet ===
 [38;2;138;148;168m└ [39m [38;2;138;148;168mProcessing…[39m

[48;2;45;43;85m[38;2;228;204;255m [1m○ [22m[38;2;171;165;206mS[38;2;204;199;225mh[38;2;255;255;255me[38;2;234;218;255ml[38;2;171;165;206ml[38;2;228;204;255m [38;2;165;153;233mc[38;2;110;97;163mommand allowed[38;2;228;204;255m [39m[49m [1m[38;2;138;148;168mesc[39m[22m [38;2;138;148;168mto interrupt[39m [38;2;138;148;168m•[39m [38;2;138;148;168m25s[39m [38;2;138;148;168m•[39m [38;2;138;148;168m↓[39m [38;2;138;148;168m18.1k[39m
 [38;2;138;148;168m ⎿  Tip: Use shift+tab to enable auto-accept[39m
[38;2;138;148;168m────────────────────────────────────────────────────────────────────────────────[39m
❯ [7mA[27m[38;2;138;148;168msk your question...[39m
[38;2;138;148;168m────────────────────────────────────────────────────────────────────────────────[39m
  [38;2;138;148;168m? for shortcuts · [38;2;2;136;142mtaste on[39m



[?2026l[?2026h[2K[1A[2K[1A[2K[1A[2K[1A[2K[1A[2K[1A[2K[1A[2K[1A[2K[1A[2K[1A[2K[1A[2K[1A[2K[1A[2K[G[1m[48;2;89;69;177m[38;2;244;244;244m SHELL [39m[49m[22m [38;2;53;61;80m[[39mcd ~/Developer/orch-go && ...[38;2;53;61;80m][39m
 [38;2;138;148;168m│[39m === vet ===
 [38;2;138;148;168m└ [39m [38;2;138;148;168mProcessing…[39m

[48;2;45;43;85m[38;2;228;204;255m [1m○ [22mS[38;2;171;165;206mh[38;2;204;199;225me[38;2;255;255;255ml[38;2;234;218;255ml[38;2;171;165;206m [38;2;228;204;255mc[38;2;165;153;233mo[38;2;110;97;163mmmand allowed[38;2;228;204;255m [39m[49m [1m[38;2;138;148;168mesc[39m[22m [38;2;138;148;168mto interrupt[39m [38;2;138;148;168m•[39m [38;2;138;148;168m25s[39m [38;2;138;148;168m•[39m [38;2;138;148;168m↓[39m [38;2;138;148;168m18.2k[39m
 [38;2;138;148;168m ⎿  Tip: Use shift+tab to enable auto-accept[39m
[38;2;138;148;168m────────────────────────────────────────────────────────────────────────────────[39m
❯ [7mA[27m[38;2;138;148;168msk your question...[39m
[38;2;138;148;168m────────────────────────────────────────────────────────────────────────────────[39m
  [38;2;138;148;168m? for shortcuts · [38;2;2;136;142mtaste on[39m



[?2026l[?2026h[2K[1A[2K[1A[2K[1A[2K[1A[2K[1A[2K[1A[2K[1A[2K[1A[2K[1A[2K[1A[2K[1A[2K[1A[2K[1A[2K[G[1m[48;2;89;69;177m[38;2;244;244;244m SHELL [39m[49m[22m [38;2;53;61;80m[[39mcd ~/Developer/orch-go && ...[38;2;53;61;80m][39m
 [38;2;138;148;168m│[39m === test ===
 [38;2;138;148;168m└ [39m [38;2;138;148;168mProcessing…[39m

[48;2;45;43;85m[38;2;228;204;255m [1m○ [22mS[38;2;171;165;206mh[38;2;204;199;225me[38;2;255;255;255ml[38;2;234;218;255ml[38;2;171;165;206m [38;2;228;204;255mc[38;2;165;153;233mo[38;2;110;97;163mmmand allowed[38;2;228;204;255m [39m[49m [1m[38;2;138;148;168mesc[39m[22m [38;2;138;148;168mto interrupt[39m [38;2;138;148;168m•[39m [38;2;138;148;168m25s[39m [38;2;138;148;168m•[39m [38;2;138;148;168m↓[39m [38;2;138;148;168m18.2k[39m
 [38;2;138;148;168m ⎿  Tip: Use shift+tab to enable auto-accept[39m
[38;2;138;148;168m────────────────────────────────────────────────────────────────────────────────[39m
❯ [7mA[27m[38;2;138;148;168msk your question...[39m
[38;2;138;148;168m────────────────────────────────────────────────────────────────────────────────[39m
  [38;2;138;148;168m? for shortcuts · [38;2;2;136;142mtaste on[39m



[?2026l[?2026h[2K[1A[2K[1A[2K[1A[2K[1A[2K[1A[2K[1A[2K[1A[2K[1A[2K[1A[2K[1A[2K[1A[2K[1A[2K[1A[2K[G[1m[48;2;89;69;177m[38;2;244;244;244m SHELL [39m[49m[22m [38;2;53;61;80m[[39mcd ~/Developer/orch-go && ...[38;2;53;61;80m][39m
 [38;2;138;148;168m│[39m === test ===
 [38;2;138;148;168m└ [39m [38;2;138;148;168mProcessing…[39m

[48;2;45;43;85m[38;2;228;204;255m [1m◇ [22m[38;2;165;153;233mS[38;2;228;204;255mh[38;2;171;165;206me[38;2;204;199;225ml[38;2;255;255;255ml[38;2;234;218;255m [38;2;171;165;206mc[38;2;228;204;255mo[38;2;165;153;233mm[38;2;110;97;163mmand allowed[38;2;228;204;255m [39m[49m [1m[38;2;138;148;168mesc[39m[22m [38;2;138;148;168mto interrupt[39m [38;2;138;148;168m•[39m [38;2;138;148;168m25s[39m [38;2;138;148;168m•[39m [38;2;138;148;168m↓[39m [38;2;138;148;168m18.2k[39m
 [38;2;138;148;168m ⎿  Tip: Use shift+tab to enable auto-accept[39m
[38;2;138;148;168m────────────────────────────────────────────────────────────────────────────────[39m
❯ [7mA[27m[38;2;138;148;168msk your question...[39m
[38;2;138;148;168m────────────────────────────────────────────────────────────────────────────────[39m
  [38;2;138;148;168m? for shortcuts · [38;2;2;136;142mtaste on[39m



[?2026l[?2026h[2K[1A[2K[1A[2K[1A[2K[1A[2K[1A[2K[1A[2K[1A[2K[1A[2K[1A[2K[1A[2K[1A[2K[1A[2K[1A[2K[G[1m[48;2;89;69;177m[38;2;244;244;244m SHELL [39m[49m[22m [38;2;53;61;80m[[39mcd ~/Developer/orch-go && ...[38;2;53;61;80m][39m
 [38;2;138;148;168m│[39m === test ===
 [38;2;138;148;168m└ [39m [38;2;138;148;168mProcessing…[39m

[48;2;45;43;85m[38;2;228;204;255m [1m☆ [22m[38;2;110;97;163mS[38;2;165;153;233mh[38;2;228;204;255me[38;2;171;165;206ml[38;2;204;199;225ml[38;2;255;255;255m [38;2;234;218;255mc[38;2;171;165;206mo[38;2;228;204;255mm[38;2;165;153;233mm[38;2;110;97;163mand allowed[38;2;228;204;255m [39m[49m [1m[38;2;138;148;168mesc[39m[22m [38;2;138;148;168mto interrupt[39m [38;2;138;148;168m•[39m [38;2;138;148;168m25s[39m [38;2;138;148;168m•[39m [38;2;138;148;168m↓[39m [38;2;138;148;168m18.2k[39m
 [38;2;138;148;168m ⎿  Tip: Use shift+tab to enable auto-accept[39m
[38;2;138;148;168m────────────────────────────────────────────────────────────────────────────────[39m
❯ [7mA[27m[38;2;138;148;168msk your question...[39m
[38;2;138;148;168m────────────────────────────────────────────────────────────────────────────────[39m
  [38;2;138;148;168m? for shortcuts · [38;2;2;136;142mtaste on[39m



[?2026l[?2026h[2K[1A[2K[1A[2K[1A[2K[1A[2K[1A[2K[1A[2K[1A[2K[1A[2K[1A[2K[1A[2K[1A[2K[1A[2K[1A[2K[G[1m[48;2;89;69;177m[38;2;244;244;244m SHELL [39m[49m[22m [38;2;53;61;80m[[39mcd ~/Developer/orch-go && ...[38;2;53;61;80m][39m
 [38;2;138;148;168m│[39m === test ===
 [38;2;138;148;168m└ [39m [38;2;138;148;168mProcessing…[39m

[48;2;45;43;85m[38;2;228;204;255m [1m✧ [22m[38;2;110;97;163mSh[38;2;165;153;233me[38;2;228;204;255ml[38;2;171;165;206ml[38;2;204;199;225m [38;2;255;255;255mc[38;2;234;218;255mo[38;2;171;165;206mm[38;2;228;204;255mm[38;2;165;153;233ma[38;2;110;97;163mnd allowed[38;2;228;204;255m [39m[49m [1m[38;2;138;148;168mesc[39m[22m [38;2;138;148;168mto interrupt[39m [38;2;138;148;168m•[39m [38;2;138;148;168m25s[39m [38;2;138;148;168m•[39m [38;2;138;148;168m↓[39m [38;2;138;148;168m18.2k[39m
 [38;2;138;148;168m ⎿  Tip: Use shift+tab to enable auto-accept[39m
[38;2;138;148;168m────────────────────────────────────────────────────────────────────────────────[39m
❯ [7mA[27m[38;2;138;148;168msk your question...[39m
[38;2;138;148;168m────────────────────────────────────────────────────────────────────────────────[39m
  [38;2;138;148;168m? for shortcuts · [38;2;2;136;142mtaste on[39m



[?2026l[?2026h[2K[1A[2K[1A[2K[1A[2K[1A[2K[1A[2K[1A[2K[1A[2K[1A[2K[1A[2K[1A[2K[1A[2K[1A[2K[1A[2K[G[1m[48;2;89;69;177m[38;2;244;244;244m SHELL [39m[49m[22m [38;2;53;61;80m[[39mcd ~/Developer/orch-go && ...[38;2;53;61;80m][39m
 [38;2;138;148;168m│[39m === test ===
 [38;2;138;148;168m└ [39m [38;2;138;148;168mProcessing…[39m

[48;2;45;43;85m[38;2;228;204;255m [1m☆ [22m[38;2;110;97;163mShe[38;2;165;153;233ml[38;2;228;204;255ml[38;2;171;165;206m [38;2;204;199;225mc[38;2;255;255;255mo[38;2;234;218;255mm[38;2;171;165;206mm[38;2;228;204;255ma[38;2;165;153;233mn[38;2;110;97;163md allowed[38;2;228;204;255m [39m[49m [1m[38;2;138;148;168mesc[39m[22m [38;2;138;148;168mto interrupt[39m [38;2;138;148;168m•[39m [38;2;138;148;168m25s[39m [38;2;138;148;168m•[39m [38;2;138;148;168m↓[39m [38;2;138;148;168m18.2k[39m
 [38;2;138;148;168m ⎿  Tip: Use shift+tab to enable auto-accept[39m
[38;2;138;148;168m────────────────────────────────────────────────────────────────────────────────[39m
❯ [7mA[27m[38;2;138;148;168msk your question...[39m
[38;2;138;148;168m────────────────────────────────────────────────────────────────────────────────[39m
  [38;2;138;148;168m? for shortcuts · [38;2;2;136;142mtaste on[39m



[?2026l[?2026h[2K[1A[2K[1A[2K[1A[2K[1A[2K[1A[2K[1A[2K[1A[2K[1A[2K[1A[2K[1A[2K[1A[2K[1A[2K[1A[2K[G[1m[48;2;89;69;177m[38;2;244;244;244m SHELL [39m[49m[22m [38;2;53;61;80m[[39mcd ~/Developer/orch-go && ...[38;2;53;61;80m][39m
 [38;2;138;148;168m│[39m === test ===
 [38;2;138;148;168m└ [39m [38;2;138;148;168mProcessing…[39m

[48;2;45;43;85m[38;2;228;204;255m [1m◇ [22m[38;2;110;97;163mShel[38;2;165;153;233ml[38;2;228;204;255m [38;2;171;165;206mc[38;2;204;199;225mo[38;2;255;255;255mm[38;2;234;218;255mm[38;2;171;165;206ma[38;2;228;204;255mn[38;2;165;153;233md[38;2;110;97;163m allowed[38;2;228;204;255m [39m[49m [1m[38;2;138;148;168mesc[39m[22m [38;2;138;148;168mto interrupt[39m [38;2;138;148;168m•[39m [38;2;138;148;168m25s[39m [38;2;138;148;168m•[39m [38;2;138;148;168m↓[39m [38;2;138;148;168m18.3k[39m
 [38;2;138;148;168m ⎿  Tip: Use shift+tab to enable auto-accept[39m
[38;2;138;148;168m────────────────────────────────────────────────────────────────────────────────[39m
❯ [7mA[27m[38;2;138;148;168msk your question...[39m
[38;2;138;148;168m────────────────────────────────────────────────────────────────────────────────[39m
  [38;2;138;148;168m? for shortcuts · [38;2;2;136;142mtaste on[39m



[?2026l[?2026h[2K[1A[2K[1A[2K[1A[2K[1A[2K[1A[2K[1A[2K[1A[2K[1A[2K[1A[2K[1A[2K[1A[2K[1A[2K[1A[2K[G[1m[48;2;89;69;177m[38;2;244;244;244m SHELL [39m[49m[22m [38;2;53;61;80m[[39mcd ~/Developer/orch-go && ...[38;2;53;61;80m][39m
 [38;2;138;148;168m│[39m === test ===
 [38;2;138;148;168m└ [39m [38;2;138;148;168mProcessing…[39m

[48;2;45;43;85m[38;2;228;204;255m [1m○ [22m[38;2;110;97;163mShell[38;2;165;153;233m [38;2;228;204;255mc[38;2;171;165;206mo[38;2;204;199;225mm[38;2;255;255;255mm[38;2;234;218;255ma[38;2;171;165;206mn[38;2;228;204;255md[38;2;165;153;233m [38;2;110;97;163mallowed[38;2;228;204;255m [39m[49m [1m[38;2;138;148;168mesc[39m[22m [38;2;138;148;168mto interrupt[39m [38;2;138;148;168m•[39m [38;2;138;148;168m25s[39m [38;2;138;148;168m•[39m [38;2;138;148;168m↓[39m [38;2;138;148;168m18.3k[39m
 [38;2;138;148;168m ⎿  Tip: Use shift+tab to enable auto-accept[39m
[38;2;138;148;168m────────────────────────────────────────────────────────────────────────────────[39m
❯ [7mA[27m[38;2;138;148;168msk your question...[39m
[38;2;138;148;168m────────────────────────────────────────────────────────────────────────────────[39m
  [38;2;138;148;168m? for shortcuts · [38;2;2;136;142mtaste on[39m



[?2026l[?2026h[2K[1A[2K[1A[2K[1A[2K[1A[2K[1A[2K[1A[2K[1A[2K[1A[2K[1A[2K[1A[2K[1A[2K[1A[2K[1A[2K[G[1m[48;2;89;69;177m[38;2;244;244;244m SHELL [39m[49m[22m [38;2;53;61;80m[[39mcd ~/Developer/orch-go && ...[38;2;53;61;80m][39m
 [38;2;138;148;168m│[39m === test ===
 [38;2;138;148;168m└ [39m [38;2;138;148;168mProcessing…[39m

[48;2;45;43;85m[38;2;228;204;255m [1m⌘ [22m[38;2;110;97;163mShell [38;2;165;153;233mc[38;2;228;204;255mo[38;2;171;165;206mm[38;2;204;199;225mm[38;2;255;255;255ma[38;2;234;218;255mn[38;2;171;165;206md[38;2;228;204;255m [38;2;165;153;233ma[38;2;110;97;163mllowed[38;2;228;204;255m [39m[49m [1m[38;2;138;148;168mesc[39m[22m [38;2;138;148;168mto interrupt[39m [38;2;138;148;168m•[39m [38;2;138;148;168m25s[39m [38;2;138;148;168m•[39m [38;2;138;148;168m↓[39m [38;2;138;148;168m18.3k[39m
 [38;2;138;148;168m ⎿  Tip: Use shift+tab to enable auto-accept[39m
[38;2;138;148;168m────────────────────────────────────────────────────────────────────────────────[39m
❯ [7mA[27m[38;2;138;148;168msk your question...[39m
[38;2;138;148;168m────────────────────────────────────────────────────────────────────────────────[39m
  [38;2;138;148;168m? for shortcuts · [38;2;2;136;142mtaste on[39m



[?2026l[?2026h[2K[1A[2K[1A[2K[1A[2K[1A[2K[1A[2K[1A[2K[1A[2K[1A[2K[1A[2K[1A[2K[1A[2K[1A[2K[1A[2K[G[1m[48;2;89;69;177m[38;2;244;244;244m SHELL [39m[49m[22m [38;2;53;61;80m[[39mcd ~/Developer/orch-go && ...[38;2;53;61;80m][39m
 [38;2;138;148;168m│[39m === test ===
 [38;2;138;148;168m└ [39m [38;2;138;148;168mProcessing…[39m

[48;2;45;43;85m[38;2;228;204;255m [1m⌘ [22m[38;2;110;97;163mShell c[38;2;165;153;233mo[38;2;228;204;255mm[38;2;171;165;206mm[38;2;204;199;225ma[38;2;255;255;255mn[38;2;234;218;255md[38;2;171;165;206m [38;2;228;204;255ma[38;2;165;153;233ml[38;2;110;97;163mlowed[38;2;228;204;255m [39m[49m [1m[38;2;138;148;168mesc[39m[22m [38;2;138;148;168mto interrupt[39m [38;2;138;148;168m•[39m [38;2;138;148;168m25s[39m [38;2;138;148;168m•[39m [38;2;138;148;168m↓[39m [38;2;138;148;168m18.3k[39m
 [38;2;138;148;168m ⎿  Tip: Use shift+tab to enable auto-accept[39m
[38;2;138;148;168m────────────────────────────────────────────────────────────────────────────────[39m
❯ [7mA[27m[38;2;138;148;168msk your question...[39m
[38;2;138;148;168m────────────────────────────────────────────────────────────────────────────────[39m
  [38;2;138;148;168m? for shortcuts · [38;2;2;136;142mtaste on[39m



[?2026l[?2026h[2K[1A[2K[1A[2K[1A[2K[1A[2K[1A[2K[1A[2K[1A[2K[1A[2K[1A[2K[1A[2K[1A[2K[1A[2K[1A[2K[G[1m[48;2;89;69;177m[38;2;244;244;244m SHELL [39m[49m[22m [38;2;53;61;80m[[39mcd ~/Developer/orch-go && ...[38;2;53;61;80m][39m
 [38;2;138;148;168m│[39m === test ===
 [38;2;138;148;168m└ [39m [38;2;138;148;168mProcessing…[39m

[48;2;45;43;85m[38;2;228;204;255m [1m⌘ [22m[38;2;110;97;163mShell co[38;2;165;153;233mm[38;2;228;204;255mm[38;2;171;165;206ma[38;2;204;199;225mn[38;2;255;255;255md[38;2;234;218;255m [38;2;171;165;206ma[38;2;228;204;255ml[38;2;165;153;233ml[38;2;110;97;163mowed[38;2;228;204;255m [39m[49m [1m[38;2;138;148;168mesc[39m[22m [38;2;138;148;168mto interrupt[39m [38;2;138;148;168m•[39m [38;2;138;148;168m26s[39m [38;2;138;148;168m•[39m [38;2;138;148;168m↓[39m [38;2;138;148;168m18.3k[39m
 [38;2;138;148;168m ⎿  Tip: Use shift+tab to enable auto-accept[39m
[38;2;138;148;168m────────────────────────────────────────────────────────────────────────────────[39m
❯ [7mA[27m[38;2;138;148;168msk your question...[39m
[38;2;138;148;168m────────────────────────────────────────────────────────────────────────────────[39m
  [38;2;138;148;168m? for shortcuts · [38;2;2;136;142mtaste on[39m



[?2026l[?2026h[2K[1A[2K[1A[2K[1A[2K[1A[2K[1A[2K[1A[2K[1A[2K[1A[2K[1A[2K[1A[2K[1A[2K[1A[2K[1A[2K[G[1m[48;2;89;69;177m[38;2;244;244;244m SHELL [39m[49m[22m [38;2;53;61;80m[[39mcd ~/Developer/orch-go && ...[38;2;53;61;80m][39m
 [38;2;138;148;168m│[39m === test ===
 [38;2;138;148;168m└ [39m [38;2;138;148;168mProcessing…[39m

[48;2;45;43;85m[38;2;228;204;255m [1m⌘ [22m[38;2;110;97;163mShell com[38;2;165;153;233mm[38;2;228;204;255ma[38;2;171;165;206mn[38;2;204;199;225md[38;2;255;255;255m [38;2;234;218;255ma[38;2;171;165;206ml[38;2;228;204;255ml[38;2;165;153;233mo[38;2;110;97;163mwed[38;2;228;204;255m [39m[49m [1m[38;2;138;148;168mesc[39m[22m [38;2;138;148;168mto interrupt[39m [38;2;138;148;168m•[39m [38;2;138;148;168m26s[39m [38;2;138;148;168m•[39m [38;2;138;148;168m↓[39m [38;2;138;148;168m18.3k[39m
 [38;2;138;148;168m ⎿  Tip: Use shift+tab to enable auto-accept[39m
[38;2;138;148;168m────────────────────────────────────────────────────────────────────────────────[39m
❯ [7mA[27m[38;2;138;148;168msk your question...[39m
[38;2;138;148;168m────────────────────────────────────────────────────────────────────────────────[39m
  [38;2;138;148;168m? for shortcuts · [38;2;2;136;142mtaste on[39m



[?2026l[?2026h[2K[1A[2K[1A[2K[1A[2K[1A[2K[1A[2K[1A[2K[1A[2K[1A[2K[1A[2K[1A[2K[1A[2K[1A[2K[1A[2K[G[1m[48;2;89;69;177m[38;2;244;244;244m SHELL [39m[49m[22m [38;2;53;61;80m[[39mcd ~/Developer/orch-go && ...[38;2;53;61;80m][39m
 [38;2;138;148;168m│[39m === test ===
 [38;2;138;148;168m└ [39m [38;2;138;148;168mProcessing…[39m

[48;2;45;43;85m[38;2;228;204;255m [1m○ [22m[38;2;110;97;163mShell comm[38;2;165;153;233ma[38;2;228;204;255mn[38;2;171;165;206md[38;2;204;199;225m [38;2;255;255;255ma[38;2;234;218;255ml[38;2;171;165;206ml[38;2;228;204;255mo[38;2;165;153;233mw[38;2;110;97;163med[38;2;228;204;255m [39m[49m [1m[38;2;138;148;168mesc[39m[22m [38;2;138;148;168mto interrupt[39m [38;2;138;148;168m•[39m [38;2;138;148;168m26s[39m [38;2;138;148;168m•[39m [38;2;138;148;168m↓[39m [38;2;138;148;168m18.3k[39m
 [38;2;138;148;168m ⎿  Tip: Use shift+tab to enable auto-accept[39m
[38;2;138;148;168m────────────────────────────────────────────────────────────────────────────────[39m
❯ [7mA[27m[38;2;138;148;168msk your question...[39m
[38;2;138;148;168m────────────────────────────────────────────────────────────────────────────────[39m
  [38;2;138;148;168m? for shortcuts · [38;2;2;136;142mtaste on[39m



[?2026l[?2026h[2K[1A[2K[1A[2K[1A[2K[1A[2K[1A[2K[1A[2K[1A[2K[1A[2K[1A[2K[1A[2K[1A[2K[1A[2K[1A[2K[G[1m[48;2;89;69;177m[38;2;244;244;244m SHELL [39m[49m[22m [38;2;53;61;80m[[39mcd ~/Developer/orch-go && ...[38;2;53;61;80m][39m
 [38;2;138;148;168m│[39m === test ===
 [38;2;138;148;168m└ [39m [38;2;138;148;168mProcessing…[39m

[48;2;45;43;85m[38;2;228;204;255m [1m◇ [22m[38;2;110;97;163mShell comma[38;2;165;153;233mn[38;2;228;204;255md[38;2;171;165;206m [38;2;204;199;225ma[38;2;255;255;255ml[38;2;234;218;255ml[38;2;171;165;206mo[38;2;228;204;255mw[38;2;165;153;233me[38;2;110;97;163md[38;2;228;204;255m [39m[49m [1m[38;2;138;148;168mesc[39m[22m [38;2;138;148;168mto interrupt[39m [38;2;138;148;168m•[39m [38;2;138;148;168m26s[39m [38;2;138;148;168m•[39m [38;2;138;148;168m↓[39m [38;2;138;148;168m18.3k[39m
 [38;2;138;148;168m ⎿  Tip: Use shift+tab to enable auto-accept[39m
[38;2;138;148;168m────────────────────────────────────────────────────────────────────────────────[39m
❯ [7mA[27m[38;2;138;148;168msk your question...[39m
[38;2;138;148;168m────────────────────────────────────────────────────────────────────────────────[39m
  [38;2;138;148;168m? for shortcuts · [38;2;2;136;142mtaste on[39m



[?2026l[?2026h[2K[1A[2K[1A[2K[1A[2K[1A[2K[1A[2K[1A[2K[1A[2K[1A[2K[1A[2K[1A[2K[1A[2K[1A[2K[1A[2K[G[1m[48;2;89;69;177m[38;2;244;244;244m SHELL [39m[49m[22m [38;2;53;61;80m[[39mcd ~/Developer/orch-go && ...[38;2;53;61;80m][39m
 [38;2;138;148;168m│[39m === test ===
 [38;2;138;148;168m└ [39m [38;2;138;148;168mProcessing…[39m

[48;2;45;43;85m[38;2;228;204;255m [1m☆ [22m[38;2;110;97;163mShell comman[38;2;165;153;233md[38;2;228;204;255m [38;2;171;165;206ma[38;2;204;199;225ml[38;2;255;255;255ml[38;2;234;218;255mo[38;2;171;165;206mw[38;2;228;204;255me[38;2;165;153;233md[38;2;228;204;255m [39m[49m [1m[38;2;138;148;168mesc[39m[22m [38;2;138;148;168mto interrupt[39m [38;2;138;148;168m•[39m [38;2;138;148;168m26s[39m [38;2;138;148;168m•[39m [38;2;138;148;168m↓[39m [38;2;138;148;168m18.3k[39m
 [38;2;138;148;168m ⎿  Tip: Use shift+tab to enable auto-accept[39m
[38;2;138;148;168m────────────────────────────────────────────────────────────────────────────────[39m
❯ [7mA[27m[38;2;138;148;168msk your question...[39m
[38;2;138;148;168m────────────────────────────────────────────────────────────────────────────────[39m
  [38;2;138;148;168m? for shortcuts · [38;2;2;136;142mtaste on[39m



[?2026l[?2026h[2K[1A[2K[1A[2K[1A[2K[1A[2K[1A[2K[1A[2K[1A[2K[1A[2K[1A[2K[1A[2K[1A[2K[1A[2K[1A[2K[G[1m[48;2;89;69;177m[38;2;244;244;244m SHELL [39m[49m[22m [38;2;53;61;80m[[39mcd ~/Developer/orch-go && ...[38;2;53;61;80m][39m
 [38;2;138;148;168m│[39m === test ===
 [38;2;138;148;168m└ [39m [38;2;138;148;168mProcessing…[39m

[48;2;45;43;85m[38;2;228;204;255m [1m✧ [22m[38;2;110;97;163mShell command[38;2;165;153;233m [38;2;228;204;255ma[38;2;171;165;206ml[38;2;204;199;225ml[38;2;255;255;255mo[38;2;234;218;255mw[38;2;171;165;206me[38;2;228;204;255md [39m[49m [1m[38;2;138;148;168mesc[39m[22m [38;2;138;148;168mto interrupt[39m [38;2;138;148;168m•[39m [38;2;138;148;168m26s[39m [38;2;138;148;168m•[39m [38;2;138;148;168m↓[39m [38;2;138;148;168m18.3k[39m
 [38;2;138;148;168m ⎿  Tip: Use shift+tab to enable auto-accept[39m
[38;2;138;148;168m────────────────────────────────────────────────────────────────────────────────[39m
❯ [7mA[27m[38;2;138;148;168msk your question...[39m
[38;2;138;148;168m────────────────────────────────────────────────────────────────────────────────[39m
  [38;2;138;148;168m? for shortcuts · [38;2;2;136;142mtaste on[39m



[?2026l[?2026h[2K[1A[2K[1A[2K[1A[2K[1A[2K[1A[2K[1A[2K[1A[2K[1A[2K[1A[2K[1A[2K[1A[2K[1A[2K[1A[2K[G[1m[48;2;89;69;177m[38;2;244;244;244m SHELL [39m[49m[22m [38;2;53;61;80m[[39mcd ~/Developer/orch-go && ...[38;2;53;61;80m][39m
 [38;2;138;148;168m│[39m === test ===
 [38;2;138;148;168m└ [39m [38;2;138;148;168mProcessing…[39m

[48;2;45;43;85m[38;2;228;204;255m [1m☆ [22m[38;2;110;97;163mShell command [38;2;165;153;233ma[38;2;228;204;255ml[38;2;171;165;206ml[38;2;204;199;225mo[38;2;255;255;255mw[38;2;234;218;255me[38;2;171;165;206md[38;2;228;204;255m [39m[49m [1m[38;2;138;148;168mesc[39m[22m [38;2;138;148;168mto interrupt[39m [38;2;138;148;168m•[39m [38;2;138;148;168m26s[39m [38;2;138;148;168m•[39m [38;2;138;148;168m↓[39m [38;2;138;148;168m18.3k[39m
 [38;2;138;148;168m ⎿  Tip: Use shift+tab to enable auto-accept[39m
[38;2;138;148;168m────────────────────────────────────────────────────────────────────────────────[39m
❯ [7mA[27m[38;2;138;148;168msk your question...[39m
[38;2;138;148;168m────────────────────────────────────────────────────────────────────────────────[39m
  [38;2;138;148;168m? for shortcuts · [38;2;2;136;142mtaste on[39m



[?2026l[?2026h[2K[1A[2K[1A[2K[1A[2K[1A[2K[1A[2K[1A[2K[1A[2K[1A[2K[1A[2K[1A[2K[1A[2K[1A[2K[1A[2K[G[1m[48;2;89;69;177m[38;2;244;244;244m SHELL [39m[49m[22m [38;2;53;61;80m[[39mcd ~/Developer/orch-go && ...[38;2;53;61;80m][39m
 [38;2;138;148;168m│[39m === test ===
 [38;2;138;148;168m└ [39m [38;2;138;148;168mProcessing…[39m

[48;2;45;43;85m[38;2;228;204;255m [1m◇ [22m[38;2;110;97;163mShell command a[38;2;165;153;233ml[38;2;228;204;255ml[38;2;171;165;206mo[38;2;204;199;225mw[38;2;255;255;255me[38;2;234;218;255md[38;2;228;204;255m [39m[49m [1m[38;2;138;148;168mesc[39m[22m [38;2;138;148;168mto interrupt[39m [38;2;138;148;168m•[39m [38;2;138;148;168m26s[39m [38;2;138;148;168m•[39m [38;2;138;148;168m↓[39m [38;2;138;148;168m18.3k[39m
 [38;2;138;148;168m ⎿  Tip: Use shift+tab to enable auto-accept[39m
[38;2;138;148;168m────────────────────────────────────────────────────────────────────────────────[39m
❯ [7mA[27m[38;2;138;148;168msk your question...[39m
[38;2;138;148;168m────────────────────────────────────────────────────────────────────────────────[39m
  [38;2;138;148;168m? for shortcuts · [38;2;2;136;142mtaste on[39m



[?2026l[?2026h[2K[1A[2K[1A[2K[1A[2K[1A[2K[1A[2K[1A[2K[1A[2K[1A[2K[1A[2K[1A[2K[1A[2K[1A[2K[1A[2K[G[1m[48;2;89;69;177m[38;2;244;244;244m SHELL [39m[49m[22m [38;2;53;61;80m[[39mcd ~/Developer/orch-go && ...[38;2;53;61;80m][39m
 [38;2;138;148;168m│[39m === test ===
 [38;2;138;148;168m└ [39m [38;2;138;148;168mProcessing…[39m

[48;2;45;43;85m[38;2;228;204;255m [1m○ [22m[38;2;110;97;163mShell command al[38;2;165;153;233ml[38;2;228;204;255mo[38;2;171;165;206mw[38;2;204;199;225me[38;2;255;255;255md[38;2;228;204;255m [39m[49m [1m[38;2;138;148;168mesc[39m[22m [38;2;138;148;168mto interrupt[39m [38;2;138;148;168m•[39m [38;2;138;148;168m26s[39m [38;2;138;148;168m•[39m [38;2;138;148;168m↓[39m [38;2;138;148;168m18.3k[39m
 [38;2;138;148;168m ⎿  Tip: Use shift+tab to enable auto-accept[39m
[38;2;138;148;168m────────────────────────────────────────────────────────────────────────────────[39m
❯ [7mA[27m[38;2;138;148;168msk your question...[39m
[38;2;138;148;168m────────────────────────────────────────────────────────────────────────────────[39m
  [38;2;138;148;168m? for shortcuts · [38;2;2;136;142mtaste on[39m



[?2026l[?2026h[2K[1A[2K[1A[2K[1A[2K[1A[2K[1A[2K[1A[2K[1A[2K[1A[2K[1A[2K[1A[2K[1A[2K[1A[2K[1A[2K[G[1m[48;2;89;69;177m[38;2;244;244;244m SHELL [39m[49m[22m [38;2;53;61;80m[[39mcd ~/Developer/orch-go && ...[38;2;53;61;80m][39m
 [38;2;138;148;168m│[39m === test ===
 [38;2;138;148;168m└ [39m [38;2;138;148;168mProcessing…[39m

[48;2;45;43;85m[38;2;228;204;255m [1m· [22m[38;2;110;97;163mShell command all[38;2;165;153;233mo[38;2;228;204;255mw[38;2;171;165;206me[38;2;204;199;225md[38;2;228;204;255m [39m[49m [1m[38;2;138;148;168mesc[39m[22m [38;2;138;148;168mto interrupt[39m [38;2;138;148;168m•[39m [38;2;138;148;168m26s[39m [38;2;138;148;168m•[39m [38;2;138;148;168m↓[39m [38;2;138;148;168m18.4k[39m
 [38;2;138;148;168m ⎿  Tip: Use shift+tab to enable auto-accept[39m
[38;2;138;148;168m────────────────────────────────────────────────────────────────────────────────[39m
❯ [7mA[27m[38;2;138;148;168msk your question...[39m
[38;2;138;148;168m────────────────────────────────────────────────────────────────────────────────[39m
  [38;2;138;148;168m? for shortcuts · [38;2;2;136;142mtaste on[39m



[?2026l[?2026h[2K[1A[2K[1A[2K[1A[2K[1A[2K[1A[2K[1A[2K[1A[2K[1A[2K[1A[2K[1A[2K[1A[2K[1A[2K[1A[2K[G[1m[48;2;89;69;177m[38;2;244;244;244m SHELL [39m[49m[22m [38;2;53;61;80m[[39mcd ~/Developer/orch-go && ...[38;2;53;61;80m][39m
 [38;2;138;148;168m│[39m === test ===
 [38;2;138;148;168m└ [39m [38;2;138;148;168mProcessing…[39m

[48;2;45;43;85m[38;2;228;204;255m [1m· [22m[38;2;110;97;163mShell command allo[38;2;165;153;233mw[38;2;228;204;255me[38;2;171;165;206md[38;2;228;204;255m [39m[49m [1m[38;2;138;148;168mesc[39m[22m [38;2;138;148;168mto interrupt[39m [38;2;138;148;168m•[39m [38;2;138;148;168m26s[39m [38;2;138;148;168m•[39m [38;2;138;148;168m↓[39m [38;2;138;148;168m18.4k[39m
 [38;2;138;148;168m ⎿  Tip: Use shift+tab to enable auto-accept[39m
[38;2;138;148;168m────────────────────────────────────────────────────────────────────────────────[39m
❯ [7mA[27m[38;2;138;148;168msk your question...[39m
[38;2;138;148;168m────────────────────────────────────────────────────────────────────────────────[39m
  [38;2;138;148;168m? for shortcuts · [38;2;2;136;142mtaste on[39m



[?2026l[?2026h[2K[1A[2K[1A[2K[1A[2K[1A[2K[1A[2K[1A[2K[1A[2K[1A[2K[1A[2K[1A[2K[1A[2K[1A[2K[1A[2K[G[1m[48;2;89;69;177m[38;2;244;244;244m SHELL [39m[49m[22m [38;2;53;61;80m[[39mcd ~/Developer/orch-go && ...[38;2;53;61;80m][39m
 [38;2;138;148;168m│[39m === test ===
 [38;2;138;148;168m└ [39m [38;2;138;148;168mProcessing…[39m

[48;2;45;43;85m[38;2;228;204;255m [1m· [22m[38;2;110;97;163mShell command allow[38;2;165;153;233me[38;2;228;204;255md [39m[49m [1m[38;2;138;148;168mesc[39m[22m [38;2;138;148;168mto interrupt[39m [38;2;138;148;168m•[39m [38;2;138;148;168m26s[39m [38;2;138;148;168m•[39m [38;2;138;148;168m↓[39m [38;2;138;148;168m18.4k[39m
 [38;2;138;148;168m ⎿  Tip: Use shift+tab to enable auto-accept[39m
[38;2;138;148;168m────────────────────────────────────────────────────────────────────────────────[39m
❯ [7mA[27m[38;2;138;148;168msk your question...[39m
[38;2;138;148;168m────────────────────────────────────────────────────────────────────────────────[39m
  [38;2;138;148;168m? for shortcuts · [38;2;2;136;142mtaste on[39m



[?2026l[?2026h[2K[1A[2K[1A[2K[1A[2K[1A[2K[1A[2K[1A[2K[1A[2K[1A[2K[1A[2K[1A[2K[1A[2K[1A[2K[1A[2K[G[1m[48;2;89;69;177m[38;2;244;244;244m SHELL [39m[49m[22m [38;2;53;61;80m[[39mcd ~/Developer/orch-go && ...[38;2;53;61;80m][39m
 [38;2;138;148;168m│[39m === test ===
 [38;2;138;148;168m└ [39m [38;2;138;148;168mProcessing…[39m

[48;2;45;43;85m[38;2;228;204;255m [1m○ [22m[38;2;110;97;163mShell command allowe[38;2;165;153;233md[38;2;228;204;255m [39m[49m [1m[38;2;138;148;168mesc[39m[22m [38;2;138;148;168mto interrupt[39m [38;2;138;148;168m•[39m [38;2;138;148;168m27s[39m [38;2;138;148;168m•[39m [38;2;138;148;168m↓[39m [38;2;138;148;168m18.4k[39m
 [38;2;138;148;168m ⎿  Tip: Use shift+tab to enable auto-accept[39m
[38;2;138;148;168m────────────────────────────────────────────────────────────────────────────────[39m
❯ [7mA[27m[38;2;138;148;168msk your question...[39m
[38;2;138;148;168m────────────────────────────────────────────────────────────────────────────────[39m
  [38;2;138;148;168m? for shortcuts · [38;2;2;136;142mtaste on[39m



[?2026l[?2026h[2K[1A[2K[1A[2K[1A[2K[1A[2K[1A[2K[1A[2K[1A[2K[1A[2K[1A[2K[1A[2K[1A[2K[1A[2K[1A[2K[G[1m[48;2;89;69;177m[38;2;244;244;244m SHELL [39m[49m[22m [38;2;53;61;80m[[39mcd ~/Developer/orch-go && ...[38;2;53;61;80m][39m
 [38;2;138;148;168m│[39m === test ===
 [38;2;138;148;168m└ [39m [38;2;138;148;168mProcessing…[39m

[48;2;45;43;85m[38;2;228;204;255m [1m○ [22m[38;2;110;97;163mShell command allowed[38;2;228;204;255m [39m[49m [1m[38;2;138;148;168mesc[39m[22m [38;2;138;148;168mto interrupt[39m [38;2;138;148;168m•[39m [38;2;138;148;168m27s[39m [38;2;138;148;168m•[39m [38;2;138;148;168m↓[39m [38;2;138;148;168m18.4k[39m
 [38;2;138;148;168m ⎿  Tip: Use shift+tab to enable auto-accept[39m
[38;2;138;148;168m────────────────────────────────────────────────────────────────────────────────[39m
❯ [7mA[27m[38;2;138;148;168msk your question...[39m
[38;2;138;148;168m────────────────────────────────────────────────────────────────────────────────[39m
  [38;2;138;148;168m? for shortcuts · [38;2;2;136;142mtaste on[39m



[?2026l[?2026h[2K[1A[2K[1A[2K[1A[2K[1A[2K[1A[2K[1A[2K[1A[2K[1A[2K[1A[2K[1A[2K[1A[2K[1A[2K[1A[2K[G[1m[48;2;89;69;177m[38;2;244;244;244m SHELL [39m[49m[22m [38;2;53;61;80m[[39mcd ~/Developer/orch-go && ...[38;2;53;61;80m][39m
 [38;2;138;148;168m│[39m === test ===
 [38;2;138;148;168m└ [39m [38;2;138;148;168mProcessing…[39m

[48;2;45;43;85m[38;2;228;204;255m [1m◇ [22m[38;2;110;97;163mShell command allowed[38;2;228;204;255m [39m[49m [1m[38;2;138;148;168mesc[39m[22m [38;2;138;148;168mto interrupt[39m [38;2;138;148;168m•[39m [38;2;138;148;168m27s[39m [38;2;138;148;168m•[39m [38;2;138;148;168m↓[39m [38;2;138;148;168m18.4k[39m
 [38;2;138;148;168m ⎿  Tip: Use shift+tab to enable auto-accept[39m
[38;2;138;148;168m────────────────────────────────────────────────────────────────────────────────[39m
❯ [7mA[27m[38;2;138;148;168msk your question...[39m
[38;2;138;148;168m────────────────────────────────────────────────────────────────────────────────[39m
  [38;2;138;148;168m? for shortcuts · [38;2;2;136;142mtaste on[39m



[?2026l[?2026h[2K[1A[2K[1A[2K[1A[2K[1A[2K[1A[2K[1A[2K[1A[2K[1A[2K[1A[2K[1A[2K[1A[2K[1A[2K[1A[2K[G[1m[48;2;89;69;177m[38;2;244;244;244m SHELL [39m[49m[22m [38;2;53;61;80m[[39mcd ~/Developer/orch-go && ...[38;2;53;61;80m][39m
 [38;2;138;148;168m│[39m === test ===
 [38;2;138;148;168m└ [39m [38;2;138;148;168mProcessing…[39m

[48;2;45;43;85m[38;2;228;204;255m [1m☆ [22m[38;2;110;97;163mShell command allowed[38;2;228;204;255m [39m[49m [1m[38;2;138;148;168mesc[39m[22m [38;2;138;148;168mto interrupt[39m [38;2;138;148;168m•[39m [38;2;138;148;168m27s[39m [38;2;138;148;168m•[39m [38;2;138;148;168m↓[39m [38;2;138;148;168m18.4k[39m
 [38;2;138;148;168m ⎿  Tip: Use shift+tab to enable auto-accept[39m
[38;2;138;148;168m────────────────────────────────────────────────────────────────────────────────[39m
❯ [7mA[27m[38;2;138;148;168msk your question...[39m
[38;2;138;148;168m────────────────────────────────────────────────────────────────────────────────[39m
  [38;2;138;148;168m? for shortcuts · [38;2;2;136;142mtaste on[39m



[?2026l[?2026h[2K[1A[2K[1A[2K[1A[2K[1A[2K[1A[2K[1A[2K[1A[2K[1A[2K[1A[2K[1A[2K[1A[2K[1A[2K[1A[2K[G[1m[48;2;89;69;177m[38;2;244;244;244m SHELL [39m[49m[22m [38;2;53;61;80m[[39mcd ~/Developer/orch-go && ...[38;2;53;61;80m][39m
 [38;2;138;148;168m│[39m === test ===
 [38;2;138;148;168m└ [39m [38;2;138;148;168mProcessing…[39m

[48;2;45;43;85m[38;2;228;204;255m [1m☆ [22m[38;2;110;97;163mCom[38;2;165;153;233mp[38;2;228;204;255mu[38;2;171;165;206mt[38;2;204;199;225mi[38;2;255;255;255mn[38;2;234;218;255mg[38;2;171;165;206m…[38;2;228;204;255m [39m[49m [1m[38;2;138;148;168mesc[39m[22m [38;2;138;148;168mto interrupt[39m [38;2;138;148;168m•[39m [38;2;138;148;168m27s[39m [38;2;138;148;168m•[39m [38;2;138;148;168m↓[39m [38;2;138;148;168m18.4k[39m
 [38;2;138;148;168m ⎿  Tip: Use shift+tab to enable auto-accept[39m
[38;2;138;148;168m────────────────────────────────────────────────────────────────────────────────[39m
❯ [7mA[27m[38;2;138;148;168msk your question...[39m
[38;2;138;148;168m────────────────────────────────────────────────────────────────────────────────[39m
  [38;2;138;148;168m? for shortcuts · [38;2;2;136;142mtaste on[39m



[?2026l[?2026h[2K[1A[2K[1A[2K[1A[2K[1A[2K[1A[2K[1A[2K[1A[2K[1A[2K[1A[2K[1A[2K[1A[2K[1A[2K[1A[2K[G[1m[48;2;89;69;177m[38;2;244;244;244m SHELL [39m[49m[22m [38;2;53;61;80m[[39mcd ~/Developer/orch-go && ...[38;2;53;61;80m][39m
 [38;2;138;148;168m│[39m === test ===
 [38;2;138;148;168m└ [39m [38;2;138;148;168mProcessing…[39m

[48;2;45;43;85m[38;2;228;204;255m [1m✧ [22m[38;2;110;97;163mComp[38;2;165;153;233mu[38;2;228;204;255mt[38;2;171;165;206mi[38;2;204;199;225mn[38;2;255;255;255mg[38;2;234;218;255m…[38;2;228;204;255m [39m[49m [1m[38;2;138;148;168mesc[39m[22m [38;2;138;148;168mto interrupt[39m [38;2;138;148;168m•[39m [38;2;138;148;168m27s[39m [38;2;138;148;168m•[39m [38;2;138;148;168m↓[39m [38;2;138;148;168m18.4k[39m
 [38;2;138;148;168m ⎿  Tip: Use shift+tab to enable auto-accept[39m
[38;2;138;148;168m────────────────────────────────────────────────────────────────────────────────[39m
❯ [7mA[27m[38;2;138;148;168msk your question...[39m
[38;2;138;148;168m────────────────────────────────────────────────────────────────────────────────[39m
  [38;2;138;148;168m? for shortcuts · [38;2;2;136;142mtaste on[39m



[?2026l[?2026h[2K[1A[2K[1A[2K[1A[2K[1A[2K[1A[2K[1A[2K[1A[2K[1A[2K[1A[2K[1A[2K[1A[2K[1A[2K[1A[2K[G[1m[48;2;89;69;177m[38;2;244;244;244m SHELL [39m[49m[22m [38;2;53;61;80m[[39mcd ~/Developer/orch-go && ...[38;2;53;61;80m][39m
 [38;2;138;148;168m│[39m === test ===
 [38;2;138;148;168m└ [39m [38;2;138;148;168mProcessing…[39m

[48;2;45;43;85m[38;2;228;204;255m [1m☆ [22m[38;2;110;97;163mCompu[38;2;165;153;233mt[38;2;228;204;255mi[38;2;171;165;206mn[38;2;204;199;225mg[38;2;255;255;255m…[38;2;228;204;255m [39m[49m [1m[38;2;138;148;168mesc[39m[22m [38;2;138;148;168mto interrupt[39m [38;2;138;148;168m•[39m [38;2;138;148;168m27s[39m [38;2;138;148;168m•[39m [38;2;138;148;168m↓[39m [38;2;138;148;168m18.4k[39m
 [38;2;138;148;168m ⎿  Tip: Use shift+tab to enable auto-accept[39m
[38;2;138;148;168m────────────────────────────────────────────────────────────────────────────────[39m
❯ [7mA[27m[38;2;138;148;168msk your question...[39m
[38;2;138;148;168m────────────────────────────────────────────────────────────────────────────────[39m
  [38;2;138;148;168m? for shortcuts · [38;2;2;136;142mtaste on[39m



[?2026l[?2026h[2K[1A[2K[1A[2K[1A[2K[1A[2K[1A[2K[1A[2K[1A[2K[1A[2K[1A[2K[1A[2K[1A[2K[1A[2K[1A[2K[G[1m[48;2;89;69;177m[38;2;244;244;244m SHELL [39m[49m[22m [38;2;53;61;80m[[39mcd ~/Developer/orch-go && ...[38;2;53;61;80m][39m
 [38;2;138;148;168m│[39m === test ===
 [38;2;138;148;168m└ [39m [38;2;138;148;168mProcessing…[39m

[48;2;45;43;85m[38;2;228;204;255m [1m◇ [22m[38;2;110;97;163mComput[38;2;165;153;233mi[38;2;228;204;255mn[38;2;171;165;206mg[38;2;204;199;225m…[38;2;228;204;255m [39m[49m [1m[38;2;138;148;168mesc[39m[22m [38;2;138;148;168mto interrupt[39m [38;2;138;148;168m•[39m [38;2;138;148;168m27s[39m [38;2;138;148;168m•[39m [38;2;138;148;168m↓[39m [38;2;138;148;168m18.4k[39m
 [38;2;138;148;168m ⎿  Tip: Use shift+tab to enable auto-accept[39m
[38;2;138;148;168m────────────────────────────────────────────────────────────────────────────────[39m
❯ [7mA[27m[38;2;138;148;168msk your question...[39m
[38;2;138;148;168m────────────────────────────────────────────────────────────────────────────────[39m
  [38;2;138;148;168m? for shortcuts · [38;2;2;136;142mtaste on[39m



[?2026l[?2026h[2K[1A[2K[1A[2K[1A[2K[1A[2K[1A[2K[1A[2K[1A[2K[1A[2K[1A[2K[1A[2K[1A[2K[1A[2K[1A[2K[G[1m[48;2;89;69;177m[38;2;244;244;244m SHELL [39m[49m[22m [38;2;53;61;80m[[39mcd ~/Developer/orch-go && ...[38;2;53;61;80m][39m
 [38;2;138;148;168m│[39m === test ===
 [38;2;138;148;168m└ [39m [38;2;138;148;168mProcessing…[39m

[48;2;45;43;85m[38;2;228;204;255m [1m○ [22m[38;2;110;97;163mComputi[38;2;165;153;233mn[38;2;228;204;255mg[38;2;171;165;206m…[38;2;228;204;255m [39m[49m [1m[38;2;138;148;168mesc[39m[22m [38;2;138;148;168mto interrupt[39m [38;2;138;148;168m•[39m [38;2;138;148;168m27s[39m [38;2;138;148;168m•[39m [38;2;138;148;168m↓[39m [38;2;138;148;168m18.4k[39m
 [38;2;138;148;168m ⎿  Tip: Use shift+tab to enable auto-accept[39m
[38;2;138;148;168m────────────────────────────────────────────────────────────────────────────────[39m
❯ [7mA[27m[38;2;138;148;168msk your question...[39m
[38;2;138;148;168m────────────────────────────────────────────────────────────────────────────────[39m
  [38;2;138;148;168m? for shortcuts · [38;2;2;136;142mtaste on[39m



[?2026l[?2026h[2K[1A[2K[1A[2K[1A[2K[1A[2K[1A[2K[1A[2K[1A[2K[1A[2K[1A[2K[1A[2K[1A[2K[1A[2K[1A[2K[G[1m[48;2;89;69;177m[38;2;244;244;244m SHELL [39m[49m[22m [38;2;53;61;80m[[39mcd ~/Developer/orch-go && ...[38;2;53;61;80m][39m
 [38;2;138;148;168m│[39m === test ===
 [38;2;138;148;168m└ [39m [38;2;138;148;168mProcessing…[39m

[48;2;45;43;85m[38;2;228;204;255m [1m⌘ [22m[38;2;110;97;163mComputin[38;2;165;153;233mg[38;2;228;204;255m… [39m[49m [1m[38;2;138;148;168mesc[39m[22m [38;2;138;148;168mto interrupt[39m [38;2;138;148;168m•[39m [38;2;138;148;168m27s[39m [38;2;138;148;168m•[39m [38;2;138;148;168m↓[39m [38;2;138;148;168m18.4k[39m
 [38;2;138;148;168m ⎿  Tip: Use shift+tab to enable auto-accept[39m
[38;2;138;148;168m────────────────────────────────────────────────────────────────────────────────[39m
❯ [7mA[27m[38;2;138;148;168msk your question...[39m
[38;2;138;148;168m────────────────────────────────────────────────────────────────────────────────[39m
  [38;2;138;148;168m? for shortcuts · [38;2;2;136;142mtaste on[39m



[?2026l[?2026h[2K[1A[2K[1A[2K[1A[2K[1A[2K[1A[2K[1A[2K[1A[2K[1A[2K[1A[2K[1A[2K[1A[2K[1A[2K[1A[2K[G[1m[48;2;89;69;177m[38;2;244;244;244m SHELL [39m[49m[22m [38;2;53;61;80m[[39mcd ~/Developer/orch-go && ...[38;2;53;61;80m][39m
 [38;2;138;148;168m│[39m === test ===
 [38;2;138;148;168m└ [39m [38;2;138;148;168mProcessing…[39m

[48;2;45;43;85m[38;2;228;204;255m [1m⌘ [22m[38;2;110;97;163mComputing[38;2;165;153;233m…[38;2;228;204;255m [39m[49m [1m[38;2;138;148;168mesc[39m[22m [38;2;138;148;168mto interrupt[39m [38;2;138;148;168m•[39m [38;2;138;148;168m27s[39m [38;2;138;148;168m•[39m [38;2;138;148;168m↓[39m [38;2;138;148;168m18.4k[39m
 [38;2;138;148;168m ⎿  Tip: Use shift+tab to enable auto-accept[39m
[38;2;138;148;168m────────────────────────────────────────────────────────────────────────────────[39m
❯ [7mA[27m[38;2;138;148;168msk your question...[39m
[38;2;138;148;168m────────────────────────────────────────────────────────────────────────────────[39m
  [38;2;138;148;168m? for shortcuts · [38;2;2;136;142mtaste on[39m



[?2026l[?2026h[2K[1A[2K[1A[2K[1A[2K[1A[2K[1A[2K[1A[2K[1A[2K[1A[2K[1A[2K[1A[2K[1A[2K[1A[2K[1A[2K[G[1m[48;2;89;69;177m[38;2;244;244;244m SHELL [39m[49m[22m [38;2;53;61;80m[[39mcd ~/Developer/orch-go && ...[38;2;53;61;80m][39m
 [38;2;138;148;168m│[39m === test ===
 [38;2;138;148;168m└ [39m [38;2;138;148;168mProcessing…[39m

[48;2;45;43;85m[38;2;228;204;255m [1m⌘ [22m[38;2;110;97;163mComputing…[38;2;228;204;255m [39m[49m [1m[38;2;138;148;168mesc[39m[22m [38;2;138;148;168mto interrupt[39m [38;2;138;148;168m•[39m [38;2;138;148;168m27s[39m [38;2;138;148;168m•[39m [38;2;138;148;168m↓[39m [38;2;138;148;168m18.4k[39m
 [38;2;138;148;168m ⎿  Tip: Use shift+tab to enable auto-accept[39m
[38;2;138;148;168m────────────────────────────────────────────────────────────────────────────────[39m
❯ [7mA[27m[38;2;138;148;168msk your question...[39m
[38;2;138;148;168m────────────────────────────────────────────────────────────────────────────────[39m
  [38;2;138;148;168m? for shortcuts · [38;2;2;136;142mtaste on[39m



[?2026l[?2026h[2K[1A[2K[1A[2K[1A[2K[1A[2K[1A[2K[1A[2K[1A[2K[1A[2K[1A[2K[1A[2K[1A[2K[1A[2K[1A[2K[G[1m[48;2;89;69;177m[38;2;244;244;244m SHELL [39m[49m[22m [38;2;53;61;80m[[39mcd ~/Developer/orch-go && ...[38;2;53;61;80m][39m
 [38;2;138;148;168m│[39m === test ===
 [38;2;138;148;168m└ [39m [38;2;138;148;168mProcessing…[39m

[48;2;45;43;85m[38;2;228;204;255m [1m○ [22m[38;2;110;97;163mComputing…[38;2;228;204;255m [39m[49m [1m[38;2;138;148;168mesc[39m[22m [38;2;138;148;168mto interrupt[39m [38;2;138;148;168m•[39m [38;2;138;148;168m27s[39m [38;2;138;148;168m•[39m [38;2;138;148;168m↓[39m [38;2;138;148;168m18.4k[39m
 [38;2;138;148;168m ⎿  Tip: Use shift+tab to enable auto-accept[39m
[38;2;138;148;168m────────────────────────────────────────────────────────────────────────────────[39m
❯ [7mA[27m[38;2;138;148;168msk your question...[39m
[38;2;138;148;168m────────────────────────────────────────────────────────────────────────────────[39m
  [38;2;138;148;168m? for shortcuts · [38;2;2;136;142mtaste on[39m



[?2026l[?2026h[2K[1A[2K[1A[2K[1A[2K[1A[2K[1A[2K[1A[2K[1A[2K[1A[2K[1A[2K[1A[2K[1A[2K[1A[2K[1A[2K[G[1m[48;2;89;69;177m[38;2;244;244;244m SHELL [39m[49m[22m [38;2;53;61;80m[[39mcd ~/Developer/orch-go && ...[38;2;53;61;80m][39m
 [38;2;138;148;168m│[39m === test ===
 [38;2;138;148;168m└ [39m [38;2;138;148;168mProcessing…[39m

[48;2;45;43;85m[38;2;228;204;255m [1m○ [22m[38;2;110;97;163mComputing…[38;2;228;204;255m [39m[49m [1m[38;2;138;148;168mesc[39m[22m [38;2;138;148;168mto interrupt[39m [38;2;138;148;168m•[39m [38;2;138;148;168m28s[39m [38;2;138;148;168m•[39m [38;2;138;148;168m↓[39m [38;2;138;148;168m18.4k[39m
 [38;2;138;148;168m ⎿  Tip: Use shift+tab to enable auto-accept[39m
[38;2;138;148;168m────────────────────────────────────────────────────────────────────────────────[39m
❯ [7mA[27m[38;2;138;148;168msk your question...[39m
[38;2;138;148;168m────────────────────────────────────────────────────────────────────────────────[39m
  [38;2;138;148;168m? for shortcuts · [38;2;2;136;142mtaste on[39m



[?2026l[?2026h[2K[1A[2K[1A[2K[1A[2K[1A[2K[1A[2K[1A[2K[1A[2K[1A[2K[1A[2K[1A[2K[1A[2K[1A[2K[1A[2K[G[1m[48;2;89;69;177m[38;2;244;244;244m SHELL [39m[49m[22m [38;2;53;61;80m[[39mcd ~/Developer/orch-go && ...[38;2;53;61;80m][39m
 [38;2;138;148;168m│[39m === test ===
 [38;2;138;148;168m└ [39m [38;2;138;148;168mProcessing…[39m

[48;2;45;43;85m[38;2;228;204;255m [1m◇ [22m[38;2;110;97;163mComputing…[38;2;228;204;255m [39m[49m [1m[38;2;138;148;168mesc[39m[22m [38;2;138;148;168mto interrupt[39m [38;2;138;148;168m•[39m [38;2;138;148;168m28s[39m [38;2;138;148;168m•[39m [38;2;138;148;168m↓[39m [38;2;138;148;168m18.4k[39m
 [38;2;138;148;168m ⎿  Tip: Use shift+tab to enable auto-accept[39m
[38;2;138;148;168m────────────────────────────────────────────────────────────────────────────────[39m
❯ [7mA[27m[38;2;138;148;168msk your question...[39m
[38;2;138;148;168m────────────────────────────────────────────────────────────────────────────────[39m
  [38;2;138;148;168m? for shortcuts · [38;2;2;136;142mtaste on[39m



[?2026l[?2026h[2K[1A[2K[1A[2K[1A[2K[1A[2K[1A[2K[1A[2K[1A[2K[1A[2K[1A[2K[1A[2K[1A[2K[1A[2K[1A[2K[G[1m[48;2;89;69;177m[38;2;244;244;244m SHELL [39m[49m[22m [38;2;53;61;80m[[39mcd ~/Developer/orch-go && ...[38;2;53;61;80m][39m
 [38;2;138;148;168m│[39m === test ===
 [38;2;138;148;168m└ [39m [38;2;138;148;168mProcessing…[39m

[48;2;45;43;85m[38;2;228;204;255m [1m☆ [22m[38;2;110;97;163mComputing…[38;2;228;204;255m [39m[49m [1m[38;2;138;148;168mesc[39m[22m [38;2;138;148;168mto interrupt[39m [38;2;138;148;168m•[39m [38;2;138;148;168m28s[39m [38;2;138;148;168m•[39m [38;2;138;148;168m↓[39m [38;2;138;148;168m18.4k[39m
 [38;2;138;148;168m ⎿  Tip: Use shift+tab to enable auto-accept[39m
[38;2;138;148;168m────────────────────────────────────────────────────────────────────────────────[39m
❯ [7mA[27m[38;2;138;148;168msk your question...[39m
[38;2;138;148;168m────────────────────────────────────────────────────────────────────────────────[39m
  [38;2;138;148;168m? for shortcuts · [38;2;2;136;142mtaste on[39m



[?2026l[?2026h[2K[1A[2K[1A[2K[1A[2K[1A[2K[1A[2K[1A[2K[1A[2K[1A[2K[1A[2K[1A[2K[1A[2K[1A[2K[1A[2K[G[1m[48;2;89;69;177m[38;2;244;244;244m SHELL [39m[49m[22m [38;2;53;61;80m[[39mcd ~/Developer/orch-go && ...[38;2;53;61;80m][39m
 [38;2;138;148;168m│[39m === gofmt ===
 [38;2;138;148;168m│[39m === vet ===
 [38;2;138;148;168m└ [39m [38;2;138;148;168m... +2 lines [38;2;53;61;80m[[38;2;138;148;168mctrl+o to expand[38;2;53;61;80m][39m

[?2026h[48;2;45;43;85m[38;2;228;204;255m [1m☆ [22m[38;2;110;97;163mComputing…[38;2;228;204;255m [39m[49m [1m[38;2;138;148;168mesc[39m[22m [38;2;138;148;168mto interrupt[39m [38;2;138;148;168m•[39m [38;2;138;148;168m28s[39m [38;2;138;148;168m•[39m [38;2;138;148;168m↓[39m [38;2;138;148;168m18.4k[39m
 [38;2;138;148;168m ⎿  Tip: Use shift+tab to enable auto-accept[39m
[38;2;138;148;168m────────────────────────────────────────────────────────────────────────────────[39m
❯ [7mA[27m[38;2;138;148;168msk your question...[39m
[38;2;138;148;168m────────────────────────────────────────────────────────────────────────────────[39m
  [38;2;138;148;168m? for shortcuts · [38;2;2;136;142mtaste on[39m



[?2026l[?2026l[?2026h[2K[1A[2K[1A[2K[1A[2K[1A[2K[1A[2K[1A[2K[1A[2K[1A[2K[1A[2K[G[48;2;45;43;85m[38;2;228;204;255m [1m✧ [22m[38;2;234;218;255mC[38;2;171;165;206mo[38;2;228;204;255mm[38;2;165;153;233mp[38;2;110;97;163muting…[38;2;228;204;255m [39m[49m [1m[38;2;138;148;168mesc[39m[22m [38;2;138;148;168mto interrupt[39m [38;2;138;148;168m•[39m [38;2;138;148;168m28s[39m [38;2;138;148;168m•[39m [38;2;138;148;168m↓[39m [38;2;138;148;168m18.4k[39m
 [38;2;138;148;168m ⎿  Tip: Use shift+tab to enable auto-accept[39m
[38;2;138;148;168m────────────────────────────────────────────────────────────────────────────────[39m
❯ [7mA[27m[38;2;138;148;168msk your question...[39m
[38;2;138;148;168m────────────────────────────────────────────────────────────────────────────────[39m
  [38;2;138;148;168m? for shortcuts · [38;2;2;136;142mtaste on[39m



[?2026l[?2026h[2K[1A[2K[1A[2K[1A[2K[1A[2K[1A[2K[1A[2K[1A[2K[1A[2K[1A[2K[G[48;2;45;43;85m[38;2;228;204;255m [1m☆ [22m[38;2;255;255;255mC[38;2;234;218;255mo[38;2;171;165;206mm[38;2;228;204;255mp[38;2;165;153;233mu[38;2;110;97;163mting…[38;2;228;204;255m [39m[49m [1m[38;2;138;148;168mesc[39m[22m [38;2;138;148;168mto interrupt[39m [38;2;138;148;168m•[39m [38;2;138;148;168m28s[39m [38;2;138;148;168m•[39m [38;2;138;148;168m↓[39m [38;2;138;148;168m18.4k[39m
 [38;2;138;148;168m ⎿  Tip: Use shift+tab to enable auto-accept[39m
[38;2;138;148;168m────────────────────────────────────────────────────────────────────────────────[39m
❯ [7mA[27m[38;2;138;148;168msk your question...[39m
[38;2;138;148;168m────────────────────────────────────────────────────────────────────────────────[39m
  [38;2;138;148;168m? for shortcuts · [38;2;2;136;142mtaste on[39m



[?2026l[?2026h[2K[1A[2K[1A[2K[1A[2K[1A[2K[1A[2K[1A[2K[1A[2K[1A[2K[1A[2K[G[48;2;45;43;85m[38;2;228;204;255m [1m◇ [22m[38;2;204;199;225mC[38;2;255;255;255mo[38;2;234;218;255mm[38;2;171;165;206mp[38;2;228;204;255mu[38;2;165;153;233mt[38;2;110;97;163ming…[38;2;228;204;255m [39m[49m [1m[38;2;138;148;168mesc[39m[22m [38;2;138;148;168mto interrupt[39m [38;2;138;148;168m•[39m [38;2;138;148;168m28s[39m [38;2;138;148;168m•[39m [38;2;138;148;168m↓[39m [38;2;138;148;168m18.4k[39m
 [38;2;138;148;168m ⎿  Tip: Use shift+tab to enable auto-accept[39m
[38;2;138;148;168m────────────────────────────────────────────────────────────────────────────────[39m
❯ [7mA[27m[38;2;138;148;168msk your question...[39m
[38;2;138;148;168m────────────────────────────────────────────────────────────────────────────────[39m
  [38;2;138;148;168m? for shortcuts · [38;2;2;136;142mtaste on[39m



[?2026l[?2026h[2K[1A[2K[1A[2K[1A[2K[1A[2K[1A[2K[1A[2K[1A[2K[1A[2K[1A[2K[G[48;2;45;43;85m[38;2;228;204;255m [1m○ [22m[38;2;171;165;206mC[38;2;204;199;225mo[38;2;255;255;255mm[38;2;234;218;255mp[38;2;171;165;206mu[38;2;228;204;255mt[38;2;165;153;233mi[38;2;110;97;163mng…[38;2;228;204;255m [39m[49m [1m[38;2;138;148;168mesc[39m[22m [38;2;138;148;168mto interrupt[39m [38;2;138;148;168m•[39m [38;2;138;148;168m28s[39m [38;2;138;148;168m•[39m [38;2;138;148;168m↓[39m [38;2;138;148;168m18.4k[39m
 [38;2;138;148;168m ⎿  Tip: Use shift+tab to enable auto-accept[39m
[38;2;138;148;168m────────────────────────────────────────────────────────────────────────────────[39m
❯ [7mA[27m[38;2;138;148;168msk your question...[39m
[38;2;138;148;168m────────────────────────────────────────────────────────────────────────────────[39m
  [38;2;138;148;168m? for shortcuts · [38;2;2;136;142mtaste on[39m



[?2026l[?2026h[2K[1A[2K[1A[2K[1A[2K[1A[2K[1A[2K[1A[2K[1A[2K[1A[2K[1A[2K[G[48;2;45;43;85m[38;2;228;204;255m [1m· [22mC[38;2;171;165;206mo[38;2;204;199;225mm[38;2;255;255;255mp[38;2;234;218;255mu[38;2;171;165;206mt[38;2;228;204;255mi[38;2;165;153;233mn[38;2;110;97;163mg…[38;2;228;204;255m [39m[49m [1m[38;2;138;148;168mesc[39m[22m [38;2;138;148;168mto interrupt[39m [38;2;138;148;168m•[39m [38;2;138;148;168m28s[39m [38;2;138;148;168m•[39m [38;2;138;148;168m↓[39m [38;2;138;148;168m18.4k[39m
 [38;2;138;148;168m ⎿  Tip: Use shift+tab to enable auto-accept[39m
[38;2;138;148;168m────────────────────────────────────────────────────────────────────────────────[39m
❯ [7mA[27m[38;2;138;148;168msk your question...[39m
[38;2;138;148;168m────────────────────────────────────────────────────────────────────────────────[39m
  [38;2;138;148;168m? for shortcuts · [38;2;2;136;142mtaste on[39m



[?2026l[?2026h[2K[1A[2K[1A[2K[1A[2K[1A[2K[1A[2K[1A[2K[1A[2K[1A[2K[1A[2K[G[48;2;45;43;85m[38;2;228;204;255m [1m· [22m[38;2;165;153;233mC[38;2;228;204;255mo[38;2;171;165;206mm[38;2;204;199;225mp[38;2;255;255;255mu[38;2;234;218;255mt[38;2;171;165;206mi[38;2;228;204;255mn[38;2;165;153;233mg[38;2;110;97;163m…[38;2;228;204;255m [39m[49m [1m[38;2;138;148;168mesc[39m[22m [38;2;138;148;168mto interrupt[39m [38;2;138;148;168m•[39m [38;2;138;148;168m28s[39m [38;2;138;148;168m•[39m [38;2;138;148;168m↓[39m [38;2;138;148;168m18.4k[39m
 [38;2;138;148;168m ⎿  Tip: Use shift+tab to enable auto-accept[39m
[38;2;138;148;168m────────────────────────────────────────────────────────────────────────────────[39m
❯ [7mA[27m[38;2;138;148;168msk your question...[39m
[38;2;138;148;168m────────────────────────────────────────────────────────────────────────────────[39m
  [38;2;138;148;168m? for shortcuts · [38;2;2;136;142mtaste on[39m



[?2026l[?2026h[2K[1A[2K[1A[2K[1A[2K[1A[2K[1A[2K[1A[2K[1A[2K[1A[2K[1A[2K[G[48;2;45;43;85m[38;2;228;204;255m [1m· [22m[38;2;110;97;163mC[38;2;165;153;233mo[38;2;228;204;255mm[38;2;171;165;206mp[38;2;204;199;225mu[38;2;255;255;255mt[38;2;234;218;255mi[38;2;171;165;206mn[38;2;228;204;255mg[38;2;165;153;233m…[38;2;228;204;255m [39m[49m [1m[38;2;138;148;168mesc[39m[22m [38;2;138;148;168mto interrupt[39m [38;2;138;148;168m•[39m [38;2;138;148;168m28s[39m [38;2;138;148;168m•[39m [38;2;138;148;168m↓[39m [38;2;138;148;168m18.4k[39m
 [38;2;138;148;168m ⎿  Tip: Use shift+tab to enable auto-accept[39m
[38;2;138;148;168m────────────────────────────────────────────────────────────────────────────────[39m
❯ [7mA[27m[38;2;138;148;168msk your question...[39m
[38;2;138;148;168m────────────────────────────────────────────────────────────────────────────────[39m
  [38;2;138;148;168m? for shortcuts · [38;2;2;136;142mtaste on[39m



[?2026l[?2026h[2K[1A[2K[1A[2K[1A[2K[1A[2K[1A[2K[1A[2K[1A[2K[1A[2K[1A[2K[G[48;2;45;43;85m[38;2;228;204;255m [1m○ [22m[38;2;110;97;163mCo[38;2;165;153;233mm[38;2;228;204;255mp[38;2;171;165;206mu[38;2;204;199;225mt[38;2;255;255;255mi[38;2;234;218;255mn[38;2;171;165;206mg[38;2;228;204;255m… [39m[49m [1m[38;2;138;148;168mesc[39m[22m [38;2;138;148;168mto interrupt[39m [38;2;138;148;168m•[39m [38;2;138;148;168m28s[39m [38;2;138;148;168m•[39m [38;2;138;148;168m↓[39m [38;2;138;148;168m18.4k[39m
 [38;2;138;148;168m ⎿  Tip: Use shift+tab to enable auto-accept[39m
[38;2;138;148;168m────────────────────────────────────────────────────────────────────────────────[39m
❯ [7mA[27m[38;2;138;148;168msk your question...[39m
[38;2;138;148;168m────────────────────────────────────────────────────────────────────────────────[39m
  [38;2;138;148;168m? for shortcuts · [38;2;2;136;142mtaste on[39m



[?2026l[?2026h[2K[1A[2K[1A[2K[1A[2K[1A[2K[1A[2K[1A[2K[1A[2K[1A[2K[1A[2K[G[48;2;45;43;85m[38;2;228;204;255m [1m○ [22m[38;2;110;97;163mCom[38;2;165;153;233mp[38;2;228;204;255mu[38;2;171;165;206mt[38;2;204;199;225mi[38;2;255;255;255mn[38;2;234;218;255mg[38;2;171;165;206m…[38;2;228;204;255m [39m[49m [1m[38;2;138;148;168mesc[39m[22m [38;2;138;148;168mto interrupt[39m [38;2;138;148;168m•[39m [38;2;138;148;168m28s[39m [38;2;138;148;168m•[39m [38;2;138;148;168m↓[39m [38;2;138;148;168m18.4k[39m
 [38;2;138;148;168m ⎿  Tip: Use shift+tab to enable auto-accept[39m
[38;2;138;148;168m────────────────────────────────────────────────────────────────────────────────[39m
❯ [7mA[27m[38;2;138;148;168msk your question...[39m
[38;2;138;148;168m────────────────────────────────────────────────────────────────────────────────[39m
  [38;2;138;148;168m? for shortcuts · [38;2;2;136;142mtaste on[39m



[?2026l[?2026h[2K[1A[2K[1A[2K[1A[2K[1A[2K[1A[2K[1A[2K[1A[2K[1A[2K[1A[2K[G[48;2;45;43;85m[38;2;228;204;255m [1m◇ [22m[38;2;110;97;163mComp[38;2;165;153;233mu[38;2;228;204;255mt[38;2;171;165;206mi[38;2;204;199;225mn[38;2;255;255;255mg[38;2;234;218;255m…[38;2;228;204;255m [39m[49m [1m[38;2;138;148;168mesc[39m[22m [38;2;138;148;168mto interrupt[39m [38;2;138;148;168m•[39m [38;2;138;148;168m28s[39m [38;2;138;148;168m•[39m [38;2;138;148;168m↓[39m [38;2;138;148;168m18.4k[39m
 [38;2;138;148;168m ⎿  Tip: Use shift+tab to enable auto-accept[39m
[38;2;138;148;168m────────────────────────────────────────────────────────────────────────────────[39m
❯ [7mA[27m[38;2;138;148;168msk your question...[39m
[38;2;138;148;168m────────────────────────────────────────────────────────────────────────────────[39m
  [38;2;138;148;168m? for shortcuts · [38;2;2;136;142mtaste on[39m



[?2026l[?2026h[2K[1A[2K[1A[2K[1A[2K[1A[2K[1A[2K[1A[2K[1A[2K[1A[2K[1A[2K[G[48;2;45;43;85m[38;2;228;204;255m [1m☆ [22m[38;2;110;97;163mCompu[38;2;165;153;233mt[38;2;228;204;255mi[38;2;171;165;206mn[38;2;204;199;225mg[38;2;255;255;255m…[38;2;228;204;255m [39m[49m [1m[38;2;138;148;168mesc[39m[22m [38;2;138;148;168mto interrupt[39m [38;2;138;148;168m•[39m [38;2;138;148;168m29s[39m [38;2;138;148;168m•[39m [38;2;138;148;168m↓[39m [38;2;138;148;168m18.4k[39m
 [38;2;138;148;168m ⎿  Tip: Use shift+tab to enable auto-accept[39m
[38;2;138;148;168m────────────────────────────────────────────────────────────────────────────────[39m
❯ [7mA[27m[38;2;138;148;168msk your question...[39m
[38;2;138;148;168m────────────────────────────────────────────────────────────────────────────────[39m
  [38;2;138;148;168m? for shortcuts · [38;2;2;136;142mtaste on[39m



[?2026l]0;⌘ Command Code · orch-go · deepseek-v4-flash-(latest)]2;⌘ Command Code · orch-go · deepseek-v4-flash-(latest)[?2026h[2K[1A[2K[1A[2K[1A[2K[1A[2K[1A[2K[1A[2K[1A[2K[1A[2K[1A[2K[G[48;2;45;43;85m[38;2;228;204;255m [1m✧ [22m[38;2;110;97;163mComput[38;2;165;153;233mi[38;2;228;204;255mn[38;2;171;165;206mg[38;2;204;199;225m…[38;2;228;204;255m [39m[49m [1m[38;2;138;148;168mesc[39m[22m [38;2;138;148;168mto interrupt[39m [38;2;138;148;168m•[39m [38;2;138;148;168m29s[39m [38;2;138;148;168m•[39m [38;2;138;148;168m↓[39m [38;2;138;148;168m18.4k[39m
 [38;2;138;148;168m ⎿  Tip: Use shift+tab to enable auto-accept[39m
[38;2;138;148;168m────────────────────────────────────────────────────────────────────────────────[39m
❯ [7mA[27m[38;2;138;148;168msk your question...[39m
[38;2;138;148;168m────────────────────────────────────────────────────────────────────────────────[39m
  [38;2;138;148;168m? for shortcuts · [38;2;2;136;142mtaste on[39m



[?2026l[?2026h[2K[1A[2K[1A[2K[1A[2K[1A[2K[1A[2K[1A[2K[1A[2K[1A[2K[1A[2K[G[48;2;45;43;85m[38;2;228;204;255m [1m☆ [22m[38;2;110;97;163mComputi[38;2;165;153;233mn[38;2;228;204;255mg[38;2;171;165;206m…[38;2;228;204;255m [39m[49m [1m[38;2;138;148;168mesc[39m[22m [38;2;138;148;168mto interrupt[39m [38;2;138;148;168m•[39m [38;2;138;148;168m29s[39m [38;2;138;148;168m•[39m [38;2;138;148;168m↓[39m [38;2;138;148;168m18.4k[39m
 [38;2;138;148;168m ⎿  Tip: Use shift+tab to enable auto-accept[39m
[38;2;138;148;168m────────────────────────────────────────────────────────────────────────────────[39m
❯ [7mA[27m[38;2;138;148;168msk your question...[39m
[38;2;138;148;168m────────────────────────────────────────────────────────────────────────────────[39m
  [38;2;138;148;168m? for shortcuts · [38;2;2;136;142mtaste on[39m



[?2026l[?2026h[2K[1A[2K[1A[2K[1A[2K[1A[2K[1A[2K[1A[2K[1A[2K[1A[2K[1A[2K[G[48;2;45;43;85m[38;2;228;204;255m [1m◇ [22m[38;2;110;97;163mComputin[38;2;165;153;233mg[38;2;228;204;255m… [39m[49m [1m[38;2;138;148;168mesc[39m[22m [38;2;138;148;168mto interrupt[39m [38;2;138;148;168m•[39m [38;2;138;148;168m29s[39m [38;2;138;148;168m•[39m [38;2;138;148;168m↓[39m [38;2;138;148;168m18.4k[39m
 [38;2;138;148;168m ⎿  Tip: Use shift+tab to enable auto-accept[39m
[38;2;138;148;168m────────────────────────────────────────────────────────────────────────────────[39m
❯ [7mA[27m[38;2;138;148;168msk your question...[39m
[38;2;138;148;168m────────────────────────────────────────────────────────────────────────────────[39m
  [38;2;138;148;168m? for shortcuts · [38;2;2;136;142mtaste on[39m



[?2026l[?2026h[2K[1A[2K[1A[2K[1A[2K[1A[2K[1A[2K[1A[2K[1A[2K[1A[2K[1A[2K[G[48;2;45;43;85m[38;2;228;204;255m [1m○ [22m[38;2;110;97;163mComputing[38;2;165;153;233m…[38;2;228;204;255m [39m[49m [1m[38;2;138;148;168mesc[39m[22m [38;2;138;148;168mto interrupt[39m [38;2;138;148;168m•[39m [38;2;138;148;168m29s[39m [38;2;138;148;168m•[39m [38;2;138;148;168m↓[39m [38;2;138;148;168m18.4k[39m
 [38;2;138;148;168m ⎿  Tip: Use shift+tab to enable auto-accept[39m
[38;2;138;148;168m────────────────────────────────────────────────────────────────────────────────[39m
❯ [7mA[27m[38;2;138;148;168msk your question...[39m
[38;2;138;148;168m────────────────────────────────────────────────────────────────────────────────[39m
  [38;2;138;148;168m? for shortcuts · [38;2;2;136;142mtaste on[39m



[?2026l[?2026h[2K[1A[2K[1A[2K[1A[2K[1A[2K[1A[2K[1A[2K[1A[2K[1A[2K[1A[2K[G[48;2;45;43;85m[38;2;228;204;255m [1m⌘ [22m[38;2;110;97;163mComputing…[38;2;228;204;255m [39m[49m [1m[38;2;138;148;168mesc[39m[22m [38;2;138;148;168mto interrupt[39m [38;2;138;148;168m•[39m [38;2;138;148;168m29s[39m [38;2;138;148;168m•[39m [38;2;138;148;168m↓[39m [38;2;138;148;168m18.4k[39m
 [38;2;138;148;168m ⎿  Tip: Use shift+tab to enable auto-accept[39m
[38;2;138;148;168m────────────────────────────────────────────────────────────────────────────────[39m
❯ [7mA[27m[38;2;138;148;168msk your question...[39m
[38;2;138;148;168m────────────────────────────────────────────────────────────────────────────────[39m
  [38;2;138;148;168m? for shortcuts · [38;2;2;136;142mtaste on[39m



[?2026l[?2026h[2K[1A[2K[1A[2K[1A[2K[1A[2K[1A[2K[1A[2K[1A[2K[1A[2K[1A[2K[G[48;2;45;43;85m[38;2;228;204;255m [1m○ [22m[38;2;110;97;163mComputing…[38;2;228;204;255m [39m[49m [1m[38;2;138;148;168mesc[39m[22m [38;2;138;148;168mto interrupt[39m [38;2;138;148;168m•[39m [38;2;138;148;168m29s[39m [38;2;138;148;168m•[39m [38;2;138;148;168m↓[39m [38;2;138;148;168m18.4k[39m
 [38;2;138;148;168m ⎿  Tip: Use shift+tab to enable auto-accept[39m
[38;2;138;148;168m────────────────────────────────────────────────────────────────────────────────[39m
❯ [7mA[27m[38;2;138;148;168msk your question...[39m
[38;2;138;148;168m────────────────────────────────────────────────────────────────────────────────[39m
  [38;2;138;148;168m? for shortcuts · [38;2;2;136;142mtaste on[39m



[?2026l[?2026h[2K[1A[2K[1A[2K[1A[2K[1A[2K[1A[2K[1A[2K[1A[2K[1A[2K[1A[2K[G[48;2;45;43;85m[38;2;228;204;255m [1m◇ [22m[38;2;234;218;255mC[38;2;171;165;206mo[38;2;228;204;255mm[38;2;165;153;233mp[38;2;110;97;163muting…[38;2;228;204;255m [39m[49m [1m[38;2;138;148;168mesc[39m[22m [38;2;138;148;168mto interrupt[39m [38;2;138;148;168m•[39m [38;2;138;148;168m29s[39m [38;2;138;148;168m•[39m [38;2;138;148;168m↓[39m [38;2;138;148;168m18.4k[39m
 [38;2;138;148;168m ⎿  Tip: Use shift+tab to enable auto-accept[39m
[38;2;138;148;168m────────────────────────────────────────────────────────────────────────────────[39m
❯ [7mA[27m[38;2;138;148;168msk your question...[39m
[38;2;138;148;168m────────────────────────────────────────────────────────────────────────────────[39m
  [38;2;138;148;168m? for shortcuts · [38;2;2;136;142mtaste on[39m



[?2026l[?2026h[2K[1A[2K[1A[2K[1A[2K[1A[2K[1A[2K[1A[2K[1A[2K[1A[2K[1A[2K[G[48;2;45;43;85m[38;2;228;204;255m [1m☆ [22m[38;2;255;255;255mC[38;2;234;218;255mo[38;2;171;165;206mm[38;2;228;204;255mp[38;2;165;153;233mu[38;2;110;97;163mting…[38;2;228;204;255m [39m[49m [1m[38;2;138;148;168mesc[39m[22m [38;2;138;148;168mto interrupt[39m [38;2;138;148;168m•[39m [38;2;138;148;168m29s[39m [38;2;138;148;168m•[39m [38;2;138;148;168m↓[39m [38;2;138;148;168m18.4k[39m
 [38;2;138;148;168m ⎿  Tip: Use shift+tab to enable auto-accept[39m
[38;2;138;148;168m────────────────────────────────────────────────────────────────────────────────[39m
❯ [7mA[27m[38;2;138;148;168msk your question...[39m
[38;2;138;148;168m────────────────────────────────────────────────────────────────────────────────[39m
  [38;2;138;148;168m? for shortcuts · [38;2;2;136;142mtaste on[39m



[?2026l[?2026h[2K[1A[2K[1A[2K[1A[2K[1A[2K[1A[2K[1A[2K[1A[2K[1A[2K[1A[2K[G[48;2;45;43;85m[38;2;228;204;255m [1m☆ [22m[38;2;255;255;255mC[38;2;234;218;255mo[38;2;171;165;206mm[38;2;228;204;255mp[38;2;165;153;233mu[38;2;110;97;163mting…[38;2;228;204;255m [39m[49m [1m[38;2;138;148;168mesc[39m[22m [38;2;138;148;168mto interrupt[39m [38;2;138;148;168m•[39m [38;2;138;148;168m29s[39m [38;2;138;148;168m•[39m [38;2;138;148;168m↓[39m [38;2;138;148;168m18.4k[39m
[38;2;138;148;168m────────────────────────────────────────────────────────────────────────────────[39m
❯ [7mA[27m[38;2;138;148;168msk your question...[39m
[38;2;138;148;168m────────────────────────────────────────────────────────────────────────────────[39m
  [38;2;138;148;168m? for shortcuts · [38;2;2;136;142mtaste on[39m



[?2026l[?2026h[2K[1A[2K[1A[2K[1A[2K[1A[2K[1A[2K[1A[2K[1A[2K[1A[2K[G[48;2;45;43;85m[38;2;228;204;255m [1m✧ [22m[38;2;204;199;225mC[38;2;255;255;255mo[38;2;234;218;255mm[38;2;171;165;206mp[38;2;228;204;255mu[38;2;165;153;233mt[38;2;110;97;163ming…[38;2;228;204;255m [39m[49m [1m[38;2;138;148;168mesc[39m[22m [38;2;138;148;168mto interrupt[39m [38;2;138;148;168m•[39m [38;2;138;148;168m30s[39m [38;2;138;148;168m•[39m [38;2;138;148;168m↓[39m [38;2;138;148;168m18.4k[39m
[38;2;138;148;168m────────────────────────────────────────────────────────────────────────────────[39m
❯ [7mA[27m[38;2;138;148;168msk your question...[39m
[38;2;138;148;168m────────────────────────────────────────────────────────────────────────────────[39m
  [38;2;138;148;168m? for shortcuts · [38;2;2;136;142mtaste on[39m



[?2026l[?2026h[2K[1A[2K[1A[2K[1A[2K[1A[2K[1A[2K[1A[2K[1A[2K[1A[2K[G[48;2;45;43;85m[38;2;228;204;255m [1m☆ [22m[38;2;171;165;206mC[38;2;204;199;225mo[38;2;255;255;255mm[38;2;234;218;255mp[38;2;171;165;206mu[38;2;228;204;255mt[38;2;165;153;233mi[38;2;110;97;163mng…[38;2;228;204;255m [39m[49m [1m[38;2;138;148;168mesc[39m[22m [38;2;138;148;168mto interrupt[39m [38;2;138;148;168m•[39m [38;2;138;148;168m30s[39m [38;2;138;148;168m•[39m [38;2;138;148;168m↓[39m [38;2;138;148;168m18.4k[39m
[38;2;138;148;168m────────────────────────────────────────────────────────────────────────────────[39m
❯ [7mA[27m[38;2;138;148;168msk your question...[39m
[38;2;138;148;168m────────────────────────────────────────────────────────────────────────────────[39m
  [38;2;138;148;168m? for shortcuts · [38;2;2;136;142mtaste on[39m



[?2026l[?2026h[2K[1A[2K[1A[2K[1A[2K[1A[2K[1A[2K[1A[2K[1A[2K[1A[2K[G[48;2;45;43;85m[38;2;228;204;255m [1m◇ [22mC[38;2;171;165;206mo[38;2;204;199;225mm[38;2;255;255;255mp[38;2;234;218;255mu[38;2;171;165;206mt[38;2;228;204;255mi[38;2;165;153;233mn[38;2;110;97;163mg…[38;2;228;204;255m [39m[49m [1m[38;2;138;148;168mesc[39m[22m [38;2;138;148;168mto interrupt[39m [38;2;138;148;168m•[39m [38;2;138;148;168m30s[39m [38;2;138;148;168m•[39m [38;2;138;148;168m↓[39m [38;2;138;148;168m18.4k[39m
[38;2;138;148;168m────────────────────────────────────────────────────────────────────────────────[39m
❯ [7mA[27m[38;2;138;148;168msk your question...[39m
[38;2;138;148;168m────────────────────────────────────────────────────────────────────────────────[39m
  [38;2;138;148;168m? for shortcuts · [38;2;2;136;142mtaste on[39m



[?2026l[?2026h[2K[1A[2K[1A[2K[1A[2K[1A[2K[1A[2K[1A[2K[1A[2K[1A[2K[G[48;2;45;43;85m[38;2;228;204;255m [1m○ [22m[38;2;165;153;233mC[38;2;228;204;255mo[38;2;171;165;206mm[38;2;204;199;225mp[38;2;255;255;255mu[38;2;234;218;255mt[38;2;171;165;206mi[38;2;228;204;255mn[38;2;165;153;233mg[38;2;110;97;163m…[38;2;228;204;255m [39m[49m [1m[38;2;138;148;168mesc[39m[22m [38;2;138;148;168mto interrupt[39m [38;2;138;148;168m•[39m [38;2;138;148;168m30s[39m [38;2;138;148;168m•[39m [38;2;138;148;168m↓[39m [38;2;138;148;168m18.4k[39m
[38;2;138;148;168m────────────────────────────────────────────────────────────────────────────────[39m
❯ [7mA[27m[38;2;138;148;168msk your question...[39m
[38;2;138;148;168m────────────────────────────────────────────────────────────────────────────────[39m
  [38;2;138;148;168m? for shortcuts · [38;2;2;136;142mtaste on[39m



[?2026l[?2026h[2K[1A[2K[1A[2K[1A[2K[1A[2K[1A[2K[1A[2K[1A[2K[1A[2K[G[48;2;45;43;85m[38;2;228;204;255m [1m· [22m[38;2;110;97;163mC[38;2;165;153;233mo[38;2;228;204;255mm[38;2;171;165;206mp[38;2;204;199;225mu[38;2;255;255;255mt[38;2;234;218;255mi[38;2;171;165;206mn[38;2;228;204;255mg[38;2;165;153;233m…[38;2;228;204;255m [39m[49m [1m[38;2;138;148;168mesc[39m[22m [38;2;138;148;168mto interrupt[39m [38;2;138;148;168m•[39m [38;2;138;148;168m30s[39m [38;2;138;148;168m•[39m [38;2;138;148;168m↓[39m [38;2;138;148;168m18.4k[39m
[38;2;138;148;168m────────────────────────────────────────────────────────────────────────────────[39m
❯ [7mA[27m[38;2;138;148;168msk your question...[39m
[38;2;138;148;168m────────────────────────────────────────────────────────────────────────────────[39m
  [38;2;138;148;168m? for shortcuts · [38;2;2;136;142mtaste on[39m



[?2026l[?2026h[2K[1A[2K[1A[2K[1A[2K[1A[2K[1A[2K[1A[2K[1A[2K[1A[2K[G[48;2;45;43;85m[38;2;228;204;255m [1m· [22m[38;2;110;97;163mCo[38;2;165;153;233mm[38;2;228;204;255mp[38;2;171;165;206mu[38;2;204;199;225mt[38;2;255;255;255mi[38;2;234;218;255mn[38;2;171;165;206mg[38;2;228;204;255m… [39m[49m [1m[38;2;138;148;168mesc[39m[22m [38;2;138;148;168mto interrupt[39m [38;2;138;148;168m•[39m [38;2;138;148;168m30s[39m [38;2;138;148;168m•[39m [38;2;138;148;168m↓[39m [38;2;138;148;168m18.4k[39m
[38;2;138;148;168m────────────────────────────────────────────────────────────────────────────────[39m
❯ [7mA[27m[38;2;138;148;168msk your question...[39m
[38;2;138;148;168m────────────────────────────────────────────────────────────────────────────────[39m
  [38;2;138;148;168m? for shortcuts · [38;2;2;136;142mtaste on[39m



[?2026l[?2026h[2K[1A[2K[1A[2K[1A[2K[1A[2K[1A[2K[1A[2K[1A[2K[1A[2K[G[48;2;45;43;85m[38;2;228;204;255m [1m· [22m[38;2;110;97;163mCom[38;2;165;153;233mp[38;2;228;204;255mu[38;2;171;165;206mt[38;2;204;199;225mi[38;2;255;255;255mn[38;2;234;218;255mg[38;2;171;165;206m…[38;2;228;204;255m [39m[49m [1m[38;2;138;148;168mesc[39m[22m [38;2;138;148;168mto interrupt[39m [38;2;138;148;168m•[39m [38;2;138;148;168m30s[39m [38;2;138;148;168m•[39m [38;2;138;148;168m↓[39m [38;2;138;148;168m18.4k[39m
[38;2;138;148;168m────────────────────────────────────────────────────────────────────────────────[39m
❯ [7mA[27m[38;2;138;148;168msk your question...[39m
[38;2;138;148;168m────────────────────────────────────────────────────────────────────────────────[39m
  [38;2;138;148;168m? for shortcuts · [38;2;2;136;142mtaste on[39m



[?2026l[?2026h[2K[1A[2K[1A[2K[1A[2K[1A[2K[1A[2K[1A[2K[1A[2K[1A[2K[G[48;2;45;43;85m[38;2;228;204;255m [1m○ [22m[38;2;110;97;163mComp[38;2;165;153;233mu[38;2;228;204;255mt[38;2;171;165;206mi[38;2;204;199;225mn[38;2;255;255;255mg[38;2;234;218;255m…[38;2;228;204;255m [39m[49m [1m[38;2;138;148;168mesc[39m[22m [38;2;138;148;168mto interrupt[39m [38;2;138;148;168m•[39m [38;2;138;148;168m30s[39m [38;2;138;148;168m•[39m [38;2;138;148;168m↓[39m [38;2;138;148;168m18.4k[39m
[38;2;138;148;168m────────────────────────────────────────────────────────────────────────────────[39m
❯ [7mA[27m[38;2;138;148;168msk your question...[39m
[38;2;138;148;168m────────────────────────────────────────────────────────────────────────────────[39m
  [38;2;138;148;168m? for shortcuts · [38;2;2;136;142mtaste on[39m



[?2026l[?2026h[2K[1A[2K[1A[2K[1A[2K[1A[2K[1A[2K[1A[2K[1A[2K[1A[2K[G[48;2;45;43;85m[38;2;228;204;255m [1m○ [22m[38;2;110;97;163mCompu[38;2;165;153;233mt[38;2;228;204;255mi[38;2;171;165;206mn[38;2;204;199;225mg[38;2;255;255;255m…[38;2;228;204;255m [39m[49m [1m[38;2;138;148;168mesc[39m[22m [38;2;138;148;168mto interrupt[39m [38;2;138;148;168m•[39m [38;2;138;148;168m30s[39m [38;2;138;148;168m•[39m [38;2;138;148;168m↓[39m [38;2;138;148;168m18.4k[39m
[38;2;138;148;168m────────────────────────────────────────────────────────────────────────────────[39m
❯ [7mA[27m[38;2;138;148;168msk your question...[39m
[38;2;138;148;168m────────────────────────────────────────────────────────────────────────────────[39m
  [38;2;138;148;168m? for shortcuts · [38;2;2;136;142mtaste on[39m



[?2026l[?2026h[2K[1A[2K[1A[2K[1A[2K[1A[2K[1A[2K[1A[2K[1A[2K[1A[2K[G[48;2;45;43;85m[38;2;228;204;255m [1m◇ [22m[38;2;110;97;163mComput[38;2;165;153;233mi[38;2;228;204;255mn[38;2;171;165;206mg[38;2;204;199;225m…[38;2;228;204;255m [39m[49m [1m[38;2;138;148;168mesc[39m[22m [38;2;138;148;168mto interrupt[39m [38;2;138;148;168m•[39m [38;2;138;148;168m30s[39m [38;2;138;148;168m•[39m [38;2;138;148;168m↓[39m [38;2;138;148;168m18.4k[39m
[38;2;138;148;168m────────────────────────────────────────────────────────────────────────────────[39m
❯ [7mA[27m[38;2;138;148;168msk your question...[39m
[38;2;138;148;168m────────────────────────────────────────────────────────────────────────────────[39m
  [38;2;138;148;168m? for shortcuts · [38;2;2;136;142mtaste on[39m



[?2026l[?2026h[2K[1A[2K[1A[2K[1A[2K[1A[2K[1A[2K[1A[2K[1A[2K[1A[2K[G[48;2;45;43;85m[38;2;228;204;255m [1m☆ [22m[38;2;110;97;163mComputi[38;2;165;153;233mn[38;2;228;204;255mg[38;2;171;165;206m…[38;2;228;204;255m [39m[49m [1m[38;2;138;148;168mesc[39m[22m [38;2;138;148;168mto interrupt[39m [38;2;138;148;168m•[39m [38;2;138;148;168m30s[39m [38;2;138;148;168m•[39m [38;2;138;148;168m↓[39m [38;2;138;148;168m18.4k[39m
[38;2;138;148;168m────────────────────────────────────────────────────────────────────────────────[39m
❯ [7mA[27m[38;2;138;148;168msk your question...[39m
[38;2;138;148;168m────────────────────────────────────────────────────────────────────────────────[39m
  [38;2;138;148;168m? for shortcuts · [38;2;2;136;142mtaste on[39m



[?2026l[?2026h[2K[1A[2K[1A[2K[1A[2K[1A[2K[1A[2K[1A[2K[1A[2K[1A[2K[G[48;2;45;43;85m[38;2;228;204;255m [1m✧ [22m[38;2;110;97;163mComputin[38;2;165;153;233mg[38;2;228;204;255m… [39m[49m [1m[38;2;138;148;168mesc[39m[22m [38;2;138;148;168mto interrupt[39m [38;2;138;148;168m•[39m [38;2;138;148;168m30s[39m [38;2;138;148;168m•[39m [38;2;138;148;168m↓[39m [38;2;138;148;168m18.4k[39m
[38;2;138;148;168m────────────────────────────────────────────────────────────────────────────────[39m
❯ [7mA[27m[38;2;138;148;168msk your question...[39m
[38;2;138;148;168m────────────────────────────────────────────────────────────────────────────────[39m
  [38;2;138;148;168m? for shortcuts · [38;2;2;136;142mtaste on[39m



[?2026l[?2026h[2K[1A[2K[1A[2K[1A[2K[1A[2K[1A[2K[1A[2K[1A[2K[1A[2K[G[38;2;228;204;255m✻ Thinking… (1 line) [38;2;53;61;80m[[38;2;138;148;168mctrl+o to expand[38;2;53;61;80m][39m

[48;2;45;43;85m[38;2;228;204;255m [1m✧ [22m[38;2;110;97;163mComputin[38;2;165;153;233mg[38;2;228;204;255m… [39m[49m [1m[38;2;138;148;168mesc[39m[22m [38;2;138;148;168mto interrupt[39m [38;2;138;148;168m•[39m [38;2;138;148;168m30s[39m [38;2;138;148;168m•[39m [38;2;138;148;168m↓[39m [38;2;138;148;168m18.4k[39m
[38;2;138;148;168m────────────────────────────────────────────────────────────────────────────────[39m
❯ [7mA[27m[38;2;138;148;168msk your question...[39m
[38;2;138;148;168m────────────────────────────────────────────────────────────────────────────────[39m
  [38;2;138;148;168m? for shortcuts · [38;2;2;136;142mtaste on[39m



[?2026l[?2026h[2K[1A[2K[1A[2K[1A[2K[1A[2K[1A[2K[1A[2K[1A[2K[1A[2K[1A[2K[1A[2K[G[38;2;228;204;255m✻ Thinking… (1 line) [38;2;53;61;80m[[38;2;138;148;168mctrl+o to expand[38;2;53;61;80m][39m

[48;2;45;43;85m[38;2;228;204;255m [1m☆ [22m[38;2;110;97;163mComputing[38;2;165;153;233m…[38;2;228;204;255m [39m[49m [1m[38;2;138;148;168mesc[39m[22m [38;2;138;148;168mto interrupt[39m [38;2;138;148;168m•[39m [38;2;138;148;168m30s[39m [38;2;138;148;168m•[39m [38;2;138;148;168m↓[39m [38;2;138;148;168m18.4k[39m
[38;2;138;148;168m────────────────────────────────────────────────────────────────────────────────[39m
❯ [7mA[27m[38;2;138;148;168msk your question...[39m
[38;2;138;148;168m────────────────────────────────────────────────────────────────────────────────[39m
  [38;2;138;148;168m? for shortcuts · [38;2;2;136;142mtaste on[39m



[?2026l[?2026h[2K[1A[2K[1A[2K[1A[2K[1A[2K[1A[2K[1A[2K[1A[2K[1A[2K[1A[2K[1A[2K[G[38;2;228;204;255m✻ Thinking… (5 lines) [38;2;53;61;80m[[38;2;138;148;168mctrl+o to expand[38;2;53;61;80m][39m

[48;2;45;43;85m[38;2;228;204;255m [1m☆ [22m[38;2;110;97;163mComputing[38;2;165;153;233m…[38;2;228;204;255m [39m[49m [1m[38;2;138;148;168mesc[39m[22m [38;2;138;148;168mto interrupt[39m [38;2;138;148;168m•[39m [38;2;138;148;168m31s[39m [38;2;138;148;168m•[39m [38;2;138;148;168m↓[39m [38;2;138;148;168m18.4k[39m
[38;2;138;148;168m────────────────────────────────────────────────────────────────────────────────[39m
❯ [7mA[27m[38;2;138;148;168msk your question...[39m
[38;2;138;148;168m────────────────────────────────────────────────────────────────────────────────[39m
  [38;2;138;148;168m? for shortcuts · [38;2;2;136;142mtaste on[39m



[?2026l[?2026h[2K[1A[2K[1A[2K[1A[2K[1A[2K[1A[2K[1A[2K[1A[2K[1A[2K[1A[2K[1A[2K[G[38;2;228;204;255m✻ Thinking… (5 lines) [38;2;53;61;80m[[38;2;138;148;168mctrl+o to expand[38;2;53;61;80m][39m

[48;2;45;43;85m[38;2;228;204;255m [1m◇ [22m[38;2;110;97;163mComputing…[38;2;228;204;255m [39m[49m [1m[38;2;138;148;168mesc[39m[22m [38;2;138;148;168mto interrupt[39m [38;2;138;148;168m•[39m [38;2;138;148;168m31s[39m [38;2;138;148;168m•[39m [38;2;138;148;168m↓[39m [38;2;138;148;168m18.4k[39m
[38;2;138;148;168m────────────────────────────────────────────────────────────────────────────────[39m
❯ [7mA[27m[38;2;138;148;168msk your question...[39m
[38;2;138;148;168m────────────────────────────────────────────────────────────────────────────────[39m
  [38;2;138;148;168m? for shortcuts · [38;2;2;136;142mtaste on[39m



[?2026l[?2026h[2K[1A[2K[1A[2K[1A[2K[1A[2K[1A[2K[1A[2K[1A[2K[1A[2K[1A[2K[1A[2K[G[38;2;228;204;255m✻ Thinking… (5 lines) [38;2;53;61;80m[[38;2;138;148;168mctrl+o to expand[38;2;53;61;80m][39m

[48;2;45;43;85m[38;2;228;204;255m [1m○ [22m[38;2;110;97;163mComputing…[38;2;228;204;255m [39m[49m [1m[38;2;138;148;168mesc[39m[22m [38;2;138;148;168mto interrupt[39m [38;2;138;148;168m•[39m [38;2;138;148;168m31s[39m [38;2;138;148;168m•[39m [38;2;138;148;168m↓[39m [38;2;138;148;168m18.4k[39m
[38;2;138;148;168m────────────────────────────────────────────────────────────────────────────────[39m
❯ [7mA[27m[38;2;138;148;168msk your question...[39m
[38;2;138;148;168m────────────────────────────────────────────────────────────────────────────────[39m
  [38;2;138;148;168m? for shortcuts · [38;2;2;136;142mtaste on[39m



[?2026l[?2026h[2K[1A[2K[1A[2K[1A[2K[1A[2K[1A[2K[1A[2K[1A[2K[1A[2K[1A[2K[1A[2K[G[38;2;228;204;255m✻ Thinking… (5 lines) [38;2;53;61;80m[[38;2;138;148;168mctrl+o to expand[38;2;53;61;80m][39m

[48;2;45;43;85m[38;2;228;204;255m [1m⌘ [22m[38;2;110;97;163mComputing…[38;2;228;204;255m [39m[49m [1m[38;2;138;148;168mesc[39m[22m [38;2;138;148;168mto interrupt[39m [38;2;138;148;168m•[39m [38;2;138;148;168m31s[39m [38;2;138;148;168m•[39m [38;2;138;148;168m↓[39m [38;2;138;148;168m18.4k[39m
[38;2;138;148;168m────────────────────────────────────────────────────────────────────────────────[39m
❯ [7mA[27m[38;2;138;148;168msk your question...[39m
[38;2;138;148;168m────────────────────────────────────────────────────────────────────────────────[39m
  [38;2;138;148;168m? for shortcuts · [38;2;2;136;142mtaste on[39m



[?2026l[?2026h[2K[1A[2K[1A[2K[1A[2K[1A[2K[1A[2K[1A[2K[1A[2K[1A[2K[1A[2K[1A[2K[G[38;2;228;204;255m✻ Thinking… (5 lines) [38;2;53;61;80m[[38;2;138;148;168mctrl+o to expand[38;2;53;61;80m][39m

[48;2;45;43;85m[38;2;228;204;255m [1m⌘ [22m[38;2;110;97;163mComputing…[38;2;228;204;255m [39m[49m [1m[38;2;138;148;168mesc[39m[22m [38;2;138;148;168mto interrupt[39m [38;2;138;148;168m•[39m [38;2;138;148;168m31s[39m [38;2;138;148;168m•[39m [38;2;138;148;168m↓[39m [38;2;138;148;168m18.5k[39m
[38;2;138;148;168m────────────────────────────────────────────────────────────────────────────────[39m
❯ [7mA[27m[38;2;138;148;168msk your question...[39m
[38;2;138;148;168m────────────────────────────────────────────────────────────────────────────────[39m
  [38;2;138;148;168m? for shortcuts · [38;2;2;136;142mtaste on[39m



[?2026l[?2026h[2K[1A[2K[1A[2K[1A[2K[1A[2K[1A[2K[1A[2K[1A[2K[1A[2K[1A[2K[1A[2K[G[38;2;228;204;255m✻ Thinking… (5 lines) [38;2;53;61;80m[[38;2;138;148;168mctrl+o to expand[38;2;53;61;80m][39m

[48;2;45;43;85m[38;2;228;204;255m [1m⌘ [22m[38;2;234;218;255mC[38;2;171;165;206mo[38;2;228;204;255mm[38;2;165;153;233mp[38;2;110;97;163muting…[38;2;228;204;255m [39m[49m [1m[38;2;138;148;168mesc[39m[22m [38;2;138;148;168mto interrupt[39m [38;2;138;148;168m•[39m [38;2;138;148;168m31s[39m [38;2;138;148;168m•[39m [38;2;138;148;168m↓[39m [38;2;138;148;168m18.5k[39m
[38;2;138;148;168m────────────────────────────────────────────────────────────────────────────────[39m
❯ [7mA[27m[38;2;138;148;168msk your question...[39m
[38;2;138;148;168m────────────────────────────────────────────────────────────────────────────────[39m
  [38;2;138;148;168m? for shortcuts · [38;2;2;136;142mtaste on[39m



[?2026l[?2026h[2K[1A[2K[1A[2K[1A[2K[1A[2K[1A[2K[1A[2K[1A[2K[1A[2K[1A[2K[1A[2K[G[38;2;228;204;255m✻ Thinking… (7 lines) [38;2;53;61;80m[[38;2;138;148;168mctrl+o to expand[38;2;53;61;80m][39m

[48;2;45;43;85m[38;2;228;204;255m [1m⌘ [22m[38;2;234;218;255mC[38;2;171;165;206mo[38;2;228;204;255mm[38;2;165;153;233mp[38;2;110;97;163muting…[38;2;228;204;255m [39m[49m [1m[38;2;138;148;168mesc[39m[22m [38;2;138;148;168mto interrupt[39m [38;2;138;148;168m•[39m [38;2;138;148;168m31s[39m [38;2;138;148;168m•[39m [38;2;138;148;168m↓[39m [38;2;138;148;168m18.5k[39m
[38;2;138;148;168m────────────────────────────────────────────────────────────────────────────────[39m
❯ [7mA[27m[38;2;138;148;168msk your question...[39m
[38;2;138;148;168m────────────────────────────────────────────────────────────────────────────────[39m
  [38;2;138;148;168m? for shortcuts · [38;2;2;136;142mtaste on[39m



[?2026l[?2026h[2K[1A[2K[1A[2K[1A[2K[1A[2K[1A[2K[1A[2K[1A[2K[1A[2K[1A[2K[1A[2K[G[38;2;228;204;255m✻ Thinking… (7 lines) [38;2;53;61;80m[[38;2;138;148;168mctrl+o to expand[38;2;53;61;80m][39m

[48;2;45;43;85m[38;2;228;204;255m [1m○ [22m[38;2;255;255;255mC[38;2;234;218;255mo[38;2;171;165;206mm[38;2;228;204;255mp[38;2;165;153;233mu[38;2;110;97;163mting…[38;2;228;204;255m [39m[49m [1m[38;2;138;148;168mesc[39m[22m [38;2;138;148;168mto interrupt[39m [38;2;138;148;168m•[39m [38;2;138;148;168m31s[39m [38;2;138;148;168m•[39m [38;2;138;148;168m↓[39m [38;2;138;148;168m18.5k[39m
[38;2;138;148;168m────────────────────────────────────────────────────────────────────────────────[39m
❯ [7mA[27m[38;2;138;148;168msk your question...[39m
[38;2;138;148;168m────────────────────────────────────────────────────────────────────────────────[39m
  [38;2;138;148;168m? for shortcuts · [38;2;2;136;142mtaste on[39m



[?2026l[?2026h[2K[1A[2K[1A[2K[1A[2K[1A[2K[1A[2K[1A[2K[1A[2K[1A[2K[1A[2K[1A[2K[G[38;2;228;204;255m✻ Thinking… (7 lines) [38;2;53;61;80m[[38;2;138;148;168mctrl+o to expand[38;2;53;61;80m][39m

[48;2;45;43;85m[38;2;228;204;255m [1m◇ [22m[38;2;204;199;225mC[38;2;255;255;255mo[38;2;234;218;255mm[38;2;171;165;206mp[38;2;228;204;255mu[38;2;165;153;233mt[38;2;110;97;163ming…[38;2;228;204;255m [39m[49m [1m[38;2;138;148;168mesc[39m[22m [38;2;138;148;168mto interrupt[39m [38;2;138;148;168m•[39m [38;2;138;148;168m31s[39m [38;2;138;148;168m•[39m [38;2;138;148;168m↓[39m [38;2;138;148;168m18.5k[39m
[38;2;138;148;168m────────────────────────────────────────────────────────────────────────────────[39m
❯ [7mA[27m[38;2;138;148;168msk your question...[39m
[38;2;138;148;168m────────────────────────────────────────────────────────────────────────────────[39m
  [38;2;138;148;168m? for shortcuts · [38;2;2;136;142mtaste on[39m



[?2026l[?2026h[2K[1A[2K[1A[2K[1A[2K[1A[2K[1A[2K[1A[2K[1A[2K[1A[2K[1A[2K[1A[2K[G[38;2;228;204;255m✻ Thinking… (7 lines) [38;2;53;61;80m[[38;2;138;148;168mctrl+o to expand[38;2;53;61;80m][39m

[48;2;45;43;85m[38;2;228;204;255m [1m☆ [22m[38;2;171;165;206mC[38;2;204;199;225mo[38;2;255;255;255mm[38;2;234;218;255mp[38;2;171;165;206mu[38;2;228;204;255mt[38;2;165;153;233mi[38;2;110;97;163mng…[38;2;228;204;255m [39m[49m [1m[38;2;138;148;168mesc[39m[22m [38;2;138;148;168mto interrupt[39m [38;2;138;148;168m•[39m [38;2;138;148;168m31s[39m [38;2;138;148;168m•[39m [38;2;138;148;168m↓[39m [38;2;138;148;168m18.6k[39m
[38;2;138;148;168m────────────────────────────────────────────────────────────────────────────────[39m
❯ [7mA[27m[38;2;138;148;168msk your question...[39m
[38;2;138;148;168m────────────────────────────────────────────────────────────────────────────────[39m
  [38;2;138;148;168m? for shortcuts · [38;2;2;136;142mtaste on[39m



[?2026l[?2026h[2K[1A[2K[1A[2K[1A[2K[1A[2K[1A[2K[1A[2K[1A[2K[1A[2K[1A[2K[1A[2K[G[38;2;228;204;255m✻ Thinking… (7 lines) [38;2;53;61;80m[[38;2;138;148;168mctrl+o to expand[38;2;53;61;80m][39m

[48;2;45;43;85m[38;2;228;204;255m [1m✧ [22mC[38;2;171;165;206mo[38;2;204;199;225mm[38;2;255;255;255mp[38;2;234;218;255mu[38;2;171;165;206mt[38;2;228;204;255mi[38;2;165;153;233mn[38;2;110;97;163mg…[38;2;228;204;255m [39m[49m [1m[38;2;138;148;168mesc[39m[22m [38;2;138;148;168mto interrupt[39m [38;2;138;148;168m•[39m [38;2;138;148;168m31s[39m [38;2;138;148;168m•[39m [38;2;138;148;168m↓[39m [38;2;138;148;168m18.6k[39m
[38;2;138;148;168m────────────────────────────────────────────────────────────────────────────────[39m
❯ [7mA[27m[38;2;138;148;168msk your question...[39m
[38;2;138;148;168m────────────────────────────────────────────────────────────────────────────────[39m
  [38;2;138;148;168m? for shortcuts · [38;2;2;136;142mtaste on[39m



[?2026l[?2026h[2K[1A[2K[1A[2K[1A[2K[1A[2K[1A[2K[1A[2K[1A[2K[1A[2K[1A[2K[1A[2K[G[38;2;228;204;255m✻ Thinking… (7 lines) [38;2;53;61;80m[[38;2;138;148;168mctrl+o to expand[38;2;53;61;80m][39m

[48;2;45;43;85m[38;2;228;204;255m [1m☆ [22m[38;2;165;153;233mC[38;2;228;204;255mo[38;2;171;165;206mm[38;2;204;199;225mp[38;2;255;255;255mu[38;2;234;218;255mt[38;2;171;165;206mi[38;2;228;204;255mn[38;2;165;153;233mg[38;2;110;97;163m…[38;2;228;204;255m [39m[49m [1m[38;2;138;148;168mesc[39m[22m [38;2;138;148;168mto interrupt[39m [38;2;138;148;168m•[39m [38;2;138;148;168m31s[39m [38;2;138;148;168m•[39m [38;2;138;148;168m↓[39m [38;2;138;148;168m18.6k[39m
[38;2;138;148;168m────────────────────────────────────────────────────────────────────────────────[39m
❯ [7mA[27m[38;2;138;148;168msk your question...[39m
[38;2;138;148;168m────────────────────────────────────────────────────────────────────────────────[39m
  [38;2;138;148;168m? for shortcuts · [38;2;2;136;142mtaste on[39m



[?2026l[?2026h[2K[1A[2K[1A[2K[1A[2K[1A[2K[1A[2K[1A[2K[1A[2K[1A[2K[1A[2K[1A[2K[G[38;2;228;204;255m✻ Thinking… (7 lines) [38;2;53;61;80m[[38;2;138;148;168mctrl+o to expand[38;2;53;61;80m][39m

[48;2;45;43;85m[38;2;228;204;255m [1m◇ [22m[38;2;110;97;163mC[38;2;165;153;233mo[38;2;228;204;255mm[38;2;171;165;206mp[38;2;204;199;225mu[38;2;255;255;255mt[38;2;234;218;255mi[38;2;171;165;206mn[38;2;228;204;255mg[38;2;165;153;233m…[38;2;228;204;255m [39m[49m [1m[38;2;138;148;168mesc[39m[22m [38;2;138;148;168mto interrupt[39m [38;2;138;148;168m•[39m [38;2;138;148;168m31s[39m [38;2;138;148;168m•[39m [38;2;138;148;168m↓[39m [38;2;138;148;168m18.6k[39m
[38;2;138;148;168m────────────────────────────────────────────────────────────────────────────────[39m
❯ [7mA[27m[38;2;138;148;168msk your question...[39m
[38;2;138;148;168m────────────────────────────────────────────────────────────────────────────────[39m
  [38;2;138;148;168m? for shortcuts · [38;2;2;136;142mtaste on[39m



[?2026l[?2026h[2K[1A[2K[1A[2K[1A[2K[1A[2K[1A[2K[1A[2K[1A[2K[1A[2K[1A[2K[1A[2K[G[38;2;228;204;255m✻ Thinking… (7 lines) [38;2;53;61;80m[[38;2;138;148;168mctrl+o to expand[38;2;53;61;80m][39m

[48;2;45;43;85m[38;2;228;204;255m [1m○ [22m[38;2;110;97;163mCo[38;2;165;153;233mm[38;2;228;204;255mp[38;2;171;165;206mu[38;2;204;199;225mt[38;2;255;255;255mi[38;2;234;218;255mn[38;2;171;165;206mg[38;2;228;204;255m… [39m[49m [1m[38;2;138;148;168mesc[39m[22m [38;2;138;148;168mto interrupt[39m [38;2;138;148;168m•[39m [38;2;138;148;168m32s[39m [38;2;138;148;168m•[39m [38;2;138;148;168m↓[39m [38;2;138;148;168m18.6k[39m
[38;2;138;148;168m────────────────────────────────────────────────────────────────────────────────[39m
❯ [7mA[27m[38;2;138;148;168msk your question...[39m
[38;2;138;148;168m────────────────────────────────────────────────────────────────────────────────[39m
  [38;2;138;148;168m? for shortcuts · [38;2;2;136;142mtaste on[39m



[?2026l[?2026h[2K[1A[2K[1A[2K[1A[2K[1A[2K[1A[2K[1A[2K[1A[2K[1A[2K[1A[2K[1A[2K[G[38;2;228;204;255m✻ Thinking… (7 lines) [38;2;53;61;80m[[38;2;138;148;168mctrl+o to expand[38;2;53;61;80m][39m

[48;2;45;43;85m[38;2;228;204;255m [1m· [22m[38;2;234;218;255mC[38;2;171;165;206mo[38;2;228;204;255mm[38;2;165;153;233mp[38;2;110;97;163muting…[38;2;228;204;255m [39m[49m [1m[38;2;138;148;168mesc[39m[22m [38;2;138;148;168mto interrupt[39m [38;2;138;148;168m•[39m [38;2;138;148;168m32s[39m [38;2;138;148;168m•[39m [38;2;138;148;168m↓[39m [38;2;138;148;168m18.7k[39m
[38;2;138;148;168m────────────────────────────────────────────────────────────────────────────────[39m
❯ [7mA[27m[38;2;138;148;168msk your question...[39m
[38;2;138;148;168m────────────────────────────────────────────────────────────────────────────────[39m
  [38;2;138;148;168m? for shortcuts · [38;2;2;136;142mtaste on[39m



[?2026l[?2026h[2K[1A[2K[1A[2K[1A[2K[1A[2K[1A[2K[1A[2K[1A[2K[1A[2K[1A[2K[1A[2K[G[38;2;228;204;255m✻ Thinking… (7 lines) [38;2;53;61;80m[[38;2;138;148;168mctrl+o to expand[38;2;53;61;80m][39m

[48;2;45;43;85m[38;2;228;204;255m [1m· [22m[38;2;255;255;255mC[38;2;234;218;255mo[38;2;171;165;206mm[38;2;228;204;255mp[38;2;165;153;233mu[38;2;110;97;163mting…[38;2;228;204;255m [39m[49m [1m[38;2;138;148;168mesc[39m[22m [38;2;138;148;168mto interrupt[39m [38;2;138;148;168m•[39m [38;2;138;148;168m32s[39m [38;2;138;148;168m•[39m [38;2;138;148;168m↓[39m [38;2;138;148;168m18.7k[39m
[38;2;138;148;168m────────────────────────────────────────────────────────────────────────────────[39m
❯ [7mA[27m[38;2;138;148;168msk your question...[39m
[38;2;138;148;168m────────────────────────────────────────────────────────────────────────────────[39m
  [38;2;138;148;168m? for shortcuts · [38;2;2;136;142mtaste on[39m



[?2026l[?2026h[2K[1A[2K[1A[2K[1A[2K[1A[2K[1A[2K[1A[2K[1A[2K[1A[2K[1A[2K[1A[2K[G[38;2;228;204;255m✻ Thinking… (7 lines) [38;2;53;61;80m[[38;2;138;148;168mctrl+o to expand[38;2;53;61;80m][39m

[48;2;45;43;85m[38;2;228;204;255m [1m· [22m[38;2;204;199;225mC[38;2;255;255;255mo[38;2;234;218;255mm[38;2;171;165;206mp[38;2;228;204;255mu[38;2;165;153;233mt[38;2;110;97;163ming…[38;2;228;204;255m [39m[49m [1m[38;2;138;148;168mesc[39m[22m [38;2;138;148;168mto interrupt[39m [38;2;138;148;168m•[39m [38;2;138;148;168m32s[39m [38;2;138;148;168m•[39m [38;2;138;148;168m↓[39m [38;2;138;148;168m18.7k[39m
[38;2;138;148;168m────────────────────────────────────────────────────────────────────────────────[39m
❯ [7mA[27m[38;2;138;148;168msk your question...[39m
[38;2;138;148;168m────────────────────────────────────────────────────────────────────────────────[39m
  [38;2;138;148;168m? for shortcuts · [38;2;2;136;142mtaste on[39m



[?2026l[?2026h[2K[1A[2K[1A[2K[1A[2K[1A[2K[1A[2K[1A[2K[1A[2K[1A[2K[1A[2K[1A[2K[G[38;2;228;204;255m✻ Thinking… (7 lines) [38;2;53;61;80m[[38;2;138;148;168mctrl+o to expand[38;2;53;61;80m][39m

[48;2;45;43;85m[38;2;228;204;255m [1m○ [22m[38;2;171;165;206mC[38;2;204;199;225mo[38;2;255;255;255mm[38;2;234;218;255mp[38;2;171;165;206mu[38;2;228;204;255mt[38;2;165;153;233mi[38;2;110;97;163mng…[38;2;228;204;255m [39m[49m [1m[38;2;138;148;168mesc[39m[22m [38;2;138;148;168mto interrupt[39m [38;2;138;148;168m•[39m [38;2;138;148;168m32s[39m [38;2;138;148;168m•[39m [38;2;138;148;168m↓[39m [38;2;138;148;168m18.7k[39m
[38;2;138;148;168m────────────────────────────────────────────────────────────────────────────────[39m
❯ [7mA[27m[38;2;138;148;168msk your question...[39m
[38;2;138;148;168m────────────────────────────────────────────────────────────────────────────────[39m
  [38;2;138;148;168m? for shortcuts · [38;2;2;136;142mtaste on[39m



[?2026l[?2026h[2K[1A[2K[1A[2K[1A[2K[1A[2K[1A[2K[1A[2K[1A[2K[1A[2K[1A[2K[1A[2K[G[38;2;228;204;255m✻ Thinking… (7 lines) [38;2;53;61;80m[[38;2;138;148;168mctrl+o to expand[38;2;53;61;80m][39m

[48;2;45;43;85m[38;2;228;204;255m [1m○ [22mC[38;2;171;165;206mo[38;2;204;199;225mm[38;2;255;255;255mp[38;2;234;218;255mu[38;2;171;165;206mt[38;2;228;204;255mi[38;2;165;153;233mn[38;2;110;97;163mg…[38;2;228;204;255m [39m[49m [1m[38;2;138;148;168mesc[39m[22m [38;2;138;148;168mto interrupt[39m [38;2;138;148;168m•[39m [38;2;138;148;168m32s[39m [38;2;138;148;168m•[39m [38;2;138;148;168m↓[39m [38;2;138;148;168m18.7k[39m
[38;2;138;148;168m────────────────────────────────────────────────────────────────────────────────[39m
❯ [7mA[27m[38;2;138;148;168msk your question...[39m
[38;2;138;148;168m────────────────────────────────────────────────────────────────────────────────[39m
  [38;2;138;148;168m? for shortcuts · [38;2;2;136;142mtaste on[39m



[?2026l[?2026h[2K[1A[2K[1A[2K[1A[2K[1A[2K[1A[2K[1A[2K[1A[2K[1A[2K[1A[2K[1A[2K[G[38;2;228;204;255m✻ Thinking… (7 lines) [38;2;53;61;80m[[38;2;138;148;168mctrl+o to expand[38;2;53;61;80m][39m

[48;2;45;43;85m[38;2;228;204;255m [1m◇ [22m[38;2;165;153;233mC[38;2;228;204;255mo[38;2;171;165;206mm[38;2;204;199;225mp[38;2;255;255;255mu[38;2;234;218;255mt[38;2;171;165;206mi[38;2;228;204;255mn[38;2;165;153;233mg[38;2;110;97;163m…[38;2;228;204;255m [39m[49m [1m[38;2;138;148;168mesc[39m[22m [38;2;138;148;168mto interrupt[39m [38;2;138;148;168m•[39m [38;2;138;148;168m32s[39m [38;2;138;148;168m•[39m [38;2;138;148;168m↓[39m [38;2;138;148;168m18.7k[39m
[38;2;138;148;168m────────────────────────────────────────────────────────────────────────────────[39m
❯ [7mA[27m[38;2;138;148;168msk your question...[39m
[38;2;138;148;168m────────────────────────────────────────────────────────────────────────────────[39m
  [38;2;138;148;168m? for shortcuts · [38;2;2;136;142mtaste on[39m



[?2026l[?2026h[2K[1A[2K[1A[2K[1A[2K[1A[2K[1A[2K[1A[2K[1A[2K[1A[2K[1A[2K[1A[2K[G[38;2;228;204;255m✻ Thinking… (7 lines) [38;2;53;61;80m[[38;2;138;148;168mctrl+o to expand[38;2;53;61;80m][39m

[48;2;45;43;85m[38;2;228;204;255m [1m☆ [22m[38;2;110;97;163mC[38;2;165;153;233mo[38;2;228;204;255mm[38;2;171;165;206mp[38;2;204;199;225mu[38;2;255;255;255mt[38;2;234;218;255mi[38;2;171;165;206mn[38;2;228;204;255mg[38;2;165;153;233m…[38;2;228;204;255m [39m[49m [1m[38;2;138;148;168mesc[39m[22m [38;2;138;148;168mto interrupt[39m [38;2;138;148;168m•[39m [38;2;138;148;168m32s[39m [38;2;138;148;168m•[39m [38;2;138;148;168m↓[39m [38;2;138;148;168m18.7k[39m
[38;2;138;148;168m────────────────────────────────────────────────────────────────────────────────[39m
❯ [7mA[27m[38;2;138;148;168msk your question...[39m
[38;2;138;148;168m────────────────────────────────────────────────────────────────────────────────[39m
  [38;2;138;148;168m? for shortcuts · [38;2;2;136;142mtaste on[39m



[?2026l[?2026h[2K[1A[2K[1A[2K[1A[2K[1A[2K[1A[2K[1A[2K[1A[2K[1A[2K[1A[2K[1A[2K[G[38;2;228;204;255m✻ Thinking… (11 lines) [38;2;53;61;80m[[38;2;138;148;168mctrl+o to expand[38;2;53;61;80m][39m

[48;2;45;43;85m[38;2;228;204;255m [1m☆ [22m[38;2;110;97;163mC[38;2;165;153;233mo[38;2;228;204;255mm[38;2;171;165;206mp[38;2;204;199;225mu[38;2;255;255;255mt[38;2;234;218;255mi[38;2;171;165;206mn[38;2;228;204;255mg[38;2;165;153;233m…[38;2;228;204;255m [39m[49m [1m[38;2;138;148;168mesc[39m[22m [38;2;138;148;168mto interrupt[39m [38;2;138;148;168m•[39m [38;2;138;148;168m32s[39m [38;2;138;148;168m•[39m [38;2;138;148;168m↓[39m [38;2;138;148;168m18.7k[39m
[38;2;138;148;168m────────────────────────────────────────────────────────────────────────────────[39m
❯ [7mA[27m[38;2;138;148;168msk your question...[39m
[38;2;138;148;168m────────────────────────────────────────────────────────────────────────────────[39m
  [38;2;138;148;168m? for shortcuts · [38;2;2;136;142mtaste on[39m



[?2026l[?2026h[2K[1A[2K[1A[2K[1A[2K[1A[2K[1A[2K[1A[2K[1A[2K[1A[2K[1A[2K[1A[2K[G[38;2;228;204;255m✻ Thinking… (11 lines) [38;2;53;61;80m[[38;2;138;148;168mctrl+o to expand[38;2;53;61;80m][39m

[48;2;45;43;85m[38;2;228;204;255m [1m✧ [22m[38;2;110;97;163mCo[38;2;165;153;233mm[38;2;228;204;255mp[38;2;171;165;206mu[38;2;204;199;225mt[38;2;255;255;255mi[38;2;234;218;255mn[38;2;171;165;206mg[38;2;228;204;255m… [39m[49m [1m[38;2;138;148;168mesc[39m[22m [38;2;138;148;168mto interrupt[39m [38;2;138;148;168m•[39m [38;2;138;148;168m32s[39m [38;2;138;148;168m•[39m [38;2;138;148;168m↓[39m [38;2;138;148;168m18.8k[39m
[38;2;138;148;168m────────────────────────────────────────────────────────────────────────────────[39m
❯ [7mA[27m[38;2;138;148;168msk your question...[39m
[38;2;138;148;168m────────────────────────────────────────────────────────────────────────────────[39m
  [38;2;138;148;168m? for shortcuts · [38;2;2;136;142mtaste on[39m



[?2026l[?2026h[2K[1A[2K[1A[2K[1A[2K[1A[2K[1A[2K[1A[2K[1A[2K[1A[2K[1A[2K[1A[2K[G[38;2;228;204;255m✻ Thinking… (11 lines) [38;2;53;61;80m[[38;2;138;148;168mctrl+o to expand[38;2;53;61;80m][39m

[48;2;45;43;85m[38;2;228;204;255m [1m☆ [22m[38;2;110;97;163mCom[38;2;165;153;233mp[38;2;228;204;255mu[38;2;171;165;206mt[38;2;204;199;225mi[38;2;255;255;255mn[38;2;234;218;255mg[38;2;171;165;206m…[38;2;228;204;255m [39m[49m [1m[38;2;138;148;168mesc[39m[22m [38;2;138;148;168mto interrupt[39m [38;2;138;148;168m•[39m [38;2;138;148;168m32s[39m [38;2;138;148;168m•[39m [38;2;138;148;168m↓[39m [38;2;138;148;168m18.8k[39m
[38;2;138;148;168m────────────────────────────────────────────────────────────────────────────────[39m
❯ [7mA[27m[38;2;138;148;168msk your question...[39m
[38;2;138;148;168m────────────────────────────────────────────────────────────────────────────────[39m
  [38;2;138;148;168m? for shortcuts · [38;2;2;136;142mtaste on[39m



[?2026l[?2026h[2K[1A[2K[1A[2K[1A[2K[1A[2K[1A[2K[1A[2K[1A[2K[1A[2K[1A[2K[1A[2K[G[38;2;228;204;255m✻ Thinking… (11 lines) [38;2;53;61;80m[[38;2;138;148;168mctrl+o to expand[38;2;53;61;80m][39m

[48;2;45;43;85m[38;2;228;204;255m [1m◇ [22m[38;2;110;97;163mComp[38;2;165;153;233mu[38;2;228;204;255mt[38;2;171;165;206mi[38;2;204;199;225mn[38;2;255;255;255mg[38;2;234;218;255m…[38;2;228;204;255m [39m[49m [1m[38;2;138;148;168mesc[39m[22m [38;2;138;148;168mto interrupt[39m [38;2;138;148;168m•[39m [38;2;138;148;168m32s[39m [38;2;138;148;168m•[39m [38;2;138;148;168m↓[39m [38;2;138;148;168m18.8k[39m
[38;2;138;148;168m────────────────────────────────────────────────────────────────────────────────[39m
❯ [7mA[27m[38;2;138;148;168msk your question...[39m
[38;2;138;148;168m────────────────────────────────────────────────────────────────────────────────[39m
  [38;2;138;148;168m? for shortcuts · [38;2;2;136;142mtaste on[39m



[?2026l[?2026h[2K[1A[2K[1A[2K[1A[2K[1A[2K[1A[2K[1A[2K[1A[2K[1A[2K[1A[2K[1A[2K[G[38;2;228;204;255m✻ Thinking… (11 lines) [38;2;53;61;80m[[38;2;138;148;168mctrl+o to expand[38;2;53;61;80m][39m

[48;2;45;43;85m[38;2;228;204;255m [1m○ [22m[38;2;110;97;163mCompu[38;2;165;153;233mt[38;2;228;204;255mi[38;2;171;165;206mn[38;2;204;199;225mg[38;2;255;255;255m…[38;2;228;204;255m [39m[49m [1m[38;2;138;148;168mesc[39m[22m [38;2;138;148;168mto interrupt[39m [38;2;138;148;168m•[39m [38;2;138;148;168m32s[39m [38;2;138;148;168m•[39m [38;2;138;148;168m↓[39m [38;2;138;148;168m18.9k[39m
[38;2;138;148;168m────────────────────────────────────────────────────────────────────────────────[39m
❯ [7mA[27m[38;2;138;148;168msk your question...[39m
[38;2;138;148;168m────────────────────────────────────────────────────────────────────────────────[39m
  [38;2;138;148;168m? for shortcuts · [38;2;2;136;142mtaste on[39m



[?2026l[?2026h[2K[1A[2K[1A[2K[1A[2K[1A[2K[1A[2K[1A[2K[1A[2K[1A[2K[1A[2K[1A[2K[G[38;2;228;204;255m✻ Thinking… (12 lines) [38;2;53;61;80m[[38;2;138;148;168mctrl+o to expand[38;2;53;61;80m][39m

[48;2;45;43;85m[38;2;228;204;255m [1m○ [22m[38;2;110;97;163mCompu[38;2;165;153;233mt[38;2;228;204;255mi[38;2;171;165;206mn[38;2;204;199;225mg[38;2;255;255;255m…[38;2;228;204;255m [39m[49m [1m[38;2;138;148;168mesc[39m[22m [38;2;138;148;168mto interrupt[39m [38;2;138;148;168m•[39m [38;2;138;148;168m32s[39m [38;2;138;148;168m•[39m [38;2;138;148;168m↓[39m [38;2;138;148;168m18.9k[39m
[38;2;138;148;168m────────────────────────────────────────────────────────────────────────────────[39m
❯ [7mA[27m[38;2;138;148;168msk your question...[39m
[38;2;138;148;168m────────────────────────────────────────────────────────────────────────────────[39m
  [38;2;138;148;168m? for shortcuts · [38;2;2;136;142mtaste on[39m



[?2026l[?2026h[2K[1A[2K[1A[2K[1A[2K[1A[2K[1A[2K[1A[2K[1A[2K[1A[2K[1A[2K[1A[2K[G[38;2;228;204;255m✻ Thinking… (13 lines) [38;2;53;61;80m[[38;2;138;148;168mctrl+o to expand[38;2;53;61;80m][39m

[48;2;45;43;85m[38;2;228;204;255m [1m⌘ [22m[38;2;110;97;163mComput[38;2;165;153;233mi[38;2;228;204;255mn[38;2;171;165;206mg[38;2;204;199;225m…[38;2;228;204;255m [39m[49m [1m[38;2;138;148;168mesc[39m[22m [38;2;138;148;168mto interrupt[39m [38;2;138;148;168m•[39m [38;2;138;148;168m33s[39m [38;2;138;148;168m•[39m [38;2;138;148;168m↓[39m [38;2;138;148;168m18.9k[39m
[38;2;138;148;168m────────────────────────────────────────────────────────────────────────────────[39m
❯ [7mA[27m[38;2;138;148;168msk your question...[39m
[38;2;138;148;168m────────────────────────────────────────────────────────────────────────────────[39m
  [38;2;138;148;168m? for shortcuts · [38;2;2;136;142mtaste on[39m



[?2026l[?2026h[2K[1A[2K[1A[2K[1A[2K[1A[2K[1A[2K[1A[2K[1A[2K[1A[2K[1A[2K[1A[2K[G[38;2;228;204;255m✻ Thinking… (13 lines) [38;2;53;61;80m[[38;2;138;148;168mctrl+o to expand[38;2;53;61;80m][39m

[48;2;45;43;85m[38;2;228;204;255m [1m⌘ [22m[38;2;110;97;163mComputi[38;2;165;153;233mn[38;2;228;204;255mg[38;2;171;165;206m…[38;2;228;204;255m [39m[49m [1m[38;2;138;148;168mesc[39m[22m [38;2;138;148;168mto interrupt[39m [38;2;138;148;168m•[39m [38;2;138;148;168m33s[39m [38;2;138;148;168m•[39m [38;2;138;148;168m↓[39m [38;2;138;148;168m18.9k[39m
[38;2;138;148;168m────────────────────────────────────────────────────────────────────────────────[39m
❯ [7mA[27m[38;2;138;148;168msk your question...[39m
[38;2;138;148;168m────────────────────────────────────────────────────────────────────────────────[39m
  [38;2;138;148;168m? for shortcuts · [38;2;2;136;142mtaste on[39m



[?2026l[?2026h[2K[1A[2K[1A[2K[1A[2K[1A[2K[1A[2K[1A[2K[1A[2K[1A[2K[1A[2K[1A[2K[G[38;2;228;204;255m✻ Thinking… (13 lines) [38;2;53;61;80m[[38;2;138;148;168mctrl+o to expand[38;2;53;61;80m][39m

[48;2;45;43;85m[38;2;228;204;255m [1m⌘ [22m[38;2;110;97;163mComputin[38;2;165;153;233mg[38;2;228;204;255m… [39m[49m [1m[38;2;138;148;168mesc[39m[22m [38;2;138;148;168mto interrupt[39m [38;2;138;148;168m•[39m [38;2;138;148;168m33s[39m [38;2;138;148;168m•[39m [38;2;138;148;168m↓[39m [38;2;138;148;168m18.9k[39m
[38;2;138;148;168m────────────────────────────────────────────────────────────────────────────────[39m
❯ [7mA[27m[38;2;138;148;168msk your question...[39m
[38;2;138;148;168m────────────────────────────────────────────────────────────────────────────────[39m
  [38;2;138;148;168m? for shortcuts · [38;2;2;136;142mtaste on[39m



[?2026l[?2026h[2K[1A[2K[1A[2K[1A[2K[1A[2K[1A[2K[1A[2K[1A[2K[1A[2K[1A[2K[1A[2K[G[38;2;228;204;255m✻ Thinking… (14 lines) [38;2;53;61;80m[[38;2;138;148;168mctrl+o to expand[38;2;53;61;80m][39m

[48;2;45;43;85m[38;2;228;204;255m [1m⌘ [22m[38;2;110;97;163mComputin[38;2;165;153;233mg[38;2;228;204;255m… [39m[49m [1m[38;2;138;148;168mesc[39m[22m [38;2;138;148;168mto interrupt[39m [38;2;138;148;168m•[39m [38;2;138;148;168m33s[39m [38;2;138;148;168m•[39m [38;2;138;148;168m↓[39m [38;2;138;148;168m18.9k[39m
[38;2;138;148;168m────────────────────────────────────────────────────────────────────────────────[39m
❯ [7mA[27m[38;2;138;148;168msk your question...[39m
[38;2;138;148;168m────────────────────────────────────────────────────────────────────────────────[39m
  [38;2;138;148;168m? for shortcuts · [38;2;2;136;142mtaste on[39m



[?2026l[?2026h[2K[1A[2K[1A[2K[1A[2K[1A[2K[1A[2K[1A[2K[1A[2K[1A[2K[1A[2K[1A[2K[G[38;2;228;204;255m✻ Thinking… (14 lines) [38;2;53;61;80m[[38;2;138;148;168mctrl+o to expand[38;2;53;61;80m][39m

[48;2;45;43;85m[38;2;228;204;255m [1m⌘ [22m[38;2;110;97;163mComputing[38;2;165;153;233m…[38;2;228;204;255m [39m[49m [1m[38;2;138;148;168mesc[39m[22m [38;2;138;148;168mto interrupt[39m [38;2;138;148;168m•[39m [38;2;138;148;168m33s[39m [38;2;138;148;168m•[39m [38;2;138;148;168m↓[39m [38;2;138;148;168m19.0k[39m
[38;2;138;148;168m────────────────────────────────────────────────────────────────────────────────[39m
❯ [7mA[27m[38;2;138;148;168msk your question...[39m
[38;2;138;148;168m────────────────────────────────────────────────────────────────────────────────[39m
  [38;2;138;148;168m? for shortcuts · [38;2;2;136;142mtaste on[39m



[?2026l[?2026h[2K[1A[2K[1A[2K[1A[2K[1A[2K[1A[2K[1A[2K[1A[2K[1A[2K[1A[2K[1A[2K[G[38;2;228;204;255m✻ Thinking… (14 lines) [38;2;53;61;80m[[38;2;138;148;168mctrl+o to expand[38;2;53;61;80m][39m

[48;2;45;43;85m[38;2;228;204;255m [1m○ [22m[38;2;110;97;163mComputing…[38;2;228;204;255m [39m[49m [1m[38;2;138;148;168mesc[39m[22m [38;2;138;148;168mto interrupt[39m [38;2;138;148;168m•[39m [38;2;138;148;168m33s[39m [38;2;138;148;168m•[39m [38;2;138;148;168m↓[39m [38;2;138;148;168m19.0k[39m
[38;2;138;148;168m────────────────────────────────────────────────────────────────────────────────[39m
❯ [7mA[27m[38;2;138;148;168msk your question...[39m
[38;2;138;148;168m────────────────────────────────────────────────────────────────────────────────[39m
  [38;2;138;148;168m? for shortcuts · [38;2;2;136;142mtaste on[39m



[?2026l[?2026h[2K[1A[2K[1A[2K[1A[2K[1A[2K[1A[2K[1A[2K[1A[2K[1A[2K[1A[2K[1A[2K[G[38;2;228;204;255m✻ Thinking… (16 lines) [38;2;53;61;80m[[38;2;138;148;168mctrl+o to expand[38;2;53;61;80m][39m

[48;2;45;43;85m[38;2;228;204;255m [1m○ [22m[38;2;110;97;163mComputing…[38;2;228;204;255m [39m[49m [1m[38;2;138;148;168mesc[39m[22m [38;2;138;148;168mto interrupt[39m [38;2;138;148;168m•[39m [38;2;138;148;168m33s[39m [38;2;138;148;168m•[39m [38;2;138;148;168m↓[39m [38;2;138;148;168m19.0k[39m
[38;2;138;148;168m────────────────────────────────────────────────────────────────────────────────[39m
❯ [7mA[27m[38;2;138;148;168msk your question...[39m
[38;2;138;148;168m────────────────────────────────────────────────────────────────────────────────[39m
  [38;2;138;148;168m? for shortcuts · [38;2;2;136;142mtaste on[39m



[?2026l[?2026h[2K[1A[2K[1A[2K[1A[2K[1A[2K[1A[2K[1A[2K[1A[2K[1A[2K[1A[2K[1A[2K[G[38;2;228;204;255m✻ Thinking… (16 lines) [38;2;53;61;80m[[38;2;138;148;168mctrl+o to expand[38;2;53;61;80m][39m

[48;2;45;43;85m[38;2;228;204;255m [1m◇ [22m[38;2;110;97;163mComputing…[38;2;228;204;255m [39m[49m [1m[38;2;138;148;168mesc[39m[22m [38;2;138;148;168mto interrupt[39m [38;2;138;148;168m•[39m [38;2;138;148;168m33s[39m [38;2;138;148;168m•[39m [38;2;138;148;168m↓[39m [38;2;138;148;168m19.0k[39m
[38;2;138;148;168m────────────────────────────────────────────────────────────────────────────────[39m
❯ [7mA[27m[38;2;138;148;168msk your question...[39m
[38;2;138;148;168m────────────────────────────────────────────────────────────────────────────────[39m
  [38;2;138;148;168m? for shortcuts · [38;2;2;136;142mtaste on[39m



[?2026l[?2026h[2K[1A[2K[1A[2K[1A[2K[1A[2K[1A[2K[1A[2K[1A[2K[1A[2K[1A[2K[1A[2K[G[38;2;228;204;255m✻ Thinking… (18 lines) [38;2;53;61;80m[[38;2;138;148;168mctrl+o to expand[38;2;53;61;80m][39m

[48;2;45;43;85m[38;2;228;204;255m [1m◇ [22m[38;2;110;97;163mComputing…[38;2;228;204;255m [39m[49m [1m[38;2;138;148;168mesc[39m[22m [38;2;138;148;168mto interrupt[39m [38;2;138;148;168m•[39m [38;2;138;148;168m33s[39m [38;2;138;148;168m•[39m [38;2;138;148;168m↓[39m [38;2;138;148;168m19.0k[39m
[38;2;138;148;168m────────────────────────────────────────────────────────────────────────────────[39m
❯ [7mA[27m[38;2;138;148;168msk your question...[39m
[38;2;138;148;168m────────────────────────────────────────────────────────────────────────────────[39m
  [38;2;138;148;168m? for shortcuts · [38;2;2;136;142mtaste on[39m



[?2026l[?2026h[2K[1A[2K[1A[2K[1A[2K[1A[2K[1A[2K[1A[2K[1A[2K[1A[2K[1A[2K[1A[2K[G[38;2;228;204;255m✻ Thinking… (20 lines) [38;2;53;61;80m[[38;2;138;148;168mctrl+o to expand[38;2;53;61;80m][39m

[48;2;45;43;85m[38;2;228;204;255m [1m☆ [22m[38;2;110;97;163mComputing…[38;2;228;204;255m [39m[49m [1m[38;2;138;148;168mesc[39m[22m [38;2;138;148;168mto interrupt[39m [38;2;138;148;168m•[39m [38;2;138;148;168m33s[39m [38;2;138;148;168m•[39m [38;2;138;148;168m↓[39m [38;2;138;148;168m19.1k[39m
[38;2;138;148;168m────────────────────────────────────────────────────────────────────────────────[39m
❯ [7mA[27m[38;2;138;148;168msk your question...[39m
[38;2;138;148;168m────────────────────────────────────────────────────────────────────────────────[39m
  [38;2;138;148;168m? for shortcuts · [38;2;2;136;142mtaste on[39m



[?2026l[?2026h[2K[1A[2K[1A[2K[1A[2K[1A[2K[1A[2K[1A[2K[1A[2K[1A[2K[1A[2K[1A[2K[G[38;2;228;204;255m✻ Thinking… (20 lines) [38;2;53;61;80m[[38;2;138;148;168mctrl+o to expand[38;2;53;61;80m][39m

[48;2;45;43;85m[38;2;228;204;255m [1m✧ [22m[38;2;110;97;163mComputing…[38;2;228;204;255m [39m[49m [1m[38;2;138;148;168mesc[39m[22m [38;2;138;148;168mto interrupt[39m [38;2;138;148;168m•[39m [38;2;138;148;168m33s[39m [38;2;138;148;168m•[39m [38;2;138;148;168m↓[39m [38;2;138;148;168m19.1k[39m
[38;2;138;148;168m────────────────────────────────────────────────────────────────────────────────[39m
❯ [7mA[27m[38;2;138;148;168msk your question...[39m
[38;2;138;148;168m────────────────────────────────────────────────────────────────────────────────[39m
  [38;2;138;148;168m? for shortcuts · [38;2;2;136;142mtaste on[39m



[?2026l[?2026h[2K[1A[2K[1A[2K[1A[2K[1A[2K[1A[2K[1A[2K[1A[2K[1A[2K[1A[2K[1A[2K[G[38;2;228;204;255m✻ Thinking… (20 lines) [38;2;53;61;80m[[38;2;138;148;168mctrl+o to expand[38;2;53;61;80m][39m

[48;2;45;43;85m[38;2;228;204;255m [1m☆ [22m[38;2;110;97;163mComputing…[38;2;228;204;255m [39m[49m [1m[38;2;138;148;168mesc[39m[22m [38;2;138;148;168mto interrupt[39m [38;2;138;148;168m•[39m [38;2;138;148;168m33s[39m [38;2;138;148;168m•[39m [38;2;138;148;168m↓[39m [38;2;138;148;168m19.1k[39m
[38;2;138;148;168m────────────────────────────────────────────────────────────────────────────────[39m
❯ [7mA[27m[38;2;138;148;168msk your question...[39m
[38;2;138;148;168m────────────────────────────────────────────────────────────────────────────────[39m
  [38;2;138;148;168m? for shortcuts · [38;2;2;136;142mtaste on[39m



[?2026l[?2026h[2K[1A[2K[1A[2K[1A[2K[1A[2K[1A[2K[1A[2K[1A[2K[1A[2K[1A[2K[1A[2K[G[38;2;228;204;255m✻ Thinking… (22 lines) [38;2;53;61;80m[[38;2;138;148;168mctrl+o to expand[38;2;53;61;80m][39m

[48;2;45;43;85m[38;2;228;204;255m [1m☆ [22m[38;2;110;97;163mComputing…[38;2;228;204;255m [39m[49m [1m[38;2;138;148;168mesc[39m[22m [38;2;138;148;168mto interrupt[39m [38;2;138;148;168m•[39m [38;2;138;148;168m33s[39m [38;2;138;148;168m•[39m [38;2;138;148;168m↓[39m [38;2;138;148;168m19.1k[39m
[38;2;138;148;168m────────────────────────────────────────────────────────────────────────────────[39m
❯ [7mA[27m[38;2;138;148;168msk your question...[39m
[38;2;138;148;168m────────────────────────────────────────────────────────────────────────────────[39m
  [38;2;138;148;168m? for shortcuts · [38;2;2;136;142mtaste on[39m



[?2026l[?2026h[2K[1A[2K[1A[2K[1A[2K[1A[2K[1A[2K[1A[2K[1A[2K[1A[2K[1A[2K[1A[2K[G[38;2;228;204;255m✻ Thinking… (22 lines) [38;2;53;61;80m[[38;2;138;148;168mctrl+o to expand[38;2;53;61;80m][39m

[48;2;45;43;85m[38;2;228;204;255m [1m◇ [22m[38;2;234;218;255mC[38;2;171;165;206mo[38;2;228;204;255mm[38;2;165;153;233mp[38;2;110;97;163muting…[38;2;228;204;255m [39m[49m [1m[38;2;138;148;168mesc[39m[22m [38;2;138;148;168mto interrupt[39m [38;2;138;148;168m•[39m [38;2;138;148;168m33s[39m [38;2;138;148;168m•[39m [38;2;138;148;168m↓[39m [38;2;138;148;168m19.1k[39m
[38;2;138;148;168m────────────────────────────────────────────────────────────────────────────────[39m
❯ [7mA[27m[38;2;138;148;168msk your question...[39m
[38;2;138;148;168m────────────────────────────────────────────────────────────────────────────────[39m
  [38;2;138;148;168m? for shortcuts · [38;2;2;136;142mtaste on[39m



[?2026l[?2026h[2K[1A[2K[1A[2K[1A[2K[1A[2K[1A[2K[1A[2K[1A[2K[1A[2K[1A[2K[1A[2K[G[38;2;228;204;255m✻ Thinking… (22 lines) [38;2;53;61;80m[[38;2;138;148;168mctrl+o to expand[38;2;53;61;80m][39m

[48;2;45;43;85m[38;2;228;204;255m [1m○ [22m[38;2;255;255;255mC[38;2;234;218;255mo[38;2;171;165;206mm[38;2;228;204;255mp[38;2;165;153;233mu[38;2;110;97;163mting…[38;2;228;204;255m [39m[49m [1m[38;2;138;148;168mesc[39m[22m [38;2;138;148;168mto interrupt[39m [38;2;138;148;168m•[39m [38;2;138;148;168m33s[39m [38;2;138;148;168m•[39m [38;2;138;148;168m↓[39m [38;2;138;148;168m19.2k[39m
[38;2;138;148;168m────────────────────────────────────────────────────────────────────────────────[39m
❯ [7mA[27m[38;2;138;148;168msk your question...[39m
[38;2;138;148;168m────────────────────────────────────────────────────────────────────────────────[39m
  [38;2;138;148;168m? for shortcuts · [38;2;2;136;142mtaste on[39m



[?2026l[?2026h[2K[1A[2K[1A[2K[1A[2K[1A[2K[1A[2K[1A[2K[1A[2K[1A[2K[1A[2K[1A[2K[G[38;2;228;204;255m✻ Thinking… (22 lines) [38;2;53;61;80m[[38;2;138;148;168mctrl+o to expand[38;2;53;61;80m][39m

[48;2;45;43;85m[38;2;228;204;255m [1m· [22m[38;2;204;199;225mC[38;2;255;255;255mo[38;2;234;218;255mm[38;2;171;165;206mp[38;2;228;204;255mu[38;2;165;153;233mt[38;2;110;97;163ming…[38;2;228;204;255m [39m[49m [1m[38;2;138;148;168mesc[39m[22m [38;2;138;148;168mto interrupt[39m [38;2;138;148;168m•[39m [38;2;138;148;168m33s[39m [38;2;138;148;168m•[39m [38;2;138;148;168m↓[39m [38;2;138;148;168m19.2k[39m
[38;2;138;148;168m────────────────────────────────────────────────────────────────────────────────[39m
❯ [7mA[27m[38;2;138;148;168msk your question...[39m
[38;2;138;148;168m────────────────────────────────────────────────────────────────────────────────[39m
  [38;2;138;148;168m? for shortcuts · [38;2;2;136;142mtaste on[39m



[?2026l[?2026h[2K[1A[2K[1A[2K[1A[2K[1A[2K[1A[2K[1A[2K[1A[2K[1A[2K[1A[2K[1A[2K[G[38;2;228;204;255m✻ Thinking… (24 lines) [38;2;53;61;80m[[38;2;138;148;168mctrl+o to expand[38;2;53;61;80m][39m

[48;2;45;43;85m[38;2;228;204;255m [1m· [22m[38;2;171;165;206mC[38;2;204;199;225mo[38;2;255;255;255mm[38;2;234;218;255mp[38;2;171;165;206mu[38;2;228;204;255mt[38;2;165;153;233mi[38;2;110;97;163mng…[38;2;228;204;255m [39m[49m [1m[38;2;138;148;168mesc[39m[22m [38;2;138;148;168mto interrupt[39m [38;2;138;148;168m•[39m [38;2;138;148;168m34s[39m [38;2;138;148;168m•[39m [38;2;138;148;168m↓[39m [38;2;138;148;168m19.2k[39m
[38;2;138;148;168m────────────────────────────────────────────────────────────────────────────────[39m
❯ [7mA[27m[38;2;138;148;168msk your question...[39m
[38;2;138;148;168m────────────────────────────────────────────────────────────────────────────────[39m
  [38;2;138;148;168m? for shortcuts · [38;2;2;136;142mtaste on[39m



[?2026l[?2026h[2K[1A[2K[1A[2K[1A[2K[1A[2K[1A[2K[1A[2K[1A[2K[1A[2K[1A[2K[1A[2K[G[38;2;228;204;255m✻ Thinking… (24 lines) [38;2;53;61;80m[[38;2;138;148;168mctrl+o to expand[38;2;53;61;80m][39m

[48;2;45;43;85m[38;2;228;204;255m [1m· [22mC[38;2;171;165;206mo[38;2;204;199;225mm[38;2;255;255;255mp[38;2;234;218;255mu[38;2;171;165;206mt[38;2;228;204;255mi[38;2;165;153;233mn[38;2;110;97;163mg…[38;2;228;204;255m [39m[49m [1m[38;2;138;148;168mesc[39m[22m [38;2;138;148;168mto interrupt[39m [38;2;138;148;168m•[39m [38;2;138;148;168m34s[39m [38;2;138;148;168m•[39m [38;2;138;148;168m↓[39m [38;2;138;148;168m19.2k[39m
[38;2;138;148;168m────────────────────────────────────────────────────────────────────────────────[39m
❯ [7mA[27m[38;2;138;148;168msk your question...[39m
[38;2;138;148;168m────────────────────────────────────────────────────────────────────────────────[39m
  [38;2;138;148;168m? for shortcuts · [38;2;2;136;142mtaste on[39m



[?2026l]0;⌘ Command Code · orch-go · deepseek-v4-flash-(latest)]2;⌘ Command Code · orch-go · deepseek-v4-flash-(latest)[?2026h[2K[1A[2K[1A[2K[1A[2K[1A[2K[1A[2K[1A[2K[1A[2K[1A[2K[1A[2K[1A[2K[G[38;2;228;204;255m✻ Thinking… (24 lines) [38;2;53;61;80m[[38;2;138;148;168mctrl+o to expand[38;2;53;61;80m][39m

[48;2;45;43;85m[38;2;228;204;255m [1m○ [22m[38;2;165;153;233mC[38;2;228;204;255mo[38;2;171;165;206mm[38;2;204;199;225mp[38;2;255;255;255mu[38;2;234;218;255mt[38;2;171;165;206mi[38;2;228;204;255mn[38;2;165;153;233mg[38;2;110;97;163m…[38;2;228;204;255m [39m[49m [1m[38;2;138;148;168mesc[39m[22m [38;2;138;148;168mto interrupt[39m [38;2;138;148;168m•[39m [38;2;138;148;168m34s[39m [38;2;138;148;168m•[39m [38;2;138;148;168m↓[39m [38;2;138;148;168m19.3k[39m
[38;2;138;148;168m────────────────────────────────────────────────────────────────────────────────[39m
❯ [7mA[27m[38;2;138;148;168msk your question...[39m
[38;2;138;148;168m────────────────────────────────────────────────────────────────────────────────[39m
  [38;2;138;148;168m? for shortcuts · [38;2;2;136;142mtaste on[39m



[?2026l[?2026h[2K[1A[2K[1A[2K[1A[2K[1A[2K[1A[2K[1A[2K[1A[2K[1A[2K[1A[2K[1A[2K[G[38;2;228;204;255m✻ Thinking… (26 lines) [38;2;53;61;80m[[38;2;138;148;168mctrl+o to expand[38;2;53;61;80m][39m

[48;2;45;43;85m[38;2;228;204;255m [1m○ [22m[38;2;110;97;163mC[38;2;165;153;233mo[38;2;228;204;255mm[38;2;171;165;206mp[38;2;204;199;225mu[38;2;255;255;255mt[38;2;234;218;255mi[38;2;171;165;206mn[38;2;228;204;255mg[38;2;165;153;233m…[38;2;228;204;255m [39m[49m [1m[38;2;138;148;168mesc[39m[22m [38;2;138;148;168mto interrupt[39m [38;2;138;148;168m•[39m [38;2;138;148;168m34s[39m [38;2;138;148;168m•[39m [38;2;138;148;168m↓[39m [38;2;138;148;168m19.3k[39m
[38;2;138;148;168m────────────────────────────────────────────────────────────────────────────────[39m
❯ [7mA[27m[38;2;138;148;168msk your question...[39m
[38;2;138;148;168m────────────────────────────────────────────────────────────────────────────────[39m
  [38;2;138;148;168m? for shortcuts · [38;2;2;136;142mtaste on[39m



[?2026l[?2026h[2K[1A[2K[1A[2K[1A[2K[1A[2K[1A[2K[1A[2K[1A[2K[1A[2K[1A[2K[1A[2K[G[38;2;228;204;255m✻ Thinking… (26 lines) [38;2;53;61;80m[[38;2;138;148;168mctrl+o to expand[38;2;53;61;80m][39m

[48;2;45;43;85m[38;2;228;204;255m [1m◇ [22m[38;2;110;97;163mPars[38;2;165;153;233mi[38;2;228;204;255mn[38;2;171;165;206mg[38;2;204;199;225m…[38;2;228;204;255m [39m[49m [1m[38;2;138;148;168mesc[39m[22m [38;2;138;148;168mto interrupt[39m [38;2;138;148;168m•[39m [38;2;138;148;168m34s[39m [38;2;138;148;168m•[39m [38;2;138;148;168m↓[39m [38;2;138;148;168m19.3k[39m
[38;2;138;148;168m────────────────────────────────────────────────────────────────────────────────[39m
❯ [7mA[27m[38;2;138;148;168msk your question...[39m
[38;2;138;148;168m────────────────────────────────────────────────────────────────────────────────[39m
  [38;2;138;148;168m? for shortcuts · [38;2;2;136;142mtaste on[39m



[?2026l[?2026h[2K[1A[2K[1A[2K[1A[2K[1A[2K[1A[2K[1A[2K[1A[2K[1A[2K[1A[2K[1A[2K[G[38;2;228;204;255m✻ Thinking… (26 lines) [38;2;53;61;80m[[38;2;138;148;168mctrl+o to expand[38;2;53;61;80m][39m

[48;2;45;43;85m[38;2;228;204;255m [1m☆ [22m[38;2;110;97;163mParsi[38;2;165;153;233mn[38;2;228;204;255mg[38;2;171;165;206m…[38;2;228;204;255m [39m[49m [1m[38;2;138;148;168mesc[39m[22m [38;2;138;148;168mto interrupt[39m [38;2;138;148;168m•[39m [38;2;138;148;168m34s[39m [38;2;138;148;168m•[39m [38;2;138;148;168m↓[39m [38;2;138;148;168m19.3k[39m
[38;2;138;148;168m────────────────────────────────────────────────────────────────────────────────[39m
❯ [7mA[27m[38;2;138;148;168msk your question...[39m
[38;2;138;148;168m────────────────────────────────────────────────────────────────────────────────[39m
  [38;2;138;148;168m? for shortcuts · [38;2;2;136;142mtaste on[39m



[?2026l[?2026h[2K[1A[2K[1A[2K[1A[2K[1A[2K[1A[2K[1A[2K[1A[2K[1A[2K[1A[2K[1A[2K[G[38;2;228;204;255m✻ Thinking… (26 lines) [38;2;53;61;80m[[38;2;138;148;168mctrl+o to expand[38;2;53;61;80m][39m

[48;2;45;43;85m[38;2;228;204;255m [1m✧ [22m[38;2;110;97;163mParsin[38;2;165;153;233mg[38;2;228;204;255m… [39m[49m [1m[38;2;138;148;168mesc[39m[22m [38;2;138;148;168mto interrupt[39m [38;2;138;148;168m•[39m [38;2;138;148;168m34s[39m [38;2;138;148;168m•[39m [38;2;138;148;168m↓[39m [38;2;138;148;168m19.4k[39m
[38;2;138;148;168m────────────────────────────────────────────────────────────────────────────────[39m
❯ [7mA[27m[38;2;138;148;168msk your question...[39m
[38;2;138;148;168m────────────────────────────────────────────────────────────────────────────────[39m
  [38;2;138;148;168m? for shortcuts · [38;2;2;136;142mtaste on[39m



[?2026l[?2026h[2K[1A[2K[1A[2K[1A[2K[1A[2K[1A[2K[1A[2K[1A[2K[1A[2K[1A[2K[1A[2K[G[38;2;228;204;255m✻ Thinking… (26 lines) [38;2;53;61;80m[[38;2;138;148;168mctrl+o to expand[38;2;53;61;80m][39m

[48;2;45;43;85m[38;2;228;204;255m [1m☆ [22m[38;2;110;97;163mParsing[38;2;165;153;233m…[38;2;228;204;255m [39m[49m [1m[38;2;138;148;168mesc[39m[22m [38;2;138;148;168mto interrupt[39m [38;2;138;148;168m•[39m [38;2;138;148;168m34s[39m [38;2;138;148;168m•[39m [38;2;138;148;168m↓[39m [38;2;138;148;168m19.4k[39m
[38;2;138;148;168m────────────────────────────────────────────────────────────────────────────────[39m
❯ [7mA[27m[38;2;138;148;168msk your question...[39m
[38;2;138;148;168m────────────────────────────────────────────────────────────────────────────────[39m
  [38;2;138;148;168m? for shortcuts · [38;2;2;136;142mtaste on[39m



[?2026l[?2026h[2K[1A[2K[1A[2K[1A[2K[1A[2K[1A[2K[1A[2K[1A[2K[1A[2K[1A[2K[1A[2K[G[38;2;228;204;255m✻ Thinking… (26 lines) [38;2;53;61;80m[[38;2;138;148;168mctrl+o to expand[38;2;53;61;80m][39m

[48;2;45;43;85m[38;2;228;204;255m [1m◇ [22m[38;2;110;97;163mParsing…[38;2;228;204;255m [39m[49m [1m[38;2;138;148;168mesc[39m[22m [38;2;138;148;168mto interrupt[39m [38;2;138;148;168m•[39m [38;2;138;148;168m34s[39m [38;2;138;148;168m•[39m [38;2;138;148;168m↓[39m [38;2;138;148;168m19.4k[39m
[38;2;138;148;168m────────────────────────────────────────────────────────────────────────────────[39m
❯ [7mA[27m[38;2;138;148;168msk your question...[39m
[38;2;138;148;168m────────────────────────────────────────────────────────────────────────────────[39m
  [38;2;138;148;168m? for shortcuts · [38;2;2;136;142mtaste on[39m



[?2026l[?2026h[2K[1A[2K[1A[2K[1A[2K[1A[2K[1A[2K[1A[2K[1A[2K[1A[2K[1A[2K[1A[2K[G[38;2;228;204;255m✻ Thinking… (28 lines) [38;2;53;61;80m[[38;2;138;148;168mctrl+o to expand[38;2;53;61;80m][39m

[48;2;45;43;85m[38;2;228;204;255m [1m◇ [22m[38;2;110;97;163mParsing…[38;2;228;204;255m [39m[49m [1m[38;2;138;148;168mesc[39m[22m [38;2;138;148;168mto interrupt[39m [38;2;138;148;168m•[39m [38;2;138;148;168m34s[39m [38;2;138;148;168m•[39m [38;2;138;148;168m↓[39m [38;2;138;148;168m19.4k[39m
[38;2;138;148;168m────────────────────────────────────────────────────────────────────────────────[39m
❯ [7mA[27m[38;2;138;148;168msk your question...[39m
[38;2;138;148;168m────────────────────────────────────────────────────────────────────────────────[39m
  [38;2;138;148;168m? for shortcuts · [38;2;2;136;142mtaste on[39m



[?2026l[?2026h[2K[1A[2K[1A[2K[1A[2K[1A[2K[1A[2K[1A[2K[1A[2K[1A[2K[1A[2K[1A[2K[G[38;2;228;204;255m✻ Thinking… (28 lines) [38;2;53;61;80m[[38;2;138;148;168mctrl+o to expand[38;2;53;61;80m][39m

[48;2;45;43;85m[38;2;228;204;255m [1m○ [22m[38;2;110;97;163mParsing…[38;2;228;204;255m [39m[49m [1m[38;2;138;148;168mesc[39m[22m [38;2;138;148;168mto interrupt[39m [38;2;138;148;168m•[39m [38;2;138;148;168m34s[39m [38;2;138;148;168m•[39m [38;2;138;148;168m↓[39m [38;2;138;148;168m19.4k[39m
[38;2;138;148;168m────────────────────────────────────────────────────────────────────────────────[39m
❯ [7mA[27m[38;2;138;148;168msk your question...[39m
[38;2;138;148;168m────────────────────────────────────────────────────────────────────────────────[39m
  [38;2;138;148;168m? for shortcuts · [38;2;2;136;142mtaste on[39m



[?2026l[?2026h[2K[1A[2K[1A[2K[1A[2K[1A[2K[1A[2K[1A[2K[1A[2K[1A[2K[1A[2K[1A[2K[G[38;2;228;204;255m✻ Thinking… (28 lines) [38;2;53;61;80m[[38;2;138;148;168mctrl+o to expand[38;2;53;61;80m][39m

[48;2;45;43;85m[38;2;228;204;255m [1m⌘ [22m[38;2;110;97;163mParsing…[38;2;228;204;255m [39m[49m [1m[38;2;138;148;168mesc[39m[22m [38;2;138;148;168mto interrupt[39m [38;2;138;148;168m•[39m [38;2;138;148;168m34s[39m [38;2;138;148;168m•[39m [38;2;138;148;168m↓[39m [38;2;138;148;168m19.5k[39m
[38;2;138;148;168m────────────────────────────────────────────────────────────────────────────────[39m
❯ [7mA[27m[38;2;138;148;168msk your question...[39m
[38;2;138;148;168m────────────────────────────────────────────────────────────────────────────────[39m
  [38;2;138;148;168m? for shortcuts · [38;2;2;136;142mtaste on[39m



[?2026l[?2026h[2K[1A[2K[1A[2K[1A[2K[1A[2K[1A[2K[1A[2K[1A[2K[1A[2K[1A[2K[1A[2K[G[38;2;228;204;255m✻ Thinking… (30 lines) [38;2;53;61;80m[[38;2;138;148;168mctrl+o to expand[38;2;53;61;80m][39m

[48;2;45;43;85m[38;2;228;204;255m [1m⌘ [22m[38;2;234;218;255mP[38;2;171;165;206ma[38;2;228;204;255mr[38;2;165;153;233ms[38;2;110;97;163ming…[38;2;228;204;255m [39m[49m [1m[38;2;138;148;168mesc[39m[22m [38;2;138;148;168mto interrupt[39m [38;2;138;148;168m•[39m [38;2;138;148;168m35s[39m [38;2;138;148;168m•[39m [38;2;138;148;168m↓[39m [38;2;138;148;168m19.5k[39m
[38;2;138;148;168m────────────────────────────────────────────────────────────────────────────────[39m
❯ [7mA[27m[38;2;138;148;168msk your question...[39m
[38;2;138;148;168m────────────────────────────────────────────────────────────────────────────────[39m
  [38;2;138;148;168m? for shortcuts · [38;2;2;136;142mtaste on[39m



[?2026l[?2026h[2K[1A[2K[1A[2K[1A[2K[1A[2K[1A[2K[1A[2K[1A[2K[1A[2K[1A[2K[1A[2K[G[38;2;228;204;255m✻ Thinking… (32 lines) [38;2;53;61;80m[[38;2;138;148;168mctrl+o to expand[38;2;53;61;80m][39m

[48;2;45;43;85m[38;2;228;204;255m [1m○ [22m[38;2;255;255;255mP[38;2;234;218;255ma[38;2;171;165;206mr[38;2;228;204;255ms[38;2;165;153;233mi[38;2;110;97;163mng…[38;2;228;204;255m [39m[49m [1m[38;2;138;148;168mesc[39m[22m [38;2;138;148;168mto interrupt[39m [38;2;138;148;168m•[39m [38;2;138;148;168m35s[39m [38;2;138;148;168m•[39m [38;2;138;148;168m↓[39m [38;2;138;148;168m19.6k[39m
[38;2;138;148;168m────────────────────────────────────────────────────────────────────────────────[39m
❯ [7mA[27m[38;2;138;148;168msk your question...[39m
[38;2;138;148;168m────────────────────────────────────────────────────────────────────────────────[39m
  [38;2;138;148;168m? for shortcuts · [38;2;2;136;142mtaste on[39m



[?2026l[?2026h[2K[1A[2K[1A[2K[1A[2K[1A[2K[1A[2K[1A[2K[1A[2K[1A[2K[1A[2K[1A[2K[G[38;2;228;204;255m✻ Thinking… (32 lines) [38;2;53;61;80m[[38;2;138;148;168mctrl+o to expand[38;2;53;61;80m][39m

[48;2;45;43;85m[38;2;228;204;255m [1m◇ [22m[38;2;204;199;225mP[38;2;255;255;255ma[38;2;234;218;255mr[38;2;171;165;206ms[38;2;228;204;255mi[38;2;165;153;233mn[38;2;110;97;163mg…[38;2;228;204;255m [39m[49m [1m[38;2;138;148;168mesc[39m[22m [38;2;138;148;168mto interrupt[39m [38;2;138;148;168m•[39m [38;2;138;148;168m35s[39m [38;2;138;148;168m•[39m [38;2;138;148;168m↓[39m [38;2;138;148;168m19.6k[39m
[38;2;138;148;168m────────────────────────────────────────────────────────────────────────────────[39m
❯ [7mA[27m[38;2;138;148;168msk your question...[39m
[38;2;138;148;168m────────────────────────────────────────────────────────────────────────────────[39m
  [38;2;138;148;168m? for shortcuts · [38;2;2;136;142mtaste on[39m



[?2026l[?2026h[2K[1A[2K[1A[2K[1A[2K[1A[2K[1A[2K[1A[2K[1A[2K[1A[2K[1A[2K[1A[2K[G[38;2;228;204;255m✻ Thinking… (34 lines) [38;2;53;61;80m[[38;2;138;148;168mctrl+o to expand[38;2;53;61;80m][39m

[48;2;45;43;85m[38;2;228;204;255m [1m☆ [22m[38;2;171;165;206mP[38;2;204;199;225ma[38;2;255;255;255mr[38;2;234;218;255ms[38;2;171;165;206mi[38;2;228;204;255mn[38;2;165;153;233mg[38;2;110;97;163m…[38;2;228;204;255m [39m[49m [1m[38;2;138;148;168mesc[39m[22m [38;2;138;148;168mto interrupt[39m [38;2;138;148;168m•[39m [38;2;138;148;168m35s[39m [38;2;138;148;168m•[39m [38;2;138;148;168m↓[39m [38;2;138;148;168m19.6k[39m
[38;2;138;148;168m────────────────────────────────────────────────────────────────────────────────[39m
❯ [7mA[27m[38;2;138;148;168msk your question...[39m
[38;2;138;148;168m────────────────────────────────────────────────────────────────────────────────[39m
  [38;2;138;148;168m? for shortcuts · [38;2;2;136;142mtaste on[39m



[?2026l[?2026h[2K[1A[2K[1A[2K[1A[2K[1A[2K[1A[2K[1A[2K[1A[2K[1A[2K[1A[2K[1A[2K[G[38;2;228;204;255m✻ Thinking… (34 lines) [38;2;53;61;80m[[38;2;138;148;168mctrl+o to expand[38;2;53;61;80m][39m

[48;2;45;43;85m[38;2;228;204;255m [1m✧ [22mP[38;2;171;165;206ma[38;2;204;199;225mr[38;2;255;255;255ms[38;2;234;218;255mi[38;2;171;165;206mn[38;2;228;204;255mg[38;2;165;153;233m…[38;2;228;204;255m [39m[49m [1m[38;2;138;148;168mesc[39m[22m [38;2;138;148;168mto interrupt[39m [38;2;138;148;168m•[39m [38;2;138;148;168m35s[39m [38;2;138;148;168m•[39m [38;2;138;148;168m↓[39m [38;2;138;148;168m19.6k[39m
[38;2;138;148;168m────────────────────────────────────────────────────────────────────────────────[39m
❯ [7mA[27m[38;2;138;148;168msk your question...[39m
[38;2;138;148;168m────────────────────────────────────────────────────────────────────────────────[39m
  [38;2;138;148;168m? for shortcuts · [38;2;2;136;142mtaste on[39m



[?2026l[?2026h[2K[1A[2K[1A[2K[1A[2K[1A[2K[1A[2K[1A[2K[1A[2K[1A[2K[1A[2K[1A[2K[G[38;2;228;204;255m✻ Thinking… (34 lines) [38;2;53;61;80m[[38;2;138;148;168mctrl+o to expand[38;2;53;61;80m][39m

[48;2;45;43;85m[38;2;228;204;255m [1m☆ [22m[38;2;165;153;233mP[38;2;228;204;255ma[38;2;171;165;206mr[38;2;204;199;225ms[38;2;255;255;255mi[38;2;234;218;255mn[38;2;171;165;206mg[38;2;228;204;255m… [39m[49m [1m[38;2;138;148;168mesc[39m[22m [38;2;138;148;168mto interrupt[39m [38;2;138;148;168m•[39m [38;2;138;148;168m35s[39m [38;2;138;148;168m•[39m [38;2;138;148;168m↓[39m [38;2;138;148;168m19.7k[39m
[38;2;138;148;168m────────────────────────────────────────────────────────────────────────────────[39m
❯ [7mA[27m[38;2;138;148;168msk your question...[39m
[38;2;138;148;168m────────────────────────────────────────────────────────────────────────────────[39m
  [38;2;138;148;168m? for shortcuts · [38;2;2;136;142mtaste on[39m



[?2026l[?2026h[2K[1A[2K[1A[2K[1A[2K[1A[2K[1A[2K[1A[2K[1A[2K[1A[2K[1A[2K[1A[2K[G[38;2;228;204;255m✻ Thinking… (34 lines) [38;2;53;61;80m[[38;2;138;148;168mctrl+o to expand[38;2;53;61;80m][39m

[48;2;45;43;85m[38;2;228;204;255m [1m◇ [22m[38;2;110;97;163mP[38;2;165;153;233ma[38;2;228;204;255mr[38;2;171;165;206ms[38;2;204;199;225mi[38;2;255;255;255mn[38;2;234;218;255mg[38;2;171;165;206m…[38;2;228;204;255m [39m[49m [1m[38;2;138;148;168mesc[39m[22m [38;2;138;148;168mto interrupt[39m [38;2;138;148;168m•[39m [38;2;138;148;168m35s[39m [38;2;138;148;168m•[39m [38;2;138;148;168m↓[39m [38;2;138;148;168m19.7k[39m
[38;2;138;148;168m────────────────────────────────────────────────────────────────────────────────[39m
❯ [7mA[27m[38;2;138;148;168msk your question...[39m
[38;2;138;148;168m────────────────────────────────────────────────────────────────────────────────[39m
  [38;2;138;148;168m? for shortcuts · [38;2;2;136;142mtaste on[39m



[?2026l[?2026h[2K[1A[2K[1A[2K[1A[2K[1A[2K[1A[2K[1A[2K[1A[2K[1A[2K[1A[2K[1A[2K[G[38;2;228;204;255m✻ Thinking… (34 lines) [38;2;53;61;80m[[38;2;138;148;168mctrl+o to expand[38;2;53;61;80m][39m

[48;2;45;43;85m[38;2;228;204;255m [1m○ [22m[38;2;110;97;163mPa[38;2;165;153;233mr[38;2;228;204;255ms[38;2;171;165;206mi[38;2;204;199;225mn[38;2;255;255;255mg[38;2;234;218;255m…[38;2;228;204;255m [39m[49m [1m[38;2;138;148;168mesc[39m[22m [38;2;138;148;168mto interrupt[39m [38;2;138;148;168m•[39m [38;2;138;148;168m35s[39m [38;2;138;148;168m•[39m [38;2;138;148;168m↓[39m [38;2;138;148;168m19.7k[39m
[38;2;138;148;168m────────────────────────────────────────────────────────────────────────────────[39m
❯ [7mA[27m[38;2;138;148;168msk your question...[39m
[38;2;138;148;168m────────────────────────────────────────────────────────────────────────────────[39m
  [38;2;138;148;168m? for shortcuts · [38;2;2;136;142mtaste on[39m



[?2026l[?2026h[2K[1A[2K[1A[2K[1A[2K[1A[2K[1A[2K[1A[2K[1A[2K[1A[2K[1A[2K[1A[2K[G[38;2;228;204;255m✻ Thinking… (34 lines) [38;2;53;61;80m[[38;2;138;148;168mctrl+o to expand[38;2;53;61;80m][39m

[48;2;45;43;85m[38;2;228;204;255m [1m· [22m[38;2;110;97;163mPar[38;2;165;153;233ms[38;2;228;204;255mi[38;2;171;165;206mn[38;2;204;199;225mg[38;2;255;255;255m…[38;2;228;204;255m [39m[49m [1m[38;2;138;148;168mesc[39m[22m [38;2;138;148;168mto interrupt[39m [38;2;138;148;168m•[39m [38;2;138;148;168m35s[39m [38;2;138;148;168m•[39m [38;2;138;148;168m↓[39m [38;2;138;148;168m19.7k[39m
[38;2;138;148;168m────────────────────────────────────────────────────────────────────────────────[39m
❯ [7mA[27m[38;2;138;148;168msk your question...[39m
[38;2;138;148;168m────────────────────────────────────────────────────────────────────────────────[39m
  [38;2;138;148;168m? for shortcuts · [38;2;2;136;142mtaste on[39m



[?2026l[?2026h[2K[1A[2K[1A[2K[1A[2K[1A[2K[1A[2K[1A[2K[1A[2K[1A[2K[1A[2K[1A[2K[G[38;2;228;204;255m✻ Thinking… (38 lines) [38;2;53;61;80m[[38;2;138;148;168mctrl+o to expand[38;2;53;61;80m][39m

[48;2;45;43;85m[38;2;228;204;255m [1m· [22m[38;2;110;97;163mPar[38;2;165;153;233ms[38;2;228;204;255mi[38;2;171;165;206mn[38;2;204;199;225mg[38;2;255;255;255m…[38;2;228;204;255m [39m[49m [1m[38;2;138;148;168mesc[39m[22m [38;2;138;148;168mto interrupt[39m [38;2;138;148;168m•[39m [38;2;138;148;168m35s[39m [38;2;138;148;168m•[39m [38;2;138;148;168m↓[39m [38;2;138;148;168m19.7k[39m
[38;2;138;148;168m────────────────────────────────────────────────────────────────────────────────[39m
❯ [7mA[27m[38;2;138;148;168msk your question...[39m
[38;2;138;148;168m────────────────────────────────────────────────────────────────────────────────[39m
  [38;2;138;148;168m? for shortcuts · [38;2;2;136;142mtaste on[39m



[?2026l[?2026h[2K[1A[2K[1A[2K[1A[2K[1A[2K[1A[2K[1A[2K[1A[2K[1A[2K[1A[2K[1A[2K[G[38;2;228;204;255m✻ Thinking… (39 lines) [38;2;53;61;80m[[38;2;138;148;168mctrl+o to expand[38;2;53;61;80m][39m

[48;2;45;43;85m[38;2;228;204;255m [1m· [22m[38;2;110;97;163mPars[38;2;165;153;233mi[38;2;228;204;255mn[38;2;171;165;206mg[38;2;204;199;225m…[38;2;228;204;255m [39m[49m [1m[38;2;138;148;168mesc[39m[22m [38;2;138;148;168mto interrupt[39m [38;2;138;148;168m•[39m [38;2;138;148;168m35s[39m [38;2;138;148;168m•[39m [38;2;138;148;168m↓[39m [38;2;138;148;168m19.7k[39m
[38;2;138;148;168m────────────────────────────────────────────────────────────────────────────────[39m
❯ [7mA[27m[38;2;138;148;168msk your question...[39m
[38;2;138;148;168m────────────────────────────────────────────────────────────────────────────────[39m
  [38;2;138;148;168m? for shortcuts · [38;2;2;136;142mtaste on[39m



[?2026l[?2026h[2K[1A[2K[1A[2K[1A[2K[1A[2K[1A[2K[1A[2K[1A[2K[1A[2K[1A[2K[1A[2K[G[38;2;228;204;255m✻ Thinking… (40 lines) [38;2;53;61;80m[[38;2;138;148;168mctrl+o to expand[38;2;53;61;80m][39m

[48;2;45;43;85m[38;2;228;204;255m [1m· [22m[38;2;110;97;163mParsi[38;2;165;153;233mn[38;2;228;204;255mg[38;2;171;165;206m…[38;2;228;204;255m [39m[49m [1m[38;2;138;148;168mesc[39m[22m [38;2;138;148;168mto interrupt[39m [38;2;138;148;168m•[39m [38;2;138;148;168m35s[39m [38;2;138;148;168m•[39m [38;2;138;148;168m↓[39m [38;2;138;148;168m19.8k[39m
[38;2;138;148;168m────────────────────────────────────────────────────────────────────────────────[39m
❯ [7mA[27m[38;2;138;148;168msk your question...[39m
[38;2;138;148;168m────────────────────────────────────────────────────────────────────────────────[39m
  [38;2;138;148;168m? for shortcuts · [38;2;2;136;142mtaste on[39m



[?2026l[?2026h[2K[1A[2K[1A[2K[1A[2K[1A[2K[1A[2K[1A[2K[1A[2K[1A[2K[1A[2K[1A[2K[G[38;2;228;204;255m✻ Thinking… (40 lines) [38;2;53;61;80m[[38;2;138;148;168mctrl+o to expand[38;2;53;61;80m][39m

[48;2;45;43;85m[38;2;228;204;255m [1m○ [22m[38;2;110;97;163mParsin[38;2;165;153;233mg[38;2;228;204;255m… [39m[49m [1m[38;2;138;148;168mesc[39m[22m [38;2;138;148;168mto interrupt[39m [38;2;138;148;168m•[39m [38;2;138;148;168m35s[39m [38;2;138;148;168m•[39m [38;2;138;148;168m↓[39m [38;2;138;148;168m19.8k[39m
[38;2;138;148;168m────────────────────────────────────────────────────────────────────────────────[39m
❯ [7mA[27m[38;2;138;148;168msk your question...[39m
[38;2;138;148;168m────────────────────────────────────────────────────────────────────────────────[39m
  [38;2;138;148;168m? for shortcuts · [38;2;2;136;142mtaste on[39m



[?2026l[?2026h[2K[1A[2K[1A[2K[1A[2K[1A[2K[1A[2K[1A[2K[1A[2K[1A[2K[1A[2K[1A[2K[G[38;2;228;204;255m✻ Thinking… (40 lines) [38;2;53;61;80m[[38;2;138;148;168mctrl+o to expand[38;2;53;61;80m][39m

[48;2;45;43;85m[38;2;228;204;255m [1m○ [22m[38;2;110;97;163mParsing[38;2;165;153;233m…[38;2;228;204;255m [39m[49m [1m[38;2;138;148;168mesc[39m[22m [38;2;138;148;168mto interrupt[39m [38;2;138;148;168m•[39m [38;2;138;148;168m35s[39m [38;2;138;148;168m•[39m [38;2;138;148;168m↓[39m [38;2;138;148;168m19.8k[39m
[38;2;138;148;168m────────────────────────────────────────────────────────────────────────────────[39m
❯ [7mA[27m[38;2;138;148;168msk your question...[39m
[38;2;138;148;168m────────────────────────────────────────────────────────────────────────────────[39m
  [38;2;138;148;168m? for shortcuts · [38;2;2;136;142mtaste on[39m



[?2026l[?2026h[2K[1A[2K[1A[2K[1A[2K[1A[2K[1A[2K[1A[2K[1A[2K[1A[2K[1A[2K[1A[2K[G[38;2;228;204;255m✻ Thinking… (40 lines) [38;2;53;61;80m[[38;2;138;148;168mctrl+o to expand[38;2;53;61;80m][39m

[48;2;45;43;85m[38;2;228;204;255m [1m○ [22m[38;2;110;97;163mParsing[38;2;165;153;233m…[38;2;228;204;255m [39m[49m [1m[38;2;138;148;168mesc[39m[22m [38;2;138;148;168mto interrupt[39m [38;2;138;148;168m•[39m [38;2;138;148;168m36s[39m [38;2;138;148;168m•[39m [38;2;138;148;168m↓[39m [38;2;138;148;168m19.8k[39m
[38;2;138;148;168m────────────────────────────────────────────────────────────────────────────────[39m
❯ [7mA[27m[38;2;138;148;168msk your question...[39m
[38;2;138;148;168m────────────────────────────────────────────────────────────────────────────────[39m
  [38;2;138;148;168m? for shortcuts · [38;2;2;136;142mtaste on[39m



[?2026l[?2026h[2K[1A[2K[1A[2K[1A[2K[1A[2K[1A[2K[1A[2K[1A[2K[1A[2K[1A[2K[1A[2K[G[38;2;228;204;255m✻ Thinking… (40 lines) [38;2;53;61;80m[[38;2;138;148;168mctrl+o to expand[38;2;53;61;80m][39m

[48;2;45;43;85m[38;2;228;204;255m [1m◇ [22m[38;2;110;97;163mParsing…[38;2;228;204;255m [39m[49m [1m[38;2;138;148;168mesc[39m[22m [38;2;138;148;168mto interrupt[39m [38;2;138;148;168m•[39m [38;2;138;148;168m36s[39m [38;2;138;148;168m•[39m [38;2;138;148;168m↓[39m [38;2;138;148;168m19.8k[39m
[38;2;138;148;168m────────────────────────────────────────────────────────────────────────────────[39m
❯ [7mA[27m[38;2;138;148;168msk your question...[39m
[38;2;138;148;168m────────────────────────────────────────────────────────────────────────────────[39m
  [38;2;138;148;168m? for shortcuts · [38;2;2;136;142mtaste on[39m



[?2026l[?2026h[2K[1A[2K[1A[2K[1A[2K[1A[2K[1A[2K[1A[2K[1A[2K[1A[2K[1A[2K[1A[2K[G[38;2;228;204;255m✻ Thinking… (42 lines) [38;2;53;61;80m[[38;2;138;148;168mctrl+o to expand[38;2;53;61;80m][39m

[48;2;45;43;85m[38;2;228;204;255m [1m◇ [22m[38;2;110;97;163mParsing…[38;2;228;204;255m [39m[49m [1m[38;2;138;148;168mesc[39m[22m [38;2;138;148;168mto interrupt[39m [38;2;138;148;168m•[39m [38;2;138;148;168m36s[39m [38;2;138;148;168m•[39m [38;2;138;148;168m↓[39m [38;2;138;148;168m19.8k[39m
[38;2;138;148;168m────────────────────────────────────────────────────────────────────────────────[39m
❯ [7mA[27m[38;2;138;148;168msk your question...[39m
[38;2;138;148;168m────────────────────────────────────────────────────────────────────────────────[39m
  [38;2;138;148;168m? for shortcuts · [38;2;2;136;142mtaste on[39m



[?2026l[?2026h[2K[1A[2K[1A[2K[1A[2K[1A[2K[1A[2K[1A[2K[1A[2K[1A[2K[1A[2K[1A[2K[G[38;2;228;204;255m✻ Thinking… (44 lines) [38;2;53;61;80m[[38;2;138;148;168mctrl+o to expand[38;2;53;61;80m][39m

[48;2;45;43;85m[38;2;228;204;255m [1m☆ [22m[38;2;110;97;163mParsing…[38;2;228;204;255m [39m[49m [1m[38;2;138;148;168mesc[39m[22m [38;2;138;148;168mto interrupt[39m [38;2;138;148;168m•[39m [38;2;138;148;168m36s[39m [38;2;138;148;168m•[39m [38;2;138;148;168m↓[39m [38;2;138;148;168m19.9k[39m
[38;2;138;148;168m────────────────────────────────────────────────────────────────────────────────[39m
❯ [7mA[27m[38;2;138;148;168msk your question...[39m
[38;2;138;148;168m────────────────────────────────────────────────────────────────────────────────[39m
  [38;2;138;148;168m? for shortcuts · [38;2;2;136;142mtaste on[39m



[?2026l[?2026h[2K[1A[2K[1A[2K[1A[2K[1A[2K[1A[2K[1A[2K[1A[2K[1A[2K[1A[2K[1A[2K[G[38;2;228;204;255m✻ Thinking… (44 lines) [38;2;53;61;80m[[38;2;138;148;168mctrl+o to expand[38;2;53;61;80m][39m

[48;2;45;43;85m[38;2;228;204;255m [1m✧ [22m[38;2;110;97;163mParsing…[38;2;228;204;255m [39m[49m [1m[38;2;138;148;168mesc[39m[22m [38;2;138;148;168mto interrupt[39m [38;2;138;148;168m•[39m [38;2;138;148;168m36s[39m [38;2;138;148;168m•[39m [38;2;138;148;168m↓[39m [38;2;138;148;168m19.9k[39m
[38;2;138;148;168m────────────────────────────────────────────────────────────────────────────────[39m
❯ [7mA[27m[38;2;138;148;168msk your question...[39m
[38;2;138;148;168m────────────────────────────────────────────────────────────────────────────────[39m
  [38;2;138;148;168m? for shortcuts · [38;2;2;136;142mtaste on[39m



[?2026l[?2026h[2K[1A[2K[1A[2K[1A[2K[1A[2K[1A[2K[1A[2K[1A[2K[1A[2K[1A[2K[1A[2K[G[38;2;228;204;255m✻ Thinking… (44 lines) [38;2;53;61;80m[[38;2;138;148;168mctrl+o to expand[38;2;53;61;80m][39m

[48;2;45;43;85m[38;2;228;204;255m [1m☆ [22m[38;2;110;97;163mParsing…[38;2;228;204;255m [39m[49m [1m[38;2;138;148;168mesc[39m[22m [38;2;138;148;168mto interrupt[39m [38;2;138;148;168m•[39m [38;2;138;148;168m36s[39m [38;2;138;148;168m•[39m [38;2;138;148;168m↓[39m [38;2;138;148;168m19.9k[39m
[38;2;138;148;168m────────────────────────────────────────────────────────────────────────────────[39m
❯ [7mA[27m[38;2;138;148;168msk your question...[39m
[38;2;138;148;168m────────────────────────────────────────────────────────────────────────────────[39m
  [38;2;138;148;168m? for shortcuts · [38;2;2;136;142mtaste on[39m



[?2026l[?2026h[2K[1A[2K[1A[2K[1A[2K[1A[2K[1A[2K[1A[2K[1A[2K[1A[2K[1A[2K[1A[2K[G[38;2;228;204;255m✻ Thinking… (46 lines) [38;2;53;61;80m[[38;2;138;148;168mctrl+o to expand[38;2;53;61;80m][39m

[48;2;45;43;85m[38;2;228;204;255m [1m◇ [22m[38;2;110;97;163mParsing…[38;2;228;204;255m [39m[49m [1m[38;2;138;148;168mesc[39m[22m [38;2;138;148;168mto interrupt[39m [38;2;138;148;168m•[39m [38;2;138;148;168m36s[39m [38;2;138;148;168m•[39m [38;2;138;148;168m↓[39m [38;2;138;148;168m19.9k[39m
[38;2;138;148;168m────────────────────────────────────────────────────────────────────────────────[39m
❯ [7mA[27m[38;2;138;148;168msk your question...[39m
[38;2;138;148;168m────────────────────────────────────────────────────────────────────────────────[39m
  [38;2;138;148;168m? for shortcuts · [38;2;2;136;142mtaste on[39m



[?2026l[?2026h[2K[1A[2K[1A[2K[1A[2K[1A[2K[1A[2K[1A[2K[1A[2K[1A[2K[1A[2K[1A[2K[G[38;2;228;204;255m✻ Thinking… (46 lines) [38;2;53;61;80m[[38;2;138;148;168mctrl+o to expand[38;2;53;61;80m][39m

[48;2;45;43;85m[38;2;228;204;255m [1m○ [22m[38;2;234;218;255mP[38;2;171;165;206ma[38;2;228;204;255mr[38;2;165;153;233ms[38;2;110;97;163ming…[38;2;228;204;255m [39m[49m [1m[38;2;138;148;168mesc[39m[22m [38;2;138;148;168mto interrupt[39m [38;2;138;148;168m•[39m [38;2;138;148;168m36s[39m [38;2;138;148;168m•[39m [38;2;138;148;168m↓[39m [38;2;138;148;168m20.0k[39m
[38;2;138;148;168m────────────────────────────────────────────────────────────────────────────────[39m
❯ [7mA[27m[38;2;138;148;168msk your question...[39m
[38;2;138;148;168m────────────────────────────────────────────────────────────────────────────────[39m
  [38;2;138;148;168m? for shortcuts · [38;2;2;136;142mtaste on[39m



[?2026l[?2026h[2K[1A[2K[1A[2K[1A[2K[1A[2K[1A[2K[1A[2K[1A[2K[1A[2K[1A[2K[1A[2K[G[38;2;228;204;255m✻ Thinking… (46 lines) [38;2;53;61;80m[[38;2;138;148;168mctrl+o to expand[38;2;53;61;80m][39m

[48;2;45;43;85m[38;2;228;204;255m [1m⌘ [22m[38;2;255;255;255mP[38;2;234;218;255ma[38;2;171;165;206mr[38;2;228;204;255ms[38;2;165;153;233mi[38;2;110;97;163mng…[38;2;228;204;255m [39m[49m [1m[38;2;138;148;168mesc[39m[22m [38;2;138;148;168mto interrupt[39m [38;2;138;148;168m•[39m [38;2;138;148;168m36s[39m [38;2;138;148;168m•[39m [38;2;138;148;168m↓[39m [38;2;138;148;168m20.0k[39m
[38;2;138;148;168m────────────────────────────────────────────────────────────────────────────────[39m
❯ [7mA[27m[38;2;138;148;168msk your question...[39m
[38;2;138;148;168m────────────────────────────────────────────────────────────────────────────────[39m
  [38;2;138;148;168m? for shortcuts · [38;2;2;136;142mtaste on[39m



[?2026l[?2026h[2K[1A[2K[1A[2K[1A[2K[1A[2K[1A[2K[1A[2K[1A[2K[1A[2K[1A[2K[1A[2K[G[38;2;228;204;255m✻ Thinking… (46 lines) [38;2;53;61;80m[[38;2;138;148;168mctrl+o to expand[38;2;53;61;80m][39m

[48;2;45;43;85m[38;2;228;204;255m [1m⌘ [22m[38;2;204;199;225mP[38;2;255;255;255ma[38;2;234;218;255mr[38;2;171;165;206ms[38;2;228;204;255mi[38;2;165;153;233mn[38;2;110;97;163mg…[38;2;228;204;255m [39m[49m [1m[38;2;138;148;168mesc[39m[22m [38;2;138;148;168mto interrupt[39m [38;2;138;148;168m•[39m [38;2;138;148;168m36s[39m [38;2;138;148;168m•[39m [38;2;138;148;168m↓[39m [38;2;138;148;168m20.0k[39m
[38;2;138;148;168m────────────────────────────────────────────────────────────────────────────────[39m
❯ [7mA[27m[38;2;138;148;168msk your question...[39m
[38;2;138;148;168m────────────────────────────────────────────────────────────────────────────────[39m
  [38;2;138;148;168m? for shortcuts · [38;2;2;136;142mtaste on[39m



[?2026l[?2026h[2K[1A[2K[1A[2K[1A[2K[1A[2K[1A[2K[1A[2K[1A[2K[1A[2K[1A[2K[1A[2K[G[38;2;228;204;255m✻ Thinking… (48 lines) [38;2;53;61;80m[[38;2;138;148;168mctrl+o to expand[38;2;53;61;80m][39m

[48;2;45;43;85m[38;2;228;204;255m [1m⌘ [22m[38;2;204;199;225mP[38;2;255;255;255ma[38;2;234;218;255mr[38;2;171;165;206ms[38;2;228;204;255mi[38;2;165;153;233mn[38;2;110;97;163mg…[38;2;228;204;255m [39m[49m [1m[38;2;138;148;168mesc[39m[22m [38;2;138;148;168mto interrupt[39m [38;2;138;148;168m•[39m [38;2;138;148;168m36s[39m [38;2;138;148;168m•[39m [38;2;138;148;168m↓[39m [38;2;138;148;168m20.0k[39m
[38;2;138;148;168m────────────────────────────────────────────────────────────────────────────────[39m
❯ [7mA[27m[38;2;138;148;168msk your question...[39m
[38;2;138;148;168m────────────────────────────────────────────────────────────────────────────────[39m
  [38;2;138;148;168m? for shortcuts · [38;2;2;136;142mtaste on[39m



[?2026l[?2026h[2K[1A[2K[1A[2K[1A[2K[1A[2K[1A[2K[1A[2K[1A[2K[1A[2K[1A[2K[1A[2K[G[38;2;228;204;255m✻ Thinking… (50 lines) [38;2;53;61;80m[[38;2;138;148;168mctrl+o to expand[38;2;53;61;80m][39m

[48;2;45;43;85m[38;2;228;204;255m [1m⌘ [22m[38;2;171;165;206mP[38;2;204;199;225ma[38;2;255;255;255mr[38;2;234;218;255ms[38;2;171;165;206mi[38;2;228;204;255mn[38;2;165;153;233mg[38;2;110;97;163m…[38;2;228;204;255m [39m[49m [1m[38;2;138;148;168mesc[39m[22m [38;2;138;148;168mto interrupt[39m [38;2;138;148;168m•[39m [38;2;138;148;168m36s[39m [38;2;138;148;168m•[39m [38;2;138;148;168m↓[39m [38;2;138;148;168m20.1k[39m
[38;2;138;148;168m────────────────────────────────────────────────────────────────────────────────[39m
❯ [7mA[27m[38;2;138;148;168msk your question...[39m
[38;2;138;148;168m────────────────────────────────────────────────────────────────────────────────[39m
  [38;2;138;148;168m? for shortcuts · [38;2;2;136;142mtaste on[39m



[?2026l[?2026h[2K[1A[2K[1A[2K[1A[2K[1A[2K[1A[2K[1A[2K[1A[2K[1A[2K[1A[2K[1A[2K[G[38;2;228;204;255m✻ Thinking… (50 lines) [38;2;53;61;80m[[38;2;138;148;168mctrl+o to expand[38;2;53;61;80m][39m

[48;2;45;43;85m[38;2;228;204;255m [1m⌘ [22mP[38;2;171;165;206ma[38;2;204;199;225mr[38;2;255;255;255ms[38;2;234;218;255mi[38;2;171;165;206mn[38;2;228;204;255mg[38;2;165;153;233m…[38;2;228;204;255m [39m[49m [1m[38;2;138;148;168mesc[39m[22m [38;2;138;148;168mto interrupt[39m [38;2;138;148;168m•[39m [38;2;138;148;168m36s[39m [38;2;138;148;168m•[39m [38;2;138;148;168m↓[39m [38;2;138;148;168m20.1k[39m
[38;2;138;148;168m────────────────────────────────────────────────────────────────────────────────[39m
❯ [7mA[27m[38;2;138;148;168msk your question...[39m
[38;2;138;148;168m────────────────────────────────────────────────────────────────────────────────[39m
  [38;2;138;148;168m? for shortcuts · [38;2;2;136;142mtaste on[39m



[?2026l[?2026h[2K[1A[2K[1A[2K[1A[2K[1A[2K[1A[2K[1A[2K[1A[2K[1A[2K[1A[2K[1A[2K[G[38;2;228;204;255m✻ Thinking… (50 lines) [38;2;53;61;80m[[38;2;138;148;168mctrl+o to expand[38;2;53;61;80m][39m

[48;2;45;43;85m[38;2;228;204;255m [1m○ [22m[38;2;165;153;233mP[38;2;228;204;255ma[38;2;171;165;206mr[38;2;204;199;225ms[38;2;255;255;255mi[38;2;234;218;255mn[38;2;171;165;206mg[38;2;228;204;255m… [39m[49m [1m[38;2;138;148;168mesc[39m[22m [38;2;138;148;168mto interrupt[39m [38;2;138;148;168m•[39m [38;2;138;148;168m36s[39m [38;2;138;148;168m•[39m [38;2;138;148;168m↓[39m [38;2;138;148;168m20.1k[39m
[38;2;138;148;168m────────────────────────────────────────────────────────────────────────────────[39m
❯ [7mA[27m[38;2;138;148;168msk your question...[39m
[38;2;138;148;168m────────────────────────────────────────────────────────────────────────────────[39m
  [38;2;138;148;168m? for shortcuts · [38;2;2;136;142mtaste on[39m



[?2026l[?2026h[2K[1A[2K[1A[2K[1A[2K[1A[2K[1A[2K[1A[2K[1A[2K[1A[2K[1A[2K[1A[2K[G[38;2;228;204;255m✻ Thinking… (50 lines) [38;2;53;61;80m[[38;2;138;148;168mctrl+o to expand[38;2;53;61;80m][39m

[48;2;45;43;85m[38;2;228;204;255m [1m◇ [22m[38;2;110;97;163mP[38;2;165;153;233ma[38;2;228;204;255mr[38;2;171;165;206ms[38;2;204;199;225mi[38;2;255;255;255mn[38;2;234;218;255mg[38;2;171;165;206m…[38;2;228;204;255m [39m[49m [1m[38;2;138;148;168mesc[39m[22m [38;2;138;148;168mto interrupt[39m [38;2;138;148;168m•[39m [38;2;138;148;168m36s[39m [38;2;138;148;168m•[39m [38;2;138;148;168m↓[39m [38;2;138;148;168m20.1k[39m
[38;2;138;148;168m────────────────────────────────────────────────────────────────────────────────[39m
❯ [7mA[27m[38;2;138;148;168msk your question...[39m
[38;2;138;148;168m────────────────────────────────────────────────────────────────────────────────[39m
  [38;2;138;148;168m? for shortcuts · [38;2;2;136;142mtaste on[39m



[?2026l[?2026h[2K[1A[2K[1A[2K[1A[2K[1A[2K[1A[2K[1A[2K[1A[2K[1A[2K[1A[2K[1A[2K[G[38;2;228;204;255m✻ Thinking… (50 lines) [38;2;53;61;80m[[38;2;138;148;168mctrl+o to expand[38;2;53;61;80m][39m

[48;2;45;43;85m[38;2;228;204;255m [1m☆ [22m[38;2;110;97;163mPa[38;2;165;153;233mr[38;2;228;204;255ms[38;2;171;165;206mi[38;2;204;199;225mn[38;2;255;255;255mg[38;2;234;218;255m…[38;2;228;204;255m [39m[49m [1m[38;2;138;148;168mesc[39m[22m [38;2;138;148;168mto interrupt[39m [38;2;138;148;168m•[39m [38;2;138;148;168m37s[39m [38;2;138;148;168m•[39m [38;2;138;148;168m↓[39m [38;2;138;148;168m20.2k[39m
[38;2;138;148;168m────────────────────────────────────────────────────────────────────────────────[39m
❯ [7mA[27m[38;2;138;148;168msk your question...[39m
[38;2;138;148;168m────────────────────────────────────────────────────────────────────────────────[39m
  [38;2;138;148;168m? for shortcuts · [38;2;2;136;142mtaste on[39m



[?2026l[?2026h[2K[1A[2K[1A[2K[1A[2K[1A[2K[1A[2K[1A[2K[1A[2K[1A[2K[1A[2K[1A[2K[G[38;2;228;204;255m✻ Thinking… (50 lines) [38;2;53;61;80m[[38;2;138;148;168mctrl+o to expand[38;2;53;61;80m][39m

[48;2;45;43;85m[38;2;228;204;255m [1m✧ [22m[38;2;110;97;163mPar[38;2;165;153;233ms[38;2;228;204;255mi[38;2;171;165;206mn[38;2;204;199;225mg[38;2;255;255;255m…[38;2;228;204;255m [39m[49m [1m[38;2;138;148;168mesc[39m[22m [38;2;138;148;168mto interrupt[39m [38;2;138;148;168m•[39m [38;2;138;148;168m37s[39m [38;2;138;148;168m•[39m [38;2;138;148;168m↓[39m [38;2;138;148;168m20.2k[39m
[38;2;138;148;168m────────────────────────────────────────────────────────────────────────────────[39m
❯ [7mA[27m[38;2;138;148;168msk your question...[39m
[38;2;138;148;168m────────────────────────────────────────────────────────────────────────────────[39m
  [38;2;138;148;168m? for shortcuts · [38;2;2;136;142mtaste on[39m



[?2026l[?2026h[2K[1A[2K[1A[2K[1A[2K[1A[2K[1A[2K[1A[2K[1A[2K[1A[2K[1A[2K[1A[2K[G[38;2;228;204;255m✻ Thinking… (50 lines) [38;2;53;61;80m[[38;2;138;148;168mctrl+o to expand[38;2;53;61;80m][39m

[48;2;45;43;85m[38;2;228;204;255m [1m☆ [22m[38;2;110;97;163mPars[38;2;165;153;233mi[38;2;228;204;255mn[38;2;171;165;206mg[38;2;204;199;225m…[38;2;228;204;255m [39m[49m [1m[38;2;138;148;168mesc[39m[22m [38;2;138;148;168mto interrupt[39m [38;2;138;148;168m•[39m [38;2;138;148;168m37s[39m [38;2;138;148;168m•[39m [38;2;138;148;168m↓[39m [38;2;138;148;168m20.2k[39m
[38;2;138;148;168m────────────────────────────────────────────────────────────────────────────────[39m
❯ [7mA[27m[38;2;138;148;168msk your question...[39m
[38;2;138;148;168m────────────────────────────────────────────────────────────────────────────────[39m
  [38;2;138;148;168m? for shortcuts · [38;2;2;136;142mtaste on[39m



[?2026l[?2026h[2K[1A[2K[1A[2K[1A[2K[1A[2K[1A[2K[1A[2K[1A[2K[1A[2K[1A[2K[1A[2K[G[38;2;228;204;255m✻ Thinking… (50 lines) [38;2;53;61;80m[[38;2;138;148;168mctrl+o to expand[38;2;53;61;80m][39m

[48;2;45;43;85m[38;2;228;204;255m [1m◇ [22m[38;2;110;97;163mParsi[38;2;165;153;233mn[38;2;228;204;255mg[38;2;171;165;206m…[38;2;228;204;255m [39m[49m [1m[38;2;138;148;168mesc[39m[22m [38;2;138;148;168mto interrupt[39m [38;2;138;148;168m•[39m [38;2;138;148;168m37s[39m [38;2;138;148;168m•[39m [38;2;138;148;168m↓[39m [38;2;138;148;168m20.2k[39m
[38;2;138;148;168m────────────────────────────────────────────────────────────────────────────────[39m
❯ [7mA[27m[38;2;138;148;168msk your question...[39m
[38;2;138;148;168m────────────────────────────────────────────────────────────────────────────────[39m
  [38;2;138;148;168m? for shortcuts · [38;2;2;136;142mtaste on[39m



[?2026l[?2026h[2K[1A[2K[1A[2K[1A[2K[1A[2K[1A[2K[1A[2K[1A[2K[1A[2K[1A[2K[1A[2K[G[38;2;228;204;255m✻ Thinking… (50 lines) [38;2;53;61;80m[[38;2;138;148;168mctrl+o to expand[38;2;53;61;80m][39m

[48;2;45;43;85m[38;2;228;204;255m [1m○ [22m[38;2;110;97;163mParsin[38;2;165;153;233mg[38;2;228;204;255m… [39m[49m [1m[38;2;138;148;168mesc[39m[22m [38;2;138;148;168mto interrupt[39m [38;2;138;148;168m•[39m [38;2;138;148;168m37s[39m [38;2;138;148;168m•[39m [38;2;138;148;168m↓[39m [38;2;138;148;168m20.3k[39m
[38;2;138;148;168m────────────────────────────────────────────────────────────────────────────────[39m
❯ [7mA[27m[38;2;138;148;168msk your question...[39m
[38;2;138;148;168m────────────────────────────────────────────────────────────────────────────────[39m
  [38;2;138;148;168m? for shortcuts · [38;2;2;136;142mtaste on[39m



[?2026l[?2026h[2K[1A[2K[1A[2K[1A[2K[1A[2K[1A[2K[1A[2K[1A[2K[1A[2K[1A[2K[1A[2K[G[38;2;228;204;255m✻ Thinking… (50 lines) [38;2;53;61;80m[[38;2;138;148;168mctrl+o to expand[38;2;53;61;80m][39m

[48;2;45;43;85m[38;2;228;204;255m [1m· [22m[38;2;110;97;163mParsing[38;2;165;153;233m…[38;2;228;204;255m [39m[49m [1m[38;2;138;148;168mesc[39m[22m [38;2;138;148;168mto interrupt[39m [38;2;138;148;168m•[39m [38;2;138;148;168m37s[39m [38;2;138;148;168m•[39m [38;2;138;148;168m↓[39m [38;2;138;148;168m20.3k[39m
[38;2;138;148;168m────────────────────────────────────────────────────────────────────────────────[39m
❯ [7mA[27m[38;2;138;148;168msk your question...[39m
[38;2;138;148;168m────────────────────────────────────────────────────────────────────────────────[39m
  [38;2;138;148;168m? for shortcuts · [38;2;2;136;142mtaste on[39m



[?2026l[?2026h[2K[1A[2K[1A[2K[1A[2K[1A[2K[1A[2K[1A[2K[1A[2K[1A[2K[1A[2K[1A[2K[G[38;2;228;204;255m✻ Thinking… (54 lines) [38;2;53;61;80m[[38;2;138;148;168mctrl+o to expand[38;2;53;61;80m][39m

[48;2;45;43;85m[38;2;228;204;255m [1m· [22m[38;2;110;97;163mParsing[38;2;165;153;233m…[38;2;228;204;255m [39m[49m [1m[38;2;138;148;168mesc[39m[22m [38;2;138;148;168mto interrupt[39m [38;2;138;148;168m•[39m [38;2;138;148;168m37s[39m [38;2;138;148;168m•[39m [38;2;138;148;168m↓[39m [38;2;138;148;168m20.3k[39m
[38;2;138;148;168m────────────────────────────────────────────────────────────────────────────────[39m
❯ [7mA[27m[38;2;138;148;168msk your question...[39m
[38;2;138;148;168m────────────────────────────────────────────────────────────────────────────────[39m
  [38;2;138;148;168m? for shortcuts · [38;2;2;136;142mtaste on[39m



[?2026l[?2026h[2K[1A[2K[1A[2K[1A[2K[1A[2K[1A[2K[1A[2K[1A[2K[1A[2K[1A[2K[1A[2K[G[38;2;228;204;255m✻ Thinking… (56 lines) [38;2;53;61;80m[[38;2;138;148;168mctrl+o to expand[38;2;53;61;80m][39m

[48;2;45;43;85m[38;2;228;204;255m [1m· [22m[38;2;110;97;163mParsing…[38;2;228;204;255m [39m[49m [1m[38;2;138;148;168mesc[39m[22m [38;2;138;148;168mto interrupt[39m [38;2;138;148;168m•[39m [38;2;138;148;168m37s[39m [38;2;138;148;168m•[39m [38;2;138;148;168m↓[39m [38;2;138;148;168m20.3k[39m
[38;2;138;148;168m────────────────────────────────────────────────────────────────────────────────[39m
❯ [7mA[27m[38;2;138;148;168msk your question...[39m
[38;2;138;148;168m────────────────────────────────────────────────────────────────────────────────[39m
  [38;2;138;148;168m? for shortcuts · [38;2;2;136;142mtaste on[39m



[?2026l[?2026h[2K[1A[2K[1A[2K[1A[2K[1A[2K[1A[2K[1A[2K[1A[2K[1A[2K[1A[2K[1A[2K[G[38;2;228;204;255m✻ Thinking… (56 lines) [38;2;53;61;80m[[38;2;138;148;168mctrl+o to expand[38;2;53;61;80m][39m

[48;2;45;43;85m[38;2;228;204;255m [1m· [22m[38;2;110;97;163mParsing…[38;2;228;204;255m [39m[49m [1m[38;2;138;148;168mesc[39m[22m [38;2;138;148;168mto interrupt[39m [38;2;138;148;168m•[39m [38;2;138;148;168m37s[39m [38;2;138;148;168m•[39m [38;2;138;148;168m↓[39m [38;2;138;148;168m20.4k[39m
[38;2;138;148;168m────────────────────────────────────────────────────────────────────────────────[39m
❯ [7mA[27m[38;2;138;148;168msk your question...[39m
[38;2;138;148;168m────────────────────────────────────────────────────────────────────────────────[39m
  [38;2;138;148;168m? for shortcuts · [38;2;2;136;142mtaste on[39m



[?2026l[?2026h[2K[1A[2K[1A[2K[1A[2K[1A[2K[1A[2K[1A[2K[1A[2K[1A[2K[1A[2K[1A[2K[G[38;2;228;204;255m✻ Thinking… (56 lines) [38;2;53;61;80m[[38;2;138;148;168mctrl+o to expand[38;2;53;61;80m][39m

[48;2;45;43;85m[38;2;228;204;255m [1m○ [22m[38;2;110;97;163mParsing…[38;2;228;204;255m [39m[49m [1m[38;2;138;148;168mesc[39m[22m [38;2;138;148;168mto interrupt[39m [38;2;138;148;168m•[39m [38;2;138;148;168m37s[39m [38;2;138;148;168m•[39m [38;2;138;148;168m↓[39m [38;2;138;148;168m20.4k[39m
[38;2;138;148;168m────────────────────────────────────────────────────────────────────────────────[39m
❯ [7mA[27m[38;2;138;148;168msk your question...[39m
[38;2;138;148;168m────────────────────────────────────────────────────────────────────────────────[39m
  [38;2;138;148;168m? for shortcuts · [38;2;2;136;142mtaste on[39m



[?2026l[?2026h[2K[1A[2K[1A[2K[1A[2K[1A[2K[1A[2K[1A[2K[1A[2K[1A[2K[1A[2K[1A[2K[G[38;2;228;204;255m✻ Thought for 12 seconds [38;2;53;61;80m[[38;2;138;148;168mctrl+o to expand[38;2;53;61;80m][39m

[?2026h[38;2;165;153;233m⠶[39m I have enough to write a critical review. Key verification results:
  README already exists (added in [38;2;177;186;249m2[39m

[48;2;45;43;85m[38;2;228;204;255m [1m○ [22m[38;2;110;97;163mParsing…[38;2;228;204;255m [39m[49m [1m[38;2;138;148;168mesc[39m[22m [38;2;138;148;168mto interrupt[39m [38;2;138;148;168m•[39m [38;2;138;148;168m37s[39m [38;2;138;148;168m•[39m [38;2;138;148;168m↓[39m [38;2;138;148;168m20.4k[39m
[38;2;138;148;168m────────────────────────────────────────────────────────────────────────────────[39m
❯ [7mA[27m[38;2;138;148;168msk your question...[39m
[38;2;138;148;168m────────────────────────────────────────────────────────────────────────────────[39m
  [38;2;138;148;168m? for shortcuts · [38;2;2;136;142mtaste on[39m



[?2026l[?2026l[?2026h[2K[1A[2K[1A[2K[1A[2K[1A[2K[1A[2K[1A[2K[1A[2K[1A[2K[1A[2K[1A[2K[1A[2K[G[38;2;165;153;233m⠶[39m I have enough to write a critical review. Key verification results:
  README already exists (added in [38;2;177;186;249m2e184e1[39m) and covers all
  commands/agents; the plan's one concrete check ([38;2;177;186;249mgit diff --stat --[39m

[48;2;45;43;85m[38;2;228;204;255m [1m○ [22m[38;2;110;97;163mParsing…[38;2;228;204;255m [39m[49m [1m[38;2;138;148;168mesc[39m[22m [38;2;138;148;168mto interrupt[39m [38;2;138;148;168m•[39m [38;2;138;148;168m37s[39m [38;2;138;148;168m•[39m [38;2;138;148;168m↓[39m [38;2;138;148;168m20.4k[39m
[38;2;138;148;168m────────────────────────────────────────────────────────────────────────────────[39m
❯ [7mA[27m[38;2;138;148;168msk your question...[39m
[38;2;138;148;168m────────────────────────────────────────────────────────────────────────────────[39m
  [38;2;138;148;168m? for shortcuts · [38;2;2;136;142mtaste on[39m



[?2026l[?2026h[2K[1A[2K[1A[2K[1A[2K[1A[2K[1A[2K[1A[2K[1A[2K[1A[2K[1A[2K[1A[2K[1A[2K[1A[2K[G[38;2;165;153;233m⠶[39m I have enough to write a critical review. Key verification results:
  README already exists (added in [38;2;177;186;249m2e184e1[39m) and covers all
  commands/agents; the plan's one concrete check ([38;2;177;186;249mgit diff --stat --[39m

[48;2;45;43;85m[38;2;228;204;255m [1m◇ [22m[38;2;110;97;163mParsing…[38;2;228;204;255m [39m[49m [1m[38;2;138;148;168mesc[39m[22m [38;2;138;148;168mto interrupt[39m [38;2;138;148;168m•[39m [38;2;138;148;168m37s[39m [38;2;138;148;168m•[39m [38;2;138;148;168m↓[39m [38;2;138;148;168m20.4k[39m
[38;2;138;148;168m────────────────────────────────────────────────────────────────────────────────[39m
❯ [7mA[27m[38;2;138;148;168msk your question...[39m
[38;2;138;148;168m────────────────────────────────────────────────────────────────────────────────[39m
  [38;2;138;148;168m? for shortcuts · [38;2;2;136;142mtaste on[39m



[?2026l[?2026h[2K[1A[2K[1A[2K[1A[2K[1A[2K[1A[2K[1A[2K[1A[2K[1A[2K[1A[2K[1A[2K[1A[2K[1A[2K[G[38;2;165;153;233m⠶[39m I have enough to write a critical review. Key verification results:
  README already exists (added in [38;2;177;186;249m2e184e1[39m) and covers all
  commands/agents; the plan's one concrete check ([38;2;177;186;249mgit diff --stat -- [39m
  [38;2;177;186;249m'*.go'[39m) is broken by pre-existing uncommitted Go work; and

[48;2;45;43;85m[38;2;228;204;255m [1m◇ [22m[38;2;110;97;163mParsing…[38;2;228;204;255m [39m[49m [1m[38;2;138;148;168mesc[39m[22m [38;2;138;148;168mto interrupt[39m [38;2;138;148;168m•[39m [38;2;138;148;168m37s[39m [38;2;138;148;168m•[39m [38;2;138;148;168m↓[39m [38;2;138;148;168m20.4k[39m
[38;2;138;148;168m────────────────────────────────────────────────────────────────────────────────[39m
❯ [7mA[27m[38;2;138;148;168msk your question...[39m
[38;2;138;148;168m────────────────────────────────────────────────────────────────────────────────[39m
  [38;2;138;148;168m? for shortcuts · [38;2;2;136;142mtaste on[39m



[?2026l[?2026h[2K[1A[2K[1A[2K[1A[2K[1A[2K[1A[2K[1A[2K[1A[2K[1A[2K[1A[2K[1A[2K[1A[2K[1A[2K[1A[2K[G[38;2;165;153;233m⠶[39m I have enough to write a critical review. Key verification results:
  README already exists (added in [38;2;177;186;249m2e184e1[39m) and covers all
  commands/agents; the plan's one concrete check ([38;2;177;186;249mgit diff --stat -- [39m
  [38;2;177;186;249m'*.go'[39m) is broken by pre-existing uncommitted Go work; and the working
  tree already contains a manual README edit

[48;2;45;43;85m[38;2;228;204;255m [1m◇ [22m[38;2;110;97;163mParsing…[38;2;228;204;255m [39m[49m [1m[38;2;138;148;168mesc[39m[22m [38;2;138;148;168mto interrupt[39m [38;2;138;148;168m•[39m [38;2;138;148;168m37s[39m [38;2;138;148;168m•[39m [38;2;138;148;168m↓[39m [38;2;138;148;168m20.4k[39m
[38;2;138;148;168m────────────────────────────────────────────────────────────────────────────────[39m
❯ [7mA[27m[38;2;138;148;168msk your question...[39m
[38;2;138;148;168m────────────────────────────────────────────────────────────────────────────────[39m
  [38;2;138;148;168m? for shortcuts · [38;2;2;136;142mtaste on[39m



[?2026l[?2026h[2K[1A[2K[1A[2K[1A[2K[1A[2K[1A[2K[1A[2K[1A[2K[1A[2K[1A[2K[1A[2K[1A[2K[1A[2K[1A[2K[1A[2K[G[38;2;165;153;233m⠶[39m I have enough to write a critical review. Key verification results:
  README already exists (added in [38;2;177;186;249m2e184e1[39m) and covers all
  commands/agents; the plan's one concrete check ([38;2;177;186;249mgit diff --stat -- [39m
  [38;2;177;186;249m'*.go'[39m) is broken by pre-existing uncommitted Go work; and the working
  tree already contains a manual README edit. Let me write the review.

[48;2;45;43;85m[38;2;228;204;255m [1m☆ [22m[38;2;234;218;255mP[38;2;171;165;206ma[38;2;228;204;255mr[38;2;165;153;233ms[38;2;110;97;163ming…[38;2;228;204;255m [39m[49m [1m[38;2;138;148;168mesc[39m[22m [38;2;138;148;168mto interrupt[39m [38;2;138;148;168m•[39m [38;2;138;148;168m37s[39m [38;2;138;148;168m•[39m [38;2;138;148;168m↓[39m [38;2;138;148;168m20.5k[39m
[38;2;138;148;168m────────────────────────────────────────────────────────────────────────────────[39m
❯ [7mA[27m[38;2;138;148;168msk your question...[39m
[38;2;138;148;168m────────────────────────────────────────────────────────────────────────────────[39m
  [38;2;138;148;168m? for shortcuts · [38;2;2;136;142mtaste on[39m



[?2026l[?2026h[2K[1A[2K[1A[2K[1A[2K[1A[2K[1A[2K[1A[2K[1A[2K[1A[2K[1A[2K[1A[2K[1A[2K[1A[2K[1A[2K[1A[2K[G[38;2;165;153;233m⠶[39m I have enough to write a critical review. Key verification results:
  README already exists (added in [38;2;177;186;249m2e184e1[39m) and covers all
  commands/agents; the plan's one concrete check ([38;2;177;186;249mgit diff --stat -- [39m
  [38;2;177;186;249m'*.go'[39m) is broken by pre-existing uncommitted Go work; and the working
  tree already contains a manual README edit. Let me write the review.

[48;2;45;43;85m[38;2;228;204;255m [1m✧ [22m[38;2;255;255;255mP[38;2;234;218;255ma[38;2;171;165;206mr[38;2;228;204;255ms[38;2;165;153;233mi[38;2;110;97;163mng…[38;2;228;204;255m [39m[49m [1m[38;2;138;148;168mesc[39m[22m [38;2;138;148;168mto interrupt[39m [38;2;138;148;168m•[39m [38;2;138;148;168m38s[39m [38;2;138;148;168m•[39m [38;2;138;148;168m↓[39m [38;2;138;148;168m20.5k[39m
[38;2;138;148;168m────────────────────────────────────────────────────────────────────────────────[39m
❯ [7mA[27m[38;2;138;148;168msk your question...[39m
[38;2;138;148;168m────────────────────────────────────────────────────────────────────────────────[39m
  [38;2;138;148;168m? for shortcuts · [38;2;2;136;142mtaste on[39m



[?2026l[?2026h[2K[1A[2K[1A[2K[1A[2K[1A[2K[1A[2K[1A[2K[1A[2K[1A[2K[1A[2K[1A[2K[1A[2K[1A[2K[1A[2K[1A[2K[G[38;2;165;153;233m⠶[39m I have enough to write a critical review. Key verification results:
  README already exists (added in [38;2;177;186;249m2e184e1[39m) and covers all
  commands/agents; the plan's one concrete check ([38;2;177;186;249mgit diff --stat -- [39m
  [38;2;177;186;249m'*.go'[39m) is broken by pre-existing uncommitted Go work; and the working
  tree already contains a manual README edit. Let me write the review.

[48;2;45;43;85m[38;2;228;204;255m [1m☆ [22m[38;2;204;199;225mP[38;2;255;255;255ma[38;2;234;218;255mr[38;2;171;165;206ms[38;2;228;204;255mi[38;2;165;153;233mn[38;2;110;97;163mg…[38;2;228;204;255m [39m[49m [1m[38;2;138;148;168mesc[39m[22m [38;2;138;148;168mto interrupt[39m [38;2;138;148;168m•[39m [38;2;138;148;168m38s[39m [38;2;138;148;168m•[39m [38;2;138;148;168m↓[39m [38;2;138;148;168m20.5k[39m
[38;2;138;148;168m────────────────────────────────────────────────────────────────────────────────[39m
❯ [7mA[27m[38;2;138;148;168msk your question...[39m
[38;2;138;148;168m────────────────────────────────────────────────────────────────────────────────[39m
  [38;2;138;148;168m? for shortcuts · [38;2;2;136;142mtaste on[39m



[?2026l[?2026h[2K[1A[2K[1A[2K[1A[2K[1A[2K[1A[2K[1A[2K[1A[2K[1A[2K[1A[2K[1A[2K[1A[2K[1A[2K[1A[2K[1A[2K[G[38;2;165;153;233m⠶[39m I have enough to write a critical review. Key verification results:
  README already exists (added in [38;2;177;186;249m2e184e1[39m) and covers all
  commands/agents; the plan's one concrete check ([38;2;177;186;249mgit diff --stat -- [39m
  [38;2;177;186;249m'*.go'[39m) is broken by pre-existing uncommitted Go work; and the working
  tree already contains a manual README edit. Let me write the review.

[48;2;45;43;85m[38;2;228;204;255m [1m◇ [22m[38;2;171;165;206mP[38;2;204;199;225ma[38;2;255;255;255mr[38;2;234;218;255ms[38;2;171;165;206mi[38;2;228;204;255mn[38;2;165;153;233mg[38;2;110;97;163m…[38;2;228;204;255m [39m[49m [1m[38;2;138;148;168mesc[39m[22m [38;2;138;148;168mto interrupt[39m [38;2;138;148;168m•[39m [38;2;138;148;168m38s[39m [38;2;138;148;168m•[39m [38;2;138;148;168m↓[39m [38;2;138;148;168m20.5k[39m
[38;2;138;148;168m────────────────────────────────────────────────────────────────────────────────[39m
❯ [7mA[27m[38;2;138;148;168msk your question...[39m
[38;2;138;148;168m────────────────────────────────────────────────────────────────────────────────[39m
  [38;2;138;148;168m? for shortcuts · [38;2;2;136;142mtaste on[39m



[?2026l[?2026h[2K[1A[2K[1A[2K[1A[2K[1A[2K[1A[2K[1A[2K[1A[2K[1A[2K[1A[2K[1A[2K[1A[2K[1A[2K[1A[2K[1A[2K[G[38;2;165;153;233m⠶[39m I have enough to write a critical review. Key verification results:
  README already exists (added in [38;2;177;186;249m2e184e1[39m) and covers all
  commands/agents; the plan's one concrete check ([38;2;177;186;249mgit diff --stat -- [39m
  [38;2;177;186;249m'*.go'[39m) is broken by pre-existing uncommitted Go work; and the working
  tree already contains a manual README edit. Let me write the review.

[48;2;45;43;85m[38;2;228;204;255m [1m○ [22mP[38;2;171;165;206ma[38;2;204;199;225mr[38;2;255;255;255ms[38;2;234;218;255mi[38;2;171;165;206mn[38;2;228;204;255mg[38;2;165;153;233m…[38;2;228;204;255m [39m[49m [1m[38;2;138;148;168mesc[39m[22m [38;2;138;148;168mto interrupt[39m [38;2;138;148;168m•[39m [38;2;138;148;168m38s[39m [38;2;138;148;168m•[39m [38;2;138;148;168m↓[39m [38;2;138;148;168m20.5k[39m
[38;2;138;148;168m────────────────────────────────────────────────────────────────────────────────[39m
❯ [7mA[27m[38;2;138;148;168msk your question...[39m
[38;2;138;148;168m────────────────────────────────────────────────────────────────────────────────[39m
  [38;2;138;148;168m? for shortcuts · [38;2;2;136;142mtaste on[39m



[?2026l[?2026h[2K[1A[2K[1A[2K[1A[2K[1A[2K[1A[2K[1A[2K[1A[2K[1A[2K[1A[2K[1A[2K[1A[2K[1A[2K[1A[2K[1A[2K[G[38;2;165;153;233m⠶[39m I have enough to write a critical review. Key verification results:
  README already exists (added in [38;2;177;186;249m2e184e1[39m) and covers all
  commands/agents; the plan's one concrete check ([38;2;177;186;249mgit diff --stat -- [39m
  [38;2;177;186;249m'*.go'[39m) is broken by pre-existing uncommitted Go work; and the working
  tree already contains a manual README edit. Let me write the review.

[48;2;45;43;85m[38;2;228;204;255m [1m⌘ [22m[38;2;165;153;233mP[38;2;228;204;255ma[38;2;171;165;206mr[38;2;204;199;225ms[38;2;255;255;255mi[38;2;234;218;255mn[38;2;171;165;206mg[38;2;228;204;255m… [39m[49m [1m[38;2;138;148;168mesc[39m[22m [38;2;138;148;168mto interrupt[39m [38;2;138;148;168m•[39m [38;2;138;148;168m38s[39m [38;2;138;148;168m•[39m [38;2;138;148;168m↓[39m [38;2;138;148;168m20.6k[39m
[38;2;138;148;168m────────────────────────────────────────────────────────────────────────────────[39m
❯ [7mA[27m[38;2;138;148;168msk your question...[39m
[38;2;138;148;168m────────────────────────────────────────────────────────────────────────────────[39m
  [38;2;138;148;168m? for shortcuts · [38;2;2;136;142mtaste on[39m



[?2026l[?2026h[2K[1A[2K[1A[2K[1A[2K[1A[2K[1A[2K[1A[2K[1A[2K[1A[2K[1A[2K[1A[2K[1A[2K[1A[2K[1A[2K[1A[2K[G[38;2;165;153;233m⠶[39m I have enough to write a critical review. Key verification results:
  README already exists (added in [38;2;177;186;249m2e184e1[39m) and covers all
  commands/agents; the plan's one concrete check ([38;2;177;186;249mgit diff --stat -- [39m
  [38;2;177;186;249m'*.go'[39m) is broken by pre-existing uncommitted Go work; and the working
  tree already contains a manual README edit. Let me write the review.

[48;2;45;43;85m[38;2;228;204;255m [1m⌘ [22m[38;2;110;97;163mP[38;2;165;153;233ma[38;2;228;204;255mr[38;2;171;165;206ms[38;2;204;199;225mi[38;2;255;255;255mn[38;2;234;218;255mg[38;2;171;165;206m…[38;2;228;204;255m [39m[49m [1m[38;2;138;148;168mesc[39m[22m [38;2;138;148;168mto interrupt[39m [38;2;138;148;168m•[39m [38;2;138;148;168m38s[39m [38;2;138;148;168m•[39m [38;2;138;148;168m↓[39m [38;2;138;148;168m20.6k[39m
[38;2;138;148;168m────────────────────────────────────────────────────────────────────────────────[39m
❯ [7mA[27m[38;2;138;148;168msk your question...[39m
[38;2;138;148;168m────────────────────────────────────────────────────────────────────────────────[39m
  [38;2;138;148;168m? for shortcuts · [38;2;2;136;142mtaste on[39m



[?2026l[?2026h[2K[1A[2K[1A[2K[1A[2K[1A[2K[1A[2K[1A[2K[1A[2K[1A[2K[1A[2K[1A[2K[1A[2K[1A[2K[1A[2K[1A[2K[G[38;2;165;153;233m⠶[39m I have enough to write a critical review. Key verification results:
  README already exists (added in [38;2;177;186;249m2e184e1[39m) and covers all
  commands/agents; the plan's one concrete check ([38;2;177;186;249mgit diff --stat -- [39m
  [38;2;177;186;249m'*.go'[39m) is broken by pre-existing uncommitted Go work; and the working
  tree already contains a manual README edit. Let me write the review.

[48;2;45;43;85m[38;2;228;204;255m [1m⌘ [22m[38;2;110;97;163mPa[38;2;165;153;233mr[38;2;228;204;255ms[38;2;171;165;206mi[38;2;204;199;225mn[38;2;255;255;255mg[38;2;234;218;255m…[38;2;228;204;255m [39m[49m [1m[38;2;138;148;168mesc[39m[22m [38;2;138;148;168mto interrupt[39m [38;2;138;148;168m•[39m [38;2;138;148;168m38s[39m [38;2;138;148;168m•[39m [38;2;138;148;168m↓[39m [38;2;138;148;168m20.6k[39m
[38;2;138;148;168m────────────────────────────────────────────────────────────────────────────────[39m
❯ [7mA[27m[38;2;138;148;168msk your question...[39m
[38;2;138;148;168m────────────────────────────────────────────────────────────────────────────────[39m
  [38;2;138;148;168m? for shortcuts · [38;2;2;136;142mtaste on[39m



[?2026l[?2026h[2K[1A[2K[1A[2K[1A[2K[1A[2K[1A[2K[1A[2K[1A[2K[1A[2K[1A[2K[1A[2K[1A[2K[1A[2K[1A[2K[1A[2K[G[38;2;165;153;233m⠶[39m I have enough to write a critical review. Key verification results:
  README already exists (added in [38;2;177;186;249m2e184e1[39m) and covers all
  commands/agents; the plan's one concrete check ([38;2;177;186;249mgit diff --stat -- [39m
  [38;2;177;186;249m'*.go'[39m) is broken by pre-existing uncommitted Go work; and the working
  tree already contains a manual README edit. Let me write the review.

[48;2;45;43;85m[38;2;228;204;255m [1m⌘ [22m[38;2;110;97;163mPar[38;2;165;153;233ms[38;2;228;204;255mi[38;2;171;165;206mn[38;2;204;199;225mg[38;2;255;255;255m…[38;2;228;204;255m [39m[49m [1m[38;2;138;148;168mesc[39m[22m [38;2;138;148;168mto interrupt[39m [38;2;138;148;168m•[39m [38;2;138;148;168m38s[39m [38;2;138;148;168m•[39m [38;2;138;148;168m↓[39m [38;2;138;148;168m20.6k[39m
[38;2;138;148;168m────────────────────────────────────────────────────────────────────────────────[39m
❯ [7mA[27m[38;2;138;148;168msk your question...[39m
[38;2;138;148;168m────────────────────────────────────────────────────────────────────────────────[39m
  [38;2;138;148;168m? for shortcuts · [38;2;2;136;142mtaste on[39m



[?2026l[?2026h[2K[1A[2K[1A[2K[1A[2K[1A[2K[1A[2K[1A[2K[1A[2K[1A[2K[1A[2K[1A[2K[1A[2K[1A[2K[1A[2K[1A[2K[G[38;2;165;153;233m⠶[39m I have enough to write a critical review. Key verification results:
  README already exists (added in [38;2;177;186;249m2e184e1[39m) and covers all
  commands/agents; the plan's one concrete check ([38;2;177;186;249mgit diff --stat -- [39m
  [38;2;177;186;249m'*.go'[39m) is broken by pre-existing uncommitted Go work; and the working
  tree already contains a manual README edit. Let me write the review.

[48;2;45;43;85m[38;2;228;204;255m [1m○ [22m[38;2;110;97;163mPars[38;2;165;153;233mi[38;2;228;204;255mn[38;2;171;165;206mg[38;2;204;199;225m…[38;2;228;204;255m [39m[49m [1m[38;2;138;148;168mesc[39m[22m [38;2;138;148;168mto interrupt[39m [38;2;138;148;168m•[39m [38;2;138;148;168m38s[39m [38;2;138;148;168m•[39m [38;2;138;148;168m↓[39m [38;2;138;148;168m20.6k[39m
[38;2;138;148;168m────────────────────────────────────────────────────────────────────────────────[39m
❯ [7mA[27m[38;2;138;148;168msk your question...[39m
[38;2;138;148;168m────────────────────────────────────────────────────────────────────────────────[39m
  [38;2;138;148;168m? for shortcuts · [38;2;2;136;142mtaste on[39m



[?2026l[?2026h[2K[1A[2K[1A[2K[1A[2K[1A[2K[1A[2K[1A[2K[1A[2K[1A[2K[1A[2K[1A[2K[1A[2K[1A[2K[1A[2K[1A[2K[G[38;2;165;153;233m⠶[39m I have enough to write a critical review. Key verification results:
  README already exists (added in [38;2;177;186;249m2e184e1[39m) and covers all
  commands/agents; the plan's one concrete check ([38;2;177;186;249mgit diff --stat -- [39m
  [38;2;177;186;249m'*.go'[39m) is broken by pre-existing uncommitted Go work; and the working
  tree already contains a manual README edit. Let me write the review.

[48;2;45;43;85m[38;2;228;204;255m [1m◇ [22m[38;2;110;97;163mParsi[38;2;165;153;233mn[38;2;228;204;255mg[38;2;171;165;206m…[38;2;228;204;255m [39m[49m [1m[38;2;138;148;168mesc[39m[22m [38;2;138;148;168mto interrupt[39m [38;2;138;148;168m•[39m [38;2;138;148;168m38s[39m [38;2;138;148;168m•[39m [38;2;138;148;168m↓[39m [38;2;138;148;168m20.6k[39m
[38;2;138;148;168m────────────────────────────────────────────────────────────────────────────────[39m
❯ [7mA[27m[38;2;138;148;168msk your question...[39m
[38;2;138;148;168m────────────────────────────────────────────────────────────────────────────────[39m
  [38;2;138;148;168m? for shortcuts · [38;2;2;136;142mtaste on[39m



[?2026l[?2026h[2K[1A[2K[1A[2K[1A[2K[1A[2K[1A[2K[1A[2K[1A[2K[1A[2K[1A[2K[1A[2K[1A[2K[1A[2K[1A[2K[1A[2K[G[38;2;165;153;233m⠶[39m I have enough to write a critical review. Key verification results:
  README already exists (added in [38;2;177;186;249m2e184e1[39m) and covers all
  commands/agents; the plan's one concrete check ([38;2;177;186;249mgit diff --stat -- [39m
  [38;2;177;186;249m'*.go'[39m) is broken by pre-existing uncommitted Go work; and the working
  tree already contains a manual README edit. Let me write the review.

[48;2;45;43;85m[38;2;228;204;255m [1m☆ [22m[38;2;110;97;163mParsin[38;2;165;153;233mg[38;2;228;204;255m… [39m[49m [1m[38;2;138;148;168mesc[39m[22m [38;2;138;148;168mto interrupt[39m [38;2;138;148;168m•[39m [38;2;138;148;168m38s[39m [38;2;138;148;168m•[39m [38;2;138;148;168m↓[39m [38;2;138;148;168m20.6k[39m
[38;2;138;148;168m────────────────────────────────────────────────────────────────────────────────[39m
❯ [7mA[27m[38;2;138;148;168msk your question...[39m
[38;2;138;148;168m────────────────────────────────────────────────────────────────────────────────[39m
  [38;2;138;148;168m? for shortcuts · [38;2;2;136;142mtaste on[39m



[?2026l[?2026h[2K[1A[2K[1A[2K[1A[2K[1A[2K[1A[2K[1A[2K[1A[2K[1A[2K[1A[2K[1A[2K[1A[2K[1A[2K[1A[2K[1A[2K[G[38;2;165;153;233m⠶[39m I have enough to write a critical review. Key verification results:
  README already exists (added in [38;2;177;186;249m2e184e1[39m) and covers all
  commands/agents; the plan's one concrete check ([38;2;177;186;249mgit diff --stat -- [39m
  [38;2;177;186;249m'*.go'[39m) is broken by pre-existing uncommitted Go work; and the working
  tree already contains a manual README edit. Let me write the review.

[48;2;45;43;85m[38;2;228;204;255m [1m✧ [22m[38;2;110;97;163mParsing[38;2;165;153;233m…[38;2;228;204;255m [39m[49m [1m[38;2;138;148;168mesc[39m[22m [38;2;138;148;168mto interrupt[39m [38;2;138;148;168m•[39m [38;2;138;148;168m38s[39m [38;2;138;148;168m•[39m [38;2;138;148;168m↓[39m [38;2;138;148;168m20.6k[39m
[38;2;138;148;168m────────────────────────────────────────────────────────────────────────────────[39m
❯ [7mA[27m[38;2;138;148;168msk your question...[39m
[38;2;138;148;168m────────────────────────────────────────────────────────────────────────────────[39m
  [38;2;138;148;168m? for shortcuts · [38;2;2;136;142mtaste on[39m



[?2026l[?2026h[2K[1A[2K[1A[2K[1A[2K[1A[2K[1A[2K[1A[2K[1A[2K[1A[2K[1A[2K[1A[2K[1A[2K[1A[2K[1A[2K[1A[2K[G[38;2;165;153;233m⠶[39m I have enough to write a critical review. Key verification results:
  README already exists (added in [38;2;177;186;249m2e184e1[39m) and covers all
  commands/agents; the plan's one concrete check ([38;2;177;186;249mgit diff --stat -- [39m
  [38;2;177;186;249m'*.go'[39m) is broken by pre-existing uncommitted Go work; and the working
  tree already contains a manual README edit. Let me write the review.

[48;2;45;43;85m[38;2;228;204;255m [1m☆ [22m[38;2;110;97;163mParsing…[38;2;228;204;255m [39m[49m [1m[38;2;138;148;168mesc[39m[22m [38;2;138;148;168mto interrupt[39m [38;2;138;148;168m•[39m [38;2;138;148;168m38s[39m [38;2;138;148;168m•[39m [38;2;138;148;168m↓[39m [38;2;138;148;168m20.7k[39m
[38;2;138;148;168m────────────────────────────────────────────────────────────────────────────────[39m
❯ [7mA[27m[38;2;138;148;168msk your question...[39m
[38;2;138;148;168m────────────────────────────────────────────────────────────────────────────────[39m
  [38;2;138;148;168m? for shortcuts · [38;2;2;136;142mtaste on[39m



[?2026l[?2026h[2K[1A[2K[1A[2K[1A[2K[1A[2K[1A[2K[1A[2K[1A[2K[1A[2K[1A[2K[1A[2K[1A[2K[1A[2K[1A[2K[1A[2K[G[38;2;165;153;233m⠶[39m I have enough to write a critical review. Key verification results:
  README already exists (added in [38;2;177;186;249m2e184e1[39m) and covers all
  commands/agents; the plan's one concrete check ([38;2;177;186;249mgit diff --stat -- [39m
  [38;2;177;186;249m'*.go'[39m) is broken by pre-existing uncommitted Go work; and the working
  tree already contains a manual README edit. Let me write the review.

[48;2;45;43;85m[38;2;228;204;255m [1m☆ [22m[38;2;110;97;163mParsing…[38;2;228;204;255m [39m[49m [1m[38;2;138;148;168mesc[39m[22m [38;2;138;148;168mto interrupt[39m [38;2;138;148;168m•[39m [38;2;138;148;168m39s[39m [38;2;138;148;168m•[39m [38;2;138;148;168m↓[39m [38;2;138;148;168m20.7k[39m
[38;2;138;148;168m────────────────────────────────────────────────────────────────────────────────[39m
❯ [7mA[27m[38;2;138;148;168msk your question...[39m
[38;2;138;148;168m────────────────────────────────────────────────────────────────────────────────[39m
  [38;2;138;148;168m? for shortcuts · [38;2;2;136;142mtaste on[39m



[?2026l[?2026h[2K[1A[2K[1A[2K[1A[2K[1A[2K[1A[2K[1A[2K[1A[2K[1A[2K[1A[2K[1A[2K[1A[2K[1A[2K[1A[2K[1A[2K[G[38;2;165;153;233m⠶[39m I have enough to write a critical review. Key verification results:
  README already exists (added in [38;2;177;186;249m2e184e1[39m) and covers all
  commands/agents; the plan's one concrete check ([38;2;177;186;249mgit diff --stat -- [39m
  [38;2;177;186;249m'*.go'[39m) is broken by pre-existing uncommitted Go work; and the working
  tree already contains a manual README edit. Let me write the review.

[48;2;45;43;85m[38;2;228;204;255m [1m◇ [22m[38;2;110;97;163mParsing…[38;2;228;204;255m [39m[49m [1m[38;2;138;148;168mesc[39m[22m [38;2;138;148;168mto interrupt[39m [38;2;138;148;168m•[39m [38;2;138;148;168m39s[39m [38;2;138;148;168m•[39m [38;2;138;148;168m↓[39m [38;2;138;148;168m20.7k[39m
[38;2;138;148;168m────────────────────────────────────────────────────────────────────────────────[39m
❯ [7mA[27m[38;2;138;148;168msk your question...[39m
[38;2;138;148;168m────────────────────────────────────────────────────────────────────────────────[39m
  [38;2;138;148;168m? for shortcuts · [38;2;2;136;142mtaste on[39m



[?2026l]0;⌘ Command Code · orch-go · deepseek-v4-flash-(latest)]2;⌘ Command Code · orch-go · deepseek-v4-flash-(latest)[?2026h[2K[1A[2K[1A[2K[1A[2K[1A[2K[1A[2K[1A[2K[1A[2K[1A[2K[1A[2K[1A[2K[1A[2K[1A[2K[1A[2K[1A[2K[G[38;2;165;153;233m⠶[39m I have enough to write a critical review. Key verification results:
  README already exists (added in [38;2;177;186;249m2e184e1[39m) and covers all
  commands/agents; the plan's one concrete check ([38;2;177;186;249mgit diff --stat -- [39m
  [38;2;177;186;249m'*.go'[39m) is broken by pre-existing uncommitted Go work; and the working
  tree already contains a manual README edit. Let me write the review.

[48;2;45;43;85m[38;2;228;204;255m [1m○ [22m[38;2;110;97;163mParsing…[38;2;228;204;255m [39m[49m [1m[38;2;138;148;168mesc[39m[22m [38;2;138;148;168mto interrupt[39m [38;2;138;148;168m•[39m [38;2;138;148;168m39s[39m [38;2;138;148;168m•[39m [38;2;138;148;168m↓[39m [38;2;138;148;168m20.7k[39m
[38;2;138;148;168m────────────────────────────────────────────────────────────────────────────────[39m
❯ [7mA[27m[38;2;138;148;168msk your question...[39m
[38;2;138;148;168m────────────────────────────────────────────────────────────────────────────────[39m
  [38;2;138;148;168m? for shortcuts · [38;2;2;136;142mtaste on[39m



[?2026l[?2026h[2K[1A[2K[1A[2K[1A[2K[1A[2K[1A[2K[1A[2K[1A[2K[1A[2K[1A[2K[1A[2K[1A[2K[1A[2K[1A[2K[1A[2K[G[38;2;165;153;233m⠶[39m I have enough to write a critical review. Key verification results:
  README already exists (added in [38;2;177;186;249m2e184e1[39m) and covers all
  commands/agents; the plan's one concrete check ([38;2;177;186;249mgit diff --stat -- [39m
  [38;2;177;186;249m'*.go'[39m) is broken by pre-existing uncommitted Go work; and the working
  tree already contains a manual README edit. Let me write the review.

[48;2;45;43;85m[38;2;228;204;255m [1m· [22m[38;2;234;218;255mP[38;2;171;165;206ma[38;2;228;204;255mr[38;2;165;153;233ms[38;2;110;97;163ming…[38;2;228;204;255m [39m[49m [1m[38;2;138;148;168mesc[39m[22m [38;2;138;148;168mto interrupt[39m [38;2;138;148;168m•[39m [38;2;138;148;168m39s[39m [38;2;138;148;168m•[39m [38;2;138;148;168m↓[39m [38;2;138;148;168m20.7k[39m
[38;2;138;148;168m────────────────────────────────────────────────────────────────────────────────[39m
❯ [7mA[27m[38;2;138;148;168msk your question...[39m
[38;2;138;148;168m────────────────────────────────────────────────────────────────────────────────[39m
  [38;2;138;148;168m? for shortcuts · [38;2;2;136;142mtaste on[39m



[?2026l[?2026h[2K[1A[2K[1A[2K[1A[2K[1A[2K[1A[2K[1A[2K[1A[2K[1A[2K[1A[2K[1A[2K[1A[2K[1A[2K[1A[2K[1A[2K[G[38;2;165;153;233m⠶[39m I have enough to write a critical review. Key verification results:
  README already exists (added in [38;2;177;186;249m2e184e1[39m) and covers all
  commands/agents; the plan's one concrete check ([38;2;177;186;249mgit diff --stat -- [39m
  [38;2;177;186;249m'*.go'[39m) is broken by pre-existing uncommitted Go work; and the working
  tree already contains a manual README edit. Let me write the review.

[48;2;45;43;85m[38;2;228;204;255m [1m· [22m[38;2;255;255;255mP[38;2;234;218;255ma[38;2;171;165;206mr[38;2;228;204;255ms[38;2;165;153;233mi[38;2;110;97;163mng…[38;2;228;204;255m [39m[49m [1m[38;2;138;148;168mesc[39m[22m [38;2;138;148;168mto interrupt[39m [38;2;138;148;168m•[39m [38;2;138;148;168m39s[39m [38;2;138;148;168m•[39m [38;2;138;148;168m↓[39m [38;2;138;148;168m20.7k[39m
[38;2;138;148;168m────────────────────────────────────────────────────────────────────────────────[39m
❯ [7mA[27m[38;2;138;148;168msk your question...[39m
[38;2;138;148;168m────────────────────────────────────────────────────────────────────────────────[39m
  [38;2;138;148;168m? for shortcuts · [38;2;2;136;142mtaste on[39m



[?2026l[?2026h[2K[1A[2K[1A[2K[1A[2K[1A[2K[1A[2K[1A[2K[1A[2K[1A[2K[1A[2K[1A[2K[1A[2K[1A[2K[1A[2K[1A[2K[G[38;2;165;153;233m⠶[39m I have enough to write a critical review. Key verification results:
  README already exists (added in [38;2;177;186;249m2e184e1[39m) and covers all
  commands/agents; the plan's one concrete check ([38;2;177;186;249mgit diff --stat -- [39m
  [38;2;177;186;249m'*.go'[39m) is broken by pre-existing uncommitted Go work; and the working
  tree already contains a manual README edit. Let me write the review.

[48;2;45;43;85m[38;2;228;204;255m [1m· [22m[38;2;204;199;225mP[38;2;255;255;255ma[38;2;234;218;255mr[38;2;171;165;206ms[38;2;228;204;255mi[38;2;165;153;233mn[38;2;110;97;163mg…[38;2;228;204;255m [39m[49m [1m[38;2;138;148;168mesc[39m[22m [38;2;138;148;168mto interrupt[39m [38;2;138;148;168m•[39m [38;2;138;148;168m39s[39m [38;2;138;148;168m•[39m [38;2;138;148;168m↓[39m [38;2;138;148;168m20.7k[39m
[38;2;138;148;168m────────────────────────────────────────────────────────────────────────────────[39m
❯ [7mA[27m[38;2;138;148;168msk your question...[39m
[38;2;138;148;168m────────────────────────────────────────────────────────────────────────────────[39m
  [38;2;138;148;168m? for shortcuts · [38;2;2;136;142mtaste on[39m



[?2026l[?2026h[2K[1A[2K[1A[2K[1A[2K[1A[2K[1A[2K[1A[2K[1A[2K[1A[2K[1A[2K[1A[2K[1A[2K[1A[2K[1A[2K[1A[2K[G[38;2;165;153;233m⠶[39m I have enough to write a critical review. Key verification results:
  README already exists (added in [38;2;177;186;249m2e184e1[39m) and covers all
  commands/agents; the plan's one concrete check ([38;2;177;186;249mgit diff --stat -- [39m
  [38;2;177;186;249m'*.go'[39m) is broken by pre-existing uncommitted Go work; and the working
  tree already contains a manual README edit. Let me write the review.

[48;2;45;43;85m[38;2;228;204;255m [1m○ [22m[38;2;171;165;206mP[38;2;204;199;225ma[38;2;255;255;255mr[38;2;234;218;255ms[38;2;171;165;206mi[38;2;228;204;255mn[38;2;165;153;233mg[38;2;110;97;163m…[38;2;228;204;255m [39m[49m [1m[38;2;138;148;168mesc[39m[22m [38;2;138;148;168mto interrupt[39m [38;2;138;148;168m•[39m [38;2;138;148;168m39s[39m [38;2;138;148;168m•[39m [38;2;138;148;168m↓[39m [38;2;138;148;168m20.7k[39m
[38;2;138;148;168m────────────────────────────────────────────────────────────────────────────────[39m
❯ [7mA[27m[38;2;138;148;168msk your question...[39m
[38;2;138;148;168m────────────────────────────────────────────────────────────────────────────────[39m
  [38;2;138;148;168m? for shortcuts · [38;2;2;136;142mtaste on[39m



[?2026l[?2026h[2K[1A[2K[1A[2K[1A[2K[1A[2K[1A[2K[1A[2K[1A[2K[1A[2K[1A[2K[1A[2K[1A[2K[1A[2K[1A[2K[1A[2K[G[38;2;165;153;233m⠶[39m I have enough to write a critical review. Key verification results:
  README already exists (added in [38;2;177;186;249m2e184e1[39m) and covers all
  commands/agents; the plan's one concrete check ([38;2;177;186;249mgit diff --stat -- [39m
  [38;2;177;186;249m'*.go'[39m) is broken by pre-existing uncommitted Go work; and the working
  tree already contains a manual README edit. Let me write the review.

[48;2;45;43;85m[38;2;228;204;255m [1m○ [22mP[38;2;171;165;206ma[38;2;204;199;225mr[38;2;255;255;255ms[38;2;234;218;255mi[38;2;171;165;206mn[38;2;228;204;255mg[38;2;165;153;233m…[38;2;228;204;255m [39m[49m [1m[38;2;138;148;168mesc[39m[22m [38;2;138;148;168mto interrupt[39m [38;2;138;148;168m•[39m [38;2;138;148;168m39s[39m [38;2;138;148;168m•[39m [38;2;138;148;168m↓[39m [38;2;138;148;168m20.7k[39m
[38;2;138;148;168m────────────────────────────────────────────────────────────────────────────────[39m
❯ [7mA[27m[38;2;138;148;168msk your question...[39m
[38;2;138;148;168m────────────────────────────────────────────────────────────────────────────────[39m
  [38;2;138;148;168m? for shortcuts · [38;2;2;136;142mtaste on[39m



[?2026l[?2026h[2K[1A[2K[1A[2K[1A[2K[1A[2K[1A[2K[1A[2K[1A[2K[1A[2K[1A[2K[1A[2K[1A[2K[1A[2K[1A[2K[1A[2K[G[38;2;165;153;233m⠶[39m I have enough to write a critical review. Key verification results:
  README already exists (added in [38;2;177;186;249m2e184e1[39m) and covers all
  commands/agents; the plan's one concrete check ([38;2;177;186;249mgit diff --stat -- [39m
  [38;2;177;186;249m'*.go'[39m) is broken by pre-existing uncommitted Go work; and the working
  tree already contains a manual README edit. Let me write the review.

[48;2;45;43;85m[38;2;228;204;255m [1m◇ [22m[38;2;165;153;233mP[38;2;228;204;255ma[38;2;171;165;206mr[38;2;204;199;225ms[38;2;255;255;255mi[38;2;234;218;255mn[38;2;171;165;206mg[38;2;228;204;255m… [39m[49m [1m[38;2;138;148;168mesc[39m[22m [38;2;138;148;168mto interrupt[39m [38;2;138;148;168m•[39m [38;2;138;148;168m39s[39m [38;2;138;148;168m•[39m [38;2;138;148;168m↓[39m [38;2;138;148;168m20.7k[39m
[38;2;138;148;168m────────────────────────────────────────────────────────────────────────────────[39m
❯ [7mA[27m[38;2;138;148;168msk your question...[39m
[38;2;138;148;168m────────────────────────────────────────────────────────────────────────────────[39m
  [38;2;138;148;168m? for shortcuts · [38;2;2;136;142mtaste on[39m



[?2026l[?2026h[2K[1A[2K[1A[2K[1A[2K[1A[2K[1A[2K[1A[2K[1A[2K[1A[2K[1A[2K[1A[2K[1A[2K[1A[2K[1A[2K[1A[2K[G[38;2;165;153;233m⠶[39m I have enough to write a critical review. Key verification results:
  README already exists (added in [38;2;177;186;249m2e184e1[39m) and covers all
  commands/agents; the plan's one concrete check ([38;2;177;186;249mgit diff --stat -- [39m
  [38;2;177;186;249m'*.go'[39m) is broken by pre-existing uncommitted Go work; and the working
  tree already contains a manual README edit. Let me write the review.

[48;2;45;43;85m[38;2;228;204;255m [1m☆ [22m[38;2;110;97;163mP[38;2;165;153;233ma[38;2;228;204;255mr[38;2;171;165;206ms[38;2;204;199;225mi[38;2;255;255;255mn[38;2;234;218;255mg[38;2;171;165;206m…[38;2;228;204;255m [39m[49m [1m[38;2;138;148;168mesc[39m[22m [38;2;138;148;168mto interrupt[39m [38;2;138;148;168m•[39m [38;2;138;148;168m39s[39m [38;2;138;148;168m•[39m [38;2;138;148;168m↓[39m [38;2;138;148;168m20.7k[39m
[38;2;138;148;168m────────────────────────────────────────────────────────────────────────────────[39m
❯ [7mA[27m[38;2;138;148;168msk your question...[39m
[38;2;138;148;168m────────────────────────────────────────────────────────────────────────────────[39m
  [38;2;138;148;168m? for shortcuts · [38;2;2;136;142mtaste on[39m



[?2026l[?2026h[2K[1A[2K[1A[2K[1A[2K[1A[2K[1A[2K[1A[2K[1A[2K[1A[2K[1A[2K[1A[2K[1A[2K[1A[2K[1A[2K[1A[2K[G[38;2;165;153;233m⠶[39m I have enough to write a critical review. Key verification results:
  README already exists (added in [38;2;177;186;249m2e184e1[39m) and covers all
  commands/agents; the plan's one concrete check ([38;2;177;186;249mgit diff --stat -- [39m
  [38;2;177;186;249m'*.go'[39m) is broken by pre-existing uncommitted Go work; and the working
  tree already contains a manual README edit. Let me write the review.

[48;2;45;43;85m[38;2;228;204;255m [1m✧ [22m[38;2;110;97;163mPa[38;2;165;153;233mr[38;2;228;204;255ms[38;2;171;165;206mi[38;2;204;199;225mn[38;2;255;255;255mg[38;2;234;218;255m…[38;2;228;204;255m [39m[49m [1m[38;2;138;148;168mesc[39m[22m [38;2;138;148;168mto interrupt[39m [38;2;138;148;168m•[39m [38;2;138;148;168m39s[39m [38;2;138;148;168m•[39m [38;2;138;148;168m↓[39m [38;2;138;148;168m20.7k[39m
[38;2;138;148;168m────────────────────────────────────────────────────────────────────────────────[39m
❯ [7mA[27m[38;2;138;148;168msk your question...[39m
[38;2;138;148;168m────────────────────────────────────────────────────────────────────────────────[39m
  [38;2;138;148;168m? for shortcuts · [38;2;2;136;142mtaste on[39m



[?2026l[?2026h[2K[1A[2K[1A[2K[1A[2K[1A[2K[1A[2K[1A[2K[1A[2K[1A[2K[1A[2K[1A[2K[1A[2K[1A[2K[1A[2K[1A[2K[G[38;2;165;153;233m⠶[39m I have enough to write a critical review. Key verification results:
  README already exists (added in [38;2;177;186;249m2e184e1[39m) and covers all
  commands/agents; the plan's one concrete check ([38;2;177;186;249mgit diff --stat -- [39m
  [38;2;177;186;249m'*.go'[39m) is broken by pre-existing uncommitted Go work; and the working
  tree already contains a manual README edit. Let me write the review.

[48;2;45;43;85m[38;2;228;204;255m [1m☆ [22m[38;2;110;97;163mPar[38;2;165;153;233ms[38;2;228;204;255mi[38;2;171;165;206mn[38;2;204;199;225mg[38;2;255;255;255m…[38;2;228;204;255m [39m[49m [1m[38;2;138;148;168mesc[39m[22m [38;2;138;148;168mto interrupt[39m [38;2;138;148;168m•[39m [38;2;138;148;168m39s[39m [38;2;138;148;168m•[39m [38;2;138;148;168m↓[39m [38;2;138;148;168m20.7k[39m
[38;2;138;148;168m────────────────────────────────────────────────────────────────────────────────[39m
❯ [7mA[27m[38;2;138;148;168msk your question...[39m
[38;2;138;148;168m────────────────────────────────────────────────────────────────────────────────[39m
  [38;2;138;148;168m? for shortcuts · [38;2;2;136;142mtaste on[39m



[?2026l[?2026h[2K[1A[2K[1A[2K[1A[2K[1A[2K[1A[2K[1A[2K[1A[2K[1A[2K[1A[2K[1A[2K[1A[2K[1A[2K[1A[2K[1A[2K[G[38;2;165;153;233m⠶[39m I have enough to write a critical review. Key verification results:
  README already exists (added in [38;2;177;186;249m2e184e1[39m) and covers all
  commands/agents; the plan's one concrete check ([38;2;177;186;249mgit diff --stat -- [39m
  [38;2;177;186;249m'*.go'[39m) is broken by pre-existing uncommitted Go work; and the working
  tree already contains a manual README edit. Let me write the review.

[48;2;45;43;85m[38;2;228;204;255m [1m◇ [22m[38;2;110;97;163mPars[38;2;165;153;233mi[38;2;228;204;255mn[38;2;171;165;206mg[38;2;204;199;225m…[38;2;228;204;255m [39m[49m [1m[38;2;138;148;168mesc[39m[22m [38;2;138;148;168mto interrupt[39m [38;2;138;148;168m•[39m [38;2;138;148;168m39s[39m [38;2;138;148;168m•[39m [38;2;138;148;168m↓[39m [38;2;138;148;168m20.7k[39m
[38;2;138;148;168m────────────────────────────────────────────────────────────────────────────────[39m
❯ [7mA[27m[38;2;138;148;168msk your question...[39m
[38;2;138;148;168m────────────────────────────────────────────────────────────────────────────────[39m
  [38;2;138;148;168m? for shortcuts · [38;2;2;136;142mtaste on[39m



[?2026l[?2026h[2K[1A[2K[1A[2K[1A[2K[1A[2K[1A[2K[1A[2K[1A[2K[1A[2K[1A[2K[1A[2K[1A[2K[1A[2K[1A[2K[1A[2K[G[38;2;165;153;233m⠶[39m I have enough to write a critical review. Key verification results:
  README already exists (added in [38;2;177;186;249m2e184e1[39m) and covers all
  commands/agents; the plan's one concrete check ([38;2;177;186;249mgit diff --stat -- [39m
  [38;2;177;186;249m'*.go'[39m) is broken by pre-existing uncommitted Go work; and the working
  tree already contains a manual README edit. Let me write the review.

[48;2;45;43;85m[38;2;228;204;255m [1m○ [22m[38;2;110;97;163mParsi[38;2;165;153;233mn[38;2;228;204;255mg[38;2;171;165;206m…[38;2;228;204;255m [39m[49m [1m[38;2;138;148;168mesc[39m[22m [38;2;138;148;168mto interrupt[39m [38;2;138;148;168m•[39m [38;2;138;148;168m40s[39m [38;2;138;148;168m•[39m [38;2;138;148;168m↓[39m [38;2;138;148;168m20.7k[39m
[38;2;138;148;168m────────────────────────────────────────────────────────────────────────────────[39m
❯ [7mA[27m[38;2;138;148;168msk your question...[39m
[38;2;138;148;168m────────────────────────────────────────────────────────────────────────────────[39m
  [38;2;138;148;168m? for shortcuts · [38;2;2;136;142mtaste on[39m



[?2026l[?2026h[2K[1A[2K[1A[2K[1A[2K[1A[2K[1A[2K[1A[2K[1A[2K[1A[2K[1A[2K[1A[2K[1A[2K[1A[2K[1A[2K[1A[2K[G[38;2;165;153;233m⠶[39m I have enough to write a critical review. Key verification results:
  README already exists (added in [38;2;177;186;249m2e184e1[39m) and covers all
  commands/agents; the plan's one concrete check ([38;2;177;186;249mgit diff --stat -- [39m
  [38;2;177;186;249m'*.go'[39m) is broken by pre-existing uncommitted Go work; and the working
  tree already contains a manual README edit. Let me write the review.

[48;2;45;43;85m[38;2;228;204;255m [1m⌘ [22m[38;2;110;97;163mParsin[38;2;165;153;233mg[38;2;228;204;255m… [39m[49m [1m[38;2;138;148;168mesc[39m[22m [38;2;138;148;168mto interrupt[39m [38;2;138;148;168m•[39m [38;2;138;148;168m40s[39m [38;2;138;148;168m•[39m [38;2;138;148;168m↓[39m [38;2;138;148;168m20.7k[39m
[38;2;138;148;168m────────────────────────────────────────────────────────────────────────────────[39m
❯ [7mA[27m[38;2;138;148;168msk your question...[39m
[38;2;138;148;168m────────────────────────────────────────────────────────────────────────────────[39m
  [38;2;138;148;168m? for shortcuts · [38;2;2;136;142mtaste on[39m



[?2026l[?2026h[2K[1A[2K[1A[2K[1A[2K[1A[2K[1A[2K[1A[2K[1A[2K[1A[2K[1A[2K[1A[2K[1A[2K[1A[2K[1A[2K[1A[2K[G[38;2;165;153;233m⠶[39m I have enough to write a critical review. Key verification results:
  README already exists (added in [38;2;177;186;249m2e184e1[39m) and covers all
  commands/agents; the plan's one concrete check ([38;2;177;186;249mgit diff --stat -- [39m
  [38;2;177;186;249m'*.go'[39m) is broken by pre-existing uncommitted Go work; and the working
  tree already contains a manual README edit. Let me write the review.

[48;2;45;43;85m[38;2;228;204;255m [1m⌘ [22m[38;2;110;97;163mParsing[38;2;165;153;233m…[38;2;228;204;255m [39m[49m [1m[38;2;138;148;168mesc[39m[22m [38;2;138;148;168mto interrupt[39m [38;2;138;148;168m•[39m [38;2;138;148;168m40s[39m [38;2;138;148;168m•[39m [38;2;138;148;168m↓[39m [38;2;138;148;168m20.7k[39m
[38;2;138;148;168m────────────────────────────────────────────────────────────────────────────────[39m
❯ [7mA[27m[38;2;138;148;168msk your question...[39m
[38;2;138;148;168m────────────────────────────────────────────────────────────────────────────────[39m
  [38;2;138;148;168m? for shortcuts · [38;2;2;136;142mtaste on[39m



[?2026l[?2026h[2K[1A[2K[1A[2K[1A[2K[1A[2K[1A[2K[1A[2K[1A[2K[1A[2K[1A[2K[1A[2K[1A[2K[1A[2K[1A[2K[1A[2K[G[38;2;165;153;233m⠶[39m I have enough to write a critical review. Key verification results:
  README already exists (added in [38;2;177;186;249m2e184e1[39m) and covers all
  commands/agents; the plan's one concrete check ([38;2;177;186;249mgit diff --stat -- [39m
  [38;2;177;186;249m'*.go'[39m) is broken by pre-existing uncommitted Go work; and the working
  tree already contains a manual README edit. Let me write the review.

[48;2;45;43;85m[38;2;228;204;255m [1m⌘ [22m[38;2;110;97;163mParsing…[38;2;228;204;255m [39m[49m [1m[38;2;138;148;168mesc[39m[22m [38;2;138;148;168mto interrupt[39m [38;2;138;148;168m•[39m [38;2;138;148;168m40s[39m [38;2;138;148;168m•[39m [38;2;138;148;168m↓[39m [38;2;138;148;168m20.7k[39m
[38;2;138;148;168m────────────────────────────────────────────────────────────────────────────────[39m
❯ [7mA[27m[38;2;138;148;168msk your question...[39m
[38;2;138;148;168m────────────────────────────────────────────────────────────────────────────────[39m
  [38;2;138;148;168m? for shortcuts · [38;2;2;136;142mtaste on[39m



[?2026l[?2026h[2K[1A[2K[1A[2K[1A[2K[1A[2K[1A[2K[1A[2K[1A[2K[1A[2K[1A[2K[1A[2K[1A[2K[1A[2K[1A[2K[1A[2K[G[38;2;165;153;233m⠶[39m I have enough to write a critical review. Key verification results:
  README already exists (added in [38;2;177;186;249m2e184e1[39m) and covers all
  commands/agents; the plan's one concrete check ([38;2;177;186;249mgit diff --stat -- [39m
  [38;2;177;186;249m'*.go'[39m) is broken by pre-existing uncommitted Go work; and the working
  tree already contains a manual README edit. Let me write the review.

[48;2;45;43;85m[38;2;228;204;255m [1m○ [22m[38;2;110;97;163mParsing…[38;2;228;204;255m [39m[49m [1m[38;2;138;148;168mesc[39m[22m [38;2;138;148;168mto interrupt[39m [38;2;138;148;168m•[39m [38;2;138;148;168m40s[39m [38;2;138;148;168m•[39m [38;2;138;148;168m↓[39m [38;2;138;148;168m20.7k[39m
[38;2;138;148;168m────────────────────────────────────────────────────────────────────────────────[39m
❯ [7mA[27m[38;2;138;148;168msk your question...[39m
[38;2;138;148;168m────────────────────────────────────────────────────────────────────────────────[39m
  [38;2;138;148;168m? for shortcuts · [38;2;2;136;142mtaste on[39m



[?2026l[?2026h[2K[1A[2K[1A[2K[1A[2K[1A[2K[1A[2K[1A[2K[1A[2K[1A[2K[1A[2K[1A[2K[1A[2K[1A[2K[1A[2K[1A[2K[G[38;2;165;153;233m⠶[39m I have enough to write a critical review. Key verification results:
  README already exists (added in [38;2;177;186;249m2e184e1[39m) and covers all
  commands/agents; the plan's one concrete check ([38;2;177;186;249mgit diff --stat -- [39m
  [38;2;177;186;249m'*.go'[39m) is broken by pre-existing uncommitted Go work; and the working
  tree already contains a manual README edit. Let me write the review.

[48;2;45;43;85m[38;2;228;204;255m [1m◇ [22m[38;2;110;97;163mParsing…[38;2;228;204;255m [39m[49m [1m[38;2;138;148;168mesc[39m[22m [38;2;138;148;168mto interrupt[39m [38;2;138;148;168m•[39m [38;2;138;148;168m40s[39m [38;2;138;148;168m•[39m [38;2;138;148;168m↓[39m [38;2;138;148;168m20.7k[39m
[38;2;138;148;168m────────────────────────────────────────────────────────────────────────────────[39m
❯ [7mA[27m[38;2;138;148;168msk your question...[39m
[38;2;138;148;168m────────────────────────────────────────────────────────────────────────────────[39m
  [38;2;138;148;168m? for shortcuts · [38;2;2;136;142mtaste on[39m



[?2026l[?2026h[2K[1A[2K[1A[2K[1A[2K[1A[2K[1A[2K[1A[2K[1A[2K[1A[2K[1A[2K[1A[2K[1A[2K[1A[2K[1A[2K[1A[2K[G[38;2;165;153;233m⠶[39m I have enough to write a critical review. Key verification results:
  README already exists (added in [38;2;177;186;249m2e184e1[39m) and covers all
  commands/agents; the plan's one concrete check ([38;2;177;186;249mgit diff --stat -- [39m
  [38;2;177;186;249m'*.go'[39m) is broken by pre-existing uncommitted Go work; and the working
  tree already contains a manual README edit. Let me write the review.

[48;2;45;43;85m[38;2;228;204;255m [1m☆ [22m[38;2;110;97;163mParsing…[38;2;228;204;255m [39m[49m [1m[38;2;138;148;168mesc[39m[22m [38;2;138;148;168mto interrupt[39m [38;2;138;148;168m•[39m [38;2;138;148;168m40s[39m [38;2;138;148;168m•[39m [38;2;138;148;168m↓[39m [38;2;138;148;168m20.7k[39m
[38;2;138;148;168m────────────────────────────────────────────────────────────────────────────────[39m
❯ [7mA[27m[38;2;138;148;168msk your question...[39m
[38;2;138;148;168m────────────────────────────────────────────────────────────────────────────────[39m
  [38;2;138;148;168m? for shortcuts · [38;2;2;136;142mtaste on[39m



[?2026l[?2026h[2K[1A[2K[1A[2K[1A[2K[1A[2K[1A[2K[1A[2K[1A[2K[1A[2K[1A[2K[1A[2K[1A[2K[1A[2K[1A[2K[1A[2K[G[38;2;165;153;233m⠶[39m I have enough to write a critical review. Key verification results:
  README already exists (added in [38;2;177;186;249m2e184e1[39m) and covers all
  commands/agents; the plan's one concrete check ([38;2;177;186;249mgit diff --stat -- [39m
  [38;2;177;186;249m'*.go'[39m) is broken by pre-existing uncommitted Go work; and the working
  tree already contains a manual README edit. Let me write the review.

[48;2;45;43;85m[38;2;228;204;255m [1m✧ [22m[38;2;234;218;255mP[38;2;171;165;206ma[38;2;228;204;255mr[38;2;165;153;233ms[38;2;110;97;163ming…[38;2;228;204;255m [39m[49m [1m[38;2;138;148;168mesc[39m[22m [38;2;138;148;168mto interrupt[39m [38;2;138;148;168m•[39m [38;2;138;148;168m40s[39m [38;2;138;148;168m•[39m [38;2;138;148;168m↓[39m [38;2;138;148;168m20.7k[39m
[38;2;138;148;168m────────────────────────────────────────────────────────────────────────────────[39m
❯ [7mA[27m[38;2;138;148;168msk your question...[39m
[38;2;138;148;168m────────────────────────────────────────────────────────────────────────────────[39m
  [38;2;138;148;168m? for shortcuts · [38;2;2;136;142mtaste on[39m



[?2026l[?2026h[2K[1A[2K[1A[2K[1A[2K[1A[2K[1A[2K[1A[2K[1A[2K[1A[2K[1A[2K[1A[2K[1A[2K[1A[2K[1A[2K[1A[2K[G[38;2;165;153;233m⠶[39m I have enough to write a critical review. Key verification results:
  README already exists (added in [38;2;177;186;249m2e184e1[39m) and covers all
  commands/agents; the plan's one concrete check ([38;2;177;186;249mgit diff --stat -- [39m
  [38;2;177;186;249m'*.go'[39m) is broken by pre-existing uncommitted Go work; and the working
  tree already contains a manual README edit. Let me write the review.

[48;2;45;43;85m[38;2;228;204;255m [1m☆ [22m[38;2;255;255;255mP[38;2;234;218;255ma[38;2;171;165;206mr[38;2;228;204;255ms[38;2;165;153;233mi[38;2;110;97;163mng…[38;2;228;204;255m [39m[49m [1m[38;2;138;148;168mesc[39m[22m [38;2;138;148;168mto interrupt[39m [38;2;138;148;168m•[39m [38;2;138;148;168m40s[39m [38;2;138;148;168m•[39m [38;2;138;148;168m↓[39m [38;2;138;148;168m20.7k[39m
[38;2;138;148;168m────────────────────────────────────────────────────────────────────────────────[39m
❯ [7mA[27m[38;2;138;148;168msk your question...[39m
[38;2;138;148;168m────────────────────────────────────────────────────────────────────────────────[39m
  [38;2;138;148;168m? for shortcuts · [38;2;2;136;142mtaste on[39m



[?2026l[?2026h[2K[1A[2K[1A[2K[1A[2K[1A[2K[1A[2K[1A[2K[1A[2K[1A[2K[1A[2K[1A[2K[1A[2K[1A[2K[1A[2K[1A[2K[G[38;2;165;153;233m⠶[39m I have enough to write a critical review. Key verification results:
  README already exists (added in [38;2;177;186;249m2e184e1[39m) and covers all
  commands/agents; the plan's one concrete check ([38;2;177;186;249mgit diff --stat -- [39m
  [38;2;177;186;249m'*.go'[39m) is broken by pre-existing uncommitted Go work; and the working
  tree already contains a manual README edit. Let me write the review.

[48;2;45;43;85m[38;2;228;204;255m [1m◇ [22m[38;2;204;199;225mP[38;2;255;255;255ma[38;2;234;218;255mr[38;2;171;165;206ms[38;2;228;204;255mi[38;2;165;153;233mn[38;2;110;97;163mg…[38;2;228;204;255m [39m[49m [1m[38;2;138;148;168mesc[39m[22m [38;2;138;148;168mto interrupt[39m [38;2;138;148;168m•[39m [38;2;138;148;168m40s[39m [38;2;138;148;168m•[39m [38;2;138;148;168m↓[39m [38;2;138;148;168m20.7k[39m
[38;2;138;148;168m────────────────────────────────────────────────────────────────────────────────[39m
❯ [7mA[27m[38;2;138;148;168msk your question...[39m
[38;2;138;148;168m────────────────────────────────────────────────────────────────────────────────[39m
  [38;2;138;148;168m? for shortcuts · [38;2;2;136;142mtaste on[39m



[?2026l[?2026h[2K[1A[2K[1A[2K[1A[2K[1A[2K[1A[2K[1A[2K[1A[2K[1A[2K[1A[2K[1A[2K[1A[2K[1A[2K[1A[2K[1A[2K[G[38;2;165;153;233m⠶[39m I have enough to write a critical review. Key verification results:
  README already exists (added in [38;2;177;186;249m2e184e1[39m) and covers all
  commands/agents; the plan's one concrete check ([38;2;177;186;249mgit diff --stat -- [39m
  [38;2;177;186;249m'*.go'[39m) is broken by pre-existing uncommitted Go work; and the working
  tree already contains a manual README edit. Let me write the review.

[48;2;45;43;85m[38;2;228;204;255m [1m○ [22m[38;2;171;165;206mP[38;2;204;199;225ma[38;2;255;255;255mr[38;2;234;218;255ms[38;2;171;165;206mi[38;2;228;204;255mn[38;2;165;153;233mg[38;2;110;97;163m…[38;2;228;204;255m [39m[49m [1m[38;2;138;148;168mesc[39m[22m [38;2;138;148;168mto interrupt[39m [38;2;138;148;168m•[39m [38;2;138;148;168m40s[39m [38;2;138;148;168m•[39m [38;2;138;148;168m↓[39m [38;2;138;148;168m20.7k[39m
[38;2;138;148;168m────────────────────────────────────────────────────────────────────────────────[39m
❯ [7mA[27m[38;2;138;148;168msk your question...[39m
[38;2;138;148;168m────────────────────────────────────────────────────────────────────────────────[39m
  [38;2;138;148;168m? for shortcuts · [38;2;2;136;142mtaste on[39m



[?2026l[?2026h[2K[1A[2K[1A[2K[1A[2K[1A[2K[1A[2K[1A[2K[1A[2K[1A[2K[1A[2K[1A[2K[1A[2K[1A[2K[1A[2K[1A[2K[G[38;2;165;153;233m⠶[39m I have enough to write a critical review. Key verification results:
  README already exists (added in [38;2;177;186;249m2e184e1[39m) and covers all
  commands/agents; the plan's one concrete check ([38;2;177;186;249mgit diff --stat -- [39m
  [38;2;177;186;249m'*.go'[39m) is broken by pre-existing uncommitted Go work; and the working
  tree already contains a manual README edit. Let me write the review.

[48;2;45;43;85m[38;2;228;204;255m [1m· [22mP[38;2;171;165;206ma[38;2;204;199;225mr[38;2;255;255;255ms[38;2;234;218;255mi[38;2;171;165;206mn[38;2;228;204;255mg[38;2;165;153;233m…[38;2;228;204;255m [39m[49m [1m[38;2;138;148;168mesc[39m[22m [38;2;138;148;168mto interrupt[39m [38;2;138;148;168m•[39m [38;2;138;148;168m40s[39m [38;2;138;148;168m•[39m [38;2;138;148;168m↓[39m [38;2;138;148;168m20.7k[39m
[38;2;138;148;168m────────────────────────────────────────────────────────────────────────────────[39m
❯ [7mA[27m[38;2;138;148;168msk your question...[39m
[38;2;138;148;168m────────────────────────────────────────────────────────────────────────────────[39m
  [38;2;138;148;168m? for shortcuts · [38;2;2;136;142mtaste on[39m



[?2026l[?2026h[2K[1A[2K[1A[2K[1A[2K[1A[2K[1A[2K[1A[2K[1A[2K[1A[2K[1A[2K[1A[2K[1A[2K[1A[2K[1A[2K[1A[2K[G[38;2;165;153;233m⠶[39m I have enough to write a critical review. Key verification results:
  README already exists (added in [38;2;177;186;249m2e184e1[39m) and covers all
  commands/agents; the plan's one concrete check ([38;2;177;186;249mgit diff --stat -- [39m
  [38;2;177;186;249m'*.go'[39m) is broken by pre-existing uncommitted Go work; and the working
  tree already contains a manual README edit. Let me write the review.

[48;2;45;43;85m[38;2;228;204;255m [1m· [22mP[38;2;171;165;206ma[38;2;204;199;225mr[38;2;255;255;255ms[38;2;234;218;255mi[38;2;171;165;206mn[38;2;228;204;255mg[38;2;165;153;233m…[38;2;228;204;255m [39m[49m [1m[38;2;138;148;168mesc[39m[22m [38;2;138;148;168mto interrupt[39m [38;2;138;148;168m•[39m [38;2;138;148;168m41s[39m [38;2;138;148;168m•[39m [38;2;138;148;168m↓[39m [38;2;138;148;168m20.7k[39m
[38;2;138;148;168m────────────────────────────────────────────────────────────────────────────────[39m
❯ [7mA[27m[38;2;138;148;168msk your question...[39m
[38;2;138;148;168m────────────────────────────────────────────────────────────────────────────────[39m
  [38;2;138;148;168m? for shortcuts · [38;2;2;136;142mtaste on[39m



[?2026l[?2026h[2K[1A[2K[1A[2K[1A[2K[1A[2K[1A[2K[1A[2K[1A[2K[1A[2K[1A[2K[1A[2K[1A[2K[1A[2K[1A[2K[1A[2K[G[38;2;165;153;233m⠶[39m I have enough to write a critical review. Key verification results:
  README already exists (added in [38;2;177;186;249m2e184e1[39m) and covers all
  commands/agents; the plan's one concrete check ([38;2;177;186;249mgit diff --stat -- [39m
  [38;2;177;186;249m'*.go'[39m) is broken by pre-existing uncommitted Go work; and the working
  tree already contains a manual README edit. Let me write the review.

[48;2;45;43;85m[38;2;228;204;255m [1m· [22m[38;2;165;153;233mP[38;2;228;204;255ma[38;2;171;165;206mr[38;2;204;199;225ms[38;2;255;255;255mi[38;2;234;218;255mn[38;2;171;165;206mg[38;2;228;204;255m… [39m[49m [1m[38;2;138;148;168mesc[39m[22m [38;2;138;148;168mto interrupt[39m [38;2;138;148;168m•[39m [38;2;138;148;168m41s[39m [38;2;138;148;168m•[39m [38;2;138;148;168m↓[39m [38;2;138;148;168m20.7k[39m
[38;2;138;148;168m────────────────────────────────────────────────────────────────────────────────[39m
❯ [7mA[27m[38;2;138;148;168msk your question...[39m
[38;2;138;148;168m────────────────────────────────────────────────────────────────────────────────[39m
  [38;2;138;148;168m? for shortcuts · [38;2;2;136;142mtaste on[39m



[?2026l[?2026h[2K[1A[2K[1A[2K[1A[2K[1A[2K[1A[2K[1A[2K[1A[2K[1A[2K[1A[2K[1A[2K[1A[2K[1A[2K[1A[2K[1A[2K[G[38;2;165;153;233m⠶[39m I have enough to write a critical review. Key verification results:
  README already exists (added in [38;2;177;186;249m2e184e1[39m) and covers all
  commands/agents; the plan's one concrete check ([38;2;177;186;249mgit diff --stat -- [39m
  [38;2;177;186;249m'*.go'[39m) is broken by pre-existing uncommitted Go work; and the working
  tree already contains a manual README edit. Let me write the review.

[48;2;45;43;85m[38;2;228;204;255m [1m· [22m[38;2;110;97;163mP[38;2;165;153;233ma[38;2;228;204;255mr[38;2;171;165;206ms[38;2;204;199;225mi[38;2;255;255;255mn[38;2;234;218;255mg[38;2;171;165;206m…[38;2;228;204;255m [39m[49m [1m[38;2;138;148;168mesc[39m[22m [38;2;138;148;168mto interrupt[39m [38;2;138;148;168m•[39m [38;2;138;148;168m41s[39m [38;2;138;148;168m•[39m [38;2;138;148;168m↓[39m [38;2;138;148;168m20.7k[39m
[38;2;138;148;168m────────────────────────────────────────────────────────────────────────────────[39m
❯ [7mA[27m[38;2;138;148;168msk your question...[39m
[38;2;138;148;168m────────────────────────────────────────────────────────────────────────────────[39m
  [38;2;138;148;168m? for shortcuts · [38;2;2;136;142mtaste on[39m



[?2026l[?2026h[2K[1A[2K[1A[2K[1A[2K[1A[2K[1A[2K[1A[2K[1A[2K[1A[2K[1A[2K[1A[2K[1A[2K[1A[2K[1A[2K[1A[2K[G[38;2;165;153;233m⠶[39m I have enough to write a critical review. Key verification results:
  README already exists (added in [38;2;177;186;249m2e184e1[39m) and covers all
  commands/agents; the plan's one concrete check ([38;2;177;186;249mgit diff --stat -- [39m
  [38;2;177;186;249m'*.go'[39m) is broken by pre-existing uncommitted Go work; and the working
  tree already contains a manual README edit. Let me write the review.

[48;2;45;43;85m[38;2;228;204;255m [1m○ [22m[38;2;110;97;163mPa[38;2;165;153;233mr[38;2;228;204;255ms[38;2;171;165;206mi[38;2;204;199;225mn[38;2;255;255;255mg[38;2;234;218;255m…[38;2;228;204;255m [39m[49m [1m[38;2;138;148;168mesc[39m[22m [38;2;138;148;168mto interrupt[39m [38;2;138;148;168m•[39m [38;2;138;148;168m41s[39m [38;2;138;148;168m•[39m [38;2;138;148;168m↓[39m [38;2;138;148;168m20.7k[39m
[38;2;138;148;168m────────────────────────────────────────────────────────────────────────────────[39m
❯ [7mA[27m[38;2;138;148;168msk your question...[39m
[38;2;138;148;168m────────────────────────────────────────────────────────────────────────────────[39m
  [38;2;138;148;168m? for shortcuts · [38;2;2;136;142mtaste on[39m



[?2026l[?2026h[2K[1A[2K[1A[2K[1A[2K[1A[2K[1A[2K[1A[2K[1A[2K[1A[2K[1A[2K[1A[2K[1A[2K[1A[2K[1A[2K[1A[2K[G[38;2;165;153;233m⠶[39m I have enough to write a critical review. Key verification results:
  README already exists (added in [38;2;177;186;249m2e184e1[39m) and covers all
  commands/agents; the plan's one concrete check ([38;2;177;186;249mgit diff --stat -- [39m
  [38;2;177;186;249m'*.go'[39m) is broken by pre-existing uncommitted Go work; and the working
  tree already contains a manual README edit. Let me write the review.

[48;2;45;43;85m[38;2;228;204;255m [1m○ [22mA[38;2;171;165;206ms[38;2;204;199;225ms[38;2;255;255;255me[38;2;234;218;255mm[38;2;171;165;206mb[38;2;228;204;255ml[38;2;165;153;233mi[38;2;110;97;163mng…[38;2;228;204;255m [39m[49m [1m[38;2;138;148;168mesc[39m[22m [38;2;138;148;168mto interrupt[39m [38;2;138;148;168m•[39m [38;2;138;148;168m41s[39m [38;2;138;148;168m•[39m [38;2;138;148;168m↓[39m [38;2;138;148;168m20.7k[39m
[38;2;138;148;168m────────────────────────────────────────────────────────────────────────────────[39m
❯ [7mA[27m[38;2;138;148;168msk your question...[39m
[38;2;138;148;168m────────────────────────────────────────────────────────────────────────────────[39m
  [38;2;138;148;168m? for shortcuts · [38;2;2;136;142mtaste on[39m



[?2026l[?2026h[2K[1A[2K[1A[2K[1A[2K[1A[2K[1A[2K[1A[2K[1A[2K[1A[2K[1A[2K[1A[2K[1A[2K[1A[2K[1A[2K[1A[2K[G[38;2;165;153;233m⠶[39m I have enough to write a critical review. Key verification results:
  README already exists (added in [38;2;177;186;249m2e184e1[39m) and covers all
  commands/agents; the plan's one concrete check ([38;2;177;186;249mgit diff --stat -- [39m
  [38;2;177;186;249m'*.go'[39m) is broken by pre-existing uncommitted Go work; and the working
  tree already contains a manual README edit. Let me write the review.

[48;2;45;43;85m[38;2;228;204;255m [1m○ [22m[38;2;165;153;233mA[38;2;228;204;255ms[38;2;171;165;206ms[38;2;204;199;225me[38;2;255;255;255mm[38;2;234;218;255mb[38;2;171;165;206ml[38;2;228;204;255mi[38;2;165;153;233mn[38;2;110;97;163mg…[38;2;228;204;255m [39m[49m [1m[38;2;138;148;168mesc[39m[22m [38;2;138;148;168mto interrupt[39m [38;2;138;148;168m•[39m [38;2;138;148;168m41s[39m [38;2;138;148;168m•[39m [38;2;138;148;168m↓[39m [38;2;138;148;168m20.7k[39m
[38;2;138;148;168m────────────────────────────────────────────────────────────────────────────────[39m
❯ [7mA[27m[38;2;138;148;168msk your question...[39m
[38;2;138;148;168m────────────────────────────────────────────────────────────────────────────────[39m
  [38;2;138;148;168m? for shortcuts · [38;2;2;136;142mtaste on[39m



[?2026l[?2026h[2K[1A[2K[1A[2K[1A[2K[1A[2K[1A[2K[1A[2K[1A[2K[1A[2K[1A[2K[1A[2K[1A[2K[1A[2K[1A[2K[1A[2K[G[38;2;165;153;233m⠶[39m I have enough to write a critical review. Key verification results:
  README already exists (added in [38;2;177;186;249m2e184e1[39m) and covers all
  commands/agents; the plan's one concrete check ([38;2;177;186;249mgit diff --stat -- [39m
  [38;2;177;186;249m'*.go'[39m) is broken by pre-existing uncommitted Go work; and the working
  tree already contains a manual README edit. Let me write the review.

[48;2;45;43;85m[38;2;228;204;255m [1m◇ [22m[38;2;110;97;163mA[38;2;165;153;233ms[38;2;228;204;255ms[38;2;171;165;206me[38;2;204;199;225mm[38;2;255;255;255mb[38;2;234;218;255ml[38;2;171;165;206mi[38;2;228;204;255mn[38;2;165;153;233mg[38;2;110;97;163m…[38;2;228;204;255m [39m[49m [1m[38;2;138;148;168mesc[39m[22m [38;2;138;148;168mto interrupt[39m [38;2;138;148;168m•[39m [38;2;138;148;168m41s[39m [38;2;138;148;168m•[39m [38;2;138;148;168m↓[39m [38;2;138;148;168m20.7k[39m
[38;2;138;148;168m────────────────────────────────────────────────────────────────────────────────[39m
❯ [7mA[27m[38;2;138;148;168msk your question...[39m
[38;2;138;148;168m────────────────────────────────────────────────────────────────────────────────[39m
  [38;2;138;148;168m? for shortcuts · [38;2;2;136;142mtaste on[39m



[?2026l[?2026h[2K[1A[2K[1A[2K[1A[2K[1A[2K[1A[2K[1A[2K[1A[2K[1A[2K[1A[2K[1A[2K[1A[2K[1A[2K[1A[2K[1A[2K[G[38;2;165;153;233m⠶[39m I have enough to write a critical review. Key verification results:
  README already exists (added in [38;2;177;186;249m2e184e1[39m) and covers all
  commands/agents; the plan's one concrete check ([38;2;177;186;249mgit diff --stat -- [39m
  [38;2;177;186;249m'*.go'[39m) is broken by pre-existing uncommitted Go work; and the working
  tree already contains a manual README edit. Let me write the review.

[48;2;45;43;85m[38;2;228;204;255m [1m☆ [22m[38;2;110;97;163mAs[38;2;165;153;233ms[38;2;228;204;255me[38;2;171;165;206mm[38;2;204;199;225mb[38;2;255;255;255ml[38;2;234;218;255mi[38;2;171;165;206mn[38;2;228;204;255mg[38;2;165;153;233m…[38;2;228;204;255m [39m[49m [1m[38;2;138;148;168mesc[39m[22m [38;2;138;148;168mto interrupt[39m [38;2;138;148;168m•[39m [38;2;138;148;168m41s[39m [38;2;138;148;168m•[39m [38;2;138;148;168m↓[39m [38;2;138;148;168m20.7k[39m
[38;2;138;148;168m────────────────────────────────────────────────────────────────────────────────[39m
❯ [7mA[27m[38;2;138;148;168msk your question...[39m
[38;2;138;148;168m────────────────────────────────────────────────────────────────────────────────[39m
  [38;2;138;148;168m? for shortcuts · [38;2;2;136;142mtaste on[39m



[?2026l[?2026h[2K[1A[2K[1A[2K[1A[2K[1A[2K[1A[2K[1A[2K[1A[2K[1A[2K[1A[2K[1A[2K[1A[2K[1A[2K[1A[2K[1A[2K[G[38;2;165;153;233m⠶[39m I have enough to write a critical review. Key verification results:
  README already exists (added in [38;2;177;186;249m2e184e1[39m) and covers all
  commands/agents; the plan's one concrete check ([38;2;177;186;249mgit diff --stat -- [39m
  [38;2;177;186;249m'*.go'[39m) is broken by pre-existing uncommitted Go work; and the working
  tree already contains a manual README edit. Let me write the review.

[48;2;45;43;85m[38;2;228;204;255m [1m✧ [22m[38;2;110;97;163mAss[38;2;165;153;233me[38;2;228;204;255mm[38;2;171;165;206mb[38;2;204;199;225ml[38;2;255;255;255mi[38;2;234;218;255mn[38;2;171;165;206mg[38;2;228;204;255m… [39m[49m [1m[38;2;138;148;168mesc[39m[22m [38;2;138;148;168mto interrupt[39m [38;2;138;148;168m•[39m [38;2;138;148;168m41s[39m [38;2;138;148;168m•[39m [38;2;138;148;168m↓[39m [38;2;138;148;168m20.7k[39m
[38;2;138;148;168m────────────────────────────────────────────────────────────────────────────────[39m
❯ [7mA[27m[38;2;138;148;168msk your question...[39m
[38;2;138;148;168m────────────────────────────────────────────────────────────────────────────────[39m
  [38;2;138;148;168m? for shortcuts · [38;2;2;136;142mtaste on[39m



[?2026l[?2026h[2K[1A[2K[1A[2K[1A[2K[1A[2K[1A[2K[1A[2K[1A[2K[1A[2K[1A[2K[1A[2K[1A[2K[1A[2K[1A[2K[1A[2K[G[38;2;165;153;233m⠶[39m I have enough to write a critical review. Key verification results:
  README already exists (added in [38;2;177;186;249m2e184e1[39m) and covers all
  commands/agents; the plan's one concrete check ([38;2;177;186;249mgit diff --stat -- [39m
  [38;2;177;186;249m'*.go'[39m) is broken by pre-existing uncommitted Go work; and the working
  tree already contains a manual README edit. Let me write the review.

[48;2;45;43;85m[38;2;228;204;255m [1m☆ [22m[38;2;110;97;163mAsse[38;2;165;153;233mm[38;2;228;204;255mb[38;2;171;165;206ml[38;2;204;199;225mi[38;2;255;255;255mn[38;2;234;218;255mg[38;2;171;165;206m…[38;2;228;204;255m [39m[49m [1m[38;2;138;148;168mesc[39m[22m [38;2;138;148;168mto interrupt[39m [38;2;138;148;168m•[39m [38;2;138;148;168m41s[39m [38;2;138;148;168m•[39m [38;2;138;148;168m↓[39m [38;2;138;148;168m20.7k[39m
[38;2;138;148;168m────────────────────────────────────────────────────────────────────────────────[39m
❯ [7mA[27m[38;2;138;148;168msk your question...[39m
[38;2;138;148;168m────────────────────────────────────────────────────────────────────────────────[39m
  [38;2;138;148;168m? for shortcuts · [38;2;2;136;142mtaste on[39m



[?2026l[?2026h[2K[1A[2K[1A[2K[1A[2K[1A[2K[1A[2K[1A[2K[1A[2K[1A[2K[1A[2K[1A[2K[1A[2K[1A[2K[1A[2K[1A[2K[G[38;2;165;153;233m⠶[39m I have enough to write a critical review. Key verification results:
  README already exists (added in [38;2;177;186;249m2e184e1[39m) and covers all
  commands/agents; the plan's one concrete check ([38;2;177;186;249mgit diff --stat -- [39m
  [38;2;177;186;249m'*.go'[39m) is broken by pre-existing uncommitted Go work; and the working
  tree already contains a manual README edit. Let me write the review.

[48;2;45;43;85m[38;2;228;204;255m [1m◇ [22m[38;2;110;97;163mAssem[38;2;165;153;233mb[38;2;228;204;255ml[38;2;171;165;206mi[38;2;204;199;225mn[38;2;255;255;255mg[38;2;234;218;255m…[38;2;228;204;255m [39m[49m [1m[38;2;138;148;168mesc[39m[22m [38;2;138;148;168mto interrupt[39m [38;2;138;148;168m•[39m [38;2;138;148;168m41s[39m [38;2;138;148;168m•[39m [38;2;138;148;168m↓[39m [38;2;138;148;168m20.7k[39m
[38;2;138;148;168m────────────────────────────────────────────────────────────────────────────────[39m
❯ [7mA[27m[38;2;138;148;168msk your question...[39m
[38;2;138;148;168m────────────────────────────────────────────────────────────────────────────────[39m
  [38;2;138;148;168m? for shortcuts · [38;2;2;136;142mtaste on[39m



[?2026l[?2026h[2K[1A[2K[1A[2K[1A[2K[1A[2K[1A[2K[1A[2K[1A[2K[1A[2K[1A[2K[1A[2K[1A[2K[1A[2K[1A[2K[1A[2K[G[38;2;165;153;233m⠶[39m I have enough to write a critical review. Key verification results:
  README already exists (added in [38;2;177;186;249m2e184e1[39m) and covers all
  commands/agents; the plan's one concrete check ([38;2;177;186;249mgit diff --stat -- [39m
  [38;2;177;186;249m'*.go'[39m) is broken by pre-existing uncommitted Go work; and the working
  tree already contains a manual README edit. Let me write the review.

[48;2;45;43;85m[38;2;228;204;255m [1m○ [22m[38;2;110;97;163mAssemb[38;2;165;153;233ml[38;2;228;204;255mi[38;2;171;165;206mn[38;2;204;199;225mg[38;2;255;255;255m…[38;2;228;204;255m [39m[49m [1m[38;2;138;148;168mesc[39m[22m [38;2;138;148;168mto interrupt[39m [38;2;138;148;168m•[39m [38;2;138;148;168m41s[39m [38;2;138;148;168m•[39m [38;2;138;148;168m↓[39m [38;2;138;148;168m20.7k[39m
[38;2;138;148;168m────────────────────────────────────────────────────────────────────────────────[39m
❯ [7mA[27m[38;2;138;148;168msk your question...[39m
[38;2;138;148;168m────────────────────────────────────────────────────────────────────────────────[39m
  [38;2;138;148;168m? for shortcuts · [38;2;2;136;142mtaste on[39m



[?2026l[?2026h[2K[1A[2K[1A[2K[1A[2K[1A[2K[1A[2K[1A[2K[1A[2K[1A[2K[1A[2K[1A[2K[1A[2K[1A[2K[1A[2K[1A[2K[G[38;2;165;153;233m⠶[39m I have enough to write a critical review. Key verification results:
  README already exists (added in [38;2;177;186;249m2e184e1[39m) and covers all
  commands/agents; the plan's one concrete check ([38;2;177;186;249mgit diff --stat -- [39m
  [38;2;177;186;249m'*.go'[39m) is broken by pre-existing uncommitted Go work; and the working
  tree already contains a manual README edit. Let me write the review.

[48;2;45;43;85m[38;2;228;204;255m [1m⌘ [22m[38;2;110;97;163mAssembl[38;2;165;153;233mi[38;2;228;204;255mn[38;2;171;165;206mg[38;2;204;199;225m…[38;2;228;204;255m [39m[49m [1m[38;2;138;148;168mesc[39m[22m [38;2;138;148;168mto interrupt[39m [38;2;138;148;168m•[39m [38;2;138;148;168m41s[39m [38;2;138;148;168m•[39m [38;2;138;148;168m↓[39m [38;2;138;148;168m20.7k[39m
[38;2;138;148;168m────────────────────────────────────────────────────────────────────────────────[39m
❯ [7mA[27m[38;2;138;148;168msk your question...[39m
[38;2;138;148;168m────────────────────────────────────────────────────────────────────────────────[39m
  [38;2;138;148;168m? for shortcuts · [38;2;2;136;142mtaste on[39m



[?2026l[?2026h[2K[1A[2K[1A[2K[1A[2K[1A[2K[1A[2K[1A[2K[1A[2K[1A[2K[1A[2K[1A[2K[1A[2K[1A[2K[1A[2K[1A[2K[G[38;2;165;153;233m⠶[39m I have enough to write a critical review. Key verification results:
  README already exists (added in [38;2;177;186;249m2e184e1[39m) and covers all
  commands/agents; the plan's one concrete check ([38;2;177;186;249mgit diff --stat -- [39m
  [38;2;177;186;249m'*.go'[39m) is broken by pre-existing uncommitted Go work; and the working
  tree already contains a manual README edit. Let me write the review.

[48;2;45;43;85m[38;2;228;204;255m [1m⌘ [22m[38;2;110;97;163mAssembli[38;2;165;153;233mn[38;2;228;204;255mg[38;2;171;165;206m…[38;2;228;204;255m [39m[49m [1m[38;2;138;148;168mesc[39m[22m [38;2;138;148;168mto interrupt[39m [38;2;138;148;168m•[39m [38;2;138;148;168m41s[39m [38;2;138;148;168m•[39m [38;2;138;148;168m↓[39m [38;2;138;148;168m20.7k[39m
[38;2;138;148;168m────────────────────────────────────────────────────────────────────────────────[39m
❯ [7mA[27m[38;2;138;148;168msk your question...[39m
[38;2;138;148;168m────────────────────────────────────────────────────────────────────────────────[39m
  [38;2;138;148;168m? for shortcuts · [38;2;2;136;142mtaste on[39m



[?2026l[?2026h[2K[1A[2K[1A[2K[1A[2K[1A[2K[1A[2K[1A[2K[1A[2K[1A[2K[1A[2K[1A[2K[1A[2K[1A[2K[1A[2K[1A[2K[G[38;2;165;153;233m⠶[39m I have enough to write a critical review. Key verification results:
  README already exists (added in [38;2;177;186;249m2e184e1[39m) and covers all
  commands/agents; the plan's one concrete check ([38;2;177;186;249mgit diff --stat -- [39m
  [38;2;177;186;249m'*.go'[39m) is broken by pre-existing uncommitted Go work; and the working
  tree already contains a manual README edit. Let me write the review.

[48;2;45;43;85m[38;2;228;204;255m [1m⌘ [22m[38;2;110;97;163mAssemblin[38;2;165;153;233mg[38;2;228;204;255m… [39m[49m [1m[38;2;138;148;168mesc[39m[22m [38;2;138;148;168mto interrupt[39m [38;2;138;148;168m•[39m [38;2;138;148;168m42s[39m [38;2;138;148;168m•[39m [38;2;138;148;168m↓[39m [38;2;138;148;168m20.7k[39m
[38;2;138;148;168m────────────────────────────────────────────────────────────────────────────────[39m
❯ [7mA[27m[38;2;138;148;168msk your question...[39m
[38;2;138;148;168m────────────────────────────────────────────────────────────────────────────────[39m
  [38;2;138;148;168m? for shortcuts · [38;2;2;136;142mtaste on[39m



[?2026l[?2026h[2K[1A[2K[1A[2K[1A[2K[1A[2K[1A[2K[1A[2K[1A[2K[1A[2K[1A[2K[1A[2K[1A[2K[1A[2K[1A[2K[1A[2K[G[38;2;165;153;233m⠶[39m I have enough to write a critical review. Key verification results:
  README already exists (added in [38;2;177;186;249m2e184e1[39m) and covers all
  commands/agents; the plan's one concrete check ([38;2;177;186;249mgit diff --stat -- [39m
  [38;2;177;186;249m'*.go'[39m) is broken by pre-existing uncommitted Go work; and the working
  tree already contains a manual README edit. Let me write the review.

[48;2;45;43;85m[38;2;228;204;255m [1m⌘ [22m[38;2;110;97;163mAssembling[38;2;165;153;233m…[38;2;228;204;255m [39m[49m [1m[38;2;138;148;168mesc[39m[22m [38;2;138;148;168mto interrupt[39m [38;2;138;148;168m•[39m [38;2;138;148;168m42s[39m [38;2;138;148;168m•[39m [38;2;138;148;168m↓[39m [38;2;138;148;168m20.7k[39m
[38;2;138;148;168m────────────────────────────────────────────────────────────────────────────────[39m
❯ [7mA[27m[38;2;138;148;168msk your question...[39m
[38;2;138;148;168m────────────────────────────────────────────────────────────────────────────────[39m
  [38;2;138;148;168m? for shortcuts · [38;2;2;136;142mtaste on[39m



[?2026l[?2026h[2K[1A[2K[1A[2K[1A[2K[1A[2K[1A[2K[1A[2K[1A[2K[1A[2K[1A[2K[1A[2K[1A[2K[1A[2K[1A[2K[1A[2K[G[38;2;165;153;233m⠶[39m I have enough to write a critical review. Key verification results:
  README already exists (added in [38;2;177;186;249m2e184e1[39m) and covers all
  commands/agents; the plan's one concrete check ([38;2;177;186;249mgit diff --stat -- [39m
  [38;2;177;186;249m'*.go'[39m) is broken by pre-existing uncommitted Go work; and the working
  tree already contains a manual README edit. Let me write the review.

[48;2;45;43;85m[38;2;228;204;255m [1m○ [22m[38;2;110;97;163mAssembling…[38;2;228;204;255m [39m[49m [1m[38;2;138;148;168mesc[39m[22m [38;2;138;148;168mto interrupt[39m [38;2;138;148;168m•[39m [38;2;138;148;168m42s[39m [38;2;138;148;168m•[39m [38;2;138;148;168m↓[39m [38;2;138;148;168m20.7k[39m
[38;2;138;148;168m────────────────────────────────────────────────────────────────────────────────[39m
❯ [7mA[27m[38;2;138;148;168msk your question...[39m
[38;2;138;148;168m────────────────────────────────────────────────────────────────────────────────[39m
  [38;2;138;148;168m? for shortcuts · [38;2;2;136;142mtaste on[39m



[?2026l[?2026h[2K[1A[2K[1A[2K[1A[2K[1A[2K[1A[2K[1A[2K[1A[2K[1A[2K[1A[2K[1A[2K[1A[2K[1A[2K[1A[2K[1A[2K[G[38;2;165;153;233m⠶[39m I have enough to write a critical review. Key verification results:
  README already exists (added in [38;2;177;186;249m2e184e1[39m) and covers all
  commands/agents; the plan's one concrete check ([38;2;177;186;249mgit diff --stat -- [39m
  [38;2;177;186;249m'*.go'[39m) is broken by pre-existing uncommitted Go work; and the working
  tree already contains a manual README edit. Let me write the review.

[48;2;45;43;85m[38;2;228;204;255m [1m◇ [22m[38;2;110;97;163mAssembling…[38;2;228;204;255m [39m[49m [1m[38;2;138;148;168mesc[39m[22m [38;2;138;148;168mto interrupt[39m [38;2;138;148;168m•[39m [38;2;138;148;168m42s[39m [38;2;138;148;168m•[39m [38;2;138;148;168m↓[39m [38;2;138;148;168m20.7k[39m
[38;2;138;148;168m────────────────────────────────────────────────────────────────────────────────[39m
❯ [7mA[27m[38;2;138;148;168msk your question...[39m
[38;2;138;148;168m────────────────────────────────────────────────────────────────────────────────[39m
  [38;2;138;148;168m? for shortcuts · [38;2;2;136;142mtaste on[39m



[?2026l[?2026h[2K[1A[2K[1A[2K[1A[2K[1A[2K[1A[2K[1A[2K[1A[2K[1A[2K[1A[2K[1A[2K[1A[2K[1A[2K[1A[2K[1A[2K[G[38;2;165;153;233m⠶[39m I have enough to write a critical review. Key verification results:
  README already exists (added in [38;2;177;186;249m2e184e1[39m) and covers all
  commands/agents; the plan's one concrete check ([38;2;177;186;249mgit diff --stat -- [39m
  [38;2;177;186;249m'*.go'[39m) is broken by pre-existing uncommitted Go work; and the working
  tree already contains a manual README edit. Let me write the review.

[48;2;45;43;85m[38;2;228;204;255m [1m☆ [22m[38;2;110;97;163mAssembling…[38;2;228;204;255m [39m[49m [1m[38;2;138;148;168mesc[39m[22m [38;2;138;148;168mto interrupt[39m [38;2;138;148;168m•[39m [38;2;138;148;168m42s[39m [38;2;138;148;168m•[39m [38;2;138;148;168m↓[39m [38;2;138;148;168m20.7k[39m
[38;2;138;148;168m────────────────────────────────────────────────────────────────────────────────[39m
❯ [7mA[27m[38;2;138;148;168msk your question...[39m
[38;2;138;148;168m────────────────────────────────────────────────────────────────────────────────[39m
  [38;2;138;148;168m? for shortcuts · [38;2;2;136;142mtaste on[39m



[?2026l[?2026h[2K[1A[2K[1A[2K[1A[2K[1A[2K[1A[2K[1A[2K[1A[2K[1A[2K[1A[2K[1A[2K[1A[2K[1A[2K[1A[2K[1A[2K[G[38;2;165;153;233m⠶[39m I have enough to write a critical review. Key verification results:
  README already exists (added in [38;2;177;186;249m2e184e1[39m) and covers all
  commands/agents; the plan's one concrete check ([38;2;177;186;249mgit diff --stat -- [39m
  [38;2;177;186;249m'*.go'[39m) is broken by pre-existing uncommitted Go work; and the working
  tree already contains a manual README edit. Let me write the review.

[48;2;45;43;85m[38;2;228;204;255m [1m✧ [22m[38;2;110;97;163mAssembling…[38;2;228;204;255m [39m[49m [1m[38;2;138;148;168mesc[39m[22m [38;2;138;148;168mto interrupt[39m [38;2;138;148;168m•[39m [38;2;138;148;168m42s[39m [38;2;138;148;168m•[39m [38;2;138;148;168m↓[39m [38;2;138;148;168m20.7k[39m
[38;2;138;148;168m────────────────────────────────────────────────────────────────────────────────[39m
❯ [7mA[27m[38;2;138;148;168msk your question...[39m
[38;2;138;148;168m────────────────────────────────────────────────────────────────────────────────[39m
  [38;2;138;148;168m? for shortcuts · [38;2;2;136;142mtaste on[39m



[?2026l[?2026h[2K[1A[2K[1A[2K[1A[2K[1A[2K[1A[2K[1A[2K[1A[2K[1A[2K[1A[2K[1A[2K[1A[2K[1A[2K[1A[2K[1A[2K[G[38;2;165;153;233m⠶[39m I have enough to write a critical review. Key verification results:
  README already exists (added in [38;2;177;186;249m2e184e1[39m) and covers all
  commands/agents; the plan's one concrete check ([38;2;177;186;249mgit diff --stat -- [39m
  [38;2;177;186;249m'*.go'[39m) is broken by pre-existing uncommitted Go work; and the working
  tree already contains a manual README edit. Let me write the review.

[48;2;45;43;85m[38;2;228;204;255m [1m☆ [22m[38;2;110;97;163mAssembling…[38;2;228;204;255m [39m[49m [1m[38;2;138;148;168mesc[39m[22m [38;2;138;148;168mto interrupt[39m [38;2;138;148;168m•[39m [38;2;138;148;168m42s[39m [38;2;138;148;168m•[39m [38;2;138;148;168m↓[39m [38;2;138;148;168m20.7k[39m
[38;2;138;148;168m────────────────────────────────────────────────────────────────────────────────[39m
❯ [7mA[27m[38;2;138;148;168msk your question...[39m
[38;2;138;148;168m────────────────────────────────────────────────────────────────────────────────[39m
  [38;2;138;148;168m? for shortcuts · [38;2;2;136;142mtaste on[39m



[?2026l[?2026h[2K[1A[2K[1A[2K[1A[2K[1A[2K[1A[2K[1A[2K[1A[2K[1A[2K[1A[2K[1A[2K[1A[2K[1A[2K[1A[2K[1A[2K[G[38;2;165;153;233m⠶[39m I have enough to write a critical review. Key verification results:
  README already exists (added in [38;2;177;186;249m2e184e1[39m) and covers all
  commands/agents; the plan's one concrete check ([38;2;177;186;249mgit diff --stat -- [39m
  [38;2;177;186;249m'*.go'[39m) is broken by pre-existing uncommitted Go work; and the working
  tree already contains a manual README edit. Let me write the review.

[48;2;45;43;85m[38;2;228;204;255m [1m◇ [22m[38;2;234;218;255mA[38;2;171;165;206ms[38;2;228;204;255ms[38;2;165;153;233me[38;2;110;97;163mmbling…[38;2;228;204;255m [39m[49m [1m[38;2;138;148;168mesc[39m[22m [38;2;138;148;168mto interrupt[39m [38;2;138;148;168m•[39m [38;2;138;148;168m42s[39m [38;2;138;148;168m•[39m [38;2;138;148;168m↓[39m [38;2;138;148;168m20.7k[39m
[38;2;138;148;168m────────────────────────────────────────────────────────────────────────────────[39m
❯ [7mA[27m[38;2;138;148;168msk your question...[39m
[38;2;138;148;168m────────────────────────────────────────────────────────────────────────────────[39m
  [38;2;138;148;168m? for shortcuts · [38;2;2;136;142mtaste on[39m



[?2026l[?2026h[2K[1A[2K[1A[2K[1A[2K[1A[2K[1A[2K[1A[2K[1A[2K[1A[2K[1A[2K[1A[2K[1A[2K[1A[2K[1A[2K[1A[2K[G[38;2;165;153;233m⠶[39m I have enough to write a critical review. Key verification results:
  README already exists (added in [38;2;177;186;249m2e184e1[39m) and covers all
  commands/agents; the plan's one concrete check ([38;2;177;186;249mgit diff --stat -- [39m
  [38;2;177;186;249m'*.go'[39m) is broken by pre-existing uncommitted Go work; and the working
  tree already contains a manual README edit. Let me write the review.

[48;2;45;43;85m[38;2;228;204;255m [1m○ [22m[38;2;255;255;255mA[38;2;234;218;255ms[38;2;171;165;206ms[38;2;228;204;255me[38;2;165;153;233mm[38;2;110;97;163mbling…[38;2;228;204;255m [39m[49m [1m[38;2;138;148;168mesc[39m[22m [38;2;138;148;168mto interrupt[39m [38;2;138;148;168m•[39m [38;2;138;148;168m42s[39m [38;2;138;148;168m•[39m [38;2;138;148;168m↓[39m [38;2;138;148;168m20.7k[39m
[38;2;138;148;168m────────────────────────────────────────────────────────────────────────────────[39m
❯ [7mA[27m[38;2;138;148;168msk your question...[39m
[38;2;138;148;168m────────────────────────────────────────────────────────────────────────────────[39m
  [38;2;138;148;168m? for shortcuts · [38;2;2;136;142mtaste on[39m



[?2026l[?2026h[2K[1A[2K[1A[2K[1A[2K[1A[2K[1A[2K[1A[2K[1A[2K[1A[2K[1A[2K[1A[2K[1A[2K[1A[2K[1A[2K[1A[2K[G[38;2;165;153;233m⠶[39m I have enough to write a critical review. Key verification results:
  README already exists (added in [38;2;177;186;249m2e184e1[39m) and covers all
  commands/agents; the plan's one concrete check ([38;2;177;186;249mgit diff --stat -- [39m
  [38;2;177;186;249m'*.go'[39m) is broken by pre-existing uncommitted Go work; and the working
  tree already contains a manual README edit. Let me write the review.

[48;2;45;43;85m[38;2;228;204;255m [1m· [22m[38;2;204;199;225mA[38;2;255;255;255ms[38;2;234;218;255ms[38;2;171;165;206me[38;2;228;204;255mm[38;2;165;153;233mb[38;2;110;97;163mling…[38;2;228;204;255m [39m[49m [1m[38;2;138;148;168mesc[39m[22m [38;2;138;148;168mto interrupt[39m [38;2;138;148;168m•[39m [38;2;138;148;168m42s[39m [38;2;138;148;168m•[39m [38;2;138;148;168m↓[39m [38;2;138;148;168m20.7k[39m
[38;2;138;148;168m────────────────────────────────────────────────────────────────────────────────[39m
❯ [7mA[27m[38;2;138;148;168msk your question...[39m
[38;2;138;148;168m────────────────────────────────────────────────────────────────────────────────[39m
  [38;2;138;148;168m? for shortcuts · [38;2;2;136;142mtaste on[39m



[?2026l[?2026h[2K[1A[2K[1A[2K[1A[2K[1A[2K[1A[2K[1A[2K[1A[2K[1A[2K[1A[2K[1A[2K[1A[2K[1A[2K[1A[2K[1A[2K[G[38;2;165;153;233m⠶[39m I have enough to write a critical review. Key verification results:
  README already exists (added in [38;2;177;186;249m2e184e1[39m) and covers all
  commands/agents; the plan's one concrete check ([38;2;177;186;249mgit diff --stat -- [39m
  [38;2;177;186;249m'*.go'[39m) is broken by pre-existing uncommitted Go work; and the working
  tree already contains a manual README edit. Let me write the review.

[48;2;45;43;85m[38;2;228;204;255m [1m· [22m[38;2;171;165;206mA[38;2;204;199;225ms[38;2;255;255;255ms[38;2;234;218;255me[38;2;171;165;206mm[38;2;228;204;255mb[38;2;165;153;233ml[38;2;110;97;163ming…[38;2;228;204;255m [39m[49m [1m[38;2;138;148;168mesc[39m[22m [38;2;138;148;168mto interrupt[39m [38;2;138;148;168m•[39m [38;2;138;148;168m42s[39m [38;2;138;148;168m•[39m [38;2;138;148;168m↓[39m [38;2;138;148;168m20.7k[39m
[38;2;138;148;168m────────────────────────────────────────────────────────────────────────────────[39m
❯ [7mA[27m[38;2;138;148;168msk your question...[39m
[38;2;138;148;168m────────────────────────────────────────────────────────────────────────────────[39m
  [38;2;138;148;168m? for shortcuts · [38;2;2;136;142mtaste on[39m



[?2026l[?2026h[2K[1A[2K[1A[2K[1A[2K[1A[2K[1A[2K[1A[2K[1A[2K[1A[2K[1A[2K[1A[2K[1A[2K[1A[2K[1A[2K[1A[2K[G[38;2;165;153;233m⠶[39m I have enough to write a critical review. Key verification results:
  README already exists (added in [38;2;177;186;249m2e184e1[39m) and covers all
  commands/agents; the plan's one concrete check ([38;2;177;186;249mgit diff --stat -- [39m
  [38;2;177;186;249m'*.go'[39m) is broken by pre-existing uncommitted Go work; and the working
  tree already contains a manual README edit. Let me write the review.

[48;2;45;43;85m[38;2;228;204;255m [1m· [22mA[38;2;171;165;206ms[38;2;204;199;225ms[38;2;255;255;255me[38;2;234;218;255mm[38;2;171;165;206mb[38;2;228;204;255ml[38;2;165;153;233mi[38;2;110;97;163mng…[38;2;228;204;255m [39m[49m [1m[38;2;138;148;168mesc[39m[22m [38;2;138;148;168mto interrupt[39m [38;2;138;148;168m•[39m [38;2;138;148;168m42s[39m [38;2;138;148;168m•[39m [38;2;138;148;168m↓[39m [38;2;138;148;168m20.7k[39m
[38;2;138;148;168m────────────────────────────────────────────────────────────────────────────────[39m
❯ [7mA[27m[38;2;138;148;168msk your question...[39m
[38;2;138;148;168m────────────────────────────────────────────────────────────────────────────────[39m
  [38;2;138;148;168m? for shortcuts · [38;2;2;136;142mtaste on[39m



[?2026l[?2026h[2K[1A[2K[1A[2K[1A[2K[1A[2K[1A[2K[1A[2K[1A[2K[1A[2K[1A[2K[1A[2K[1A[2K[1A[2K[1A[2K[1A[2K[G[38;2;165;153;233m⠶[39m I have enough to write a critical review. Key verification results:
  README already exists (added in [38;2;177;186;249m2e184e1[39m) and covers all
  commands/agents; the plan's one concrete check ([38;2;177;186;249mgit diff --stat -- [39m
  [38;2;177;186;249m'*.go'[39m) is broken by pre-existing uncommitted Go work; and the working
  tree already contains a manual README edit. Let me write the review.

[48;2;45;43;85m[38;2;228;204;255m [1m○ [22m[38;2;165;153;233mA[38;2;228;204;255ms[38;2;171;165;206ms[38;2;204;199;225me[38;2;255;255;255mm[38;2;234;218;255mb[38;2;171;165;206ml[38;2;228;204;255mi[38;2;165;153;233mn[38;2;110;97;163mg…[38;2;228;204;255m [39m[49m [1m[38;2;138;148;168mesc[39m[22m [38;2;138;148;168mto interrupt[39m [38;2;138;148;168m•[39m [38;2;138;148;168m43s[39m [38;2;138;148;168m•[39m [38;2;138;148;168m↓[39m [38;2;138;148;168m20.7k[39m
[38;2;138;148;168m────────────────────────────────────────────────────────────────────────────────[39m
❯ [7mA[27m[38;2;138;148;168msk your question...[39m
[38;2;138;148;168m────────────────────────────────────────────────────────────────────────────────[39m
  [38;2;138;148;168m? for shortcuts · [38;2;2;136;142mtaste on[39m



[?2026l[?2026h[2K[1A[2K[1A[2K[1A[2K[1A[2K[1A[2K[1A[2K[1A[2K[1A[2K[1A[2K[1A[2K[1A[2K[1A[2K[1A[2K[1A[2K[G[38;2;165;153;233m⠶[39m I have enough to write a critical review. Key verification results:
  README already exists (added in [38;2;177;186;249m2e184e1[39m) and covers all
  commands/agents; the plan's one concrete check ([38;2;177;186;249mgit diff --stat -- [39m
  [38;2;177;186;249m'*.go'[39m) is broken by pre-existing uncommitted Go work; and the working
  tree already contains a manual README edit. Let me write the review.

[48;2;45;43;85m[38;2;228;204;255m [1m○ [22m[38;2;110;97;163mA[38;2;165;153;233ms[38;2;228;204;255ms[38;2;171;165;206me[38;2;204;199;225mm[38;2;255;255;255mb[38;2;234;218;255ml[38;2;171;165;206mi[38;2;228;204;255mn[38;2;165;153;233mg[38;2;110;97;163m…[38;2;228;204;255m [39m[49m [1m[38;2;138;148;168mesc[39m[22m [38;2;138;148;168mto interrupt[39m [38;2;138;148;168m•[39m [38;2;138;148;168m43s[39m [38;2;138;148;168m•[39m [38;2;138;148;168m↓[39m [38;2;138;148;168m20.7k[39m
[38;2;138;148;168m────────────────────────────────────────────────────────────────────────────────[39m
❯ [7mA[27m[38;2;138;148;168msk your question...[39m
[38;2;138;148;168m────────────────────────────────────────────────────────────────────────────────[39m
  [38;2;138;148;168m? for shortcuts · [38;2;2;136;142mtaste on[39m



[?2026l[?2026h[2K[1A[2K[1A[2K[1A[2K[1A[2K[1A[2K[1A[2K[1A[2K[1A[2K[1A[2K[1A[2K[1A[2K[1A[2K[1A[2K[1A[2K[G[38;2;165;153;233m⠶[39m I have enough to write a critical review. Key verification results:
  README already exists (added in [38;2;177;186;249m2e184e1[39m) and covers all
  commands/agents; the plan's one concrete check ([38;2;177;186;249mgit diff --stat -- [39m
  [38;2;177;186;249m'*.go'[39m) is broken by pre-existing uncommitted Go work; and the working
  tree already contains a manual README edit. Let me write the review.

[48;2;45;43;85m[38;2;228;204;255m [1m◇ [22m[38;2;110;97;163mAs[38;2;165;153;233ms[38;2;228;204;255me[38;2;171;165;206mm[38;2;204;199;225mb[38;2;255;255;255ml[38;2;234;218;255mi[38;2;171;165;206mn[38;2;228;204;255mg[38;2;165;153;233m…[38;2;228;204;255m [39m[49m [1m[38;2;138;148;168mesc[39m[22m [38;2;138;148;168mto interrupt[39m [38;2;138;148;168m•[39m [38;2;138;148;168m43s[39m [38;2;138;148;168m•[39m [38;2;138;148;168m↓[39m [38;2;138;148;168m20.7k[39m
[38;2;138;148;168m────────────────────────────────────────────────────────────────────────────────[39m
❯ [7mA[27m[38;2;138;148;168msk your question...[39m
[38;2;138;148;168m────────────────────────────────────────────────────────────────────────────────[39m
  [38;2;138;148;168m? for shortcuts · [38;2;2;136;142mtaste on[39m



[?2026l[?2026h[2K[1A[2K[1A[2K[1A[2K[1A[2K[1A[2K[1A[2K[1A[2K[1A[2K[1A[2K[1A[2K[1A[2K[1A[2K[1A[2K[1A[2K[G[38;2;165;153;233m⠶[39m I have enough to write a critical review. Key verification results:
  README already exists (added in [38;2;177;186;249m2e184e1[39m) and covers all
  commands/agents; the plan's one concrete check ([38;2;177;186;249mgit diff --stat -- [39m
  [38;2;177;186;249m'*.go'[39m) is broken by pre-existing uncommitted Go work; and the working
  tree already contains a manual README edit. Let me write the review.

[48;2;45;43;85m[38;2;228;204;255m [1m☆ [22m[38;2;110;97;163mAss[38;2;165;153;233me[38;2;228;204;255mm[38;2;171;165;206mb[38;2;204;199;225ml[38;2;255;255;255mi[38;2;234;218;255mn[38;2;171;165;206mg[38;2;228;204;255m… [39m[49m [1m[38;2;138;148;168mesc[39m[22m [38;2;138;148;168mto interrupt[39m [38;2;138;148;168m•[39m [38;2;138;148;168m43s[39m [38;2;138;148;168m•[39m [38;2;138;148;168m↓[39m [38;2;138;148;168m20.7k[39m
[38;2;138;148;168m────────────────────────────────────────────────────────────────────────────────[39m
❯ [7mA[27m[38;2;138;148;168msk your question...[39m
[38;2;138;148;168m────────────────────────────────────────────────────────────────────────────────[39m
  [38;2;138;148;168m? for shortcuts · [38;2;2;136;142mtaste on[39m



[?2026l[?2026h[2K[1A[2K[1A[2K[1A[2K[1A[2K[1A[2K[1A[2K[1A[2K[1A[2K[1A[2K[1A[2K[1A[2K[1A[2K[1A[2K[1A[2K[G[38;2;165;153;233m⠶[39m I have enough to write a critical review. Key verification results:
  README already exists (added in [38;2;177;186;249m2e184e1[39m) and covers all
  commands/agents; the plan's one concrete check ([38;2;177;186;249mgit diff --stat -- [39m
  [38;2;177;186;249m'*.go'[39m) is broken by pre-existing uncommitted Go work; and the working
  tree already contains a manual README edit. Let me write the review.

[48;2;45;43;85m[38;2;228;204;255m [1m✧ [22m[38;2;110;97;163mAsse[38;2;165;153;233mm[38;2;228;204;255mb[38;2;171;165;206ml[38;2;204;199;225mi[38;2;255;255;255mn[38;2;234;218;255mg[38;2;171;165;206m…[38;2;228;204;255m [39m[49m [1m[38;2;138;148;168mesc[39m[22m [38;2;138;148;168mto interrupt[39m [38;2;138;148;168m•[39m [38;2;138;148;168m43s[39m [38;2;138;148;168m•[39m [38;2;138;148;168m↓[39m [38;2;138;148;168m20.7k[39m
[38;2;138;148;168m────────────────────────────────────────────────────────────────────────────────[39m
❯ [7mA[27m[38;2;138;148;168msk your question...[39m
[38;2;138;148;168m────────────────────────────────────────────────────────────────────────────────[39m
  [38;2;138;148;168m? for shortcuts · [38;2;2;136;142mtaste on[39m



[?2026l[?2026h[2K[1A[2K[1A[2K[1A[2K[1A[2K[1A[2K[1A[2K[1A[2K[1A[2K[1A[2K[1A[2K[1A[2K[1A[2K[1A[2K[1A[2K[G[38;2;165;153;233m⠶[39m I have enough to write a critical review. Key verification results:
  README already exists (added in [38;2;177;186;249m2e184e1[39m) and covers all
  commands/agents; the plan's one concrete check ([38;2;177;186;249mgit diff --stat -- [39m
  [38;2;177;186;249m'*.go'[39m) is broken by pre-existing uncommitted Go work; and the working
  tree already contains a manual README edit. Let me write the review.

[48;2;45;43;85m[38;2;228;204;255m [1m☆ [22m[38;2;110;97;163mAssem[38;2;165;153;233mb[38;2;228;204;255ml[38;2;171;165;206mi[38;2;204;199;225mn[38;2;255;255;255mg[38;2;234;218;255m…[38;2;228;204;255m [39m[49m [1m[38;2;138;148;168mesc[39m[22m [38;2;138;148;168mto interrupt[39m [38;2;138;148;168m•[39m [38;2;138;148;168m43s[39m [38;2;138;148;168m•[39m [38;2;138;148;168m↓[39m [38;2;138;148;168m20.7k[39m
[38;2;138;148;168m────────────────────────────────────────────────────────────────────────────────[39m
❯ [7mA[27m[38;2;138;148;168msk your question...[39m
[38;2;138;148;168m────────────────────────────────────────────────────────────────────────────────[39m
  [38;2;138;148;168m? for shortcuts · [38;2;2;136;142mtaste on[39m



[?2026l[?2026h[2K[1A[2K[1A[2K[1A[2K[1A[2K[1A[2K[1A[2K[1A[2K[1A[2K[1A[2K[1A[2K[1A[2K[1A[2K[1A[2K[1A[2K[G[38;2;165;153;233m⠶[39m I have enough to write a critical review. Key verification results:
  README already exists (added in [38;2;177;186;249m2e184e1[39m) and covers all
  commands/agents; the plan's one concrete check ([38;2;177;186;249mgit diff --stat -- [39m
  [38;2;177;186;249m'*.go'[39m) is broken by pre-existing uncommitted Go work; and the working
  tree already contains a manual README edit. Let me write the review.

[48;2;45;43;85m[38;2;228;204;255m [1m◇ [22m[38;2;110;97;163mAssemb[38;2;165;153;233ml[38;2;228;204;255mi[38;2;171;165;206mn[38;2;204;199;225mg[38;2;255;255;255m…[38;2;228;204;255m [39m[49m [1m[38;2;138;148;168mesc[39m[22m [38;2;138;148;168mto interrupt[39m [38;2;138;148;168m•[39m [38;2;138;148;168m43s[39m [38;2;138;148;168m•[39m [38;2;138;148;168m↓[39m [38;2;138;148;168m20.7k[39m
[38;2;138;148;168m────────────────────────────────────────────────────────────────────────────────[39m
❯ [7mA[27m[38;2;138;148;168msk your question...[39m
[38;2;138;148;168m────────────────────────────────────────────────────────────────────────────────[39m
  [38;2;138;148;168m? for shortcuts · [38;2;2;136;142mtaste on[39m



[?2026l[?2026h[2K[1A[2K[1A[2K[1A[2K[1A[2K[1A[2K[1A[2K[1A[2K[1A[2K[1A[2K[1A[2K[1A[2K[1A[2K[1A[2K[1A[2K[G[38;2;165;153;233m⠶[39m I have enough to write a critical review. Key verification results:
  README already exists (added in [38;2;177;186;249m2e184e1[39m) and covers all
  commands/agents; the plan's one concrete check ([38;2;177;186;249mgit diff --stat -- [39m
  [38;2;177;186;249m'*.go'[39m) is broken by pre-existing uncommitted Go work; and the working
  tree already contains a manual README edit. Let me write the review.

[48;2;45;43;85m[38;2;228;204;255m [1m○ [22m[38;2;110;97;163mAssembl[38;2;165;153;233mi[38;2;228;204;255mn[38;2;171;165;206mg[38;2;204;199;225m…[38;2;228;204;255m [39m[49m [1m[38;2;138;148;168mesc[39m[22m [38;2;138;148;168mto interrupt[39m [38;2;138;148;168m•[39m [38;2;138;148;168m43s[39m [38;2;138;148;168m•[39m [38;2;138;148;168m↓[39m [38;2;138;148;168m20.7k[39m
[38;2;138;148;168m────────────────────────────────────────────────────────────────────────────────[39m
❯ [7mA[27m[38;2;138;148;168msk your question...[39m
[38;2;138;148;168m────────────────────────────────────────────────────────────────────────────────[39m
  [38;2;138;148;168m? for shortcuts · [38;2;2;136;142mtaste on[39m



[?2026l[?2026h[2K[1A[2K[1A[2K[1A[2K[1A[2K[1A[2K[1A[2K[1A[2K[1A[2K[1A[2K[1A[2K[1A[2K[1A[2K[1A[2K[1A[2K[G[38;2;165;153;233m⠶[39m I have enough to write a critical review. Key verification results:
  README already exists (added in [38;2;177;186;249m2e184e1[39m) and covers all
  commands/agents; the plan's one concrete check ([38;2;177;186;249mgit diff --stat -- [39m
  [38;2;177;186;249m'*.go'[39m) is broken by pre-existing uncommitted Go work; and the working
  tree already contains a manual README edit. Let me write the review.

[48;2;45;43;85m[38;2;228;204;255m [1m⌘ [22m[38;2;110;97;163mAssembli[38;2;165;153;233mn[38;2;228;204;255mg[38;2;171;165;206m…[38;2;228;204;255m [39m[49m [1m[38;2;138;148;168mesc[39m[22m [38;2;138;148;168mto interrupt[39m [38;2;138;148;168m•[39m [38;2;138;148;168m43s[39m [38;2;138;148;168m•[39m [38;2;138;148;168m↓[39m [38;2;138;148;168m20.7k[39m
[38;2;138;148;168m────────────────────────────────────────────────────────────────────────────────[39m
❯ [7mA[27m[38;2;138;148;168msk your question...[39m
[38;2;138;148;168m────────────────────────────────────────────────────────────────────────────────[39m
  [38;2;138;148;168m? for shortcuts · [38;2;2;136;142mtaste on[39m



[?2026l[?2026h[2K[1A[2K[1A[2K[1A[2K[1A[2K[1A[2K[1A[2K[1A[2K[1A[2K[1A[2K[1A[2K[1A[2K[1A[2K[1A[2K[1A[2K[G[38;2;165;153;233m⠶[39m I have enough to write a critical review. Key verification results:
  README already exists (added in [38;2;177;186;249m2e184e1[39m) and covers all
  commands/agents; the plan's one concrete check ([38;2;177;186;249mgit diff --stat -- [39m
  [38;2;177;186;249m'*.go'[39m) is broken by pre-existing uncommitted Go work; and the working
  tree already contains a manual README edit. Let me write the review.

[48;2;45;43;85m[38;2;228;204;255m [1m⌘ [22m[38;2;110;97;163mAssemblin[38;2;165;153;233mg[38;2;228;204;255m… [39m[49m [1m[38;2;138;148;168mesc[39m[22m [38;2;138;148;168mto interrupt[39m [38;2;138;148;168m•[39m [38;2;138;148;168m43s[39m [38;2;138;148;168m•[39m [38;2;138;148;168m↓[39m [38;2;138;148;168m20.7k[39m
[38;2;138;148;168m────────────────────────────────────────────────────────────────────────────────[39m
❯ [7mA[27m[38;2;138;148;168msk your question...[39m
[38;2;138;148;168m────────────────────────────────────────────────────────────────────────────────[39m
  [38;2;138;148;168m? for shortcuts · [38;2;2;136;142mtaste on[39m



[?2026l[?2026h[2K[1A[2K[1A[2K[1A[2K[1A[2K[1A[2K[1A[2K[1A[2K[1A[2K[1A[2K[1A[2K[1A[2K[1A[2K[1A[2K[1A[2K[G[38;2;165;153;233m⠶[39m I have enough to write a critical review. Key verification results:
  README already exists (added in [38;2;177;186;249m2e184e1[39m) and covers all
  commands/agents; the plan's one concrete check ([38;2;177;186;249mgit diff --stat -- [39m
  [38;2;177;186;249m'*.go'[39m) is broken by pre-existing uncommitted Go work; and the working
  tree already contains a manual README edit. Let me write the review.

[48;2;45;43;85m[38;2;228;204;255m [1m⌘ [22m[38;2;110;97;163mAssembling[38;2;165;153;233m…[38;2;228;204;255m [39m[49m [1m[38;2;138;148;168mesc[39m[22m [38;2;138;148;168mto interrupt[39m [38;2;138;148;168m•[39m [38;2;138;148;168m43s[39m [38;2;138;148;168m•[39m [38;2;138;148;168m↓[39m [38;2;138;148;168m20.7k[39m
[38;2;138;148;168m────────────────────────────────────────────────────────────────────────────────[39m
❯ [7mA[27m[38;2;138;148;168msk your question...[39m
[38;2;138;148;168m────────────────────────────────────────────────────────────────────────────────[39m
  [38;2;138;148;168m? for shortcuts · [38;2;2;136;142mtaste on[39m



[?2026l[?2026h[2K[1A[2K[1A[2K[1A[2K[1A[2K[1A[2K[1A[2K[1A[2K[1A[2K[1A[2K[1A[2K[1A[2K[1A[2K[1A[2K[1A[2K[G[38;2;165;153;233m⠶[39m I have enough to write a critical review. Key verification results:
  README already exists (added in [38;2;177;186;249m2e184e1[39m) and covers all
  commands/agents; the plan's one concrete check ([38;2;177;186;249mgit diff --stat -- [39m
  [38;2;177;186;249m'*.go'[39m) is broken by pre-existing uncommitted Go work; and the working
  tree already contains a manual README edit. Let me write the review.

[48;2;45;43;85m[38;2;228;204;255m [1m⌘ [22m[38;2;110;97;163mAssembling…[38;2;228;204;255m [39m[49m [1m[38;2;138;148;168mesc[39m[22m [38;2;138;148;168mto interrupt[39m [38;2;138;148;168m•[39m [38;2;138;148;168m43s[39m [38;2;138;148;168m•[39m [38;2;138;148;168m↓[39m [38;2;138;148;168m20.7k[39m
[38;2;138;148;168m────────────────────────────────────────────────────────────────────────────────[39m
❯ [7mA[27m[38;2;138;148;168msk your question...[39m
[38;2;138;148;168m────────────────────────────────────────────────────────────────────────────────[39m
  [38;2;138;148;168m? for shortcuts · [38;2;2;136;142mtaste on[39m



[?2026l[?2026h[2K[1A[2K[1A[2K[1A[2K[1A[2K[1A[2K[1A[2K[1A[2K[1A[2K[1A[2K[1A[2K[1A[2K[1A[2K[1A[2K[1A[2K[G[38;2;165;153;233m⠶[39m I have enough to write a critical review. Key verification results:
  README already exists (added in [38;2;177;186;249m2e184e1[39m) and covers all
  commands/agents; the plan's one concrete check ([38;2;177;186;249mgit diff --stat -- [39m
  [38;2;177;186;249m'*.go'[39m) is broken by pre-existing uncommitted Go work; and the working
  tree already contains a manual README edit. Let me write the review.

[48;2;45;43;85m[38;2;228;204;255m [1m○ [22m[38;2;110;97;163mAssembling…[38;2;228;204;255m [39m[49m [1m[38;2;138;148;168mesc[39m[22m [38;2;138;148;168mto interrupt[39m [38;2;138;148;168m•[39m [38;2;138;148;168m43s[39m [38;2;138;148;168m•[39m [38;2;138;148;168m↓[39m [38;2;138;148;168m20.7k[39m
[38;2;138;148;168m────────────────────────────────────────────────────────────────────────────────[39m
❯ [7mA[27m[38;2;138;148;168msk your question...[39m
[38;2;138;148;168m────────────────────────────────────────────────────────────────────────────────[39m
  [38;2;138;148;168m? for shortcuts · [38;2;2;136;142mtaste on[39m



[?2026l[?2026h[2K[1A[2K[1A[2K[1A[2K[1A[2K[1A[2K[1A[2K[1A[2K[1A[2K[1A[2K[1A[2K[1A[2K[1A[2K[1A[2K[1A[2K[G[38;2;165;153;233m⠶[39m I have enough to write a critical review. Key verification results:
  README already exists (added in [38;2;177;186;249m2e184e1[39m) and covers all
  commands/agents; the plan's one concrete check ([38;2;177;186;249mgit diff --stat -- [39m
  [38;2;177;186;249m'*.go'[39m) is broken by pre-existing uncommitted Go work; and the working
  tree already contains a manual README edit. Let me write the review.

[48;2;45;43;85m[38;2;228;204;255m [1m○ [22m[38;2;110;97;163mAssembling…[38;2;228;204;255m [39m[49m [1m[38;2;138;148;168mesc[39m[22m [38;2;138;148;168mto interrupt[39m [38;2;138;148;168m•[39m [38;2;138;148;168m44s[39m [38;2;138;148;168m•[39m [38;2;138;148;168m↓[39m [38;2;138;148;168m20.7k[39m
[38;2;138;148;168m────────────────────────────────────────────────────────────────────────────────[39m
❯ [7mA[27m[38;2;138;148;168msk your question...[39m
[38;2;138;148;168m────────────────────────────────────────────────────────────────────────────────[39m
  [38;2;138;148;168m? for shortcuts · [38;2;2;136;142mtaste on[39m



[?2026l[?2026h[2K[1A[2K[1A[2K[1A[2K[1A[2K[1A[2K[1A[2K[1A[2K[1A[2K[1A[2K[1A[2K[1A[2K[1A[2K[1A[2K[1A[2K[G[38;2;165;153;233m⠶[39m I have enough to write a critical review. Key verification results:
  README already exists (added in [38;2;177;186;249m2e184e1[39m) and covers all
  commands/agents; the plan's one concrete check ([38;2;177;186;249mgit diff --stat -- [39m
  [38;2;177;186;249m'*.go'[39m) is broken by pre-existing uncommitted Go work; and the working
  tree already contains a manual README edit. Let me write the review.

[48;2;45;43;85m[38;2;228;204;255m [1m◇ [22m[38;2;110;97;163mAssembling…[38;2;228;204;255m [39m[49m [1m[38;2;138;148;168mesc[39m[22m [38;2;138;148;168mto interrupt[39m [38;2;138;148;168m•[39m [38;2;138;148;168m44s[39m [38;2;138;148;168m•[39m [38;2;138;148;168m↓[39m [38;2;138;148;168m20.7k[39m
[38;2;138;148;168m────────────────────────────────────────────────────────────────────────────────[39m
❯ [7mA[27m[38;2;138;148;168msk your question...[39m
[38;2;138;148;168m────────────────────────────────────────────────────────────────────────────────[39m
  [38;2;138;148;168m? for shortcuts · [38;2;2;136;142mtaste on[39m



[?2026l]0;⌘ Command Code · orch-go · deepseek-v4-flash-(latest)]2;⌘ Command Code · orch-go · deepseek-v4-flash-(latest)[?2026h[2K[1A[2K[1A[2K[1A[2K[1A[2K[1A[2K[1A[2K[1A[2K[1A[2K[1A[2K[1A[2K[1A[2K[1A[2K[1A[2K[1A[2K[G[38;2;165;153;233m⠶[39m I have enough to write a critical review. Key verification results:
  README already exists (added in [38;2;177;186;249m2e184e1[39m) and covers all
  commands/agents; the plan's one concrete check ([38;2;177;186;249mgit diff --stat -- [39m
  [38;2;177;186;249m'*.go'[39m) is broken by pre-existing uncommitted Go work; and the working
  tree already contains a manual README edit. Let me write the review.

[48;2;45;43;85m[38;2;228;204;255m [1m☆ [22m[38;2;110;97;163mAssembling…[38;2;228;204;255m [39m[49m [1m[38;2;138;148;168mesc[39m[22m [38;2;138;148;168mto interrupt[39m [38;2;138;148;168m•[39m [38;2;138;148;168m44s[39m [38;2;138;148;168m•[39m [38;2;138;148;168m↓[39m [38;2;138;148;168m20.7k[39m
[38;2;138;148;168m────────────────────────────────────────────────────────────────────────────────[39m
❯ [7mA[27m[38;2;138;148;168msk your question...[39m
[38;2;138;148;168m────────────────────────────────────────────────────────────────────────────────[39m
  [38;2;138;148;168m? for shortcuts · [38;2;2;136;142mtaste on[39m



[?2026l[?2026h[2K[1A[2K[1A[2K[1A[2K[1A[2K[1A[2K[1A[2K[1A[2K[1A[2K[1A[2K[1A[2K[1A[2K[1A[2K[1A[2K[1A[2K[G[38;2;165;153;233m⠶[39m I have enough to write a critical review. Key verification results:
  README already exists (added in [38;2;177;186;249m2e184e1[39m) and covers all
  commands/agents; the plan's one concrete check ([38;2;177;186;249mgit diff --stat -- [39m
  [38;2;177;186;249m'*.go'[39m) is broken by pre-existing uncommitted Go work; and the working
  tree already contains a manual README edit. Let me write the review.

[48;2;45;43;85m[38;2;228;204;255m [1m✧ [22m[38;2;110;97;163mAssembling…[38;2;228;204;255m [39m[49m [1m[38;2;138;148;168mesc[39m[22m [38;2;138;148;168mto interrupt[39m [38;2;138;148;168m•[39m [38;2;138;148;168m44s[39m [38;2;138;148;168m•[39m [38;2;138;148;168m↓[39m [38;2;138;148;168m20.7k[39m
[38;2;138;148;168m────────────────────────────────────────────────────────────────────────────────[39m
❯ [7mA[27m[38;2;138;148;168msk your question...[39m
[38;2;138;148;168m────────────────────────────────────────────────────────────────────────────────[39m
  [38;2;138;148;168m? for shortcuts · [38;2;2;136;142mtaste on[39m



[?2026l[?2026h[2K[1A[2K[1A[2K[1A[2K[1A[2K[1A[2K[1A[2K[1A[2K[1A[2K[1A[2K[1A[2K[1A[2K[1A[2K[1A[2K[1A[2K[G[38;2;165;153;233m⠶[39m I have enough to write a critical review. Key verification results:
  README already exists (added in [38;2;177;186;249m2e184e1[39m) and covers all
  commands/agents; the plan's one concrete check ([38;2;177;186;249mgit diff --stat -- [39m
  [38;2;177;186;249m'*.go'[39m) is broken by pre-existing uncommitted Go work; and the working
  tree already contains a manual README edit. Let me write the review.

[48;2;45;43;85m[38;2;228;204;255m [1m☆ [22m[38;2;234;218;255mA[38;2;171;165;206ms[38;2;228;204;255ms[38;2;165;153;233me[38;2;110;97;163mmbling…[38;2;228;204;255m [39m[49m [1m[38;2;138;148;168mesc[39m[22m [38;2;138;148;168mto interrupt[39m [38;2;138;148;168m•[39m [38;2;138;148;168m44s[39m [38;2;138;148;168m•[39m [38;2;138;148;168m↓[39m [38;2;138;148;168m20.7k[39m
[38;2;138;148;168m────────────────────────────────────────────────────────────────────────────────[39m
❯ [7mA[27m[38;2;138;148;168msk your question...[39m
[38;2;138;148;168m────────────────────────────────────────────────────────────────────────────────[39m
  [38;2;138;148;168m? for shortcuts · [38;2;2;136;142mtaste on[39m



[?2026l[?2026h[2K[1A[2K[1A[2K[1A[2K[1A[2K[1A[2K[1A[2K[1A[2K[1A[2K[1A[2K[1A[2K[1A[2K[1A[2K[1A[2K[1A[2K[G[38;2;165;153;233m⠶[39m I have enough to write a critical review. Key verification results:
  README already exists (added in [38;2;177;186;249m2e184e1[39m) and covers all
  commands/agents; the plan's one concrete check ([38;2;177;186;249mgit diff --stat -- [39m
  [38;2;177;186;249m'*.go'[39m) is broken by pre-existing uncommitted Go work; and the working
  tree already contains a manual README edit. Let me write the review.

[48;2;45;43;85m[38;2;228;204;255m [1m◇ [22m[38;2;255;255;255mA[38;2;234;218;255ms[38;2;171;165;206ms[38;2;228;204;255me[38;2;165;153;233mm[38;2;110;97;163mbling…[38;2;228;204;255m [39m[49m [1m[38;2;138;148;168mesc[39m[22m [38;2;138;148;168mto interrupt[39m [38;2;138;148;168m•[39m [38;2;138;148;168m44s[39m [38;2;138;148;168m•[39m [38;2;138;148;168m↓[39m [38;2;138;148;168m20.7k[39m
[38;2;138;148;168m────────────────────────────────────────────────────────────────────────────────[39m
❯ [7mA[27m[38;2;138;148;168msk your question...[39m
[38;2;138;148;168m────────────────────────────────────────────────────────────────────────────────[39m
  [38;2;138;148;168m? for shortcuts · [38;2;2;136;142mtaste on[39m



[?2026l[?2026h[2K[1A[2K[1A[2K[1A[2K[1A[2K[1A[2K[1A[2K[1A[2K[1A[2K[1A[2K[1A[2K[1A[2K[1A[2K[1A[2K[1A[2K[G[38;2;165;153;233m⠶[39m I have enough to write a critical review. Key verification results:
  README already exists (added in [38;2;177;186;249m2e184e1[39m) and covers all
  commands/agents; the plan's one concrete check ([38;2;177;186;249mgit diff --stat -- [39m
  [38;2;177;186;249m'*.go'[39m) is broken by pre-existing uncommitted Go work; and the working
  tree already contains a manual README edit. Let me write the review.

[48;2;45;43;85m[38;2;228;204;255m [1m○ [22m[38;2;204;199;225mA[38;2;255;255;255ms[38;2;234;218;255ms[38;2;171;165;206me[38;2;228;204;255mm[38;2;165;153;233mb[38;2;110;97;163mling…[38;2;228;204;255m [39m[49m [1m[38;2;138;148;168mesc[39m[22m [38;2;138;148;168mto interrupt[39m [38;2;138;148;168m•[39m [38;2;138;148;168m44s[39m [38;2;138;148;168m•[39m [38;2;138;148;168m↓[39m [38;2;138;148;168m20.7k[39m
[38;2;138;148;168m────────────────────────────────────────────────────────────────────────────────[39m
❯ [7mA[27m[38;2;138;148;168msk your question...[39m
[38;2;138;148;168m────────────────────────────────────────────────────────────────────────────────[39m
  [38;2;138;148;168m? for shortcuts · [38;2;2;136;142mtaste on[39m



[?2026l[?2026h[2K[1A[2K[1A[2K[1A[2K[1A[2K[1A[2K[1A[2K[1A[2K[1A[2K[1A[2K[1A[2K[1A[2K[1A[2K[1A[2K[1A[2K[G[38;2;165;153;233m⠶[39m I have enough to write a critical review. Key verification results:
  README already exists (added in [38;2;177;186;249m2e184e1[39m) and covers all
  commands/agents; the plan's one concrete check ([38;2;177;186;249mgit diff --stat -- [39m
  [38;2;177;186;249m'*.go'[39m) is broken by pre-existing uncommitted Go work; and the working
  tree already contains a manual README edit. Let me write the review.

[48;2;45;43;85m[38;2;228;204;255m [1m· [22m[38;2;171;165;206mA[38;2;204;199;225ms[38;2;255;255;255ms[38;2;234;218;255me[38;2;171;165;206mm[38;2;228;204;255mb[38;2;165;153;233ml[38;2;110;97;163ming…[38;2;228;204;255m [39m[49m [1m[38;2;138;148;168mesc[39m[22m [38;2;138;148;168mto interrupt[39m [38;2;138;148;168m•[39m [38;2;138;148;168m44s[39m [38;2;138;148;168m•[39m [38;2;138;148;168m↓[39m [38;2;138;148;168m20.7k[39m
[38;2;138;148;168m────────────────────────────────────────────────────────────────────────────────[39m
❯ [7mA[27m[38;2;138;148;168msk your question...[39m
[38;2;138;148;168m────────────────────────────────────────────────────────────────────────────────[39m
  [38;2;138;148;168m? for shortcuts · [38;2;2;136;142mtaste on[39m



[?2026l[?2026h[2K[1A[2K[1A[2K[1A[2K[1A[2K[1A[2K[1A[2K[1A[2K[1A[2K[1A[2K[1A[2K[1A[2K[1A[2K[1A[2K[1A[2K[G[38;2;165;153;233m⠶[39m I have enough to write a critical review. Key verification results:
  README already exists (added in [38;2;177;186;249m2e184e1[39m) and covers all
  commands/agents; the plan's one concrete check ([38;2;177;186;249mgit diff --stat -- [39m
  [38;2;177;186;249m'*.go'[39m) is broken by pre-existing uncommitted Go work; and the working
  tree already contains a manual README edit. Let me write the review.

[48;2;45;43;85m[38;2;228;204;255m [1m· [22mA[38;2;171;165;206ms[38;2;204;199;225ms[38;2;255;255;255me[38;2;234;218;255mm[38;2;171;165;206mb[38;2;228;204;255ml[38;2;165;153;233mi[38;2;110;97;163mng…[38;2;228;204;255m [39m[49m [1m[38;2;138;148;168mesc[39m[22m [38;2;138;148;168mto interrupt[39m [38;2;138;148;168m•[39m [38;2;138;148;168m44s[39m [38;2;138;148;168m•[39m [38;2;138;148;168m↓[39m [38;2;138;148;168m20.7k[39m
[38;2;138;148;168m────────────────────────────────────────────────────────────────────────────────[39m
❯ [7mA[27m[38;2;138;148;168msk your question...[39m
[38;2;138;148;168m────────────────────────────────────────────────────────────────────────────────[39m
  [38;2;138;148;168m? for shortcuts · [38;2;2;136;142mtaste on[39m



[?2026l[?2026h[2K[1A[2K[1A[2K[1A[2K[1A[2K[1A[2K[1A[2K[1A[2K[1A[2K[1A[2K[1A[2K[1A[2K[1A[2K[1A[2K[1A[2K[G[38;2;165;153;233m⠶[39m I have enough to write a critical review. Key verification results:
  README already exists (added in [38;2;177;186;249m2e184e1[39m) and covers all
  commands/agents; the plan's one concrete check ([38;2;177;186;249mgit diff --stat -- [39m
  [38;2;177;186;249m'*.go'[39m) is broken by pre-existing uncommitted Go work; and the working
  tree already contains a manual README edit. Let me write the review.

[48;2;45;43;85m[38;2;228;204;255m [1m· [22m[38;2;165;153;233mA[38;2;228;204;255ms[38;2;171;165;206ms[38;2;204;199;225me[38;2;255;255;255mm[38;2;234;218;255mb[38;2;171;165;206ml[38;2;228;204;255mi[38;2;165;153;233mn[38;2;110;97;163mg…[38;2;228;204;255m [39m[49m [1m[38;2;138;148;168mesc[39m[22m [38;2;138;148;168mto interrupt[39m [38;2;138;148;168m•[39m [38;2;138;148;168m44s[39m [38;2;138;148;168m•[39m [38;2;138;148;168m↓[39m [38;2;138;148;168m20.7k[39m
[38;2;138;148;168m────────────────────────────────────────────────────────────────────────────────[39m
❯ [7mA[27m[38;2;138;148;168msk your question...[39m
[38;2;138;148;168m────────────────────────────────────────────────────────────────────────────────[39m
  [38;2;138;148;168m? for shortcuts · [38;2;2;136;142mtaste on[39m



[?2026l[?2026h[2K[1A[2K[1A[2K[1A[2K[1A[2K[1A[2K[1A[2K[1A[2K[1A[2K[1A[2K[1A[2K[1A[2K[1A[2K[1A[2K[1A[2K[G[38;2;165;153;233m⠶[39m I have enough to write a critical review. Key verification results:
  README already exists (added in [38;2;177;186;249m2e184e1[39m) and covers all
  commands/agents; the plan's one concrete check ([38;2;177;186;249mgit diff --stat -- [39m
  [38;2;177;186;249m'*.go'[39m) is broken by pre-existing uncommitted Go work; and the working
  tree already contains a manual README edit. Let me write the review.

[48;2;45;43;85m[38;2;228;204;255m [1m○ [22m[38;2;110;97;163mA[38;2;165;153;233ms[38;2;228;204;255ms[38;2;171;165;206me[38;2;204;199;225mm[38;2;255;255;255mb[38;2;234;218;255ml[38;2;171;165;206mi[38;2;228;204;255mn[38;2;165;153;233mg[38;2;110;97;163m…[38;2;228;204;255m [39m[49m [1m[38;2;138;148;168mesc[39m[22m [38;2;138;148;168mto interrupt[39m [38;2;138;148;168m•[39m [38;2;138;148;168m44s[39m [38;2;138;148;168m•[39m [38;2;138;148;168m↓[39m [38;2;138;148;168m20.7k[39m
[38;2;138;148;168m────────────────────────────────────────────────────────────────────────────────[39m
❯ [7mA[27m[38;2;138;148;168msk your question...[39m
[38;2;138;148;168m────────────────────────────────────────────────────────────────────────────────[39m
  [38;2;138;148;168m? for shortcuts · [38;2;2;136;142mtaste on[39m



[?2026l[?2026h[2K[1A[2K[1A[2K[1A[2K[1A[2K[1A[2K[1A[2K[1A[2K[1A[2K[1A[2K[1A[2K[1A[2K[1A[2K[1A[2K[1A[2K[G[38;2;165;153;233m⠶[39m I have enough to write a critical review. Key verification results:
  README already exists (added in [38;2;177;186;249m2e184e1[39m) and covers all
  commands/agents; the plan's one concrete check ([38;2;177;186;249mgit diff --stat -- [39m
  [38;2;177;186;249m'*.go'[39m) is broken by pre-existing uncommitted Go work; and the working
  tree already contains a manual README edit. Let me write the review.

[48;2;45;43;85m[38;2;228;204;255m [1m○ [22m[38;2;110;97;163mAs[38;2;165;153;233ms[38;2;228;204;255me[38;2;171;165;206mm[38;2;204;199;225mb[38;2;255;255;255ml[38;2;234;218;255mi[38;2;171;165;206mn[38;2;228;204;255mg[38;2;165;153;233m…[38;2;228;204;255m [39m[49m [1m[38;2;138;148;168mesc[39m[22m [38;2;138;148;168mto interrupt[39m [38;2;138;148;168m•[39m [38;2;138;148;168m44s[39m [38;2;138;148;168m•[39m [38;2;138;148;168m↓[39m [38;2;138;148;168m20.7k[39m
[38;2;138;148;168m────────────────────────────────────────────────────────────────────────────────[39m
❯ [7mA[27m[38;2;138;148;168msk your question...[39m
[38;2;138;148;168m────────────────────────────────────────────────────────────────────────────────[39m
  [38;2;138;148;168m? for shortcuts · [38;2;2;136;142mtaste on[39m



[?2026l[?2026h[2K[1A[2K[1A[2K[1A[2K[1A[2K[1A[2K[1A[2K[1A[2K[1A[2K[1A[2K[1A[2K[1A[2K[1A[2K[1A[2K[1A[2K[G[38;2;165;153;233m⠶[39m I have enough to write a critical review. Key verification results:
  README already exists (added in [38;2;177;186;249m2e184e1[39m) and covers all
  commands/agents; the plan's one concrete check ([38;2;177;186;249mgit diff --stat -- [39m
  [38;2;177;186;249m'*.go'[39m) is broken by pre-existing uncommitted Go work; and the working
  tree already contains a manual README edit. Let me write the review.

[48;2;45;43;85m[38;2;228;204;255m [1m◇ [22m[38;2;110;97;163mAss[38;2;165;153;233me[38;2;228;204;255mm[38;2;171;165;206mb[38;2;204;199;225ml[38;2;255;255;255mi[38;2;234;218;255mn[38;2;171;165;206mg[38;2;228;204;255m… [39m[49m [1m[38;2;138;148;168mesc[39m[22m [38;2;138;148;168mto interrupt[39m [38;2;138;148;168m•[39m [38;2;138;148;168m44s[39m [38;2;138;148;168m•[39m [38;2;138;148;168m↓[39m [38;2;138;148;168m20.7k[39m
[38;2;138;148;168m────────────────────────────────────────────────────────────────────────────────[39m
❯ [7mA[27m[38;2;138;148;168msk your question...[39m
[38;2;138;148;168m────────────────────────────────────────────────────────────────────────────────[39m
  [38;2;138;148;168m? for shortcuts · [38;2;2;136;142mtaste on[39m



[?2026l[?2026h[2K[1A[2K[1A[2K[1A[2K[1A[2K[1A[2K[1A[2K[1A[2K[1A[2K[1A[2K[1A[2K[1A[2K[1A[2K[1A[2K[1A[2K[G[38;2;165;153;233m⠶[39m I have enough to write a critical review. Key verification results:
  README already exists (added in [38;2;177;186;249m2e184e1[39m) and covers all
  commands/agents; the plan's one concrete check ([38;2;177;186;249mgit diff --stat -- [39m
  [38;2;177;186;249m'*.go'[39m) is broken by pre-existing uncommitted Go work; and the working
  tree already contains a manual README edit. Let me write the review.

[48;2;45;43;85m[38;2;228;204;255m [1m☆ [22m[38;2;110;97;163mAsse[38;2;165;153;233mm[38;2;228;204;255mb[38;2;171;165;206ml[38;2;204;199;225mi[38;2;255;255;255mn[38;2;234;218;255mg[38;2;171;165;206m…[38;2;228;204;255m [39m[49m [1m[38;2;138;148;168mesc[39m[22m [38;2;138;148;168mto interrupt[39m [38;2;138;148;168m•[39m [38;2;138;148;168m45s[39m [38;2;138;148;168m•[39m [38;2;138;148;168m↓[39m [38;2;138;148;168m20.7k[39m
[38;2;138;148;168m────────────────────────────────────────────────────────────────────────────────[39m
❯ [7mA[27m[38;2;138;148;168msk your question...[39m
[38;2;138;148;168m────────────────────────────────────────────────────────────────────────────────[39m
  [38;2;138;148;168m? for shortcuts · [38;2;2;136;142mtaste on[39m



[?2026l[?2026h[2K[1A[2K[1A[2K[1A[2K[1A[2K[1A[2K[1A[2K[1A[2K[1A[2K[1A[2K[1A[2K[1A[2K[1A[2K[1A[2K[1A[2K[G[38;2;165;153;233m⠶[39m I have enough to write a critical review. Key verification results:
  README already exists (added in [38;2;177;186;249m2e184e1[39m) and covers all
  commands/agents; the plan's one concrete check ([38;2;177;186;249mgit diff --stat -- [39m
  [38;2;177;186;249m'*.go'[39m) is broken by pre-existing uncommitted Go work; and the working
  tree already contains a manual README edit. Let me write the review.

[48;2;45;43;85m[38;2;228;204;255m [1m✧ [22m[38;2;110;97;163mAssem[38;2;165;153;233mb[38;2;228;204;255ml[38;2;171;165;206mi[38;2;204;199;225mn[38;2;255;255;255mg[38;2;234;218;255m…[38;2;228;204;255m [39m[49m [1m[38;2;138;148;168mesc[39m[22m [38;2;138;148;168mto interrupt[39m [38;2;138;148;168m•[39m [38;2;138;148;168m45s[39m [38;2;138;148;168m•[39m [38;2;138;148;168m↓[39m [38;2;138;148;168m20.7k[39m
[38;2;138;148;168m────────────────────────────────────────────────────────────────────────────────[39m
❯ [7mA[27m[38;2;138;148;168msk your question...[39m
[38;2;138;148;168m────────────────────────────────────────────────────────────────────────────────[39m
  [38;2;138;148;168m? for shortcuts · [38;2;2;136;142mtaste on[39m



[?2026l[?2026h[2K[1A[2K[1A[2K[1A[2K[1A[2K[1A[2K[1A[2K[1A[2K[1A[2K[1A[2K[1A[2K[1A[2K[1A[2K[1A[2K[1A[2K[G[38;2;165;153;233m⠶[39m I have enough to write a critical review. Key verification results:
  README already exists (added in [38;2;177;186;249m2e184e1[39m) and covers all
  commands/agents; the plan's one concrete check ([38;2;177;186;249mgit diff --stat -- [39m
  [38;2;177;186;249m'*.go'[39m) is broken by pre-existing uncommitted Go work; and the working
  tree already contains a manual README edit. Let me write the review.

[48;2;45;43;85m[38;2;228;204;255m [1m☆ [22m[38;2;110;97;163mAssemb[38;2;165;153;233ml[38;2;228;204;255mi[38;2;171;165;206mn[38;2;204;199;225mg[38;2;255;255;255m…[38;2;228;204;255m [39m[49m [1m[38;2;138;148;168mesc[39m[22m [38;2;138;148;168mto interrupt[39m [38;2;138;148;168m•[39m [38;2;138;148;168m45s[39m [38;2;138;148;168m•[39m [38;2;138;148;168m↓[39m [38;2;138;148;168m20.7k[39m
[38;2;138;148;168m────────────────────────────────────────────────────────────────────────────────[39m
❯ [7mA[27m[38;2;138;148;168msk your question...[39m
[38;2;138;148;168m────────────────────────────────────────────────────────────────────────────────[39m
  [38;2;138;148;168m? for shortcuts · [38;2;2;136;142mtaste on[39m



[?2026l[?2026h[2K[1A[2K[1A[2K[1A[2K[1A[2K[1A[2K[1A[2K[1A[2K[1A[2K[1A[2K[1A[2K[1A[2K[1A[2K[1A[2K[1A[2K[G[38;2;165;153;233m⠶[39m I have enough to write a critical review. Key verification results:
  README already exists (added in [38;2;177;186;249m2e184e1[39m) and covers all
  commands/agents; the plan's one concrete check ([38;2;177;186;249mgit diff --stat -- [39m
  [38;2;177;186;249m'*.go'[39m) is broken by pre-existing uncommitted Go work; and the working
  tree already contains a manual README edit. Let me write the review.

[48;2;45;43;85m[38;2;228;204;255m [1m◇ [22m[38;2;110;97;163mAssembl[38;2;165;153;233mi[38;2;228;204;255mn[38;2;171;165;206mg[38;2;204;199;225m…[38;2;228;204;255m [39m[49m [1m[38;2;138;148;168mesc[39m[22m [38;2;138;148;168mto interrupt[39m [38;2;138;148;168m•[39m [38;2;138;148;168m45s[39m [38;2;138;148;168m•[39m [38;2;138;148;168m↓[39m [38;2;138;148;168m20.7k[39m
[38;2;138;148;168m────────────────────────────────────────────────────────────────────────────────[39m
❯ [7mA[27m[38;2;138;148;168msk your question...[39m
[38;2;138;148;168m────────────────────────────────────────────────────────────────────────────────[39m
  [38;2;138;148;168m? for shortcuts · [38;2;2;136;142mtaste on[39m



[?2026l[?2026h[2K[1A[2K[1A[2K[1A[2K[1A[2K[1A[2K[1A[2K[1A[2K[1A[2K[1A[2K[1A[2K[1A[2K[1A[2K[1A[2K[1A[2K[G[38;2;165;153;233m⠶[39m I have enough to write a critical review. Key verification results:
  README already exists (added in [38;2;177;186;249m2e184e1[39m) and covers all
  commands/agents; the plan's one concrete check ([38;2;177;186;249mgit diff --stat -- [39m
  [38;2;177;186;249m'*.go'[39m) is broken by pre-existing uncommitted Go work; and the working
  tree already contains a manual README edit. Let me write the review.

[48;2;45;43;85m[38;2;228;204;255m [1m○ [22m[38;2;110;97;163mAssembli[38;2;165;153;233mn[38;2;228;204;255mg[38;2;171;165;206m…[38;2;228;204;255m [39m[49m [1m[38;2;138;148;168mesc[39m[22m [38;2;138;148;168mto interrupt[39m [38;2;138;148;168m•[39m [38;2;138;148;168m45s[39m [38;2;138;148;168m•[39m [38;2;138;148;168m↓[39m [38;2;138;148;168m20.7k[39m
[38;2;138;148;168m────────────────────────────────────────────────────────────────────────────────[39m
❯ [7mA[27m[38;2;138;148;168msk your question...[39m
[38;2;138;148;168m────────────────────────────────────────────────────────────────────────────────[39m
  [38;2;138;148;168m? for shortcuts · [38;2;2;136;142mtaste on[39m



[?2026l[?2026h[2K[1A[2K[1A[2K[1A[2K[1A[2K[1A[2K[1A[2K[1A[2K[1A[2K[1A[2K[1A[2K[1A[2K[1A[2K[1A[2K[1A[2K[G[38;2;165;153;233m⠶[39m I have enough to write a critical review. Key verification results:
  README already exists (added in [38;2;177;186;249m2e184e1[39m) and covers all
  commands/agents; the plan's one concrete check ([38;2;177;186;249mgit diff --stat -- [39m
  [38;2;177;186;249m'*.go'[39m) is broken by pre-existing uncommitted Go work; and the working
  tree already contains a manual README edit. Let me write the review.

[48;2;45;43;85m[38;2;228;204;255m [1m⌘ [22m[38;2;110;97;163mAssemblin[38;2;165;153;233mg[38;2;228;204;255m… [39m[49m [1m[38;2;138;148;168mesc[39m[22m [38;2;138;148;168mto interrupt[39m [38;2;138;148;168m•[39m [38;2;138;148;168m45s[39m [38;2;138;148;168m•[39m [38;2;138;148;168m↓[39m [38;2;138;148;168m20.7k[39m
[38;2;138;148;168m────────────────────────────────────────────────────────────────────────────────[39m
❯ [7mA[27m[38;2;138;148;168msk your question...[39m
[38;2;138;148;168m────────────────────────────────────────────────────────────────────────────────[39m
  [38;2;138;148;168m? for shortcuts · [38;2;2;136;142mtaste on[39m



[?2026l[?2026h[2K[1A[2K[1A[2K[1A[2K[1A[2K[1A[2K[1A[2K[1A[2K[1A[2K[1A[2K[1A[2K[1A[2K[1A[2K[1A[2K[1A[2K[G[38;2;165;153;233m⠶[39m I have enough to write a critical review. Key verification results:
  README already exists (added in [38;2;177;186;249m2e184e1[39m) and covers all
  commands/agents; the plan's one concrete check ([38;2;177;186;249mgit diff --stat -- [39m
  [38;2;177;186;249m'*.go'[39m) is broken by pre-existing uncommitted Go work; and the working
  tree already contains a manual README edit. Let me write the review.

[48;2;45;43;85m[38;2;228;204;255m [1m⌘ [22m[38;2;110;97;163mAssembling[38;2;165;153;233m…[38;2;228;204;255m [39m[49m [1m[38;2;138;148;168mesc[39m[22m [38;2;138;148;168mto interrupt[39m [38;2;138;148;168m•[39m [38;2;138;148;168m45s[39m [38;2;138;148;168m•[39m [38;2;138;148;168m↓[39m [38;2;138;148;168m20.7k[39m
[38;2;138;148;168m────────────────────────────────────────────────────────────────────────────────[39m
❯ [7mA[27m[38;2;138;148;168msk your question...[39m
[38;2;138;148;168m────────────────────────────────────────────────────────────────────────────────[39m
  [38;2;138;148;168m? for shortcuts · [38;2;2;136;142mtaste on[39m



[?2026l[?2026h[2K[1A[2K[1A[2K[1A[2K[1A[2K[1A[2K[1A[2K[1A[2K[1A[2K[1A[2K[1A[2K[1A[2K[1A[2K[1A[2K[1A[2K[G[38;2;165;153;233m⠶[39m I have enough to write a critical review. Key verification results:
  README already exists (added in [38;2;177;186;249m2e184e1[39m) and covers all
  commands/agents; the plan's one concrete check ([38;2;177;186;249mgit diff --stat -- [39m
  [38;2;177;186;249m'*.go'[39m) is broken by pre-existing uncommitted Go work; and the working
  tree already contains a manual README edit. Let me write the review.

[48;2;45;43;85m[38;2;228;204;255m [1m⌘ [22m[38;2;110;97;163mAssembling…[38;2;228;204;255m [39m[49m [1m[38;2;138;148;168mesc[39m[22m [38;2;138;148;168mto interrupt[39m [38;2;138;148;168m•[39m [38;2;138;148;168m45s[39m [38;2;138;148;168m•[39m [38;2;138;148;168m↓[39m [38;2;138;148;168m20.7k[39m
[38;2;138;148;168m────────────────────────────────────────────────────────────────────────────────[39m
❯ [7mA[27m[38;2;138;148;168msk your question...[39m
[38;2;138;148;168m────────────────────────────────────────────────────────────────────────────────[39m
  [38;2;138;148;168m? for shortcuts · [38;2;2;136;142mtaste on[39m



[?2026l[?2026h[2K[1A[2K[1A[2K[1A[2K[1A[2K[1A[2K[1A[2K[1A[2K[1A[2K[1A[2K[1A[2K[1A[2K[1A[2K[1A[2K[1A[2K[G[38;2;165;153;233m⠶[39m I have enough to write a critical review. Key verification results:
  README already exists (added in [38;2;177;186;249m2e184e1[39m) and covers all
  commands/agents; the plan's one concrete check ([38;2;177;186;249mgit diff --stat -- [39m
  [38;2;177;186;249m'*.go'[39m) is broken by pre-existing uncommitted Go work; and the working
  tree already contains a manual README edit. Let me write the review.

[?2026h
[38;2;76;85;106m────────────────────────────────────────────────────────────────────────────────[39m

[1m[38;2;228;204;255mCreate File[39m[22m

[1mDo you want to create [38;2;228;204;255m.orch/20260921-180819/2-plan-review.md[39m?[22m

[38;2;228;204;255m❯ 1. Yes[39m
[38;2;138;148;168m [38;2;229;229;229m 2. Yes, allow all edits this session [1m[38;2;53;61;80m[[38;2;229;229;229mshift+tab[38;2;53;61;80m][39m[22m
[38;2;138;148;168m [38;2;229;229;229m 3. No, tell Command Code what to do differently[39m

[3m[38;2;138;148;168m↑/↓ navigate · enter select · Run [38;2;229;229;229mcmd --yolo[38;2;138;148;168m to bypass all permissions (]8;;https://commandcode.ai/docs/permissions#permission-modesDocs ↗]8;;)[39m[23m

[?2026l[?2026l]0;⌘ Command Code · orch-go · deepseek-v4-flash-(latest)]2;⌘ Command Code · orch-go · deepseek-v4-flash-(latest)[?2026h[2K[1A[2K[1A[2K[1A[2K[1A[2K[1A[2K[1A[2K[1A[2K[1A[2K[1A[2K[1A[2K[1A[2K[1A[2K[1A[2K[G
[38;2;76;85;106m────────────────────────────────────────────────────────────────────────────────[39m

[1m[38;2;228;204;255mCreate File[39m[22m

[1mDo you want to create [38;2;228;204;255m.orch/20260921-180819/2-plan-review.md[39m?[22m

[38;2;138;148;168m [38;2;229;229;229m 1. Yes[39m
[38;2;228;204;255m❯ 2. Yes, allow all edits this session [1m[38;2;53;61;80m[[38;2;228;204;255mshift+tab[38;2;53;61;80m][39m[22m
[38;2;138;148;168m [38;2;229;229;229m 3. No, tell Command Code what to do differently[39m

[3m[38;2;138;148;168m↑/↓ navigate · enter select · Run [38;2;229;229;229mcmd --yolo[38;2;138;148;168m to bypass all permissions (]8;;https://commandcode.ai/docs/permissions#permission-modesDocs ↗]8;;)[39m[23m

[?2026l[?2026h[2K[1A[2K[1A[2K[1A[2K[1A[2K[1A[2K[1A[2K[1A[2K[1A[2K[1A[2K[1A[2K[1A[2K[1A[2K[1A[2K[G[48;2;45;43;85m[38;2;228;204;255m [1m· [22m[38;2;234;218;255mF[38;2;171;165;206mi[38;2;228;204;255ml[38;2;165;153;233me[38;2;110;97;163m operation allowed[38;2;228;204;255m [39m[49m [1m[38;2;138;148;168mesc[39m[22m [38;2;138;148;168mto interrupt[39m [38;2;138;148;168m•[39m [38;2;138;148;168m51s[39m [38;2;138;148;168m•[39m [38;2;138;148;168m↓[39m [38;2;138;148;168m20.7k[39m
 [38;2;138;148;168m ⎿  Tip: Use shift+tab to enable auto-accept[39m
[38;2;138;148;168m────────────────────────────────────────────────────────────────────────────────[39m
❯ [7mA[27m[38;2;138;148;168msk your question...[39m
[38;2;138;148;168m────────────────────────────────────────────────────────────────────────────────[39m
  [38;2;131;103;244m» accept edits on [38;2;53;61;80m[[38;2;138;148;168mshift+tab[38;2;53;61;80m][39m
  [38;2;138;148;168m? for shortcuts · [38;2;2;136;142mtaste on[39m



[?2026l[?2026h[2K[1A[2K[1A[2K[1A[2K[1A[2K[1A[2K[1A[2K[1A[2K[1A[2K[1A[2K[1A[2K[G[1m[48;2;89;69;177m[38;2;244;244;244m WRITE [39m[49m[22m [38;2;53;61;80m[[39m.orch/20260921-180819/2-plan-review.md[38;2;53;61;80m][39m
 [38;2;138;148;168m└ [39m [38;2;138;148;168mCreated [1m[38;2;229;229;229m.orch/20260921-180819/2-plan-review.md[22m[38;2;138;148;168m (46 lines)[39m

    [48;2;4;71;58m[38;2;76;200;142m  1[38;2;138;148;168m │ [38;2;76;200;142m# Plan Review: README.md for orch[39m                             [49m
    [48;2;4;71;58m[38;2;76;200;142m  2[38;2;138;148;168m │ [39m                                                              [49m
    [48;2;4;71;58m[38;2;76;200;142m  3[38;2;138;148;168m │ [38;2;76;200;142m[1m**Verdict: NEEDS REVISION before implementation.**[22m[38;2;227;223;255m The plan i…[39m[49m
    [48;2;4;71;58m[38;2;76;200;142m  4[38;2;138;148;168m │ [39m                                                              [49m
    [48;2;4;71;58m[38;2;76;200;142m  5[38;2;138;148;168m │ [38;2;227;223;255m---[39m                                                           [49m
    [48;2;4;71;58m[38;2;76;200;142m  6[38;2;138;148;168m │ [39m                                                              [49m
    [48;2;4;71;58m[38;2;76;200;142m  7[38;2;138;148;168m │ [38;2;76;200;142m## What the plan gets right[39m                                   [49m
    [48;2;4;71;58m[38;2;76;200;142m  8[38;2;138;148;168m │ [39m                                                              [49m
    [48;2;4;71;58m[38;2;76;200;142m  9[38;2;138;148;168m │ [38;2;76;200;142m-[38;2;227;223;255m [38;2;76;200;142m[1m**Scope/constraint handling is correct.**[22m[38;2;227;223;255m Forbidding [38;2;76;200;142m`*.go`…[39m[49m
    [48;2;4;71;58m[38;2;76;200;142m 10[38;2;138;148;168m │ [38;2;76;200;142m-[38;2;227;223;255m [38;2;76;200;142m[1m**Command inventory is accurate.**[22m[38;2;227;223;255m [38;2;76;200;142m`orchMain`[38;2;227;223;255m dispatches ex…[39m[49m

    [38;2;138;148;168m… (36 more lines) [38;2;53;61;80m[[38;2;138;148;168mctrl+o to expand[38;2;53;61;80m][39m

[?2026h[48;2;45;43;85m[38;2;228;204;255m [1m· [22m[38;2;234;218;255mF[38;2;171;165;206mi[38;2;228;204;255ml[38;2;165;153;233me[38;2;110;97;163m operation allowed[38;2;228;204;255m [39m[49m [1m[38;2;138;148;168mesc[39m[22m [38;2;138;148;168mto interrupt[39m [38;2;138;148;168m•[39m [38;2;138;148;168m51s[39m [38;2;138;148;168m•[39m [38;2;138;148;168m↓[39m [38;2;138;148;168m20.7k[39m
 [38;2;138;148;168m ⎿  Tip: Use shift+tab to enable auto-accept[39m
[38;2;138;148;168m────────────────────────────────────────────────────────────────────────────────[39m
❯ [7mA[27m[38;2;138;148;168msk your question...[39m
[38;2;138;148;168m────────────────────────────────────────────────────────────────────────────────[39m
  [38;2;131;103;244m» accept edits on [38;2;53;61;80m[[38;2;138;148;168mshift+tab[38;2;53;61;80m][39m
  [38;2;138;148;168m? for shortcuts · [38;2;2;136;142mtaste on[39m



[?2026l[?2026l[?2026h[2K[1A[2K[1A[2K[1A[2K[1A[2K[1A[2K[1A[2K[1A[2K[1A[2K[1A[2K[1A[2K[G[48;2;45;43;85m[38;2;228;204;255m [1m· [22m[38;2;255;255;255mF[38;2;234;218;255mi[38;2;171;165;206ml[38;2;228;204;255me[38;2;165;153;233m [38;2;110;97;163moperation allowed[38;2;228;204;255m [39m[49m [1m[38;2;138;148;168mesc[39m[22m [38;2;138;148;168mto interrupt[39m [38;2;138;148;168m•[39m [38;2;138;148;168m51s[39m [38;2;138;148;168m•[39m [38;2;138;148;168m↓[39m [38;2;138;148;168m20.7k[39m
 [38;2;138;148;168m ⎿  Tip: Use shift+tab to enable auto-accept[39m
[38;2;138;148;168m────────────────────────────────────────────────────────────────────────────────[39m
❯ [7mA[27m[38;2;138;148;168msk your question...[39m
[38;2;138;148;168m────────────────────────────────────────────────────────────────────────────────[39m
  [38;2;131;103;244m» accept edits on [38;2;53;61;80m[[38;2;138;148;168mshift+tab[38;2;53;61;80m][39m
  [38;2;138;148;168m? for shortcuts · [38;2;2;136;142mtaste on[39m



[?2026l[?2026h[2K[1A[2K[1A[2K[1A[2K[1A[2K[1A[2K[1A[2K[1A[2K[1A[2K[1A[2K[1A[2K[G[48;2;45;43;85m[38;2;228;204;255m [1m· [22m[38;2;204;199;225mF[38;2;255;255;255mi[38;2;234;218;255ml[38;2;171;165;206me[38;2;228;204;255m [38;2;165;153;233mo[38;2;110;97;163mperation allowed[38;2;228;204;255m [39m[49m [1m[38;2;138;148;168mesc[39m[22m [38;2;138;148;168mto interrupt[39m [38;2;138;148;168m•[39m [38;2;138;148;168m51s[39m [38;2;138;148;168m•[39m [38;2;138;148;168m↓[39m [38;2;138;148;168m20.7k[39m
 [38;2;138;148;168m ⎿  Tip: Use shift+tab to enable auto-accept[39m
[38;2;138;148;168m────────────────────────────────────────────────────────────────────────────────[39m
❯ [7mA[27m[38;2;138;148;168msk your question...[39m
[38;2;138;148;168m────────────────────────────────────────────────────────────────────────────────[39m
  [38;2;131;103;244m» accept edits on [38;2;53;61;80m[[38;2;138;148;168mshift+tab[38;2;53;61;80m][39m
  [38;2;138;148;168m? for shortcuts · [38;2;2;136;142mtaste on[39m



[?2026l[?2026h[2K[1A[2K[1A[2K[1A[2K[1A[2K[1A[2K[1A[2K[1A[2K[1A[2K[1A[2K[1A[2K[G[48;2;45;43;85m[38;2;228;204;255m [1m○ [22m[38;2;171;165;206mF[38;2;204;199;225mi[38;2;255;255;255ml[38;2;234;218;255me[38;2;171;165;206m [38;2;228;204;255mo[38;2;165;153;233mp[38;2;110;97;163meration allowed[38;2;228;204;255m [39m[49m [1m[38;2;138;148;168mesc[39m[22m [38;2;138;148;168mto interrupt[39m [38;2;138;148;168m•[39m [38;2;138;148;168m51s[39m [38;2;138;148;168m•[39m [38;2;138;148;168m↓[39m [38;2;138;148;168m20.7k[39m
 [38;2;138;148;168m ⎿  Tip: Use shift+tab to enable auto-accept[39m
[38;2;138;148;168m────────────────────────────────────────────────────────────────────────────────[39m
❯ [7mA[27m[38;2;138;148;168msk your question...[39m
[38;2;138;148;168m────────────────────────────────────────────────────────────────────────────────[39m
  [38;2;131;103;244m» accept edits on [38;2;53;61;80m[[38;2;138;148;168mshift+tab[38;2;53;61;80m][39m
  [38;2;138;148;168m? for shortcuts · [38;2;2;136;142mtaste on[39m



[?2026l[?2026h[2K[1A[2K[1A[2K[1A[2K[1A[2K[1A[2K[1A[2K[1A[2K[1A[2K[1A[2K[1A[2K[G[48;2;45;43;85m[38;2;228;204;255m [1m○ [22mF[38;2;171;165;206mi[38;2;204;199;225ml[38;2;255;255;255me[38;2;234;218;255m [38;2;171;165;206mo[38;2;228;204;255mp[38;2;165;153;233me[38;2;110;97;163mration allowed[38;2;228;204;255m [39m[49m [1m[38;2;138;148;168mesc[39m[22m [38;2;138;148;168mto interrupt[39m [38;2;138;148;168m•[39m [38;2;138;148;168m51s[39m [38;2;138;148;168m•[39m [38;2;138;148;168m↓[39m [38;2;138;148;168m20.7k[39m
 [38;2;138;148;168m ⎿  Tip: Use shift+tab to enable auto-accept[39m
[38;2;138;148;168m────────────────────────────────────────────────────────────────────────────────[39m
❯ [7mA[27m[38;2;138;148;168msk your question...[39m
[38;2;138;148;168m────────────────────────────────────────────────────────────────────────────────[39m
  [38;2;131;103;244m» accept edits on [38;2;53;61;80m[[38;2;138;148;168mshift+tab[38;2;53;61;80m][39m
  [38;2;138;148;168m? for shortcuts · [38;2;2;136;142mtaste on[39m



[?2026l[?2026h[2K[1A[2K[1A[2K[1A[2K[1A[2K[1A[2K[1A[2K[1A[2K[1A[2K[1A[2K[1A[2K[G[48;2;45;43;85m[38;2;228;204;255m [1m◇ [22m[38;2;165;153;233mF[38;2;228;204;255mi[38;2;171;165;206ml[38;2;204;199;225me[38;2;255;255;255m [38;2;234;218;255mo[38;2;171;165;206mp[38;2;228;204;255me[38;2;165;153;233mr[38;2;110;97;163mation allowed[38;2;228;204;255m [39m[49m [1m[38;2;138;148;168mesc[39m[22m [38;2;138;148;168mto interrupt[39m [38;2;138;148;168m•[39m [38;2;138;148;168m51s[39m [38;2;138;148;168m•[39m [38;2;138;148;168m↓[39m [38;2;138;148;168m20.7k[39m
 [38;2;138;148;168m ⎿  Tip: Use shift+tab to enable auto-accept[39m
[38;2;138;148;168m────────────────────────────────────────────────────────────────────────────────[39m
❯ [7mA[27m[38;2;138;148;168msk your question...[39m
[38;2;138;148;168m────────────────────────────────────────────────────────────────────────────────[39m
  [38;2;131;103;244m» accept edits on [38;2;53;61;80m[[38;2;138;148;168mshift+tab[38;2;53;61;80m][39m
  [38;2;138;148;168m? for shortcuts · [38;2;2;136;142mtaste on[39m



[?2026l[?2026h[2K[1A[2K[1A[2K[1A[2K[1A[2K[1A[2K[1A[2K[1A[2K[1A[2K[1A[2K[1A[2K[G[48;2;45;43;85m[38;2;228;204;255m [1m☆ [22m[38;2;110;97;163mF[38;2;165;153;233mi[38;2;228;204;255ml[38;2;171;165;206me[38;2;204;199;225m [38;2;255;255;255mo[38;2;234;218;255mp[38;2;171;165;206me[38;2;228;204;255mr[38;2;165;153;233ma[38;2;110;97;163mtion allowed[38;2;228;204;255m [39m[49m [1m[38;2;138;148;168mesc[39m[22m [38;2;138;148;168mto interrupt[39m [38;2;138;148;168m•[39m [38;2;138;148;168m51s[39m [38;2;138;148;168m•[39m [38;2;138;148;168m↓[39m [38;2;138;148;168m20.7k[39m
 [38;2;138;148;168m ⎿  Tip: Use shift+tab to enable auto-accept[39m
[38;2;138;148;168m────────────────────────────────────────────────────────────────────────────────[39m
❯ [7mA[27m[38;2;138;148;168msk your question...[39m
[38;2;138;148;168m────────────────────────────────────────────────────────────────────────────────[39m
  [38;2;131;103;244m» accept edits on [38;2;53;61;80m[[38;2;138;148;168mshift+tab[38;2;53;61;80m][39m
  [38;2;138;148;168m? for shortcuts · [38;2;2;136;142mtaste on[39m



[?2026l[?2026h[2K[1A[2K[1A[2K[1A[2K[1A[2K[1A[2K[1A[2K[1A[2K[1A[2K[1A[2K[1A[2K[G[48;2;45;43;85m[38;2;228;204;255m [1m✧ [22m[38;2;110;97;163mFi[38;2;165;153;233ml[38;2;228;204;255me[38;2;171;165;206m [38;2;204;199;225mo[38;2;255;255;255mp[38;2;234;218;255me[38;2;171;165;206mr[38;2;228;204;255ma[38;2;165;153;233mt[38;2;110;97;163mion allowed[38;2;228;204;255m [39m[49m [1m[38;2;138;148;168mesc[39m[22m [38;2;138;148;168mto interrupt[39m [38;2;138;148;168m•[39m [38;2;138;148;168m51s[39m [38;2;138;148;168m•[39m [38;2;138;148;168m↓[39m [38;2;138;148;168m20.7k[39m
 [38;2;138;148;168m ⎿  Tip: Use shift+tab to enable auto-accept[39m
[38;2;138;148;168m────────────────────────────────────────────────────────────────────────────────[39m
❯ [7mA[27m[38;2;138;148;168msk your question...[39m
[38;2;138;148;168m────────────────────────────────────────────────────────────────────────────────[39m
  [38;2;131;103;244m» accept edits on [38;2;53;61;80m[[38;2;138;148;168mshift+tab[38;2;53;61;80m][39m
  [38;2;138;148;168m? for shortcuts · [38;2;2;136;142mtaste on[39m



[?2026l[?2026h[2K[1A[2K[1A[2K[1A[2K[1A[2K[1A[2K[1A[2K[1A[2K[1A[2K[1A[2K[1A[2K[G[48;2;45;43;85m[38;2;228;204;255m [1m☆ [22m[38;2;110;97;163mFil[38;2;165;153;233me[38;2;228;204;255m [38;2;171;165;206mo[38;2;204;199;225mp[38;2;255;255;255me[38;2;234;218;255mr[38;2;171;165;206ma[38;2;228;204;255mt[38;2;165;153;233mi[38;2;110;97;163mon allowed[38;2;228;204;255m [39m[49m [1m[38;2;138;148;168mesc[39m[22m [38;2;138;148;168mto interrupt[39m [38;2;138;148;168m•[39m [38;2;138;148;168m51s[39m [38;2;138;148;168m•[39m [38;2;138;148;168m↓[39m [38;2;138;148;168m20.7k[39m
 [38;2;138;148;168m ⎿  Tip: Use shift+tab to enable auto-accept[39m
[38;2;138;148;168m────────────────────────────────────────────────────────────────────────────────[39m
❯ [7mA[27m[38;2;138;148;168msk your question...[39m
[38;2;138;148;168m────────────────────────────────────────────────────────────────────────────────[39m
  [38;2;131;103;244m» accept edits on [38;2;53;61;80m[[38;2;138;148;168mshift+tab[38;2;53;61;80m][39m
  [38;2;138;148;168m? for shortcuts · [38;2;2;136;142mtaste on[39m



[?2026l[?2004l[?25h[?25h[?2004l[?25h