[?2004h]11;?[?u[c[?2004h]0;⌘ Command Code · orch-go · deepseek-v4-flash-(latest)]2;⌘ Command Code · orch-go · deepseek-v4-flash-(latest)[?2026h[48;2;43;39;88m[38;2;43;39;88m                                                                      [39m[49m
[48;2;43;39;88m[38;2;43;39;88m   [38;2;177;186;249m███████[38;2;43;39;88m [38;2;177;186;249m███████[38;2;43;39;88m [38;2;177;186;249m███████████[38;2;43;39;88m [38;2;177;186;249m███████████[38;2;43;39;88m [38;2;177;186;249m███████[38;2;43;39;88m [38;2;177;186;249m████████[38;2;43;39;88m    [38;2;177;186;249m████[38;2;43;39;88m   [39m[49m
[48;2;43;39;88m[38;2;43;39;88m   [38;2;177;186;249m███[38;2;43;39;88m [38;2;177;186;249m███[38;2;43;39;88m [38;2;177;186;249m██[38;2;43;39;88m  [38;2;177;186;249m███[38;2;43;39;88m [38;2;177;186;249m███[38;2;43;39;88m [38;2;177;186;249m███[38;2;43;39;88m [38;2;177;186;249m███[38;2;43;39;88m [38;2;177;186;249m███[38;2;43;39;88m [38;2;177;186;249m███[38;2;43;39;88m [38;2;177;186;249m███[38;2;43;39;88m [38;2;177;186;249m███[38;2;43;39;88m [38;2;177;186;249m███[38;2;43;39;88m [38;2;177;186;249m███[38;2;43;39;88m  [38;2;177;186;249m███[38;2;43;39;88m [38;2;177;186;249m███████[38;2;43;39;88m   [39m[49m
[48;2;43;39;88m[38;2;43;39;88m   [38;2;177;186;249m███[38;2;43;39;88m     [38;2;177;186;249m██[38;2;43;39;88m  [38;2;177;186;249m███[38;2;43;39;88m [38;2;177;186;249m███[38;2;43;39;88m [38;2;177;186;249m███[38;2;43;39;88m [38;2;177;186;249m███[38;2;43;39;88m [38;2;177;186;249m███[38;2;43;39;88m [38;2;177;186;249m███[38;2;43;39;88m [38;2;177;186;249m███[38;2;43;39;88m [38;2;177;186;249m███████[38;2;43;39;88m [38;2;177;186;249m███[38;2;43;39;88m  [38;2;177;186;249m███[38;2;43;39;88m [38;2;177;186;249m███[38;2;43;39;88m [38;2;177;186;249m███[38;2;43;39;88m   [39m[49m
[48;2;43;39;88m[38;2;43;39;88m   [38;2;177;186;249m███[38;2;43;39;88m [38;2;177;186;249m███[38;2;43;39;88m [38;2;177;186;249m██[38;2;43;39;88m  [38;2;177;186;249m███[38;2;43;39;88m [38;2;177;186;249m███[38;2;43;39;88m [38;2;177;186;249m███[38;2;43;39;88m [38;2;177;186;249m███[38;2;43;39;88m [38;2;177;186;249m███[38;2;43;39;88m [38;2;177;186;249m███[38;2;43;39;88m [38;2;177;186;249m███[38;2;43;39;88m [38;2;177;186;249m███████[38;2;43;39;88m [38;2;177;186;249m███[38;2;43;39;88m  [38;2;177;186;249m███[38;2;43;39;88m [38;2;177;186;249m███[38;2;43;39;88m [38;2;177;186;249m███[38;2;43;39;88m   [39m[49m
[48;2;43;39;88m[38;2;43;39;88m   [38;2;177;186;249m███████[38;2;43;39;88m [38;2;177;186;249m███████[38;2;43;39;88m [38;2;177;186;249m███[38;2;43;39;88m [38;2;177;186;249m███[38;2;43;39;88m [38;2;177;186;249m███[38;2;43;39;88m [38;2;177;186;249m███[38;2;43;39;88m [38;2;177;186;249m███[38;2;43;39;88m [38;2;177;186;249m███[38;2;43;39;88m [38;2;177;186;249m███[38;2;43;39;88m [38;2;177;186;249m███[38;2;43;39;88m [38;2;177;186;249m███[38;2;43;39;88m  [38;2;177;186;249m███[38;2;43;39;88m [38;2;177;186;249m███████[38;2;43;39;88m   [39m[49m
[48;2;43;39;88m[38;2;43;39;88m                                                                      [39m[49m

[38;2;138;148;168m# [39m[1mCommand Code[22m[38;2;138;148;168m v1.58.1[39m
[38;2;138;148;168m# models: deepseek-v4-flash-(latest) · taste-1[39m
[38;2;138;148;168m# ~/Developer/orch-go[39m

[?25l[?2026h[38;2;138;148;168m────────────────────────────────────────────────────────────────────────────────[39m
❯ [7mA[27m[38;2;138;148;168msk your question...[39m
[38;2;138;148;168m────────────────────────────────────────────────────────────────────────────────[39m
  [38;2;138;148;168m? for shortcuts[39m



[?2026l[?2026l[?2026h[2K[1A[2K[1A[2K[1A[2K[1A[2K[1A[2K[1A[2K[1A[2K[G[38;2;138;148;168m────────────────────────────────────────────────────────────────────────────────[39m
❯ [7mA[27m[38;2;138;148;168msk your question...[39m
[38;2;138;148;168m────────────────────────────────────────────────────────────────────────────────[39m
  [38;2;138;148;168m? for shortcuts · [38;2;2;136;142mtaste on[39m



[?2026l[?2026h[2K[1A[2K[1A[2K[1A[2K[1A[2K[1A[2K[1A[2K[1A[2K[G[1m[48;2;45;43;85m[38;2;165;153;233m❯[39m[22m [38;2;229;229;229mYou are the IMPLEMENTATION REVIEW stage of an orch build workflow. [39m   [49m
[48;2;45;43;85m  [38;2;229;229;229mVerify the work that was just done.[39m                                   [49m
[48;2;45;43;85m                                                                        [49m
[48;2;45;43;85m  [38;2;229;229;229mTask:[39m                                                                 [49m
[48;2;45;43;85m  [38;2;229;229;229mAdd a simple README.md that documents the orch CLI commands and the [39m  [49m
[48;2;45;43;85m  [38;2;229;229;229mthree supported agents. Do not modify Go source files.[39m                [49m
[48;2;45;43;85m                                                                        [49m
[48;2;45;43;85m  [38;2;229;229;229mRepository: /Users/najmiraihan/Developer/orch-go[39m                      [49m
[48;2;45;43;85m                                                                        [49m
[48;2;45;43;85m  [38;2;229;229;229m--- plan: [39m                                                            [49m
[48;2;45;43;85m  [38;2;229;229;229m/Users/najmiraihan/Developer/orch-go/.orch/20260921-180819/1-plan.md [39m [49m
[48;2;45;43;85m  [38;2;229;229;229m---[39m                                                                   [49m
[48;2;45;43;85m  [38;2;229;229;229m# Implementation Plan: README.md for orch[39m                             [49m
[48;2;45;43;85m                                                                        [49m
[48;2;45;43;85m  [38;2;229;229;229m## Objective[39m                                                          [49m
[48;2;45;43;85m  [38;2;229;229;229mProvide a concise, comprehensive `README.md` at the repository root [39m  [49m
[48;2;45;43;85m  [38;2;229;229;229m(`README.md`) documenting the `orch` CLI commands, usage patterns, and[39m[49m
[48;2;45;43;85m  [38;2;229;229;229m the three supported coding agents (`agy`, `command-code`, `copilot`),[39m[49m
[48;2;45;43;85m  [38;2;229;229;229m adhering strictly to the constraint of zero modifications to Go [39m     [49m
[48;2;45;43;85m  [38;2;229;229;229msource files.[39m                                                         [49m
[48;2;45;43;85m                                                                        [49m
[48;2;45;43;85m  [38;2;229;229;229m---[39m                                                                   [49m
[48;2;45;43;85m                                                                        [49m
[48;2;45;43;85m  [38;2;229;229;229m## 1. Scope & Constraints[39m                                             [49m
[48;2;45;43;85m  [38;2;229;229;229m- **Target File**: `/Users/najmiraihan/Developer/orch-go/README.md`[39m   [49m
[48;2;45;43;85m  [38;2;229;229;229m- **Zero Go Changes**: Strictly forbidden to modify any `*.go` files.[39m [49m
[48;2;45;43;85m  [38;2;229;229;229m- **Source of Truth**: All documentation must directly reflect the [39m   [49m
[48;2;45;43;85m  [38;2;229;229;229mimplementation in `main.go`, `agent.go`, and `build.go` (and `usage()`[39m[49m
[48;2;45;43;85m  [38;2;229;229;229m in `main.go`).[39m                                                       [49m
[48;2;45;43;85m  [38;2;229;229;229m- **Tone & Style**: Direct, clean, minimal (Ponytail principles: [39m     [49m
[48;2;45;43;85m  [38;2;229;229;229mboring over clever, no unnecessary fluff).[39m                            [49m
[48;2;45;43;85m                                                                        [49m
[48;2;45;43;85m  [38;2;229;229;229m---[39m                                                                   [49m
[48;2;45;43;85m                                                                        [49m
[48;2;45;43;85m  [38;2;229;229;229m## 2. Current State Assessment[39m                                        [49m
[48;2;45;43;85m  [38;2;229;229;229m- `README.md` already exists at the repository root and covers:[39m       [49m
[48;2;45;43;85m  [38;2;229;229;229m  - Architecture overview (Real PTYs, raw mode, sequential execution, [39m[49m
[48;2;45;43;85m  [38;2;229;229;229mzero permission bypass).[39m                                              [49m
[48;2;45;43;85m  [38;2;229;229;229m  - Prerequisites (Go 1.25+, macOS Darwin PTY raw mode vs [39m            [49m
[48;2;45;43;85m  [38;2;229;229;229m`term_other.go`).[39m                                                     [49m
[48;2;45;43;85m  [38;2;229;229;229m  - Supported agents registry table (`agy`, `command-code`, [39m          [49m
[48;2;45;43;85m  [38;2;229;229;229m`copilot`).[39m                                                           [49m
[48;2;45;43;85m  [38;2;229;229;229m  - Permission safety guarantees (shared and agent-specific denied [39m   [49m
[48;2;45;43;85m  [38;2;229;229;229mflags).[39m                                                               [49m
[48;2;45;43;85m  [38;2;229;229;229m  - CLI command reference (`list`/`ls`, `run`, `build`, `version`, [39m   [49m
[48;2;45;43;85m  [38;2;229;229;229m`help`).[39m                                                              [49m
[48;2;45;43;85m  [38;2;229;229;229m  - Exit code specifications (`0`, `1`, `2`, `127`, `>0`/`128+N`).[39m    [49m
[48;2;45;43;85m  [38;2;229;229;229m  - Build workflow and stage completion signal [39m                       [49m
[48;2;45;43;85m  [38;2;229;229;229m(`ORCH_STAGE_COMPLETE`).[39m                                              [49m
[48;2;45;43;85m  [38;2;229;229;229m- Existing Go source files have uncommitted changes implementing the [39m [49m
[48;2;45;43;85m  [38;2;229;229;229m`ORCH_STAGE_COMPLETE` polling mechanism in `pty.go`, `build.go`, [39m     [49m
[48;2;45;43;85m  [38;2;229;229;229m`main.go`, and their corresponding test files. These are part of the [39m [49m
[48;2;45;43;85m  [38;2;229;229;229mrunner infrastructure and must remain untouched by this task.[39m         [49m
[48;2;45;43;85m                                                                        [49m
[48;2;45;43;85m  [38;2;229;229;229m---[39m                                                                   [49m
[48;2;45;43;85m                                                                        [49m
[48;2;45;43;85m  [38;2;229;229;229m## 3. Implementation Steps (for Implementation Stage)[39m                 [49m
[48;2;45;43;85m  [38;2;229;229;229m1. **Audit & Finalize `README.md`**:[39m                                  [49m
[48;2;45;43;85m  [38;2;229;229;229m   - Verify that all 5 CLI commands (`list`/`ls`, `run`, `build`, [39m    [49m
[48;2;45;43;85m  [38;2;229;229;229m`version`, `help`) are documented with accurate flags and behavior.[39m   [49m
[48;2;45;43;85m  [38;2;229;229;229m   - Verify that all 3 supported agents (`agy`, `command-code`, [39m      [49m
[48;2;45;43;85m  [38;2;229;229;229m`copilot`) are documented with correct binary names, invocation flags,[39m[49m
[48;2;45;43;85m  [38;2;229;229;229m continue flags, and denied flags.[39m                                    [49m
[48;2;45;43;85m  [38;2;229;229;229m   - Confirm accurate prerequisite specifications: Go 1.25+ (from [39m    [49m
[48;2;45;43;85m  [38;2;229;229;229m`go.mod`), `github.com/creack/pty v1.1.24`, and macOS Darwin platform [39m[49m
[48;2;45;43;85m  [38;2;229;229;229mrequirement for interactive raw mode.[39m                                 [49m
[48;2;45;43;85m  [38;2;229;229;229m   - Ensure documentation of the build workflow, artifact structure [39m  [49m
[48;2;45;43;85m  [38;2;229;229;229munder `.orch/<run-id>/`, and the `ORCH_STAGE_COMPLETE` completion [39m    [49m
[48;2;45;43;85m  [38;2;229;229;229mmarker.[39m                                                               [49m
[48;2;45;43;85m  [38;2;229;229;229m   - Verify exit codes table matches `orchMain`, `cmdRun`, `cmdBuild`,[39m[49m
[48;2;45;43;85m  [38;2;229;229;229m and `Run`.[39m                                                           [49m
[48;2;45;43;85m  [38;2;229;229;229m2. **Verify No Go File Modifications**:[39m                               [49m
[48;2;45;43;85m  [38;2;229;229;229m   - Verify with `git diff --stat -- '*.go'` that no Go files have [39m   [49m
[48;2;45;43;85m  [38;2;229;229;229mbeen modified as part of documenting `README.md`.[39m                     [49m
[48;2;45;43;85m  [38;2;229;229;229m3. **Repository Integrity Check**:[39m                                    [49m
[48;2;45;43;85m  [38;2;229;229;229m   - Run `gofmt -l .`, `go vet ./...`, and `go test ./...` to verify [39m [49m
[48;2;45;43;85m  [38;2;229;229;229mall tests continue to pass cleanly.[39m                                   [49m
[48;2;45;43;85m                                                                        [49m
[48;2;45;43;85m  [38;2;229;229;229m---[39m                                                                   [49m
[48;2;45;43;85m                                                                        [49m
[48;2;45;43;85m  [38;2;229;229;229m## 4. Verification Checklist[39m                                          [49m
[48;2;45;43;85m  [38;2;229;229;229m- [ ] `README.md` exists at repository root with valid markdown and [39m  [49m
[48;2;45;43;85m  [38;2;229;229;229mbalanced code blocks.[39m                                                 [49m
[48;2;45;43;85m  [38;2;229;229;229m- [ ] All 5 commands (`list`/`ls`, `run`, `build`, [39m                   [49m
[48;2;45;43;85m  [38;2;229;229;229m`version`/`-v`/`--version`, `help`/`-h`/`--help`) are documented [39m     [49m
[48;2;45;43;85m  [38;2;229;229;229maccurately.[39m                                                           [49m
[48;2;45;43;85m  [38;2;229;229;229m- [ ] All 3 agents (`agy`, `command-code`, `copilot`) are documented [39m [49m
[48;2;45;43;85m  [38;2;229;229;229musing exact summaries and flag specifications from `agent.go`.[39m        [49m
[48;2;45;43;85m  [38;2;229;229;229m- [ ] Permission safety and denied flag policies match `agent.go` [39m    [49m
[48;2;45;43;85m  [38;2;229;229;229m(`sharedDeny` and `Deny`).[39m                                            [49m
[48;2;45;43;85m  [38;2;229;229;229m- [ ] Platform requirements (macOS/Darwin raw mode vs non-darwin [39m     [49m
[48;2;45;43;85m  [38;2;229;229;229mfallback) and Go version (1.25+) are accurately documented.[39m           [49m
[48;2;45;43;85m  [38;2;229;229;229m- [ ] Exit code table is present and matches the codebase.[39m            [49m
[48;2;45;43;85m  [38;2;229;229;229m- [ ] Zero Go source files are modified (`*.go` files remain [39m         [49m
[48;2;45;43;85m  [38;2;229;229;229muntouched).[39m                                                           [49m
[48;2;45;43;85m  [38;2;229;229;229m- [ ] `go test ./...` and `go vet ./...` pass.[39m                        [49m
[48;2;45;43;85m                                                                        [49m
[48;2;45;43;85m  [38;2;229;229;229m--- implementation summary: /Users/najmiraihan/Developer/orch-go/.orch[39m[49m
[48;2;45;43;85m  [38;2;229;229;229m/20260921-180819/3-implement.md ---[39m                                   [49m
[48;2;45;43;85m  [38;2;229;229;229m# Implementation Summary: README.md for orch[39m                          [49m
[48;2;45;43;85m                                                                        [49m
[48;2;45;43;85m  [38;2;229;229;229m## Changes Made[39m                                                       [49m
[48;2;45;43;85m  [38;2;229;229;229m1. **Audited & Finalized `README.md`**:[39m                               [49m
[48;2;45;43;85m  [38;2;229;229;229m   - Confirmed full documentation of all 5 CLI commands (`list`/`ls`, [39m[49m
[48;2;45;43;85m  [38;2;229;229;229m`run`, `build`, `version`/`-v`/`--version`, `help`/`-h`/`--help`) [39m    [49m
[48;2;45;43;85m  [38;2;229;229;229mmatching `main.go`.[39m                                                   [49m
[48;2;45;43;85m  [38;2;229;229;229m   - Confirmed full documentation of all 3 registered agents (`agy`, [39m [49m
[48;2;45;43;85m  [38;2;229;229;229m`command-code`, `copilot`) matching `agent.go`.[39m                       [49m
[48;2;45;43;85m  [38;2;229;229;229m   - Documented permission-safety guarantees, denied flags [39m           [49m
[48;2;45;43;85m  [38;2;229;229;229m(`sharedDeny` and agent-specific `Deny`), and Darwin raw mode / [39m      [49m
[48;2;45;43;85m  [38;2;229;229;229mplatform fallback characteristics.[39m                                    [49m
[48;2;45;43;85m  [38;2;229;229;229m   - Updated Go prerequisite from `Go 1.25+` to `Go 1.25.6+` matching [39m[49m
[48;2;45;43;85m  [38;2;229;229;229m`go.mod`.[39m                                                             [49m
[48;2;45;43;85m  [38;2;229;229;229m   - Corrected build artifact directory example tree to remove [39m       [49m
[48;2;45;43;85m  [38;2;229;229;229minaccurate `(or 3-fix.md on subsequent cycles)`, noting that [39m         [49m
[48;2;45;43;85m  [38;2;229;229;229msubsequent fix and review cycles are numbered sequentially (e.g. [39m     [49m
[48;2;45;43;85m  [38;2;229;229;229m`5-fix.md`, `6-review.md`).[39m                                           [49m
[48;2;45;43;85m                                                                        [49m
[48;2;45;43;85m  [38;2;229;229;229m2. **Go Source Immutability**:[39m                                        [49m
[48;2;45;43;85m  [38;2;229;229;229m   - Zero modifications were made to any `*.go` files.[39m                [49m
[48;2;45;43;85m  [38;2;229;229;229m   - Verified that the hash of the pre-existing uncommitted Go diff [39m  [49m
[48;2;45;43;85m  [38;2;229;229;229m(`git diff -- '*.go' | shasum`) remained unchanged at [39m                [49m
[48;2;45;43;85m  [38;2;229;229;229m`e546e7fbc63c6a4a787a966373e26c67ffda2997`.[39m                           [49m
[48;2;45;43;85m                                                                        [49m
[48;2;45;43;85m  [38;2;229;229;229m3. **Validation**:[39m                                                    [49m
[48;2;45;43;85m  [38;2;229;229;229m   - `gofmt -l .`: Clean (no formatting differences).[39m                 [49m
[48;2;45;43;85m  [38;2;229;229;229m   - `go vet ./...`: Passed without warnings.[39m                         [49m
[48;2;45;43;85m  [38;2;229;229;229m   - `go test -count=1 ./...`: Passed (all unit and integration tests [39m[49m
[48;2;45;43;85m  [38;2;229;229;229mgreen).[39m                                                               [49m
[48;2;45;43;85m                                                                        [49m
[48;2;45;43;85m  [38;2;229;229;229mInspect the real repository and confirm whether the task is fully and [39m[49m
[48;2;45;43;85m  [38;2;229;229;229mcorrectly implemented. Do not take the summary's word for it.[39m         [49m
[48;2;45;43;85m                                                                        [49m
[48;2;45;43;85m  [38;2;229;229;229mWrite your review as Markdown to:[39m                                     [49m
[48;2;45;43;85m  [38;2;229;229;229m/Users/najmiraihan/Developer/orch-go/.orch/20260921-180819/4-review.md[39m[49m
[48;2;45;43;85m                                                                        [49m
[48;2;45;43;85m  [38;2;229;229;229mEnd the review with a final line in exactly one of these forms:[39m       [49m
[48;2;45;43;85m                                                                        [49m
[48;2;45;43;85m  [38;2;229;229;229mVERDICT: APPROVED[39m                                                     [49m
[48;2;45;43;85m  [38;2;229;229;229mVERDICT: REJECTED[39m                                                     [49m
[48;2;45;43;85m                                                                        [49m
[48;2;45;43;85m  [38;2;229;229;229mChoose APPROVED only when the task is complete and correct with no [39m   [49m
[48;2;45;43;85m  [38;2;229;229;229mrequired changes. Otherwise choose REJECTED and list the specific [39m    [49m
[48;2;45;43;85m  [38;2;229;229;229mchanges required.[39m                                                     [49m
[48;2;45;43;85m                                                                        [49m
[48;2;45;43;85m  [38;2;229;229;229mWhen, and only when, everything above is finished, write [39m             [49m
[48;2;45;43;85m  [38;2;229;229;229mORCH_STAGE_COMPLETE on a line by itself as the very last line of that [39m[49m
[48;2;45;43;85m  [38;2;229;229;229mfile. orch watches the file for that line and ends this session as [39m   [49m
[48;2;45;43;85m  [38;2;229;229;229msoon as it appears, so write it only after all other work is done. Do [39m[49m
[48;2;45;43;85m  [38;2;229;229;229mnot exit the session yourself.[39m                                        [49m
[48;2;45;43;85m                                                                        [49m

[?2026h[48;2;45;43;85m[38;2;228;204;255m [1m· [22m[38;2;234;218;255mC[38;2;171;165;206mo[38;2;228;204;255mn[38;2;165;153;233ms[38;2;110;97;163midering…[38;2;228;204;255m [39m[49m [1m[38;2;138;148;168mesc[39m[22m [38;2;138;148;168mto interrupt[39m [38;2;138;148;168m•[39m [38;2;138;148;168m0s[39m [38;2;138;148;168m•[39m [38;2;138;148;168m↓[39m [38;2;138;148;168m0[39m
[38;2;138;148;168m────────────────────────────────────────────────────────────────────────────────[39m
❯ [7mA[27m[38;2;138;148;168msk your question...[39m
[38;2;138;148;168m────────────────────────────────────────────────────────────────────────────────[39m
  [38;2;138;148;168m? for shortcuts · [38;2;2;136;142mtaste on[39m



[?2026l[?2026l]0;⌘ Command Code · orch-go · deepseek-v4-flash-(latest)]2;⌘ Command Code · orch-go · deepseek-v4-flash-(latest)[?2026h[2K[1A[2K[1A[2K[1A[2K[1A[2K[1A[2K[1A[2K[1A[2K[1A[2K[G[48;2;45;43;85m[38;2;228;204;255m [1m· [22m[38;2;255;255;255mC[38;2;234;218;255mo[38;2;171;165;206mn[38;2;228;204;255ms[38;2;165;153;233mi[38;2;110;97;163mdering…[38;2;228;204;255m [39m[49m [1m[38;2;138;148;168mesc[39m[22m [38;2;138;148;168mto interrupt[39m [38;2;138;148;168m•[39m [38;2;138;148;168m0s[39m [38;2;138;148;168m•[39m [38;2;138;148;168m↓[39m [38;2;138;148;168m0[39m
[38;2;138;148;168m────────────────────────────────────────────────────────────────────────────────[39m
❯ [7mA[27m[38;2;138;148;168msk your question...[39m
[38;2;138;148;168m────────────────────────────────────────────────────────────────────────────────[39m
  [38;2;138;148;168m? for shortcuts · [38;2;2;136;142mtaste on[39m



[?2026l[?2026h[2K[1A[2K[1A[2K[1A[2K[1A[2K[1A[2K[1A[2K[1A[2K[1A[2K[G[48;2;45;43;85m[38;2;228;204;255m [1m· [22m[38;2;204;199;225mC[38;2;255;255;255mo[38;2;234;218;255mn[38;2;171;165;206ms[38;2;228;204;255mi[38;2;165;153;233md[38;2;110;97;163mering…[38;2;228;204;255m [39m[49m [1m[38;2;138;148;168mesc[39m[22m [38;2;138;148;168mto interrupt[39m [38;2;138;148;168m•[39m [38;2;138;148;168m0s[39m [38;2;138;148;168m•[39m [38;2;138;148;168m↓[39m [38;2;138;148;168m0[39m
[38;2;138;148;168m────────────────────────────────────────────────────────────────────────────────[39m
❯ [7mA[27m[38;2;138;148;168msk your question...[39m
[38;2;138;148;168m────────────────────────────────────────────────────────────────────────────────[39m
  [38;2;138;148;168m? for shortcuts · [38;2;2;136;142mtaste on[39m



[?2026l[?2026h[2K[1A[2K[1A[2K[1A[2K[1A[2K[1A[2K[1A[2K[1A[2K[1A[2K[G[48;2;45;43;85m[38;2;228;204;255m [1m○ [22m[38;2;171;165;206mC[38;2;204;199;225mo[38;2;255;255;255mn[38;2;234;218;255ms[38;2;171;165;206mi[38;2;228;204;255md[38;2;165;153;233me[38;2;110;97;163mring…[38;2;228;204;255m [39m[49m [1m[38;2;138;148;168mesc[39m[22m [38;2;138;148;168mto interrupt[39m [38;2;138;148;168m•[39m [38;2;138;148;168m0s[39m [38;2;138;148;168m•[39m [38;2;138;148;168m↓[39m [38;2;138;148;168m0[39m
[38;2;138;148;168m────────────────────────────────────────────────────────────────────────────────[39m
❯ [7mA[27m[38;2;138;148;168msk your question...[39m
[38;2;138;148;168m────────────────────────────────────────────────────────────────────────────────[39m
  [38;2;138;148;168m? for shortcuts · [38;2;2;136;142mtaste on[39m



[?2026l[?2026h[2K[1A[2K[1A[2K[1A[2K[1A[2K[1A[2K[1A[2K[1A[2K[1A[2K[G[48;2;45;43;85m[38;2;228;204;255m [1m○ [22mC[38;2;171;165;206mo[38;2;204;199;225mn[38;2;255;255;255ms[38;2;234;218;255mi[38;2;171;165;206md[38;2;228;204;255me[38;2;165;153;233mr[38;2;110;97;163ming…[38;2;228;204;255m [39m[49m [1m[38;2;138;148;168mesc[39m[22m [38;2;138;148;168mto interrupt[39m [38;2;138;148;168m•[39m [38;2;138;148;168m0s[39m [38;2;138;148;168m•[39m [38;2;138;148;168m↓[39m [38;2;138;148;168m0[39m
[38;2;138;148;168m────────────────────────────────────────────────────────────────────────────────[39m
❯ [7mA[27m[38;2;138;148;168msk your question...[39m
[38;2;138;148;168m────────────────────────────────────────────────────────────────────────────────[39m
  [38;2;138;148;168m? for shortcuts · [38;2;2;136;142mtaste on[39m



[?2026l[?2026h[2K[1A[2K[1A[2K[1A[2K[1A[2K[1A[2K[1A[2K[1A[2K[1A[2K[G[48;2;45;43;85m[38;2;228;204;255m [1m◇ [22m[38;2;165;153;233mC[38;2;228;204;255mo[38;2;171;165;206mn[38;2;204;199;225ms[38;2;255;255;255mi[38;2;234;218;255md[38;2;171;165;206me[38;2;228;204;255mr[38;2;165;153;233mi[38;2;110;97;163mng…[38;2;228;204;255m [39m[49m [1m[38;2;138;148;168mesc[39m[22m [38;2;138;148;168mto interrupt[39m [38;2;138;148;168m•[39m [38;2;138;148;168m0s[39m [38;2;138;148;168m•[39m [38;2;138;148;168m↓[39m [38;2;138;148;168m0[39m
[38;2;138;148;168m────────────────────────────────────────────────────────────────────────────────[39m
❯ [7mA[27m[38;2;138;148;168msk your question...[39m
[38;2;138;148;168m────────────────────────────────────────────────────────────────────────────────[39m
  [38;2;138;148;168m? for shortcuts · [38;2;2;136;142mtaste on[39m



[?2026l[?2026h[2K[1A[2K[1A[2K[1A[2K[1A[2K[1A[2K[1A[2K[1A[2K[1A[2K[G[48;2;45;43;85m[38;2;228;204;255m [1m☆ [22m[38;2;110;97;163mC[38;2;165;153;233mo[38;2;228;204;255mn[38;2;171;165;206ms[38;2;204;199;225mi[38;2;255;255;255md[38;2;234;218;255me[38;2;171;165;206mr[38;2;228;204;255mi[38;2;165;153;233mn[38;2;110;97;163mg…[38;2;228;204;255m [39m[49m [1m[38;2;138;148;168mesc[39m[22m [38;2;138;148;168mto interrupt[39m [38;2;138;148;168m•[39m [38;2;138;148;168m0s[39m [38;2;138;148;168m•[39m [38;2;138;148;168m↓[39m [38;2;138;148;168m0[39m
[38;2;138;148;168m────────────────────────────────────────────────────────────────────────────────[39m
❯ [7mA[27m[38;2;138;148;168msk your question...[39m
[38;2;138;148;168m────────────────────────────────────────────────────────────────────────────────[39m
  [38;2;138;148;168m? for shortcuts · [38;2;2;136;142mtaste on[39m



[?2026l[?2026h[2K[1A[2K[1A[2K[1A[2K[1A[2K[1A[2K[1A[2K[1A[2K[1A[2K[G[48;2;45;43;85m[38;2;228;204;255m [1m✧ [22m[38;2;110;97;163mCo[38;2;165;153;233mn[38;2;228;204;255ms[38;2;171;165;206mi[38;2;204;199;225md[38;2;255;255;255me[38;2;234;218;255mr[38;2;171;165;206mi[38;2;228;204;255mn[38;2;165;153;233mg[38;2;110;97;163m…[38;2;228;204;255m [39m[49m [1m[38;2;138;148;168mesc[39m[22m [38;2;138;148;168mto interrupt[39m [38;2;138;148;168m•[39m [38;2;138;148;168m0s[39m [38;2;138;148;168m•[39m [38;2;138;148;168m↓[39m [38;2;138;148;168m0[39m
[38;2;138;148;168m────────────────────────────────────────────────────────────────────────────────[39m
❯ [7mA[27m[38;2;138;148;168msk your question...[39m
[38;2;138;148;168m────────────────────────────────────────────────────────────────────────────────[39m
  [38;2;138;148;168m? for shortcuts · [38;2;2;136;142mtaste on[39m



[?2026l[?2026h[2K[1A[2K[1A[2K[1A[2K[1A[2K[1A[2K[1A[2K[1A[2K[1A[2K[G[48;2;45;43;85m[38;2;228;204;255m [1m☆ [22m[38;2;110;97;163mCon[38;2;165;153;233ms[38;2;228;204;255mi[38;2;171;165;206md[38;2;204;199;225me[38;2;255;255;255mr[38;2;234;218;255mi[38;2;171;165;206mn[38;2;228;204;255mg[38;2;165;153;233m…[38;2;228;204;255m [39m[49m [1m[38;2;138;148;168mesc[39m[22m [38;2;138;148;168mto interrupt[39m [38;2;138;148;168m•[39m [38;2;138;148;168m0s[39m [38;2;138;148;168m•[39m [38;2;138;148;168m↓[39m [38;2;138;148;168m0[39m
[38;2;138;148;168m────────────────────────────────────────────────────────────────────────────────[39m
❯ [7mA[27m[38;2;138;148;168msk your question...[39m
[38;2;138;148;168m────────────────────────────────────────────────────────────────────────────────[39m
  [38;2;138;148;168m? for shortcuts · [38;2;2;136;142mtaste on[39m



[?2026l[?2026h[2K[1A[2K[1A[2K[1A[2K[1A[2K[1A[2K[1A[2K[1A[2K[1A[2K[G[48;2;45;43;85m[38;2;228;204;255m [1m◇ [22m[38;2;110;97;163mCons[38;2;165;153;233mi[38;2;228;204;255md[38;2;171;165;206me[38;2;204;199;225mr[38;2;255;255;255mi[38;2;234;218;255mn[38;2;171;165;206mg[38;2;228;204;255m… [39m[49m [1m[38;2;138;148;168mesc[39m[22m [38;2;138;148;168mto interrupt[39m [38;2;138;148;168m•[39m [38;2;138;148;168m0s[39m [38;2;138;148;168m•[39m [38;2;138;148;168m↓[39m [38;2;138;148;168m0[39m
[38;2;138;148;168m────────────────────────────────────────────────────────────────────────────────[39m
❯ [7mA[27m[38;2;138;148;168msk your question...[39m
[38;2;138;148;168m────────────────────────────────────────────────────────────────────────────────[39m
  [38;2;138;148;168m? for shortcuts · [38;2;2;136;142mtaste on[39m



[?2026l[?2026h[2K[1A[2K[1A[2K[1A[2K[1A[2K[1A[2K[1A[2K[1A[2K[1A[2K[G[48;2;45;43;85m[38;2;228;204;255m [1m○ [22m[38;2;110;97;163mConsi[38;2;165;153;233md[38;2;228;204;255me[38;2;171;165;206mr[38;2;204;199;225mi[38;2;255;255;255mn[38;2;234;218;255mg[38;2;171;165;206m…[38;2;228;204;255m [39m[49m [1m[38;2;138;148;168mesc[39m[22m [38;2;138;148;168mto interrupt[39m [38;2;138;148;168m•[39m [38;2;138;148;168m0s[39m [38;2;138;148;168m•[39m [38;2;138;148;168m↓[39m [38;2;138;148;168m0[39m
[38;2;138;148;168m────────────────────────────────────────────────────────────────────────────────[39m
❯ [7mA[27m[38;2;138;148;168msk your question...[39m
[38;2;138;148;168m────────────────────────────────────────────────────────────────────────────────[39m
  [38;2;138;148;168m? for shortcuts · [38;2;2;136;142mtaste on[39m



[?2026l[?2026h[2K[1A[2K[1A[2K[1A[2K[1A[2K[1A[2K[1A[2K[1A[2K[1A[2K[G[48;2;45;43;85m[38;2;228;204;255m [1m⌘ [22m[38;2;110;97;163mConsid[38;2;165;153;233me[38;2;228;204;255mr[38;2;171;165;206mi[38;2;204;199;225mn[38;2;255;255;255mg[38;2;234;218;255m…[38;2;228;204;255m [39m[49m [1m[38;2;138;148;168mesc[39m[22m [38;2;138;148;168mto interrupt[39m [38;2;138;148;168m•[39m [38;2;138;148;168m0s[39m [38;2;138;148;168m•[39m [38;2;138;148;168m↓[39m [38;2;138;148;168m0[39m
[38;2;138;148;168m────────────────────────────────────────────────────────────────────────────────[39m
❯ [7mA[27m[38;2;138;148;168msk your question...[39m
[38;2;138;148;168m────────────────────────────────────────────────────────────────────────────────[39m
  [38;2;138;148;168m? for shortcuts · [38;2;2;136;142mtaste on[39m



[?2026l[?2026h[2K[1A[2K[1A[2K[1A[2K[1A[2K[1A[2K[1A[2K[1A[2K[1A[2K[G[48;2;45;43;85m[38;2;228;204;255m [1m⌘ [22m[38;2;110;97;163mConside[38;2;165;153;233mr[38;2;228;204;255mi[38;2;171;165;206mn[38;2;204;199;225mg[38;2;255;255;255m…[38;2;228;204;255m [39m[49m [1m[38;2;138;148;168mesc[39m[22m [38;2;138;148;168mto interrupt[39m [38;2;138;148;168m•[39m [38;2;138;148;168m0s[39m [38;2;138;148;168m•[39m [38;2;138;148;168m↓[39m [38;2;138;148;168m0[39m
[38;2;138;148;168m────────────────────────────────────────────────────────────────────────────────[39m
❯ [7mA[27m[38;2;138;148;168msk your question...[39m
[38;2;138;148;168m────────────────────────────────────────────────────────────────────────────────[39m
  [38;2;138;148;168m? for shortcuts · [38;2;2;136;142mtaste on[39m



[?2026l[?2026h[2K[1A[2K[1A[2K[1A[2K[1A[2K[1A[2K[1A[2K[1A[2K[1A[2K[G[48;2;45;43;85m[38;2;228;204;255m [1m⌘ [22m[38;2;110;97;163mConside[38;2;165;153;233mr[38;2;228;204;255mi[38;2;171;165;206mn[38;2;204;199;225mg[38;2;255;255;255m…[38;2;228;204;255m [39m[49m [1m[38;2;138;148;168mesc[39m[22m [38;2;138;148;168mto interrupt[39m [38;2;138;148;168m•[39m [38;2;138;148;168m1s[39m [38;2;138;148;168m•[39m [38;2;138;148;168m↓[39m [38;2;138;148;168m0[39m
[38;2;138;148;168m────────────────────────────────────────────────────────────────────────────────[39m
❯ [7mA[27m[38;2;138;148;168msk your question...[39m
[38;2;138;148;168m────────────────────────────────────────────────────────────────────────────────[39m
  [38;2;138;148;168m? for shortcuts · [38;2;2;136;142mtaste on[39m



[?2026l[?2026h[2K[1A[2K[1A[2K[1A[2K[1A[2K[1A[2K[1A[2K[1A[2K[1A[2K[G[48;2;45;43;85m[38;2;228;204;255m [1m⌘ [22m[38;2;110;97;163mConsider[38;2;165;153;233mi[38;2;228;204;255mn[38;2;171;165;206mg[38;2;204;199;225m…[38;2;228;204;255m [39m[49m [1m[38;2;138;148;168mesc[39m[22m [38;2;138;148;168mto interrupt[39m [38;2;138;148;168m•[39m [38;2;138;148;168m1s[39m [38;2;138;148;168m•[39m [38;2;138;148;168m↓[39m [38;2;138;148;168m0[39m
[38;2;138;148;168m────────────────────────────────────────────────────────────────────────────────[39m
❯ [7mA[27m[38;2;138;148;168msk your question...[39m
[38;2;138;148;168m────────────────────────────────────────────────────────────────────────────────[39m
  [38;2;138;148;168m? for shortcuts · [38;2;2;136;142mtaste on[39m



[?2026l[?2026h[2K[1A[2K[1A[2K[1A[2K[1A[2K[1A[2K[1A[2K[1A[2K[1A[2K[G[48;2;45;43;85m[38;2;228;204;255m [1m⌘ [22m[38;2;110;97;163mConsideri[38;2;165;153;233mn[38;2;228;204;255mg[38;2;171;165;206m…[38;2;228;204;255m [39m[49m [1m[38;2;138;148;168mesc[39m[22m [38;2;138;148;168mto interrupt[39m [38;2;138;148;168m•[39m [38;2;138;148;168m1s[39m [38;2;138;148;168m•[39m [38;2;138;148;168m↓[39m [38;2;138;148;168m0[39m
[38;2;138;148;168m────────────────────────────────────────────────────────────────────────────────[39m
❯ [7mA[27m[38;2;138;148;168msk your question...[39m
[38;2;138;148;168m────────────────────────────────────────────────────────────────────────────────[39m
  [38;2;138;148;168m? for shortcuts · [38;2;2;136;142mtaste on[39m



[?2026l[?2026h[2K[1A[2K[1A[2K[1A[2K[1A[2K[1A[2K[1A[2K[1A[2K[1A[2K[G[48;2;45;43;85m[38;2;228;204;255m [1m○ [22m[38;2;110;97;163mConsiderin[38;2;165;153;233mg[38;2;228;204;255m… [39m[49m [1m[38;2;138;148;168mesc[39m[22m [38;2;138;148;168mto interrupt[39m [38;2;138;148;168m•[39m [38;2;138;148;168m1s[39m [38;2;138;148;168m•[39m [38;2;138;148;168m↓[39m [38;2;138;148;168m0[39m
[38;2;138;148;168m────────────────────────────────────────────────────────────────────────────────[39m
❯ [7mA[27m[38;2;138;148;168msk your question...[39m
[38;2;138;148;168m────────────────────────────────────────────────────────────────────────────────[39m
  [38;2;138;148;168m? for shortcuts · [38;2;2;136;142mtaste on[39m



[?2026l[?2026h[2K[1A[2K[1A[2K[1A[2K[1A[2K[1A[2K[1A[2K[1A[2K[1A[2K[G[48;2;45;43;85m[38;2;228;204;255m [1m◇ [22m[38;2;110;97;163mConsidering[38;2;165;153;233m…[38;2;228;204;255m [39m[49m [1m[38;2;138;148;168mesc[39m[22m [38;2;138;148;168mto interrupt[39m [38;2;138;148;168m•[39m [38;2;138;148;168m1s[39m [38;2;138;148;168m•[39m [38;2;138;148;168m↓[39m [38;2;138;148;168m0[39m
[38;2;138;148;168m────────────────────────────────────────────────────────────────────────────────[39m
❯ [7mA[27m[38;2;138;148;168msk your question...[39m
[38;2;138;148;168m────────────────────────────────────────────────────────────────────────────────[39m
  [38;2;138;148;168m? for shortcuts · [38;2;2;136;142mtaste on[39m



[?2026l[?2026h[2K[1A[2K[1A[2K[1A[2K[1A[2K[1A[2K[1A[2K[1A[2K[1A[2K[G[48;2;45;43;85m[38;2;228;204;255m [1m☆ [22m[38;2;110;97;163mConsidering…[38;2;228;204;255m [39m[49m [1m[38;2;138;148;168mesc[39m[22m [38;2;138;148;168mto interrupt[39m [38;2;138;148;168m•[39m [38;2;138;148;168m1s[39m [38;2;138;148;168m•[39m [38;2;138;148;168m↓[39m [38;2;138;148;168m0[39m
[38;2;138;148;168m────────────────────────────────────────────────────────────────────────────────[39m
❯ [7mA[27m[38;2;138;148;168msk your question...[39m
[38;2;138;148;168m────────────────────────────────────────────────────────────────────────────────[39m
  [38;2;138;148;168m? for shortcuts · [38;2;2;136;142mtaste on[39m



[?2026l[?2026h[2K[1A[2K[1A[2K[1A[2K[1A[2K[1A[2K[1A[2K[1A[2K[1A[2K[G[48;2;45;43;85m[38;2;228;204;255m [1m✧ [22m[38;2;110;97;163mConsidering…[38;2;228;204;255m [39m[49m [1m[38;2;138;148;168mesc[39m[22m [38;2;138;148;168mto interrupt[39m [38;2;138;148;168m•[39m [38;2;138;148;168m1s[39m [38;2;138;148;168m•[39m [38;2;138;148;168m↓[39m [38;2;138;148;168m0[39m
[38;2;138;148;168m────────────────────────────────────────────────────────────────────────────────[39m
❯ [7mA[27m[38;2;138;148;168msk your question...[39m
[38;2;138;148;168m────────────────────────────────────────────────────────────────────────────────[39m
  [38;2;138;148;168m? for shortcuts · [38;2;2;136;142mtaste on[39m



[?2026l[?2026h[2K[1A[2K[1A[2K[1A[2K[1A[2K[1A[2K[1A[2K[1A[2K[1A[2K[G[48;2;45;43;85m[38;2;228;204;255m [1m☆ [22m[38;2;110;97;163mConsidering…[38;2;228;204;255m [39m[49m [1m[38;2;138;148;168mesc[39m[22m [38;2;138;148;168mto interrupt[39m [38;2;138;148;168m•[39m [38;2;138;148;168m1s[39m [38;2;138;148;168m•[39m [38;2;138;148;168m↓[39m [38;2;138;148;168m0[39m
[38;2;138;148;168m────────────────────────────────────────────────────────────────────────────────[39m
❯ [7mA[27m[38;2;138;148;168msk your question...[39m
[38;2;138;148;168m────────────────────────────────────────────────────────────────────────────────[39m
  [38;2;138;148;168m? for shortcuts · [38;2;2;136;142mtaste on[39m



[?2026l[?2026h[2K[1A[2K[1A[2K[1A[2K[1A[2K[1A[2K[1A[2K[1A[2K[1A[2K[G[48;2;45;43;85m[38;2;228;204;255m [1m◇ [22m[38;2;110;97;163mConsidering…[38;2;228;204;255m [39m[49m [1m[38;2;138;148;168mesc[39m[22m [38;2;138;148;168mto interrupt[39m [38;2;138;148;168m•[39m [38;2;138;148;168m1s[39m [38;2;138;148;168m•[39m [38;2;138;148;168m↓[39m [38;2;138;148;168m0[39m
[38;2;138;148;168m────────────────────────────────────────────────────────────────────────────────[39m
❯ [7mA[27m[38;2;138;148;168msk your question...[39m
[38;2;138;148;168m────────────────────────────────────────────────────────────────────────────────[39m
  [38;2;138;148;168m? for shortcuts · [38;2;2;136;142mtaste on[39m



[?2026l[?2026h[2K[1A[2K[1A[2K[1A[2K[1A[2K[1A[2K[1A[2K[1A[2K[1A[2K[G[48;2;45;43;85m[38;2;228;204;255m [1m○ [22m[38;2;110;97;163mConsidering…[38;2;228;204;255m [39m[49m [1m[38;2;138;148;168mesc[39m[22m [38;2;138;148;168mto interrupt[39m [38;2;138;148;168m•[39m [38;2;138;148;168m1s[39m [38;2;138;148;168m•[39m [38;2;138;148;168m↓[39m [38;2;138;148;168m0[39m
[38;2;138;148;168m────────────────────────────────────────────────────────────────────────────────[39m
❯ [7mA[27m[38;2;138;148;168msk your question...[39m
[38;2;138;148;168m────────────────────────────────────────────────────────────────────────────────[39m
  [38;2;138;148;168m? for shortcuts · [38;2;2;136;142mtaste on[39m



[?2026l[?2026h[2K[1A[2K[1A[2K[1A[2K[1A[2K[1A[2K[1A[2K[1A[2K[1A[2K[G[48;2;45;43;85m[38;2;228;204;255m [1m· [22m[38;2;234;218;255mC[38;2;171;165;206mo[38;2;228;204;255mn[38;2;165;153;233ms[38;2;110;97;163midering…[38;2;228;204;255m [39m[49m [1m[38;2;138;148;168mesc[39m[22m [38;2;138;148;168mto interrupt[39m [38;2;138;148;168m•[39m [38;2;138;148;168m1s[39m [38;2;138;148;168m•[39m [38;2;138;148;168m↓[39m [38;2;138;148;168m0[39m
[38;2;138;148;168m────────────────────────────────────────────────────────────────────────────────[39m
❯ [7mA[27m[38;2;138;148;168msk your question...[39m
[38;2;138;148;168m────────────────────────────────────────────────────────────────────────────────[39m
  [38;2;138;148;168m? for shortcuts · [38;2;2;136;142mtaste on[39m



[?2026l[?2026h[2K[1A[2K[1A[2K[1A[2K[1A[2K[1A[2K[1A[2K[1A[2K[1A[2K[G[48;2;45;43;85m[38;2;228;204;255m [1m· [22m[38;2;255;255;255mC[38;2;234;218;255mo[38;2;171;165;206mn[38;2;228;204;255ms[38;2;165;153;233mi[38;2;110;97;163mdering…[38;2;228;204;255m [39m[49m [1m[38;2;138;148;168mesc[39m[22m [38;2;138;148;168mto interrupt[39m [38;2;138;148;168m•[39m [38;2;138;148;168m1s[39m [38;2;138;148;168m•[39m [38;2;138;148;168m↓[39m [38;2;138;148;168m0[39m
[38;2;138;148;168m────────────────────────────────────────────────────────────────────────────────[39m
❯ [7mA[27m[38;2;138;148;168msk your question...[39m
[38;2;138;148;168m────────────────────────────────────────────────────────────────────────────────[39m
  [38;2;138;148;168m? for shortcuts · [38;2;2;136;142mtaste on[39m



[?2026l[?2026h[2K[1A[2K[1A[2K[1A[2K[1A[2K[1A[2K[1A[2K[1A[2K[1A[2K[G[48;2;45;43;85m[38;2;228;204;255m [1m· [22m[38;2;204;199;225mC[38;2;255;255;255mo[38;2;234;218;255mn[38;2;171;165;206ms[38;2;228;204;255mi[38;2;165;153;233md[38;2;110;97;163mering…[38;2;228;204;255m [39m[49m [1m[38;2;138;148;168mesc[39m[22m [38;2;138;148;168mto interrupt[39m [38;2;138;148;168m•[39m [38;2;138;148;168m1s[39m [38;2;138;148;168m•[39m [38;2;138;148;168m↓[39m [38;2;138;148;168m0[39m
[38;2;138;148;168m────────────────────────────────────────────────────────────────────────────────[39m
❯ [7mA[27m[38;2;138;148;168msk your question...[39m
[38;2;138;148;168m────────────────────────────────────────────────────────────────────────────────[39m
  [38;2;138;148;168m? for shortcuts · [38;2;2;136;142mtaste on[39m



[?2026l[?2026h[2K[1A[2K[1A[2K[1A[2K[1A[2K[1A[2K[1A[2K[1A[2K[1A[2K[G[48;2;45;43;85m[38;2;228;204;255m [1m· [22m[38;2;204;199;225mC[38;2;255;255;255mo[38;2;234;218;255mn[38;2;171;165;206ms[38;2;228;204;255mi[38;2;165;153;233md[38;2;110;97;163mering…[38;2;228;204;255m [39m[49m [1m[38;2;138;148;168mesc[39m[22m [38;2;138;148;168mto interrupt[39m [38;2;138;148;168m•[39m [38;2;138;148;168m2s[39m [38;2;138;148;168m•[39m [38;2;138;148;168m↓[39m [38;2;138;148;168m0[39m
[38;2;138;148;168m────────────────────────────────────────────────────────────────────────────────[39m
❯ [7mA[27m[38;2;138;148;168msk your question...[39m
[38;2;138;148;168m────────────────────────────────────────────────────────────────────────────────[39m
  [38;2;138;148;168m? for shortcuts · [38;2;2;136;142mtaste on[39m



[?2026l[?2026h[2K[1A[2K[1A[2K[1A[2K[1A[2K[1A[2K[1A[2K[1A[2K[1A[2K[G[48;2;45;43;85m[38;2;228;204;255m [1m○ [22m[38;2;171;165;206mC[38;2;204;199;225mo[38;2;255;255;255mn[38;2;234;218;255ms[38;2;171;165;206mi[38;2;228;204;255md[38;2;165;153;233me[38;2;110;97;163mring…[38;2;228;204;255m [39m[49m [1m[38;2;138;148;168mesc[39m[22m [38;2;138;148;168mto interrupt[39m [38;2;138;148;168m•[39m [38;2;138;148;168m2s[39m [38;2;138;148;168m•[39m [38;2;138;148;168m↓[39m [38;2;138;148;168m0[39m
[38;2;138;148;168m────────────────────────────────────────────────────────────────────────────────[39m
❯ [7mA[27m[38;2;138;148;168msk your question...[39m
[38;2;138;148;168m────────────────────────────────────────────────────────────────────────────────[39m
  [38;2;138;148;168m? for shortcuts · [38;2;2;136;142mtaste on[39m



[?2026l[?2026h[2K[1A[2K[1A[2K[1A[2K[1A[2K[1A[2K[1A[2K[1A[2K[1A[2K[G[48;2;45;43;85m[38;2;228;204;255m [1m○ [22mC[38;2;171;165;206mo[38;2;204;199;225mn[38;2;255;255;255ms[38;2;234;218;255mi[38;2;171;165;206md[38;2;228;204;255me[38;2;165;153;233mr[38;2;110;97;163ming…[38;2;228;204;255m [39m[49m [1m[38;2;138;148;168mesc[39m[22m [38;2;138;148;168mto interrupt[39m [38;2;138;148;168m•[39m [38;2;138;148;168m2s[39m [38;2;138;148;168m•[39m [38;2;138;148;168m↓[39m [38;2;138;148;168m0[39m
[38;2;138;148;168m────────────────────────────────────────────────────────────────────────────────[39m
❯ [7mA[27m[38;2;138;148;168msk your question...[39m
[38;2;138;148;168m────────────────────────────────────────────────────────────────────────────────[39m
  [38;2;138;148;168m? for shortcuts · [38;2;2;136;142mtaste on[39m



[?2026l[?2026h[2K[1A[2K[1A[2K[1A[2K[1A[2K[1A[2K[1A[2K[1A[2K[1A[2K[G[48;2;45;43;85m[38;2;228;204;255m [1m◇ [22m[38;2;165;153;233mC[38;2;228;204;255mo[38;2;171;165;206mn[38;2;204;199;225ms[38;2;255;255;255mi[38;2;234;218;255md[38;2;171;165;206me[38;2;228;204;255mr[38;2;165;153;233mi[38;2;110;97;163mng…[38;2;228;204;255m [39m[49m [1m[38;2;138;148;168mesc[39m[22m [38;2;138;148;168mto interrupt[39m [38;2;138;148;168m•[39m [38;2;138;148;168m2s[39m [38;2;138;148;168m•[39m [38;2;138;148;168m↓[39m [38;2;138;148;168m0[39m
[38;2;138;148;168m────────────────────────────────────────────────────────────────────────────────[39m
❯ [7mA[27m[38;2;138;148;168msk your question...[39m
[38;2;138;148;168m────────────────────────────────────────────────────────────────────────────────[39m
  [38;2;138;148;168m? for shortcuts · [38;2;2;136;142mtaste on[39m



[?2026l[?2026h[2K[1A[2K[1A[2K[1A[2K[1A[2K[1A[2K[1A[2K[1A[2K[1A[2K[G[48;2;45;43;85m[38;2;228;204;255m [1m☆ [22m[38;2;110;97;163mC[38;2;165;153;233mo[38;2;228;204;255mn[38;2;171;165;206ms[38;2;204;199;225mi[38;2;255;255;255md[38;2;234;218;255me[38;2;171;165;206mr[38;2;228;204;255mi[38;2;165;153;233mn[38;2;110;97;163mg…[38;2;228;204;255m [39m[49m [1m[38;2;138;148;168mesc[39m[22m [38;2;138;148;168mto interrupt[39m [38;2;138;148;168m•[39m [38;2;138;148;168m2s[39m [38;2;138;148;168m•[39m [38;2;138;148;168m↓[39m [38;2;138;148;168m0[39m
[38;2;138;148;168m────────────────────────────────────────────────────────────────────────────────[39m
❯ [7mA[27m[38;2;138;148;168msk your question...[39m
[38;2;138;148;168m────────────────────────────────────────────────────────────────────────────────[39m
  [38;2;138;148;168m? for shortcuts · [38;2;2;136;142mtaste on[39m



[?2026l[?2026h[2K[1A[2K[1A[2K[1A[2K[1A[2K[1A[2K[1A[2K[1A[2K[1A[2K[G[48;2;45;43;85m[38;2;228;204;255m [1m✧ [22m[38;2;110;97;163mCo[38;2;165;153;233mn[38;2;228;204;255ms[38;2;171;165;206mi[38;2;204;199;225md[38;2;255;255;255me[38;2;234;218;255mr[38;2;171;165;206mi[38;2;228;204;255mn[38;2;165;153;233mg[38;2;110;97;163m…[38;2;228;204;255m [39m[49m [1m[38;2;138;148;168mesc[39m[22m [38;2;138;148;168mto interrupt[39m [38;2;138;148;168m•[39m [38;2;138;148;168m2s[39m [38;2;138;148;168m•[39m [38;2;138;148;168m↓[39m [38;2;138;148;168m0[39m
[38;2;138;148;168m────────────────────────────────────────────────────────────────────────────────[39m
❯ [7mA[27m[38;2;138;148;168msk your question...[39m
[38;2;138;148;168m────────────────────────────────────────────────────────────────────────────────[39m
  [38;2;138;148;168m? for shortcuts · [38;2;2;136;142mtaste on[39m



[?2026l[?2026h[2K[1A[2K[1A[2K[1A[2K[1A[2K[1A[2K[1A[2K[1A[2K[1A[2K[G[48;2;45;43;85m[38;2;228;204;255m [1m☆ [22m[38;2;110;97;163mCon[38;2;165;153;233ms[38;2;228;204;255mi[38;2;171;165;206md[38;2;204;199;225me[38;2;255;255;255mr[38;2;234;218;255mi[38;2;171;165;206mn[38;2;228;204;255mg[38;2;165;153;233m…[38;2;228;204;255m [39m[49m [1m[38;2;138;148;168mesc[39m[22m [38;2;138;148;168mto interrupt[39m [38;2;138;148;168m•[39m [38;2;138;148;168m2s[39m [38;2;138;148;168m•[39m [38;2;138;148;168m↓[39m [38;2;138;148;168m0[39m
[38;2;138;148;168m────────────────────────────────────────────────────────────────────────────────[39m
❯ [7mA[27m[38;2;138;148;168msk your question...[39m
[38;2;138;148;168m────────────────────────────────────────────────────────────────────────────────[39m
  [38;2;138;148;168m? for shortcuts · [38;2;2;136;142mtaste on[39m



[?2026l[?2026h[2K[1A[2K[1A[2K[1A[2K[1A[2K[1A[2K[1A[2K[1A[2K[1A[2K[G[48;2;45;43;85m[38;2;228;204;255m [1m◇ [22m[38;2;110;97;163mCons[38;2;165;153;233mi[38;2;228;204;255md[38;2;171;165;206me[38;2;204;199;225mr[38;2;255;255;255mi[38;2;234;218;255mn[38;2;171;165;206mg[38;2;228;204;255m… [39m[49m [1m[38;2;138;148;168mesc[39m[22m [38;2;138;148;168mto interrupt[39m [38;2;138;148;168m•[39m [38;2;138;148;168m2s[39m [38;2;138;148;168m•[39m [38;2;138;148;168m↓[39m [38;2;138;148;168m0[39m
[38;2;138;148;168m────────────────────────────────────────────────────────────────────────────────[39m
❯ [7mA[27m[38;2;138;148;168msk your question...[39m
[38;2;138;148;168m────────────────────────────────────────────────────────────────────────────────[39m
  [38;2;138;148;168m? for shortcuts · [38;2;2;136;142mtaste on[39m



[?2026l[?2026h[2K[1A[2K[1A[2K[1A[2K[1A[2K[1A[2K[1A[2K[1A[2K[1A[2K[G[48;2;45;43;85m[38;2;228;204;255m [1m○ [22m[38;2;110;97;163mConsi[38;2;165;153;233md[38;2;228;204;255me[38;2;171;165;206mr[38;2;204;199;225mi[38;2;255;255;255mn[38;2;234;218;255mg[38;2;171;165;206m…[38;2;228;204;255m [39m[49m [1m[38;2;138;148;168mesc[39m[22m [38;2;138;148;168mto interrupt[39m [38;2;138;148;168m•[39m [38;2;138;148;168m2s[39m [38;2;138;148;168m•[39m [38;2;138;148;168m↓[39m [38;2;138;148;168m0[39m
[38;2;138;148;168m────────────────────────────────────────────────────────────────────────────────[39m
❯ [7mA[27m[38;2;138;148;168msk your question...[39m
[38;2;138;148;168m────────────────────────────────────────────────────────────────────────────────[39m
  [38;2;138;148;168m? for shortcuts · [38;2;2;136;142mtaste on[39m



[?2026l[?2026h[2K[1A[2K[1A[2K[1A[2K[1A[2K[1A[2K[1A[2K[1A[2K[1A[2K[G[48;2;45;43;85m[38;2;228;204;255m [1m⌘ [22m[38;2;110;97;163mConsid[38;2;165;153;233me[38;2;228;204;255mr[38;2;171;165;206mi[38;2;204;199;225mn[38;2;255;255;255mg[38;2;234;218;255m…[38;2;228;204;255m [39m[49m [1m[38;2;138;148;168mesc[39m[22m [38;2;138;148;168mto interrupt[39m [38;2;138;148;168m•[39m [38;2;138;148;168m2s[39m [38;2;138;148;168m•[39m [38;2;138;148;168m↓[39m [38;2;138;148;168m0[39m
[38;2;138;148;168m────────────────────────────────────────────────────────────────────────────────[39m
❯ [7mA[27m[38;2;138;148;168msk your question...[39m
[38;2;138;148;168m────────────────────────────────────────────────────────────────────────────────[39m
  [38;2;138;148;168m? for shortcuts · [38;2;2;136;142mtaste on[39m



[?2026l[?2026h[2K[1A[2K[1A[2K[1A[2K[1A[2K[1A[2K[1A[2K[1A[2K[1A[2K[G[48;2;45;43;85m[38;2;228;204;255m [1m⌘ [22m[38;2;110;97;163mConside[38;2;165;153;233mr[38;2;228;204;255mi[38;2;171;165;206mn[38;2;204;199;225mg[38;2;255;255;255m…[38;2;228;204;255m [39m[49m [1m[38;2;138;148;168mesc[39m[22m [38;2;138;148;168mto interrupt[39m [38;2;138;148;168m•[39m [38;2;138;148;168m2s[39m [38;2;138;148;168m•[39m [38;2;138;148;168m↓[39m [38;2;138;148;168m0[39m
[38;2;138;148;168m────────────────────────────────────────────────────────────────────────────────[39m
❯ [7mA[27m[38;2;138;148;168msk your question...[39m
[38;2;138;148;168m────────────────────────────────────────────────────────────────────────────────[39m
  [38;2;138;148;168m? for shortcuts · [38;2;2;136;142mtaste on[39m



[?2026l[?2026h[2K[1A[2K[1A[2K[1A[2K[1A[2K[1A[2K[1A[2K[1A[2K[1A[2K[G[48;2;45;43;85m[38;2;228;204;255m [1m⌘ [22m[38;2;110;97;163mConsider[38;2;165;153;233mi[38;2;228;204;255mn[38;2;171;165;206mg[38;2;204;199;225m…[38;2;228;204;255m [39m[49m [1m[38;2;138;148;168mesc[39m[22m [38;2;138;148;168mto interrupt[39m [38;2;138;148;168m•[39m [38;2;138;148;168m2s[39m [38;2;138;148;168m•[39m [38;2;138;148;168m↓[39m [38;2;138;148;168m0[39m
[38;2;138;148;168m────────────────────────────────────────────────────────────────────────────────[39m
❯ [7mA[27m[38;2;138;148;168msk your question...[39m
[38;2;138;148;168m────────────────────────────────────────────────────────────────────────────────[39m
  [38;2;138;148;168m? for shortcuts · [38;2;2;136;142mtaste on[39m



[?2026l[?2026h[2K[1A[2K[1A[2K[1A[2K[1A[2K[1A[2K[1A[2K[1A[2K[1A[2K[G[48;2;45;43;85m[38;2;228;204;255m [1m⌘ [22m[38;2;110;97;163mConsideri[38;2;165;153;233mn[38;2;228;204;255mg[38;2;171;165;206m…[38;2;228;204;255m [39m[49m [1m[38;2;138;148;168mesc[39m[22m [38;2;138;148;168mto interrupt[39m [38;2;138;148;168m•[39m [38;2;138;148;168m2s[39m [38;2;138;148;168m•[39m [38;2;138;148;168m↓[39m [38;2;138;148;168m0[39m
[38;2;138;148;168m────────────────────────────────────────────────────────────────────────────────[39m
❯ [7mA[27m[38;2;138;148;168msk your question...[39m
[38;2;138;148;168m────────────────────────────────────────────────────────────────────────────────[39m
  [38;2;138;148;168m? for shortcuts · [38;2;2;136;142mtaste on[39m



[?2026l[?2026h[2K[1A[2K[1A[2K[1A[2K[1A[2K[1A[2K[1A[2K[1A[2K[1A[2K[G[48;2;45;43;85m[38;2;228;204;255m [1m○ [22m[38;2;110;97;163mConsiderin[38;2;165;153;233mg[38;2;228;204;255m… [39m[49m [1m[38;2;138;148;168mesc[39m[22m [38;2;138;148;168mto interrupt[39m [38;2;138;148;168m•[39m [38;2;138;148;168m2s[39m [38;2;138;148;168m•[39m [38;2;138;148;168m↓[39m [38;2;138;148;168m0[39m
[38;2;138;148;168m────────────────────────────────────────────────────────────────────────────────[39m
❯ [7mA[27m[38;2;138;148;168msk your question...[39m
[38;2;138;148;168m────────────────────────────────────────────────────────────────────────────────[39m
  [38;2;138;148;168m? for shortcuts · [38;2;2;136;142mtaste on[39m



[?2026l[?2026h[2K[1A[2K[1A[2K[1A[2K[1A[2K[1A[2K[1A[2K[1A[2K[1A[2K[G[48;2;45;43;85m[38;2;228;204;255m [1m○ [22m[38;2;110;97;163mConsiderin[38;2;165;153;233mg[38;2;228;204;255m… [39m[49m [1m[38;2;138;148;168mesc[39m[22m [38;2;138;148;168mto interrupt[39m [38;2;138;148;168m•[39m [38;2;138;148;168m3s[39m [38;2;138;148;168m•[39m [38;2;138;148;168m↓[39m [38;2;138;148;168m0[39m
[38;2;138;148;168m────────────────────────────────────────────────────────────────────────────────[39m
❯ [7mA[27m[38;2;138;148;168msk your question...[39m
[38;2;138;148;168m────────────────────────────────────────────────────────────────────────────────[39m
  [38;2;138;148;168m? for shortcuts · [38;2;2;136;142mtaste on[39m



[?2026l[?2026h[2K[1A[2K[1A[2K[1A[2K[1A[2K[1A[2K[1A[2K[1A[2K[1A[2K[G[48;2;45;43;85m[38;2;228;204;255m [1m◇ [22m[38;2;110;97;163mConsidering[38;2;165;153;233m…[38;2;228;204;255m [39m[49m [1m[38;2;138;148;168mesc[39m[22m [38;2;138;148;168mto interrupt[39m [38;2;138;148;168m•[39m [38;2;138;148;168m3s[39m [38;2;138;148;168m•[39m [38;2;138;148;168m↓[39m [38;2;138;148;168m0[39m
[38;2;138;148;168m────────────────────────────────────────────────────────────────────────────────[39m
❯ [7mA[27m[38;2;138;148;168msk your question...[39m
[38;2;138;148;168m────────────────────────────────────────────────────────────────────────────────[39m
  [38;2;138;148;168m? for shortcuts · [38;2;2;136;142mtaste on[39m



[?2026l[?2026h[2K[1A[2K[1A[2K[1A[2K[1A[2K[1A[2K[1A[2K[1A[2K[1A[2K[G[48;2;45;43;85m[38;2;228;204;255m [1m☆ [22m[38;2;110;97;163mConsidering…[38;2;228;204;255m [39m[49m [1m[38;2;138;148;168mesc[39m[22m [38;2;138;148;168mto interrupt[39m [38;2;138;148;168m•[39m [38;2;138;148;168m3s[39m [38;2;138;148;168m•[39m [38;2;138;148;168m↓[39m [38;2;138;148;168m0[39m
[38;2;138;148;168m────────────────────────────────────────────────────────────────────────────────[39m
❯ [7mA[27m[38;2;138;148;168msk your question...[39m
[38;2;138;148;168m────────────────────────────────────────────────────────────────────────────────[39m
  [38;2;138;148;168m? for shortcuts · [38;2;2;136;142mtaste on[39m



[?2026l[?2026h[2K[1A[2K[1A[2K[1A[2K[1A[2K[1A[2K[1A[2K[1A[2K[1A[2K[G[48;2;45;43;85m[38;2;228;204;255m [1m✧ [22m[38;2;110;97;163mConsidering…[38;2;228;204;255m [39m[49m [1m[38;2;138;148;168mesc[39m[22m [38;2;138;148;168mto interrupt[39m [38;2;138;148;168m•[39m [38;2;138;148;168m3s[39m [38;2;138;148;168m•[39m [38;2;138;148;168m↓[39m [38;2;138;148;168m0[39m
[38;2;138;148;168m────────────────────────────────────────────────────────────────────────────────[39m
❯ [7mA[27m[38;2;138;148;168msk your question...[39m
[38;2;138;148;168m────────────────────────────────────────────────────────────────────────────────[39m
  [38;2;138;148;168m? for shortcuts · [38;2;2;136;142mtaste on[39m



[?2026l[?2026h[2K[1A[2K[1A[2K[1A[2K[1A[2K[1A[2K[1A[2K[1A[2K[1A[2K[G[48;2;45;43;85m[38;2;228;204;255m [1m☆ [22m[38;2;110;97;163mConsidering…[38;2;228;204;255m [39m[49m [1m[38;2;138;148;168mesc[39m[22m [38;2;138;148;168mto interrupt[39m [38;2;138;148;168m•[39m [38;2;138;148;168m3s[39m [38;2;138;148;168m•[39m [38;2;138;148;168m↓[39m [38;2;138;148;168m0[39m
[38;2;138;148;168m────────────────────────────────────────────────────────────────────────────────[39m
❯ [7mA[27m[38;2;138;148;168msk your question...[39m
[38;2;138;148;168m────────────────────────────────────────────────────────────────────────────────[39m
  [38;2;138;148;168m? for shortcuts · [38;2;2;136;142mtaste on[39m



[?2026l[?2026h[2K[1A[2K[1A[2K[1A[2K[1A[2K[1A[2K[1A[2K[1A[2K[1A[2K[G[48;2;45;43;85m[38;2;228;204;255m [1m◇ [22m[38;2;110;97;163mConsidering…[38;2;228;204;255m [39m[49m [1m[38;2;138;148;168mesc[39m[22m [38;2;138;148;168mto interrupt[39m [38;2;138;148;168m•[39m [38;2;138;148;168m3s[39m [38;2;138;148;168m•[39m [38;2;138;148;168m↓[39m [38;2;138;148;168m0[39m
[38;2;138;148;168m────────────────────────────────────────────────────────────────────────────────[39m
❯ [7mA[27m[38;2;138;148;168msk your question...[39m
[38;2;138;148;168m────────────────────────────────────────────────────────────────────────────────[39m
  [38;2;138;148;168m? for shortcuts · [38;2;2;136;142mtaste on[39m



[?2026l[?2026h[2K[1A[2K[1A[2K[1A[2K[1A[2K[1A[2K[1A[2K[1A[2K[1A[2K[G[48;2;45;43;85m[38;2;228;204;255m [1m○ [22m[38;2;110;97;163mConsidering…[38;2;228;204;255m [39m[49m [1m[38;2;138;148;168mesc[39m[22m [38;2;138;148;168mto interrupt[39m [38;2;138;148;168m•[39m [38;2;138;148;168m3s[39m [38;2;138;148;168m•[39m [38;2;138;148;168m↓[39m [38;2;138;148;168m0[39m
[38;2;138;148;168m────────────────────────────────────────────────────────────────────────────────[39m
❯ [7mA[27m[38;2;138;148;168msk your question...[39m
[38;2;138;148;168m────────────────────────────────────────────────────────────────────────────────[39m
  [38;2;138;148;168m? for shortcuts · [38;2;2;136;142mtaste on[39m



[?2026l[?2026h[2K[1A[2K[1A[2K[1A[2K[1A[2K[1A[2K[1A[2K[1A[2K[1A[2K[G[48;2;45;43;85m[38;2;228;204;255m [1m· [22m[38;2;234;218;255mC[38;2;171;165;206mo[38;2;228;204;255mn[38;2;165;153;233ms[38;2;110;97;163midering…[38;2;228;204;255m [39m[49m [1m[38;2;138;148;168mesc[39m[22m [38;2;138;148;168mto interrupt[39m [38;2;138;148;168m•[39m [38;2;138;148;168m3s[39m [38;2;138;148;168m•[39m [38;2;138;148;168m↓[39m [38;2;138;148;168m0[39m
[38;2;138;148;168m────────────────────────────────────────────────────────────────────────────────[39m
❯ [7mA[27m[38;2;138;148;168msk your question...[39m
[38;2;138;148;168m────────────────────────────────────────────────────────────────────────────────[39m
  [38;2;138;148;168m? for shortcuts · [38;2;2;136;142mtaste on[39m



[?2026l[?2026h[2K[1A[2K[1A[2K[1A[2K[1A[2K[1A[2K[1A[2K[1A[2K[1A[2K[G[48;2;45;43;85m[38;2;228;204;255m [1m· [22m[38;2;255;255;255mC[38;2;234;218;255mo[38;2;171;165;206mn[38;2;228;204;255ms[38;2;165;153;233mi[38;2;110;97;163mdering…[38;2;228;204;255m [39m[49m [1m[38;2;138;148;168mesc[39m[22m [38;2;138;148;168mto interrupt[39m [38;2;138;148;168m•[39m [38;2;138;148;168m3s[39m [38;2;138;148;168m•[39m [38;2;138;148;168m↓[39m [38;2;138;148;168m0[39m
[38;2;138;148;168m────────────────────────────────────────────────────────────────────────────────[39m
❯ [7mA[27m[38;2;138;148;168msk your question...[39m
[38;2;138;148;168m────────────────────────────────────────────────────────────────────────────────[39m
  [38;2;138;148;168m? for shortcuts · [38;2;2;136;142mtaste on[39m



[?2026l[?2026h[2K[1A[2K[1A[2K[1A[2K[1A[2K[1A[2K[1A[2K[1A[2K[1A[2K[G[48;2;45;43;85m[38;2;228;204;255m [1m· [22m[38;2;204;199;225mC[38;2;255;255;255mo[38;2;234;218;255mn[38;2;171;165;206ms[38;2;228;204;255mi[38;2;165;153;233md[38;2;110;97;163mering…[38;2;228;204;255m [39m[49m [1m[38;2;138;148;168mesc[39m[22m [38;2;138;148;168mto interrupt[39m [38;2;138;148;168m•[39m [38;2;138;148;168m3s[39m [38;2;138;148;168m•[39m [38;2;138;148;168m↓[39m [38;2;138;148;168m0[39m
[38;2;138;148;168m────────────────────────────────────────────────────────────────────────────────[39m
❯ [7mA[27m[38;2;138;148;168msk your question...[39m
[38;2;138;148;168m────────────────────────────────────────────────────────────────────────────────[39m
  [38;2;138;148;168m? for shortcuts · [38;2;2;136;142mtaste on[39m



[?2026l[?2026h[2K[1A[2K[1A[2K[1A[2K[1A[2K[1A[2K[1A[2K[1A[2K[1A[2K[G[48;2;45;43;85m[38;2;228;204;255m [1m○ [22m[38;2;171;165;206mC[38;2;204;199;225mo[38;2;255;255;255mn[38;2;234;218;255ms[38;2;171;165;206mi[38;2;228;204;255md[38;2;165;153;233me[38;2;110;97;163mring…[38;2;228;204;255m [39m[49m [1m[38;2;138;148;168mesc[39m[22m [38;2;138;148;168mto interrupt[39m [38;2;138;148;168m•[39m [38;2;138;148;168m3s[39m [38;2;138;148;168m•[39m [38;2;138;148;168m↓[39m [38;2;138;148;168m0[39m
[38;2;138;148;168m────────────────────────────────────────────────────────────────────────────────[39m
❯ [7mA[27m[38;2;138;148;168msk your question...[39m
[38;2;138;148;168m────────────────────────────────────────────────────────────────────────────────[39m
  [38;2;138;148;168m? for shortcuts · [38;2;2;136;142mtaste on[39m



[?2026l[?2026h[2K[1A[2K[1A[2K[1A[2K[1A[2K[1A[2K[1A[2K[1A[2K[1A[2K[G[48;2;45;43;85m[38;2;228;204;255m [1m○ [22mC[38;2;171;165;206mo[38;2;204;199;225mn[38;2;255;255;255ms[38;2;234;218;255mi[38;2;171;165;206md[38;2;228;204;255me[38;2;165;153;233mr[38;2;110;97;163ming…[38;2;228;204;255m [39m[49m [1m[38;2;138;148;168mesc[39m[22m [38;2;138;148;168mto interrupt[39m [38;2;138;148;168m•[39m [38;2;138;148;168m3s[39m [38;2;138;148;168m•[39m [38;2;138;148;168m↓[39m [38;2;138;148;168m0[39m
[38;2;138;148;168m────────────────────────────────────────────────────────────────────────────────[39m
❯ [7mA[27m[38;2;138;148;168msk your question...[39m
[38;2;138;148;168m────────────────────────────────────────────────────────────────────────────────[39m
  [38;2;138;148;168m? for shortcuts · [38;2;2;136;142mtaste on[39m



[?2026l[?2026h[2K[1A[2K[1A[2K[1A[2K[1A[2K[1A[2K[1A[2K[1A[2K[1A[2K[G[48;2;45;43;85m[38;2;228;204;255m [1m◇ [22m[38;2;165;153;233mC[38;2;228;204;255mo[38;2;171;165;206mn[38;2;204;199;225ms[38;2;255;255;255mi[38;2;234;218;255md[38;2;171;165;206me[38;2;228;204;255mr[38;2;165;153;233mi[38;2;110;97;163mng…[38;2;228;204;255m [39m[49m [1m[38;2;138;148;168mesc[39m[22m [38;2;138;148;168mto interrupt[39m [38;2;138;148;168m•[39m [38;2;138;148;168m3s[39m [38;2;138;148;168m•[39m [38;2;138;148;168m↓[39m [38;2;138;148;168m0[39m
[38;2;138;148;168m────────────────────────────────────────────────────────────────────────────────[39m
❯ [7mA[27m[38;2;138;148;168msk your question...[39m
[38;2;138;148;168m────────────────────────────────────────────────────────────────────────────────[39m
  [38;2;138;148;168m? for shortcuts · [38;2;2;136;142mtaste on[39m



[?2026l[?2026h[2K[1A[2K[1A[2K[1A[2K[1A[2K[1A[2K[1A[2K[1A[2K[1A[2K[G[48;2;45;43;85m[38;2;228;204;255m [1m◇ [22m[38;2;165;153;233mC[38;2;228;204;255mo[38;2;171;165;206mn[38;2;204;199;225ms[38;2;255;255;255mi[38;2;234;218;255md[38;2;171;165;206me[38;2;228;204;255mr[38;2;165;153;233mi[38;2;110;97;163mng…[38;2;228;204;255m [39m[49m [1m[38;2;138;148;168mesc[39m[22m [38;2;138;148;168mto interrupt[39m [38;2;138;148;168m•[39m [38;2;138;148;168m4s[39m [38;2;138;148;168m•[39m [38;2;138;148;168m↓[39m [38;2;138;148;168m0[39m
[38;2;138;148;168m────────────────────────────────────────────────────────────────────────────────[39m
❯ [7mA[27m[38;2;138;148;168msk your question...[39m
[38;2;138;148;168m────────────────────────────────────────────────────────────────────────────────[39m
  [38;2;138;148;168m? for shortcuts · [38;2;2;136;142mtaste on[39m



[?2026l[?2026h[2K[1A[2K[1A[2K[1A[2K[1A[2K[1A[2K[1A[2K[1A[2K[1A[2K[G[48;2;45;43;85m[38;2;228;204;255m [1m☆ [22m[38;2;110;97;163mC[38;2;165;153;233mo[38;2;228;204;255mn[38;2;171;165;206ms[38;2;204;199;225mi[38;2;255;255;255md[38;2;234;218;255me[38;2;171;165;206mr[38;2;228;204;255mi[38;2;165;153;233mn[38;2;110;97;163mg…[38;2;228;204;255m [39m[49m [1m[38;2;138;148;168mesc[39m[22m [38;2;138;148;168mto interrupt[39m [38;2;138;148;168m•[39m [38;2;138;148;168m4s[39m [38;2;138;148;168m•[39m [38;2;138;148;168m↓[39m [38;2;138;148;168m0[39m
[38;2;138;148;168m────────────────────────────────────────────────────────────────────────────────[39m
❯ [7mA[27m[38;2;138;148;168msk your question...[39m
[38;2;138;148;168m────────────────────────────────────────────────────────────────────────────────[39m
  [38;2;138;148;168m? for shortcuts · [38;2;2;136;142mtaste on[39m



[?2026l[?2026h[2K[1A[2K[1A[2K[1A[2K[1A[2K[1A[2K[1A[2K[1A[2K[1A[2K[G[48;2;45;43;85m[38;2;228;204;255m [1m✧ [22m[38;2;110;97;163mCo[38;2;165;153;233mn[38;2;228;204;255ms[38;2;171;165;206mi[38;2;204;199;225md[38;2;255;255;255me[38;2;234;218;255mr[38;2;171;165;206mi[38;2;228;204;255mn[38;2;165;153;233mg[38;2;110;97;163m…[38;2;228;204;255m [39m[49m [1m[38;2;138;148;168mesc[39m[22m [38;2;138;148;168mto interrupt[39m [38;2;138;148;168m•[39m [38;2;138;148;168m4s[39m [38;2;138;148;168m•[39m [38;2;138;148;168m↓[39m [38;2;138;148;168m0[39m
[38;2;138;148;168m────────────────────────────────────────────────────────────────────────────────[39m
❯ [7mA[27m[38;2;138;148;168msk your question...[39m
[38;2;138;148;168m────────────────────────────────────────────────────────────────────────────────[39m
  [38;2;138;148;168m? for shortcuts · [38;2;2;136;142mtaste on[39m



[?2026l[?2026h[2K[1A[2K[1A[2K[1A[2K[1A[2K[1A[2K[1A[2K[1A[2K[1A[2K[G[48;2;45;43;85m[38;2;228;204;255m [1m☆ [22m[38;2;110;97;163mCon[38;2;165;153;233ms[38;2;228;204;255mi[38;2;171;165;206md[38;2;204;199;225me[38;2;255;255;255mr[38;2;234;218;255mi[38;2;171;165;206mn[38;2;228;204;255mg[38;2;165;153;233m…[38;2;228;204;255m [39m[49m [1m[38;2;138;148;168mesc[39m[22m [38;2;138;148;168mto interrupt[39m [38;2;138;148;168m•[39m [38;2;138;148;168m4s[39m [38;2;138;148;168m•[39m [38;2;138;148;168m↓[39m [38;2;138;148;168m0[39m
[38;2;138;148;168m────────────────────────────────────────────────────────────────────────────────[39m
❯ [7mA[27m[38;2;138;148;168msk your question...[39m
[38;2;138;148;168m────────────────────────────────────────────────────────────────────────────────[39m
  [38;2;138;148;168m? for shortcuts · [38;2;2;136;142mtaste on[39m



[?2026l[?2026h[2K[1A[2K[1A[2K[1A[2K[1A[2K[1A[2K[1A[2K[1A[2K[1A[2K[G[48;2;45;43;85m[38;2;228;204;255m [1m◇ [22m[38;2;110;97;163mCons[38;2;165;153;233mi[38;2;228;204;255md[38;2;171;165;206me[38;2;204;199;225mr[38;2;255;255;255mi[38;2;234;218;255mn[38;2;171;165;206mg[38;2;228;204;255m… [39m[49m [1m[38;2;138;148;168mesc[39m[22m [38;2;138;148;168mto interrupt[39m [38;2;138;148;168m•[39m [38;2;138;148;168m4s[39m [38;2;138;148;168m•[39m [38;2;138;148;168m↓[39m [38;2;138;148;168m0[39m
[38;2;138;148;168m────────────────────────────────────────────────────────────────────────────────[39m
❯ [7mA[27m[38;2;138;148;168msk your question...[39m
[38;2;138;148;168m────────────────────────────────────────────────────────────────────────────────[39m
  [38;2;138;148;168m? for shortcuts · [38;2;2;136;142mtaste on[39m



[?2026l[?2026h[2K[1A[2K[1A[2K[1A[2K[1A[2K[1A[2K[1A[2K[1A[2K[1A[2K[G[48;2;45;43;85m[38;2;228;204;255m [1m○ [22m[38;2;110;97;163mConsi[38;2;165;153;233md[38;2;228;204;255me[38;2;171;165;206mr[38;2;204;199;225mi[38;2;255;255;255mn[38;2;234;218;255mg[38;2;171;165;206m…[38;2;228;204;255m [39m[49m [1m[38;2;138;148;168mesc[39m[22m [38;2;138;148;168mto interrupt[39m [38;2;138;148;168m•[39m [38;2;138;148;168m4s[39m [38;2;138;148;168m•[39m [38;2;138;148;168m↓[39m [38;2;138;148;168m0[39m
[38;2;138;148;168m────────────────────────────────────────────────────────────────────────────────[39m
❯ [7mA[27m[38;2;138;148;168msk your question...[39m
[38;2;138;148;168m────────────────────────────────────────────────────────────────────────────────[39m
  [38;2;138;148;168m? for shortcuts · [38;2;2;136;142mtaste on[39m



[?2026l[?2026h[2K[1A[2K[1A[2K[1A[2K[1A[2K[1A[2K[1A[2K[1A[2K[1A[2K[G[48;2;45;43;85m[38;2;228;204;255m [1m⌘ [22m[38;2;110;97;163mConsid[38;2;165;153;233me[38;2;228;204;255mr[38;2;171;165;206mi[38;2;204;199;225mn[38;2;255;255;255mg[38;2;234;218;255m…[38;2;228;204;255m [39m[49m [1m[38;2;138;148;168mesc[39m[22m [38;2;138;148;168mto interrupt[39m [38;2;138;148;168m•[39m [38;2;138;148;168m4s[39m [38;2;138;148;168m•[39m [38;2;138;148;168m↓[39m [38;2;138;148;168m0[39m
[38;2;138;148;168m────────────────────────────────────────────────────────────────────────────────[39m
❯ [7mA[27m[38;2;138;148;168msk your question...[39m
[38;2;138;148;168m────────────────────────────────────────────────────────────────────────────────[39m
  [38;2;138;148;168m? for shortcuts · [38;2;2;136;142mtaste on[39m



[?2026l[?2026h[2K[1A[2K[1A[2K[1A[2K[1A[2K[1A[2K[1A[2K[1A[2K[1A[2K[G[48;2;45;43;85m[38;2;228;204;255m [1m⌘ [22m[38;2;110;97;163mConside[38;2;165;153;233mr[38;2;228;204;255mi[38;2;171;165;206mn[38;2;204;199;225mg[38;2;255;255;255m…[38;2;228;204;255m [39m[49m [1m[38;2;138;148;168mesc[39m[22m [38;2;138;148;168mto interrupt[39m [38;2;138;148;168m•[39m [38;2;138;148;168m4s[39m [38;2;138;148;168m•[39m [38;2;138;148;168m↓[39m [38;2;138;148;168m0[39m
[38;2;138;148;168m────────────────────────────────────────────────────────────────────────────────[39m
❯ [7mA[27m[38;2;138;148;168msk your question...[39m
[38;2;138;148;168m────────────────────────────────────────────────────────────────────────────────[39m
  [38;2;138;148;168m? for shortcuts · [38;2;2;136;142mtaste on[39m



[?2026l[?2026h[2K[1A[2K[1A[2K[1A[2K[1A[2K[1A[2K[1A[2K[1A[2K[1A[2K[G[48;2;45;43;85m[38;2;228;204;255m [1m⌘ [22m[38;2;110;97;163mConsider[38;2;165;153;233mi[38;2;228;204;255mn[38;2;171;165;206mg[38;2;204;199;225m…[38;2;228;204;255m [39m[49m [1m[38;2;138;148;168mesc[39m[22m [38;2;138;148;168mto interrupt[39m [38;2;138;148;168m•[39m [38;2;138;148;168m4s[39m [38;2;138;148;168m•[39m [38;2;138;148;168m↓[39m [38;2;138;148;168m0[39m
[38;2;138;148;168m────────────────────────────────────────────────────────────────────────────────[39m
❯ [7mA[27m[38;2;138;148;168msk your question...[39m
[38;2;138;148;168m────────────────────────────────────────────────────────────────────────────────[39m
  [38;2;138;148;168m? for shortcuts · [38;2;2;136;142mtaste on[39m



[?2026l[?2026h[2K[1A[2K[1A[2K[1A[2K[1A[2K[1A[2K[1A[2K[1A[2K[1A[2K[G[48;2;45;43;85m[38;2;228;204;255m [1m⌘ [22m[38;2;110;97;163mConsideri[38;2;165;153;233mn[38;2;228;204;255mg[38;2;171;165;206m…[38;2;228;204;255m [39m[49m [1m[38;2;138;148;168mesc[39m[22m [38;2;138;148;168mto interrupt[39m [38;2;138;148;168m•[39m [38;2;138;148;168m4s[39m [38;2;138;148;168m•[39m [38;2;138;148;168m↓[39m [38;2;138;148;168m0[39m
[38;2;138;148;168m────────────────────────────────────────────────────────────────────────────────[39m
❯ [7mA[27m[38;2;138;148;168msk your question...[39m
[38;2;138;148;168m────────────────────────────────────────────────────────────────────────────────[39m
  [38;2;138;148;168m? for shortcuts · [38;2;2;136;142mtaste on[39m



[?2026l]0;⌘ Command Code · orch-go · deepseek-v4-flash-(latest)]2;⌘ Command Code · orch-go · deepseek-v4-flash-(latest)[?2026h[2K[1A[2K[1A[2K[1A[2K[1A[2K[1A[2K[1A[2K[1A[2K[1A[2K[G[48;2;45;43;85m[38;2;228;204;255m [1m○ [22m[38;2;110;97;163mConsiderin[38;2;165;153;233mg[38;2;228;204;255m… [39m[49m [1m[38;2;138;148;168mesc[39m[22m [38;2;138;148;168mto interrupt[39m [38;2;138;148;168m•[39m [38;2;138;148;168m4s[39m [38;2;138;148;168m•[39m [38;2;138;148;168m↓[39m [38;2;138;148;168m0[39m
[38;2;138;148;168m────────────────────────────────────────────────────────────────────────────────[39m
❯ [7mA[27m[38;2;138;148;168msk your question...[39m
[38;2;138;148;168m────────────────────────────────────────────────────────────────────────────────[39m
  [38;2;138;148;168m? for shortcuts · [38;2;2;136;142mtaste on[39m



[?2026l[?2026h[2K[1A[2K[1A[2K[1A[2K[1A[2K[1A[2K[1A[2K[1A[2K[1A[2K[G[48;2;45;43;85m[38;2;228;204;255m [1m◇ [22m[38;2;110;97;163mConsidering[38;2;165;153;233m…[38;2;228;204;255m [39m[49m [1m[38;2;138;148;168mesc[39m[22m [38;2;138;148;168mto interrupt[39m [38;2;138;148;168m•[39m [38;2;138;148;168m4s[39m [38;2;138;148;168m•[39m [38;2;138;148;168m↓[39m [38;2;138;148;168m0[39m
[38;2;138;148;168m────────────────────────────────────────────────────────────────────────────────[39m
❯ [7mA[27m[38;2;138;148;168msk your question...[39m
[38;2;138;148;168m────────────────────────────────────────────────────────────────────────────────[39m
  [38;2;138;148;168m? for shortcuts · [38;2;2;136;142mtaste on[39m



[?2026l[?2026h[2K[1A[2K[1A[2K[1A[2K[1A[2K[1A[2K[1A[2K[1A[2K[1A[2K[G[48;2;45;43;85m[38;2;228;204;255m [1m☆ [22m[38;2;110;97;163mConsidering…[38;2;228;204;255m [39m[49m [1m[38;2;138;148;168mesc[39m[22m [38;2;138;148;168mto interrupt[39m [38;2;138;148;168m•[39m [38;2;138;148;168m4s[39m [38;2;138;148;168m•[39m [38;2;138;148;168m↓[39m [38;2;138;148;168m0[39m
[38;2;138;148;168m────────────────────────────────────────────────────────────────────────────────[39m
❯ [7mA[27m[38;2;138;148;168msk your question...[39m
[38;2;138;148;168m────────────────────────────────────────────────────────────────────────────────[39m
  [38;2;138;148;168m? for shortcuts · [38;2;2;136;142mtaste on[39m



[?2026l[?2026h[2K[1A[2K[1A[2K[1A[2K[1A[2K[1A[2K[1A[2K[1A[2K[1A[2K[G[48;2;45;43;85m[38;2;228;204;255m [1m☆ [22m[38;2;110;97;163mConsidering…[38;2;228;204;255m [39m[49m [1m[38;2;138;148;168mesc[39m[22m [38;2;138;148;168mto interrupt[39m [38;2;138;148;168m•[39m [38;2;138;148;168m5s[39m [38;2;138;148;168m•[39m [38;2;138;148;168m↓[39m [38;2;138;148;168m0[39m
[38;2;138;148;168m────────────────────────────────────────────────────────────────────────────────[39m
❯ [7mA[27m[38;2;138;148;168msk your question...[39m
[38;2;138;148;168m────────────────────────────────────────────────────────────────────────────────[39m
  [38;2;138;148;168m? for shortcuts · [38;2;2;136;142mtaste on[39m



[?2026l[?2026h[2K[1A[2K[1A[2K[1A[2K[1A[2K[1A[2K[1A[2K[1A[2K[1A[2K[G[48;2;45;43;85m[38;2;228;204;255m [1m✧ [22m[38;2;110;97;163mConsidering…[38;2;228;204;255m [39m[49m [1m[38;2;138;148;168mesc[39m[22m [38;2;138;148;168mto interrupt[39m [38;2;138;148;168m•[39m [38;2;138;148;168m5s[39m [38;2;138;148;168m•[39m [38;2;138;148;168m↓[39m [38;2;138;148;168m0[39m
[38;2;138;148;168m────────────────────────────────────────────────────────────────────────────────[39m
❯ [7mA[27m[38;2;138;148;168msk your question...[39m
[38;2;138;148;168m────────────────────────────────────────────────────────────────────────────────[39m
  [38;2;138;148;168m? for shortcuts · [38;2;2;136;142mtaste on[39m



[?2026l[?2026h[2K[1A[2K[1A[2K[1A[2K[1A[2K[1A[2K[1A[2K[1A[2K[1A[2K[G[48;2;45;43;85m[38;2;228;204;255m [1m☆ [22m[38;2;110;97;163mConsidering…[38;2;228;204;255m [39m[49m [1m[38;2;138;148;168mesc[39m[22m [38;2;138;148;168mto interrupt[39m [38;2;138;148;168m•[39m [38;2;138;148;168m5s[39m [38;2;138;148;168m•[39m [38;2;138;148;168m↓[39m [38;2;138;148;168m0[39m
[38;2;138;148;168m────────────────────────────────────────────────────────────────────────────────[39m
❯ [7mA[27m[38;2;138;148;168msk your question...[39m
[38;2;138;148;168m────────────────────────────────────────────────────────────────────────────────[39m
  [38;2;138;148;168m? for shortcuts · [38;2;2;136;142mtaste on[39m



[?2026l[?2026h[2K[1A[2K[1A[2K[1A[2K[1A[2K[1A[2K[1A[2K[1A[2K[1A[2K[G[48;2;45;43;85m[38;2;228;204;255m [1m◇ [22m[38;2;110;97;163mConsidering…[38;2;228;204;255m [39m[49m [1m[38;2;138;148;168mesc[39m[22m [38;2;138;148;168mto interrupt[39m [38;2;138;148;168m•[39m [38;2;138;148;168m5s[39m [38;2;138;148;168m•[39m [38;2;138;148;168m↓[39m [38;2;138;148;168m0[39m
[38;2;138;148;168m────────────────────────────────────────────────────────────────────────────────[39m
❯ [7mA[27m[38;2;138;148;168msk your question...[39m
[38;2;138;148;168m────────────────────────────────────────────────────────────────────────────────[39m
  [38;2;138;148;168m? for shortcuts · [38;2;2;136;142mtaste on[39m



[?2026l[?2026h[2K[1A[2K[1A[2K[1A[2K[1A[2K[1A[2K[1A[2K[1A[2K[1A[2K[G[48;2;45;43;85m[38;2;228;204;255m [1m○ [22m[38;2;110;97;163mConsidering…[38;2;228;204;255m [39m[49m [1m[38;2;138;148;168mesc[39m[22m [38;2;138;148;168mto interrupt[39m [38;2;138;148;168m•[39m [38;2;138;148;168m5s[39m [38;2;138;148;168m•[39m [38;2;138;148;168m↓[39m [38;2;138;148;168m0[39m
[38;2;138;148;168m────────────────────────────────────────────────────────────────────────────────[39m
❯ [7mA[27m[38;2;138;148;168msk your question...[39m
[38;2;138;148;168m────────────────────────────────────────────────────────────────────────────────[39m
  [38;2;138;148;168m? for shortcuts · [38;2;2;136;142mtaste on[39m



[?2026l[?2026h[2K[1A[2K[1A[2K[1A[2K[1A[2K[1A[2K[1A[2K[1A[2K[1A[2K[G[48;2;45;43;85m[38;2;228;204;255m [1m· [22m[38;2;234;218;255mC[38;2;171;165;206mo[38;2;228;204;255mn[38;2;165;153;233ms[38;2;110;97;163midering…[38;2;228;204;255m [39m[49m [1m[38;2;138;148;168mesc[39m[22m [38;2;138;148;168mto interrupt[39m [38;2;138;148;168m•[39m [38;2;138;148;168m5s[39m [38;2;138;148;168m•[39m [38;2;138;148;168m↓[39m [38;2;138;148;168m0[39m
[38;2;138;148;168m────────────────────────────────────────────────────────────────────────────────[39m
❯ [7mA[27m[38;2;138;148;168msk your question...[39m
[38;2;138;148;168m────────────────────────────────────────────────────────────────────────────────[39m
  [38;2;138;148;168m? for shortcuts · [38;2;2;136;142mtaste on[39m



[?2026l[?2026h[2K[1A[2K[1A[2K[1A[2K[1A[2K[1A[2K[1A[2K[1A[2K[1A[2K[G[48;2;45;43;85m[38;2;228;204;255m [1m· [22m[38;2;255;255;255mC[38;2;234;218;255mo[38;2;171;165;206mn[38;2;228;204;255ms[38;2;165;153;233mi[38;2;110;97;163mdering…[38;2;228;204;255m [39m[49m [1m[38;2;138;148;168mesc[39m[22m [38;2;138;148;168mto interrupt[39m [38;2;138;148;168m•[39m [38;2;138;148;168m5s[39m [38;2;138;148;168m•[39m [38;2;138;148;168m↓[39m [38;2;138;148;168m0[39m
[38;2;138;148;168m────────────────────────────────────────────────────────────────────────────────[39m
❯ [7mA[27m[38;2;138;148;168msk your question...[39m
[38;2;138;148;168m────────────────────────────────────────────────────────────────────────────────[39m
  [38;2;138;148;168m? for shortcuts · [38;2;2;136;142mtaste on[39m



[?2026l[?2026h[2K[1A[2K[1A[2K[1A[2K[1A[2K[1A[2K[1A[2K[1A[2K[1A[2K[G[48;2;45;43;85m[38;2;228;204;255m [1m· [22m[38;2;204;199;225mC[38;2;255;255;255mo[38;2;234;218;255mn[38;2;171;165;206ms[38;2;228;204;255mi[38;2;165;153;233md[38;2;110;97;163mering…[38;2;228;204;255m [39m[49m [1m[38;2;138;148;168mesc[39m[22m [38;2;138;148;168mto interrupt[39m [38;2;138;148;168m•[39m [38;2;138;148;168m5s[39m [38;2;138;148;168m•[39m [38;2;138;148;168m↓[39m [38;2;138;148;168m0[39m
[38;2;138;148;168m────────────────────────────────────────────────────────────────────────────────[39m
❯ [7mA[27m[38;2;138;148;168msk your question...[39m
[38;2;138;148;168m────────────────────────────────────────────────────────────────────────────────[39m
  [38;2;138;148;168m? for shortcuts · [38;2;2;136;142mtaste on[39m



[?2026l[?2026h[2K[1A[2K[1A[2K[1A[2K[1A[2K[1A[2K[1A[2K[1A[2K[1A[2K[G[48;2;45;43;85m[38;2;228;204;255m [1m○ [22m[38;2;171;165;206mC[38;2;204;199;225mo[38;2;255;255;255mn[38;2;234;218;255ms[38;2;171;165;206mi[38;2;228;204;255md[38;2;165;153;233me[38;2;110;97;163mring…[38;2;228;204;255m [39m[49m [1m[38;2;138;148;168mesc[39m[22m [38;2;138;148;168mto interrupt[39m [38;2;138;148;168m•[39m [38;2;138;148;168m5s[39m [38;2;138;148;168m•[39m [38;2;138;148;168m↓[39m [38;2;138;148;168m0[39m
[38;2;138;148;168m────────────────────────────────────────────────────────────────────────────────[39m
❯ [7mA[27m[38;2;138;148;168msk your question...[39m
[38;2;138;148;168m────────────────────────────────────────────────────────────────────────────────[39m
  [38;2;138;148;168m? for shortcuts · [38;2;2;136;142mtaste on[39m



[?2026l[?2026h[2K[1A[2K[1A[2K[1A[2K[1A[2K[1A[2K[1A[2K[1A[2K[1A[2K[G[48;2;45;43;85m[38;2;228;204;255m [1m○ [22mC[38;2;171;165;206mo[38;2;204;199;225mn[38;2;255;255;255ms[38;2;234;218;255mi[38;2;171;165;206md[38;2;228;204;255me[38;2;165;153;233mr[38;2;110;97;163ming…[38;2;228;204;255m [39m[49m [1m[38;2;138;148;168mesc[39m[22m [38;2;138;148;168mto interrupt[39m [38;2;138;148;168m•[39m [38;2;138;148;168m5s[39m [38;2;138;148;168m•[39m [38;2;138;148;168m↓[39m [38;2;138;148;168m0[39m
[38;2;138;148;168m────────────────────────────────────────────────────────────────────────────────[39m
❯ [7mA[27m[38;2;138;148;168msk your question...[39m
[38;2;138;148;168m────────────────────────────────────────────────────────────────────────────────[39m
  [38;2;138;148;168m? for shortcuts · [38;2;2;136;142mtaste on[39m



[?2026l[?2026h[2K[1A[2K[1A[2K[1A[2K[1A[2K[1A[2K[1A[2K[1A[2K[1A[2K[G[48;2;45;43;85m[38;2;228;204;255m [1m◇ [22m[38;2;165;153;233mC[38;2;228;204;255mo[38;2;171;165;206mn[38;2;204;199;225ms[38;2;255;255;255mi[38;2;234;218;255md[38;2;171;165;206me[38;2;228;204;255mr[38;2;165;153;233mi[38;2;110;97;163mng…[38;2;228;204;255m [39m[49m [1m[38;2;138;148;168mesc[39m[22m [38;2;138;148;168mto interrupt[39m [38;2;138;148;168m•[39m [38;2;138;148;168m5s[39m [38;2;138;148;168m•[39m [38;2;138;148;168m↓[39m [38;2;138;148;168m0[39m
[38;2;138;148;168m────────────────────────────────────────────────────────────────────────────────[39m
❯ [7mA[27m[38;2;138;148;168msk your question...[39m
[38;2;138;148;168m────────────────────────────────────────────────────────────────────────────────[39m
  [38;2;138;148;168m? for shortcuts · [38;2;2;136;142mtaste on[39m



[?2026l[?2026h[2K[1A[2K[1A[2K[1A[2K[1A[2K[1A[2K[1A[2K[1A[2K[1A[2K[G[48;2;45;43;85m[38;2;228;204;255m [1m☆ [22m[38;2;110;97;163mC[38;2;165;153;233mo[38;2;228;204;255mn[38;2;171;165;206ms[38;2;204;199;225mi[38;2;255;255;255md[38;2;234;218;255me[38;2;171;165;206mr[38;2;228;204;255mi[38;2;165;153;233mn[38;2;110;97;163mg…[38;2;228;204;255m [39m[49m [1m[38;2;138;148;168mesc[39m[22m [38;2;138;148;168mto interrupt[39m [38;2;138;148;168m•[39m [38;2;138;148;168m5s[39m [38;2;138;148;168m•[39m [38;2;138;148;168m↓[39m [38;2;138;148;168m0[39m
[38;2;138;148;168m────────────────────────────────────────────────────────────────────────────────[39m
❯ [7mA[27m[38;2;138;148;168msk your question...[39m
[38;2;138;148;168m────────────────────────────────────────────────────────────────────────────────[39m
  [38;2;138;148;168m? for shortcuts · [38;2;2;136;142mtaste on[39m



[?2026l[?2026h[2K[1A[2K[1A[2K[1A[2K[1A[2K[1A[2K[1A[2K[1A[2K[1A[2K[G[48;2;45;43;85m[38;2;228;204;255m [1m✧ [22m[38;2;110;97;163mCo[38;2;165;153;233mn[38;2;228;204;255ms[38;2;171;165;206mi[38;2;204;199;225md[38;2;255;255;255me[38;2;234;218;255mr[38;2;171;165;206mi[38;2;228;204;255mn[38;2;165;153;233mg[38;2;110;97;163m…[38;2;228;204;255m [39m[49m [1m[38;2;138;148;168mesc[39m[22m [38;2;138;148;168mto interrupt[39m [38;2;138;148;168m•[39m [38;2;138;148;168m5s[39m [38;2;138;148;168m•[39m [38;2;138;148;168m↓[39m [38;2;138;148;168m0[39m
[38;2;138;148;168m────────────────────────────────────────────────────────────────────────────────[39m
❯ [7mA[27m[38;2;138;148;168msk your question...[39m
[38;2;138;148;168m────────────────────────────────────────────────────────────────────────────────[39m
  [38;2;138;148;168m? for shortcuts · [38;2;2;136;142mtaste on[39m



[?2026l[?2026h[2K[1A[2K[1A[2K[1A[2K[1A[2K[1A[2K[1A[2K[1A[2K[1A[2K[G[48;2;45;43;85m[38;2;228;204;255m [1m☆ [22m[38;2;110;97;163mCon[38;2;165;153;233ms[38;2;228;204;255mi[38;2;171;165;206md[38;2;204;199;225me[38;2;255;255;255mr[38;2;234;218;255mi[38;2;171;165;206mn[38;2;228;204;255mg[38;2;165;153;233m…[38;2;228;204;255m [39m[49m [1m[38;2;138;148;168mesc[39m[22m [38;2;138;148;168mto interrupt[39m [38;2;138;148;168m•[39m [38;2;138;148;168m5s[39m [38;2;138;148;168m•[39m [38;2;138;148;168m↓[39m [38;2;138;148;168m0[39m
[38;2;138;148;168m────────────────────────────────────────────────────────────────────────────────[39m
❯ [7mA[27m[38;2;138;148;168msk your question...[39m
[38;2;138;148;168m────────────────────────────────────────────────────────────────────────────────[39m
  [38;2;138;148;168m? for shortcuts · [38;2;2;136;142mtaste on[39m



[?2026l[?2026h[2K[1A[2K[1A[2K[1A[2K[1A[2K[1A[2K[1A[2K[1A[2K[1A[2K[G[48;2;45;43;85m[38;2;228;204;255m [1m☆ [22m[38;2;110;97;163mCon[38;2;165;153;233ms[38;2;228;204;255mi[38;2;171;165;206md[38;2;204;199;225me[38;2;255;255;255mr[38;2;234;218;255mi[38;2;171;165;206mn[38;2;228;204;255mg[38;2;165;153;233m…[38;2;228;204;255m [39m[49m [1m[38;2;138;148;168mesc[39m[22m [38;2;138;148;168mto interrupt[39m [38;2;138;148;168m•[39m [38;2;138;148;168m6s[39m [38;2;138;148;168m•[39m [38;2;138;148;168m↓[39m [38;2;138;148;168m0[39m
[38;2;138;148;168m────────────────────────────────────────────────────────────────────────────────[39m
❯ [7mA[27m[38;2;138;148;168msk your question...[39m
[38;2;138;148;168m────────────────────────────────────────────────────────────────────────────────[39m
  [38;2;138;148;168m? for shortcuts · [38;2;2;136;142mtaste on[39m



[?2026l[?2026h[2K[1A[2K[1A[2K[1A[2K[1A[2K[1A[2K[1A[2K[1A[2K[1A[2K[G[48;2;45;43;85m[38;2;228;204;255m [1m◇ [22m[38;2;110;97;163mCons[38;2;165;153;233mi[38;2;228;204;255md[38;2;171;165;206me[38;2;204;199;225mr[38;2;255;255;255mi[38;2;234;218;255mn[38;2;171;165;206mg[38;2;228;204;255m… [39m[49m [1m[38;2;138;148;168mesc[39m[22m [38;2;138;148;168mto interrupt[39m [38;2;138;148;168m•[39m [38;2;138;148;168m6s[39m [38;2;138;148;168m•[39m [38;2;138;148;168m↓[39m [38;2;138;148;168m0[39m
[38;2;138;148;168m────────────────────────────────────────────────────────────────────────────────[39m
❯ [7mA[27m[38;2;138;148;168msk your question...[39m
[38;2;138;148;168m────────────────────────────────────────────────────────────────────────────────[39m
  [38;2;138;148;168m? for shortcuts · [38;2;2;136;142mtaste on[39m



[?2026l[?2026h[2K[1A[2K[1A[2K[1A[2K[1A[2K[1A[2K[1A[2K[1A[2K[1A[2K[G[38;2;228;204;255m✻ Thinking… (1 line) [38;2;53;61;80m[[38;2;138;148;168mctrl+o to expand[38;2;53;61;80m][39m

[48;2;45;43;85m[38;2;228;204;255m [1m◇ [22m[38;2;110;97;163mCons[38;2;165;153;233mi[38;2;228;204;255md[38;2;171;165;206me[38;2;204;199;225mr[38;2;255;255;255mi[38;2;234;218;255mn[38;2;171;165;206mg[38;2;228;204;255m… [39m[49m [1m[38;2;138;148;168mesc[39m[22m [38;2;138;148;168mto interrupt[39m [38;2;138;148;168m•[39m [38;2;138;148;168m6s[39m [38;2;138;148;168m•[39m [38;2;138;148;168m↓[39m [38;2;138;148;168m0[39m
[38;2;138;148;168m────────────────────────────────────────────────────────────────────────────────[39m
❯ [7mA[27m[38;2;138;148;168msk your question...[39m
[38;2;138;148;168m────────────────────────────────────────────────────────────────────────────────[39m
  [38;2;138;148;168m? for shortcuts · [38;2;2;136;142mtaste on[39m



[?2026l[?2026h[2K[1A[2K[1A[2K[1A[2K[1A[2K[1A[2K[1A[2K[1A[2K[1A[2K[1A[2K[1A[2K[G[38;2;228;204;255m✻ Thinking… (1 line) [38;2;53;61;80m[[38;2;138;148;168mctrl+o to expand[38;2;53;61;80m][39m

[48;2;45;43;85m[38;2;228;204;255m [1m○ [22m[38;2;110;97;163mConsi[38;2;165;153;233md[38;2;228;204;255me[38;2;171;165;206mr[38;2;204;199;225mi[38;2;255;255;255mn[38;2;234;218;255mg[38;2;171;165;206m…[38;2;228;204;255m [39m[49m [1m[38;2;138;148;168mesc[39m[22m [38;2;138;148;168mto interrupt[39m [38;2;138;148;168m•[39m [38;2;138;148;168m6s[39m [38;2;138;148;168m•[39m [38;2;138;148;168m↓[39m [38;2;138;148;168m3[39m
[38;2;138;148;168m────────────────────────────────────────────────────────────────────────────────[39m
❯ [7mA[27m[38;2;138;148;168msk your question...[39m
[38;2;138;148;168m────────────────────────────────────────────────────────────────────────────────[39m
  [38;2;138;148;168m? for shortcuts · [38;2;2;136;142mtaste on[39m



[?2026l[?2026h[2K[1A[2K[1A[2K[1A[2K[1A[2K[1A[2K[1A[2K[1A[2K[1A[2K[1A[2K[1A[2K[G[38;2;228;204;255m✻ Thinking… (3 lines) [38;2;53;61;80m[[38;2;138;148;168mctrl+o to expand[38;2;53;61;80m][39m

[48;2;45;43;85m[38;2;228;204;255m [1m○ [22m[38;2;110;97;163mConsi[38;2;165;153;233md[38;2;228;204;255me[38;2;171;165;206mr[38;2;204;199;225mi[38;2;255;255;255mn[38;2;234;218;255mg[38;2;171;165;206m…[38;2;228;204;255m [39m[49m [1m[38;2;138;148;168mesc[39m[22m [38;2;138;148;168mto interrupt[39m [38;2;138;148;168m•[39m [38;2;138;148;168m6s[39m [38;2;138;148;168m•[39m [38;2;138;148;168m↓[39m [38;2;138;148;168m3[39m
[38;2;138;148;168m────────────────────────────────────────────────────────────────────────────────[39m
❯ [7mA[27m[38;2;138;148;168msk your question...[39m
[38;2;138;148;168m────────────────────────────────────────────────────────────────────────────────[39m
  [38;2;138;148;168m? for shortcuts · [38;2;2;136;142mtaste on[39m



[?2026l[?2026h[2K[1A[2K[1A[2K[1A[2K[1A[2K[1A[2K[1A[2K[1A[2K[1A[2K[1A[2K[1A[2K[G[38;2;228;204;255m✻ Thought for 1 second [38;2;53;61;80m[[38;2;138;148;168mctrl+o to expand[38;2;53;61;80m][39m

[?2026h[38;2;165;153;233m⠶[39m I'll verify

[48;2;45;43;85m[38;2;228;204;255m [1m⌘ [22m[38;2;110;97;163mConsid[38;2;165;153;233me[38;2;228;204;255mr[38;2;171;165;206mi[38;2;204;199;225mn[38;2;255;255;255mg[38;2;234;218;255m…[38;2;228;204;255m [39m[49m [1m[38;2;138;148;168mesc[39m[22m [38;2;138;148;168mto interrupt[39m [38;2;138;148;168m•[39m [38;2;138;148;168m6s[39m [38;2;138;148;168m•[39m [38;2;138;148;168m↓[39m [38;2;138;148;168m8[39m
[38;2;138;148;168m────────────────────────────────────────────────────────────────────────────────[39m
❯ [7mA[27m[38;2;138;148;168msk your question...[39m
[38;2;138;148;168m────────────────────────────────────────────────────────────────────────────────[39m
  [38;2;138;148;168m? for shortcuts · [38;2;2;136;142mtaste on[39m



[?2026l[?2026l[?2026h[2K[1A[2K[1A[2K[1A[2K[1A[2K[1A[2K[1A[2K[1A[2K[1A[2K[1A[2K[1A[2K[G[38;2;165;153;233m⠶[39m I'll verify the

[48;2;45;43;85m[38;2;228;204;255m [1m⌘ [22m[38;2;110;97;163mConsid[38;2;165;153;233me[38;2;228;204;255mr[38;2;171;165;206mi[38;2;204;199;225mn[38;2;255;255;255mg[38;2;234;218;255m…[38;2;228;204;255m [39m[49m [1m[38;2;138;148;168mesc[39m[22m [38;2;138;148;168mto interrupt[39m [38;2;138;148;168m•[39m [38;2;138;148;168m6s[39m [38;2;138;148;168m•[39m [38;2;138;148;168m↓[39m [38;2;138;148;168m8[39m
[38;2;138;148;168m────────────────────────────────────────────────────────────────────────────────[39m
❯ [7mA[27m[38;2;138;148;168msk your question...[39m
[38;2;138;148;168m────────────────────────────────────────────────────────────────────────────────[39m
  [38;2;138;148;168m? for shortcuts · [38;2;2;136;142mtaste on[39m



[?2026l[?2026h[2K[1A[2K[1A[2K[1A[2K[1A[2K[1A[2K[1A[2K[1A[2K[1A[2K[1A[2K[1A[2K[G[38;2;165;153;233m⠶[39m I'll verify the actual state of the repository, starting with the
  README and git status.

[48;2;45;43;85m[38;2;228;204;255m [1m⌘ [22m[38;2;110;97;163mConside[38;2;165;153;233mr[38;2;228;204;255mi[38;2;171;165;206mn[38;2;204;199;225mg[38;2;255;255;255m…[38;2;228;204;255m [39m[49m [1m[38;2;138;148;168mesc[39m[22m [38;2;138;148;168mto interrupt[39m [38;2;138;148;168m•[39m [38;2;138;148;168m6s[39m [38;2;138;148;168m•[39m [38;2;138;148;168m↓[39m [38;2;138;148;168m17[39m
[38;2;138;148;168m────────────────────────────────────────────────────────────────────────────────[39m
❯ [7mA[27m[38;2;138;148;168msk your question...[39m
[38;2;138;148;168m────────────────────────────────────────────────────────────────────────────────[39m
  [38;2;138;148;168m? for shortcuts · [38;2;2;136;142mtaste on[39m



[?2026l[?2026h[2K[1A[2K[1A[2K[1A[2K[1A[2K[1A[2K[1A[2K[1A[2K[1A[2K[1A[2K[1A[2K[1A[2K[G[38;2;165;153;233m⠶[39m I'll verify the actual state of the repository, starting with the
  README and git status.

[48;2;45;43;85m[38;2;228;204;255m [1m⌘ [22m[38;2;110;97;163mConsider[38;2;165;153;233mi[38;2;228;204;255mn[38;2;171;165;206mg[38;2;204;199;225m…[38;2;228;204;255m [39m[49m [1m[38;2;138;148;168mesc[39m[22m [38;2;138;148;168mto interrupt[39m [38;2;138;148;168m•[39m [38;2;138;148;168m6s[39m [38;2;138;148;168m•[39m [38;2;138;148;168m↓[39m [38;2;138;148;168m25[39m
[38;2;138;148;168m────────────────────────────────────────────────────────────────────────────────[39m
❯ [7mA[27m[38;2;138;148;168msk your question...[39m
[38;2;138;148;168m────────────────────────────────────────────────────────────────────────────────[39m
  [38;2;138;148;168m? for shortcuts · [38;2;2;136;142mtaste on[39m



[?2026l[?2026h[2K[1A[2K[1A[2K[1A[2K[1A[2K[1A[2K[1A[2K[1A[2K[1A[2K[1A[2K[1A[2K[1A[2K[G[38;2;165;153;233m⠶[39m I'll verify the actual state of the repository, starting with the
  README and git status.

[48;2;45;43;85m[38;2;228;204;255m [1m⌘ [22m[38;2;110;97;163mConsideri[38;2;165;153;233mn[38;2;228;204;255mg[38;2;171;165;206m…[38;2;228;204;255m [39m[49m [1m[38;2;138;148;168mesc[39m[22m [38;2;138;148;168mto interrupt[39m [38;2;138;148;168m•[39m [38;2;138;148;168m6s[39m [38;2;138;148;168m•[39m [38;2;138;148;168m↓[39m [38;2;138;148;168m33[39m
[38;2;138;148;168m────────────────────────────────────────────────────────────────────────────────[39m
❯ [7mA[27m[38;2;138;148;168msk your question...[39m
[38;2;138;148;168m────────────────────────────────────────────────────────────────────────────────[39m
  [38;2;138;148;168m? for shortcuts · [38;2;2;136;142mtaste on[39m



[?2026l[?2026h[2K[1A[2K[1A[2K[1A[2K[1A[2K[1A[2K[1A[2K[1A[2K[1A[2K[1A[2K[1A[2K[1A[2K[G[38;2;165;153;233m⠶[39m I'll verify the actual state of the repository, starting with the
  README and git status.

[48;2;45;43;85m[38;2;228;204;255m [1m○ [22m[38;2;110;97;163mConsiderin[38;2;165;153;233mg[38;2;228;204;255m… [39m[49m [1m[38;2;138;148;168mesc[39m[22m [38;2;138;148;168mto interrupt[39m [38;2;138;148;168m•[39m [38;2;138;148;168m6s[39m [38;2;138;148;168m•[39m [38;2;138;148;168m↓[39m [38;2;138;148;168m40[39m
[38;2;138;148;168m────────────────────────────────────────────────────────────────────────────────[39m
❯ [7mA[27m[38;2;138;148;168msk your question...[39m
[38;2;138;148;168m────────────────────────────────────────────────────────────────────────────────[39m
  [38;2;138;148;168m? for shortcuts · [38;2;2;136;142mtaste on[39m



[?2026l[?2026h[2K[1A[2K[1A[2K[1A[2K[1A[2K[1A[2K[1A[2K[1A[2K[1A[2K[1A[2K[1A[2K[1A[2K[G[38;2;165;153;233m⠶[39m I'll verify the actual state of the repository, starting with the
  README and git status.

[48;2;45;43;85m[38;2;228;204;255m [1m◇ [22m[38;2;110;97;163mConsidering[38;2;165;153;233m…[38;2;228;204;255m [39m[49m [1m[38;2;138;148;168mesc[39m[22m [38;2;138;148;168mto interrupt[39m [38;2;138;148;168m•[39m [38;2;138;148;168m6s[39m [38;2;138;148;168m•[39m [38;2;138;148;168m↓[39m [38;2;138;148;168m46[39m
[38;2;138;148;168m────────────────────────────────────────────────────────────────────────────────[39m
❯ [7mA[27m[38;2;138;148;168msk your question...[39m
[38;2;138;148;168m────────────────────────────────────────────────────────────────────────────────[39m
  [38;2;138;148;168m? for shortcuts · [38;2;2;136;142mtaste on[39m



[?2026l[?2026h[2K[1A[2K[1A[2K[1A[2K[1A[2K[1A[2K[1A[2K[1A[2K[1A[2K[1A[2K[1A[2K[1A[2K[G[38;2;165;153;233m⠶[39m I'll verify the actual state of the repository, starting with the
  README and git status.

[48;2;45;43;85m[38;2;228;204;255m [1m☆ [22m[38;2;110;97;163mConsidering…[38;2;228;204;255m [39m[49m [1m[38;2;138;148;168mesc[39m[22m [38;2;138;148;168mto interrupt[39m [38;2;138;148;168m•[39m [38;2;138;148;168m6s[39m [38;2;138;148;168m•[39m [38;2;138;148;168m↓[39m [38;2;138;148;168m52[39m
[38;2;138;148;168m────────────────────────────────────────────────────────────────────────────────[39m
❯ [7mA[27m[38;2;138;148;168msk your question...[39m
[38;2;138;148;168m────────────────────────────────────────────────────────────────────────────────[39m
  [38;2;138;148;168m? for shortcuts · [38;2;2;136;142mtaste on[39m



[?2026l[?2026h[2K[1A[2K[1A[2K[1A[2K[1A[2K[1A[2K[1A[2K[1A[2K[1A[2K[1A[2K[1A[2K[1A[2K[G[38;2;165;153;233m⠶[39m I'll verify the actual state of the repository, starting with the
  README and git status.

[48;2;45;43;85m[38;2;228;204;255m [1m✧ [22m[38;2;110;97;163mConsidering…[38;2;228;204;255m [39m[49m [1m[38;2;138;148;168mesc[39m[22m [38;2;138;148;168mto interrupt[39m [38;2;138;148;168m•[39m [38;2;138;148;168m6s[39m [38;2;138;148;168m•[39m [38;2;138;148;168m↓[39m [38;2;138;148;168m57[39m
[38;2;138;148;168m────────────────────────────────────────────────────────────────────────────────[39m
❯ [7mA[27m[38;2;138;148;168msk your question...[39m
[38;2;138;148;168m────────────────────────────────────────────────────────────────────────────────[39m
  [38;2;138;148;168m? for shortcuts · [38;2;2;136;142mtaste on[39m



[?2026l[?2026h[2K[1A[2K[1A[2K[1A[2K[1A[2K[1A[2K[1A[2K[1A[2K[1A[2K[1A[2K[1A[2K[1A[2K[G[38;2;165;153;233m⠶[39m I'll verify the actual state of the repository, starting with the
  README and git status.

[?2026h[48;2;45;43;85m[38;2;228;204;255m [1m✧ [22m[38;2;110;97;163mConsidering…[38;2;228;204;255m [39m[49m [1m[38;2;138;148;168mesc[39m[22m [38;2;138;148;168mto interrupt[39m [38;2;138;148;168m•[39m [38;2;138;148;168m6s[39m [38;2;138;148;168m•[39m [38;2;138;148;168m↓[39m [38;2;138;148;168m57[39m
[38;2;138;148;168m────────────────────────────────────────────────────────────────────────────────[39m
❯ [7mA[27m[38;2;138;148;168msk your question...[39m
[38;2;138;148;168m────────────────────────────────────────────────────────────────────────────────[39m
  [38;2;138;148;168m? for shortcuts · [38;2;2;136;142mtaste on[39m



[?2026l[?2026l[?2026h[2K[1A[2K[1A[2K[1A[2K[1A[2K[1A[2K[1A[2K[1A[2K[1A[2K[G[1m[48;2;89;69;177m[38;2;244;244;244m READ [39m[49m[22m [38;2;53;61;80m[[39mREADME.md[38;2;53;61;80m][39m
 [38;2;138;148;168m└ [39m [38;2;138;148;168mProcessing…[39m

[1m[48;2;89;69;177m[38;2;244;244;244m SHELL [39m[49m[22m [38;2;53;61;80m[[39mgit status --short && echo "---GO DIFF STAT---" && git diff
       --stat -- '*.go'[38;2;53;61;80m][39m
 [38;2;138;148;168m└ [39m [38;2;138;148;168mProcessing…[39m

[1m[48;2;89;69;177m[38;2;244;244;244m READ [39m[49m[22m [38;2;53;61;80m[[39magent.go[38;2;53;61;80m][39m
 [38;2;138;148;168m└ [39m [38;2;138;148;168mProcessing…[39m

[1m[48;2;89;69;177m[38;2;244;244;244m READ [39m[49m[22m [38;2;53;61;80m[[39mmain.go[38;2;53;61;80m][39m
 [38;2;138;148;168m└ [39m [38;2;138;148;168mProcessing…[39m

[48;2;45;43;85m[38;2;228;204;255m [1m✧ [22m[38;2;110;97;163mConsidering…[38;2;228;204;255m [39m[49m [1m[38;2;138;148;168mesc[39m[22m [38;2;138;148;168mto interrupt[39m [38;2;138;148;168m•[39m [38;2;138;148;168m6s[39m [38;2;138;148;168m•[39m [38;2;138;148;168m↓[39m [38;2;138;148;168m57[39m
[38;2;138;148;168m────────────────────────────────────────────────────────────────────────────────[39m
❯ [7mA[27m[38;2;138;148;168msk your question...[39m
[38;2;138;148;168m────────────────────────────────────────────────────────────────────────────────[39m
  [38;2;138;148;168m? for shortcuts · [38;2;2;136;142mtaste on[39m



[?2026l[?2026h[2K[1A[2K[1A[2K[1A[2K[1A[2K[1A[2K[1A[2K[1A[2K[1A[2K[1A[2K[1A[2K[1A[2K[1A[2K[1A[2K[1A[2K[1A[2K[1A[2K[1A[2K[1A[2K[1A[2K[1A[2K[1A[2K[G[1m[48;2;89;69;177m[38;2;244;244;244m READ [39m[49m[22m [38;2;53;61;80m[[39mREADME.md[38;2;53;61;80m][39m[2m 146 lines[22m

[?2026h[1m[48;2;89;69;177m[38;2;244;244;244m SHELL [39m[49m[22m [38;2;53;61;80m[[39mgit status --short && echo "---GO DIFF STAT---" && git diff
       --stat -- '*.go'[38;2;53;61;80m][39m
 [38;2;138;148;168m└ [39m [38;2;138;148;168mProcessing…[39m

[1m[48;2;89;69;177m[38;2;244;244;244m READ [39m[49m[22m [38;2;53;61;80m[[39magent.go[38;2;53;61;80m][39m
 [38;2;138;148;168m└ [39m [38;2;138;148;168mProcessing…[39m

[1m[48;2;89;69;177m[38;2;244;244;244m READ [39m[49m[22m [38;2;53;61;80m[[39mmain.go[38;2;53;61;80m][39m
 [38;2;138;148;168m└ [39m [38;2;138;148;168mProcessing…[39m

[48;2;45;43;85m[38;2;228;204;255m [1m☆ [22m[38;2;110;97;163mConsidering…[38;2;228;204;255m [39m[49m [1m[38;2;138;148;168mesc[39m[22m [38;2;138;148;168mto interrupt[39m [38;2;138;148;168m•[39m [38;2;138;148;168m6s[39m [38;2;138;148;168m•[39m [38;2;138;148;168m↓[39m [38;2;138;148;168m61[39m
[38;2;138;148;168m────────────────────────────────────────────────────────────────────────────────[39m
❯ [7mA[27m[38;2;138;148;168msk your question...[39m
[38;2;138;148;168m────────────────────────────────────────────────────────────────────────────────[39m
  [38;2;138;148;168m? for shortcuts · [38;2;2;136;142mtaste on[39m



[?2026l[?2026l[?2026h[2K[1A[2K[1A[2K[1A[2K[1A[2K[1A[2K[1A[2K[1A[2K[1A[2K[1A[2K[1A[2K[1A[2K[1A[2K[1A[2K[1A[2K[1A[2K[1A[2K[1A[2K[1A[2K[G[1m[48;2;89;69;177m[38;2;244;244;244m READ [39m[49m[22m [38;2;53;61;80m[[39magent.go[38;2;53;61;80m][39m[2m 126 lines[22m

[1m[48;2;89;69;177m[38;2;244;244;244m READ [39m[49m[22m [38;2;53;61;80m[[39mmain.go[38;2;53;61;80m][39m[2m 225 lines[22m

[?2026h[1m[48;2;89;69;177m[38;2;244;244;244m SHELL [39m[49m[22m [38;2;53;61;80m[[39mgit status --short && echo "---GO DIFF STAT---" && git diff
       --stat -- '*.go'[38;2;53;61;80m][39m
 [38;2;138;148;168m└ [39m [38;2;138;148;168mProcessing…[39m

[48;2;45;43;85m[38;2;228;204;255m [1m☆ [22m[38;2;110;97;163mConsidering…[38;2;228;204;255m [39m[49m [1m[38;2;138;148;168mesc[39m[22m [38;2;138;148;168mto interrupt[39m [38;2;138;148;168m•[39m [38;2;138;148;168m6s[39m [38;2;138;148;168m•[39m [38;2;138;148;168m↓[39m [38;2;138;148;168m61[39m
[38;2;138;148;168m────────────────────────────────────────────────────────────────────────────────[39m
❯ [7mA[27m[38;2;138;148;168msk your question...[39m
[38;2;138;148;168m────────────────────────────────────────────────────────────────────────────────[39m
  [38;2;138;148;168m? for shortcuts · [38;2;2;136;142mtaste on[39m



[?2026l[?2026l[?2026h[2K[1A[2K[1A[2K[1A[2K[1A[2K[1A[2K[1A[2K[1A[2K[1A[2K[1A[2K[1A[2K[1A[2K[1A[2K[G[1m[48;2;89;69;177m[38;2;244;244;244m SHELL [39m[49m[22m [38;2;53;61;80m[[39mgit status --short && echo "---GO DIFF STAT---" && git diff
       --stat -- '*.go'[38;2;53;61;80m][39m
 [38;2;138;148;168m│[39m build.go      | 111
   +++++++++++++++++++++++++++++++++++++++++++++++++---------
 [38;2;138;148;168m│ [39m [38;2;138;148;168m... +5 lines [38;2;53;61;80m[[38;2;138;148;168mctrl+o to expand[38;2;53;61;80m][39m
 [38;2;138;148;168m└ [39m [38;2;138;148;168mProcessing…[39m

[48;2;45;43;85m[38;2;228;204;255m [1m☆ [22m[38;2;110;97;163mConsidering…[38;2;228;204;255m [39m[49m [1m[38;2;138;148;168mesc[39m[22m [38;2;138;148;168mto interrupt[39m [38;2;138;148;168m•[39m [38;2;138;148;168m6s[39m [38;2;138;148;168m•[39m [38;2;138;148;168m↓[39m [38;2;138;148;168m61[39m
[38;2;138;148;168m────────────────────────────────────────────────────────────────────────────────[39m
❯ [7mA[27m[38;2;138;148;168msk your question...[39m
[38;2;138;148;168m────────────────────────────────────────────────────────────────────────────────[39m
  [38;2;138;148;168m? for shortcuts · [38;2;2;136;142mtaste on[39m



[?2026l[?2026h[2K[1A[2K[1A[2K[1A[2K[1A[2K[1A[2K[1A[2K[1A[2K[1A[2K[1A[2K[1A[2K[1A[2K[1A[2K[1A[2K[1A[2K[1A[2K[G[1m[48;2;89;69;177m[38;2;244;244;244m SHELL [39m[49m[22m [38;2;53;61;80m[[39mgit status --short && echo "---GO DIFF STAT---" && git diff
       --stat -- '*.go'[38;2;53;61;80m][39m
 [38;2;138;148;168m│[39m M .commandcode/taste/taste/taste.md
 [38;2;138;148;168m│[39m M README.md
 [38;2;138;148;168m└ [39m [38;2;138;148;168m... +15 lines [38;2;53;61;80m[[38;2;138;148;168mctrl+o to expand[38;2;53;61;80m][39m

[?2026h[48;2;45;43;85m[38;2;228;204;255m [1m☆ [22m[38;2;110;97;163mConsidering…[38;2;228;204;255m [39m[49m [1m[38;2;138;148;168mesc[39m[22m [38;2;138;148;168mto interrupt[39m [38;2;138;148;168m•[39m [38;2;138;148;168m6s[39m [38;2;138;148;168m•[39m [38;2;138;148;168m↓[39m [38;2;138;148;168m61[39m
[38;2;138;148;168m────────────────────────────────────────────────────────────────────────────────[39m
❯ [7mA[27m[38;2;138;148;168msk your question...[39m
[38;2;138;148;168m────────────────────────────────────────────────────────────────────────────────[39m
  [38;2;138;148;168m? for shortcuts · [38;2;2;136;142mtaste on[39m



[?2026l[?2026l[?2026h[2K[1A[2K[1A[2K[1A[2K[1A[2K[1A[2K[1A[2K[1A[2K[1A[2K[G[48;2;45;43;85m[38;2;228;204;255m [1m◇ [22m[38;2;110;97;163mConsidering…[38;2;228;204;255m [39m[49m [1m[38;2;138;148;168mesc[39m[22m [38;2;138;148;168mto interrupt[39m [38;2;138;148;168m•[39m [38;2;138;148;168m6s[39m [38;2;138;148;168m•[39m [38;2;138;148;168m↓[39m [38;2;138;148;168m581[39m
[38;2;138;148;168m────────────────────────────────────────────────────────────────────────────────[39m
❯ [7mA[27m[38;2;138;148;168msk your question...[39m
[38;2;138;148;168m────────────────────────────────────────────────────────────────────────────────[39m
  [38;2;138;148;168m? for shortcuts · [38;2;2;136;142mtaste on[39m



[?2026l[?2026h[2K[1A[2K[1A[2K[1A[2K[1A[2K[1A[2K[1A[2K[1A[2K[1A[2K[G[48;2;45;43;85m[38;2;228;204;255m [1m◇ [22m[38;2;110;97;163mD[38;2;165;153;233me[38;2;228;204;255ms[38;2;171;165;206mi[38;2;204;199;225mg[38;2;255;255;255mn[38;2;234;218;255mi[38;2;171;165;206mn[38;2;228;204;255mg[38;2;165;153;233m…[38;2;228;204;255m [39m[49m [1m[38;2;138;148;168mesc[39m[22m [38;2;138;148;168mto interrupt[39m [38;2;138;148;168m•[39m [38;2;138;148;168m7s[39m [38;2;138;148;168m•[39m [38;2;138;148;168m↓[39m [38;2;138;148;168m581[39m
[38;2;138;148;168m────────────────────────────────────────────────────────────────────────────────[39m
❯ [7mA[27m[38;2;138;148;168msk your question...[39m
[38;2;138;148;168m────────────────────────────────────────────────────────────────────────────────[39m
  [38;2;138;148;168m? for shortcuts · [38;2;2;136;142mtaste on[39m



[?2026l[?2026h[2K[1A[2K[1A[2K[1A[2K[1A[2K[1A[2K[1A[2K[1A[2K[1A[2K[G[48;2;45;43;85m[38;2;228;204;255m [1m○ [22m[38;2;110;97;163mDe[38;2;165;153;233ms[38;2;228;204;255mi[38;2;171;165;206mg[38;2;204;199;225mn[38;2;255;255;255mi[38;2;234;218;255mn[38;2;171;165;206mg[38;2;228;204;255m… [39m[49m [1m[38;2;138;148;168mesc[39m[22m [38;2;138;148;168mto interrupt[39m [38;2;138;148;168m•[39m [38;2;138;148;168m7s[39m [38;2;138;148;168m•[39m [38;2;138;148;168m↓[39m [38;2;138;148;168m1.0k[39m
[38;2;138;148;168m────────────────────────────────────────────────────────────────────────────────[39m
❯ [7mA[27m[38;2;138;148;168msk your question...[39m
[38;2;138;148;168m────────────────────────────────────────────────────────────────────────────────[39m
  [38;2;138;148;168m? for shortcuts · [38;2;2;136;142mtaste on[39m



[?2026l[?2026h[2K[1A[2K[1A[2K[1A[2K[1A[2K[1A[2K[1A[2K[1A[2K[1A[2K[G[48;2;45;43;85m[38;2;228;204;255m [1m· [22m[38;2;234;218;255mD[38;2;171;165;206me[38;2;228;204;255ms[38;2;165;153;233mi[38;2;110;97;163mgning…[38;2;228;204;255m [39m[49m [1m[38;2;138;148;168mesc[39m[22m [38;2;138;148;168mto interrupt[39m [38;2;138;148;168m•[39m [38;2;138;148;168m7s[39m [38;2;138;148;168m•[39m [38;2;138;148;168m↓[39m [38;2;138;148;168m1.5k[39m
[38;2;138;148;168m────────────────────────────────────────────────────────────────────────────────[39m
❯ [7mA[27m[38;2;138;148;168msk your question...[39m
[38;2;138;148;168m────────────────────────────────────────────────────────────────────────────────[39m
  [38;2;138;148;168m? for shortcuts · [38;2;2;136;142mtaste on[39m



[?2026l[?2026h[2K[1A[2K[1A[2K[1A[2K[1A[2K[1A[2K[1A[2K[1A[2K[1A[2K[G[48;2;45;43;85m[38;2;228;204;255m [1m· [22m[38;2;255;255;255mD[38;2;234;218;255me[38;2;171;165;206ms[38;2;228;204;255mi[38;2;165;153;233mg[38;2;110;97;163mning…[38;2;228;204;255m [39m[49m [1m[38;2;138;148;168mesc[39m[22m [38;2;138;148;168mto interrupt[39m [38;2;138;148;168m•[39m [38;2;138;148;168m7s[39m [38;2;138;148;168m•[39m [38;2;138;148;168m↓[39m [38;2;138;148;168m1.8k[39m
[38;2;138;148;168m────────────────────────────────────────────────────────────────────────────────[39m
❯ [7mA[27m[38;2;138;148;168msk your question...[39m
[38;2;138;148;168m────────────────────────────────────────────────────────────────────────────────[39m
  [38;2;138;148;168m? for shortcuts · [38;2;2;136;142mtaste on[39m



[?2026l[?2026h[2K[1A[2K[1A[2K[1A[2K[1A[2K[1A[2K[1A[2K[1A[2K[1A[2K[G[48;2;45;43;85m[38;2;228;204;255m [1m· [22m[38;2;204;199;225mD[38;2;255;255;255me[38;2;234;218;255ms[38;2;171;165;206mi[38;2;228;204;255mg[38;2;165;153;233mn[38;2;110;97;163ming…[38;2;228;204;255m [39m[49m [1m[38;2;138;148;168mesc[39m[22m [38;2;138;148;168mto interrupt[39m [38;2;138;148;168m•[39m [38;2;138;148;168m7s[39m [38;2;138;148;168m•[39m [38;2;138;148;168m↓[39m [38;2;138;148;168m2.2k[39m
[38;2;138;148;168m────────────────────────────────────────────────────────────────────────────────[39m
❯ [7mA[27m[38;2;138;148;168msk your question...[39m
[38;2;138;148;168m────────────────────────────────────────────────────────────────────────────────[39m
  [38;2;138;148;168m? for shortcuts · [38;2;2;136;142mtaste on[39m



[?2026l[?2026h[2K[1A[2K[1A[2K[1A[2K[1A[2K[1A[2K[1A[2K[1A[2K[1A[2K[G[48;2;45;43;85m[38;2;228;204;255m [1m○ [22m[38;2;171;165;206mD[38;2;204;199;225me[38;2;255;255;255ms[38;2;234;218;255mi[38;2;171;165;206mg[38;2;228;204;255mn[38;2;165;153;233mi[38;2;110;97;163mng…[38;2;228;204;255m [39m[49m [1m[38;2;138;148;168mesc[39m[22m [38;2;138;148;168mto interrupt[39m [38;2;138;148;168m•[39m [38;2;138;148;168m7s[39m [38;2;138;148;168m•[39m [38;2;138;148;168m↓[39m [38;2;138;148;168m2.5k[39m
[38;2;138;148;168m────────────────────────────────────────────────────────────────────────────────[39m
❯ [7mA[27m[38;2;138;148;168msk your question...[39m
[38;2;138;148;168m────────────────────────────────────────────────────────────────────────────────[39m
  [38;2;138;148;168m? for shortcuts · [38;2;2;136;142mtaste on[39m



[?2026l[?2026h[2K[1A[2K[1A[2K[1A[2K[1A[2K[1A[2K[1A[2K[1A[2K[1A[2K[G[48;2;45;43;85m[38;2;228;204;255m [1m○ [22mD[38;2;171;165;206me[38;2;204;199;225ms[38;2;255;255;255mi[38;2;234;218;255mg[38;2;171;165;206mn[38;2;228;204;255mi[38;2;165;153;233mn[38;2;110;97;163mg…[38;2;228;204;255m [39m[49m [1m[38;2;138;148;168mesc[39m[22m [38;2;138;148;168mto interrupt[39m [38;2;138;148;168m•[39m [38;2;138;148;168m7s[39m [38;2;138;148;168m•[39m [38;2;138;148;168m↓[39m [38;2;138;148;168m2.8k[39m
[38;2;138;148;168m────────────────────────────────────────────────────────────────────────────────[39m
❯ [7mA[27m[38;2;138;148;168msk your question...[39m
[38;2;138;148;168m────────────────────────────────────────────────────────────────────────────────[39m
  [38;2;138;148;168m? for shortcuts · [38;2;2;136;142mtaste on[39m



[?2026l[?2026h[2K[1A[2K[1A[2K[1A[2K[1A[2K[1A[2K[1A[2K[1A[2K[1A[2K[G[48;2;45;43;85m[38;2;228;204;255m [1m◇ [22m[38;2;165;153;233mD[38;2;228;204;255me[38;2;171;165;206ms[38;2;204;199;225mi[38;2;255;255;255mg[38;2;234;218;255mn[38;2;171;165;206mi[38;2;228;204;255mn[38;2;165;153;233mg[38;2;110;97;163m…[38;2;228;204;255m [39m[49m [1m[38;2;138;148;168mesc[39m[22m [38;2;138;148;168mto interrupt[39m [38;2;138;148;168m•[39m [38;2;138;148;168m7s[39m [38;2;138;148;168m•[39m [38;2;138;148;168m↓[39m [38;2;138;148;168m3.0k[39m
[38;2;138;148;168m────────────────────────────────────────────────────────────────────────────────[39m
❯ [7mA[27m[38;2;138;148;168msk your question...[39m
[38;2;138;148;168m────────────────────────────────────────────────────────────────────────────────[39m
  [38;2;138;148;168m? for shortcuts · [38;2;2;136;142mtaste on[39m



[?2026l[?2026h[2K[1A[2K[1A[2K[1A[2K[1A[2K[1A[2K[1A[2K[1A[2K[1A[2K[G[48;2;45;43;85m[38;2;228;204;255m [1m☆ [22m[38;2;110;97;163mD[38;2;165;153;233me[38;2;228;204;255ms[38;2;171;165;206mi[38;2;204;199;225mg[38;2;255;255;255mn[38;2;234;218;255mi[38;2;171;165;206mn[38;2;228;204;255mg[38;2;165;153;233m…[38;2;228;204;255m [39m[49m [1m[38;2;138;148;168mesc[39m[22m [38;2;138;148;168mto interrupt[39m [38;2;138;148;168m•[39m [38;2;138;148;168m7s[39m [38;2;138;148;168m•[39m [38;2;138;148;168m↓[39m [38;2;138;148;168m3.2k[39m
[38;2;138;148;168m────────────────────────────────────────────────────────────────────────────────[39m
❯ [7mA[27m[38;2;138;148;168msk your question...[39m
[38;2;138;148;168m────────────────────────────────────────────────────────────────────────────────[39m
  [38;2;138;148;168m? for shortcuts · [38;2;2;136;142mtaste on[39m



[?2026l[?2026h[2K[1A[2K[1A[2K[1A[2K[1A[2K[1A[2K[1A[2K[1A[2K[1A[2K[G[48;2;45;43;85m[38;2;228;204;255m [1m✧ [22m[38;2;110;97;163mDe[38;2;165;153;233ms[38;2;228;204;255mi[38;2;171;165;206mg[38;2;204;199;225mn[38;2;255;255;255mi[38;2;234;218;255mn[38;2;171;165;206mg[38;2;228;204;255m… [39m[49m [1m[38;2;138;148;168mesc[39m[22m [38;2;138;148;168mto interrupt[39m [38;2;138;148;168m•[39m [38;2;138;148;168m7s[39m [38;2;138;148;168m•[39m [38;2;138;148;168m↓[39m [38;2;138;148;168m3.4k[39m
[38;2;138;148;168m────────────────────────────────────────────────────────────────────────────────[39m
❯ [7mA[27m[38;2;138;148;168msk your question...[39m
[38;2;138;148;168m────────────────────────────────────────────────────────────────────────────────[39m
  [38;2;138;148;168m? for shortcuts · [38;2;2;136;142mtaste on[39m



[?2026l[?2026h[2K[1A[2K[1A[2K[1A[2K[1A[2K[1A[2K[1A[2K[1A[2K[1A[2K[G[48;2;45;43;85m[38;2;228;204;255m [1m☆ [22m[38;2;110;97;163mDes[38;2;165;153;233mi[38;2;228;204;255mg[38;2;171;165;206mn[38;2;204;199;225mi[38;2;255;255;255mn[38;2;234;218;255mg[38;2;171;165;206m…[38;2;228;204;255m [39m[49m [1m[38;2;138;148;168mesc[39m[22m [38;2;138;148;168mto interrupt[39m [38;2;138;148;168m•[39m [38;2;138;148;168m7s[39m [38;2;138;148;168m•[39m [38;2;138;148;168m↓[39m [38;2;138;148;168m3.6k[39m
[38;2;138;148;168m────────────────────────────────────────────────────────────────────────────────[39m
❯ [7mA[27m[38;2;138;148;168msk your question...[39m
[38;2;138;148;168m────────────────────────────────────────────────────────────────────────────────[39m
  [38;2;138;148;168m? for shortcuts · [38;2;2;136;142mtaste on[39m



[?2026l[?2026h[2K[1A[2K[1A[2K[1A[2K[1A[2K[1A[2K[1A[2K[1A[2K[1A[2K[G[48;2;45;43;85m[38;2;228;204;255m [1m◇ [22m[38;2;110;97;163mDesi[38;2;165;153;233mg[38;2;228;204;255mn[38;2;171;165;206mi[38;2;204;199;225mn[38;2;255;255;255mg[38;2;234;218;255m…[38;2;228;204;255m [39m[49m [1m[38;2;138;148;168mesc[39m[22m [38;2;138;148;168mto interrupt[39m [38;2;138;148;168m•[39m [38;2;138;148;168m7s[39m [38;2;138;148;168m•[39m [38;2;138;148;168m↓[39m [38;2;138;148;168m3.8k[39m
[38;2;138;148;168m────────────────────────────────────────────────────────────────────────────────[39m
❯ [7mA[27m[38;2;138;148;168msk your question...[39m
[38;2;138;148;168m────────────────────────────────────────────────────────────────────────────────[39m
  [38;2;138;148;168m? for shortcuts · [38;2;2;136;142mtaste on[39m



[?2026l[?2026h[2K[1A[2K[1A[2K[1A[2K[1A[2K[1A[2K[1A[2K[1A[2K[1A[2K[G[48;2;45;43;85m[38;2;228;204;255m [1m○ [22m[38;2;110;97;163mDesig[38;2;165;153;233mn[38;2;228;204;255mi[38;2;171;165;206mn[38;2;204;199;225mg[38;2;255;255;255m…[38;2;228;204;255m [39m[49m [1m[38;2;138;148;168mesc[39m[22m [38;2;138;148;168mto interrupt[39m [38;2;138;148;168m•[39m [38;2;138;148;168m7s[39m [38;2;138;148;168m•[39m [38;2;138;148;168m↓[39m [38;2;138;148;168m3.9k[39m
[38;2;138;148;168m────────────────────────────────────────────────────────────────────────────────[39m
❯ [7mA[27m[38;2;138;148;168msk your question...[39m
[38;2;138;148;168m────────────────────────────────────────────────────────────────────────────────[39m
  [38;2;138;148;168m? for shortcuts · [38;2;2;136;142mtaste on[39m



[?2026l[?2026h[2K[1A[2K[1A[2K[1A[2K[1A[2K[1A[2K[1A[2K[1A[2K[1A[2K[G[48;2;45;43;85m[38;2;228;204;255m [1m○ [22m[38;2;110;97;163mDesig[38;2;165;153;233mn[38;2;228;204;255mi[38;2;171;165;206mn[38;2;204;199;225mg[38;2;255;255;255m…[38;2;228;204;255m [39m[49m [1m[38;2;138;148;168mesc[39m[22m [38;2;138;148;168mto interrupt[39m [38;2;138;148;168m•[39m [38;2;138;148;168m8s[39m [38;2;138;148;168m•[39m [38;2;138;148;168m↓[39m [38;2;138;148;168m3.9k[39m
[38;2;138;148;168m────────────────────────────────────────────────────────────────────────────────[39m
❯ [7mA[27m[38;2;138;148;168msk your question...[39m
[38;2;138;148;168m────────────────────────────────────────────────────────────────────────────────[39m
  [38;2;138;148;168m? for shortcuts · [38;2;2;136;142mtaste on[39m



[?2026l[?2026h[2K[1A[2K[1A[2K[1A[2K[1A[2K[1A[2K[1A[2K[1A[2K[1A[2K[G[48;2;45;43;85m[38;2;228;204;255m [1m⌘ [22m[38;2;110;97;163mDesign[38;2;165;153;233mi[38;2;228;204;255mn[38;2;171;165;206mg[38;2;204;199;225m…[38;2;228;204;255m [39m[49m [1m[38;2;138;148;168mesc[39m[22m [38;2;138;148;168mto interrupt[39m [38;2;138;148;168m•[39m [38;2;138;148;168m8s[39m [38;2;138;148;168m•[39m [38;2;138;148;168m↓[39m [38;2;138;148;168m4.1k[39m
[38;2;138;148;168m────────────────────────────────────────────────────────────────────────────────[39m
❯ [7mA[27m[38;2;138;148;168msk your question...[39m
[38;2;138;148;168m────────────────────────────────────────────────────────────────────────────────[39m
  [38;2;138;148;168m? for shortcuts · [38;2;2;136;142mtaste on[39m



[?2026l[?2026h[2K[1A[2K[1A[2K[1A[2K[1A[2K[1A[2K[1A[2K[1A[2K[1A[2K[G[48;2;45;43;85m[38;2;228;204;255m [1m⌘ [22m[38;2;110;97;163mDesigni[38;2;165;153;233mn[38;2;228;204;255mg[38;2;171;165;206m…[38;2;228;204;255m [39m[49m [1m[38;2;138;148;168mesc[39m[22m [38;2;138;148;168mto interrupt[39m [38;2;138;148;168m•[39m [38;2;138;148;168m8s[39m [38;2;138;148;168m•[39m [38;2;138;148;168m↓[39m [38;2;138;148;168m4.2k[39m
[38;2;138;148;168m────────────────────────────────────────────────────────────────────────────────[39m
❯ [7mA[27m[38;2;138;148;168msk your question...[39m
[38;2;138;148;168m────────────────────────────────────────────────────────────────────────────────[39m
  [38;2;138;148;168m? for shortcuts · [38;2;2;136;142mtaste on[39m



[?2026l[?2026h[2K[1A[2K[1A[2K[1A[2K[1A[2K[1A[2K[1A[2K[1A[2K[1A[2K[G[48;2;45;43;85m[38;2;228;204;255m [1m⌘ [22m[38;2;110;97;163mDesignin[38;2;165;153;233mg[38;2;228;204;255m… [39m[49m [1m[38;2;138;148;168mesc[39m[22m [38;2;138;148;168mto interrupt[39m [38;2;138;148;168m•[39m [38;2;138;148;168m8s[39m [38;2;138;148;168m•[39m [38;2;138;148;168m↓[39m [38;2;138;148;168m4.3k[39m
[38;2;138;148;168m────────────────────────────────────────────────────────────────────────────────[39m
❯ [7mA[27m[38;2;138;148;168msk your question...[39m
[38;2;138;148;168m────────────────────────────────────────────────────────────────────────────────[39m
  [38;2;138;148;168m? for shortcuts · [38;2;2;136;142mtaste on[39m



[?2026l[?2026h[2K[1A[2K[1A[2K[1A[2K[1A[2K[1A[2K[1A[2K[1A[2K[1A[2K[G[48;2;45;43;85m[38;2;228;204;255m [1m⌘ [22m[38;2;110;97;163mDesigning[38;2;165;153;233m…[38;2;228;204;255m [39m[49m [1m[38;2;138;148;168mesc[39m[22m [38;2;138;148;168mto interrupt[39m [38;2;138;148;168m•[39m [38;2;138;148;168m8s[39m [38;2;138;148;168m•[39m [38;2;138;148;168m↓[39m [38;2;138;148;168m4.4k[39m
[38;2;138;148;168m────────────────────────────────────────────────────────────────────────────────[39m
❯ [7mA[27m[38;2;138;148;168msk your question...[39m
[38;2;138;148;168m────────────────────────────────────────────────────────────────────────────────[39m
  [38;2;138;148;168m? for shortcuts · [38;2;2;136;142mtaste on[39m



[?2026l[?2026h[2K[1A[2K[1A[2K[1A[2K[1A[2K[1A[2K[1A[2K[1A[2K[1A[2K[G[48;2;45;43;85m[38;2;228;204;255m [1m○ [22m[38;2;110;97;163mDesigning…[38;2;228;204;255m [39m[49m [1m[38;2;138;148;168mesc[39m[22m [38;2;138;148;168mto interrupt[39m [38;2;138;148;168m•[39m [38;2;138;148;168m8s[39m [38;2;138;148;168m•[39m [38;2;138;148;168m↓[39m [38;2;138;148;168m4.5k[39m
[38;2;138;148;168m────────────────────────────────────────────────────────────────────────────────[39m
❯ [7mA[27m[38;2;138;148;168msk your question...[39m
[38;2;138;148;168m────────────────────────────────────────────────────────────────────────────────[39m
  [38;2;138;148;168m? for shortcuts · [38;2;2;136;142mtaste on[39m



[?2026l[?2026h[2K[1A[2K[1A[2K[1A[2K[1A[2K[1A[2K[1A[2K[1A[2K[1A[2K[G[48;2;45;43;85m[38;2;228;204;255m [1m◇ [22m[38;2;110;97;163mDesigning…[38;2;228;204;255m [39m[49m [1m[38;2;138;148;168mesc[39m[22m [38;2;138;148;168mto interrupt[39m [38;2;138;148;168m•[39m [38;2;138;148;168m8s[39m [38;2;138;148;168m•[39m [38;2;138;148;168m↓[39m [38;2;138;148;168m4.6k[39m
[38;2;138;148;168m────────────────────────────────────────────────────────────────────────────────[39m
❯ [7mA[27m[38;2;138;148;168msk your question...[39m
[38;2;138;148;168m────────────────────────────────────────────────────────────────────────────────[39m
  [38;2;138;148;168m? for shortcuts · [38;2;2;136;142mtaste on[39m



[?2026l[?2026h[2K[1A[2K[1A[2K[1A[2K[1A[2K[1A[2K[1A[2K[1A[2K[1A[2K[G[48;2;45;43;85m[38;2;228;204;255m [1m☆ [22m[38;2;110;97;163mDesigning…[38;2;228;204;255m [39m[49m [1m[38;2;138;148;168mesc[39m[22m [38;2;138;148;168mto interrupt[39m [38;2;138;148;168m•[39m [38;2;138;148;168m8s[39m [38;2;138;148;168m•[39m [38;2;138;148;168m↓[39m [38;2;138;148;168m4.6k[39m
[38;2;138;148;168m────────────────────────────────────────────────────────────────────────────────[39m
❯ [7mA[27m[38;2;138;148;168msk your question...[39m
[38;2;138;148;168m────────────────────────────────────────────────────────────────────────────────[39m
  [38;2;138;148;168m? for shortcuts · [38;2;2;136;142mtaste on[39m



[?2026l[?2026h[2K[1A[2K[1A[2K[1A[2K[1A[2K[1A[2K[1A[2K[1A[2K[1A[2K[G[48;2;45;43;85m[38;2;228;204;255m [1m✧ [22m[38;2;110;97;163mDesigning…[38;2;228;204;255m [39m[49m [1m[38;2;138;148;168mesc[39m[22m [38;2;138;148;168mto interrupt[39m [38;2;138;148;168m•[39m [38;2;138;148;168m8s[39m [38;2;138;148;168m•[39m [38;2;138;148;168m↓[39m [38;2;138;148;168m4.7k[39m
[38;2;138;148;168m────────────────────────────────────────────────────────────────────────────────[39m
❯ [7mA[27m[38;2;138;148;168msk your question...[39m
[38;2;138;148;168m────────────────────────────────────────────────────────────────────────────────[39m
  [38;2;138;148;168m? for shortcuts · [38;2;2;136;142mtaste on[39m



[?2026l[?2026h[2K[1A[2K[1A[2K[1A[2K[1A[2K[1A[2K[1A[2K[1A[2K[1A[2K[G[48;2;45;43;85m[38;2;228;204;255m [1m☆ [22m[38;2;110;97;163mDesigning…[38;2;228;204;255m [39m[49m [1m[38;2;138;148;168mesc[39m[22m [38;2;138;148;168mto interrupt[39m [38;2;138;148;168m•[39m [38;2;138;148;168m8s[39m [38;2;138;148;168m•[39m [38;2;138;148;168m↓[39m [38;2;138;148;168m4.7k[39m
[38;2;138;148;168m────────────────────────────────────────────────────────────────────────────────[39m
❯ [7mA[27m[38;2;138;148;168msk your question...[39m
[38;2;138;148;168m────────────────────────────────────────────────────────────────────────────────[39m
  [38;2;138;148;168m? for shortcuts · [38;2;2;136;142mtaste on[39m



[?2026l[?2026h[2K[1A[2K[1A[2K[1A[2K[1A[2K[1A[2K[1A[2K[1A[2K[1A[2K[G[48;2;45;43;85m[38;2;228;204;255m [1m◇ [22m[38;2;234;218;255mD[38;2;171;165;206me[38;2;228;204;255ms[38;2;165;153;233mi[38;2;110;97;163mgning…[38;2;228;204;255m [39m[49m [1m[38;2;138;148;168mesc[39m[22m [38;2;138;148;168mto interrupt[39m [38;2;138;148;168m•[39m [38;2;138;148;168m8s[39m [38;2;138;148;168m•[39m [38;2;138;148;168m↓[39m [38;2;138;148;168m4.8k[39m
[38;2;138;148;168m────────────────────────────────────────────────────────────────────────────────[39m
❯ [7mA[27m[38;2;138;148;168msk your question...[39m
[38;2;138;148;168m────────────────────────────────────────────────────────────────────────────────[39m
  [38;2;138;148;168m? for shortcuts · [38;2;2;136;142mtaste on[39m



[?2026l[?2026h[2K[1A[2K[1A[2K[1A[2K[1A[2K[1A[2K[1A[2K[1A[2K[1A[2K[G[48;2;45;43;85m[38;2;228;204;255m [1m○ [22m[38;2;255;255;255mD[38;2;234;218;255me[38;2;171;165;206ms[38;2;228;204;255mi[38;2;165;153;233mg[38;2;110;97;163mning…[38;2;228;204;255m [39m[49m [1m[38;2;138;148;168mesc[39m[22m [38;2;138;148;168mto interrupt[39m [38;2;138;148;168m•[39m [38;2;138;148;168m8s[39m [38;2;138;148;168m•[39m [38;2;138;148;168m↓[39m [38;2;138;148;168m4.8k[39m
[38;2;138;148;168m────────────────────────────────────────────────────────────────────────────────[39m
❯ [7mA[27m[38;2;138;148;168msk your question...[39m
[38;2;138;148;168m────────────────────────────────────────────────────────────────────────────────[39m
  [38;2;138;148;168m? for shortcuts · [38;2;2;136;142mtaste on[39m



[?2026l[?2026h[2K[1A[2K[1A[2K[1A[2K[1A[2K[1A[2K[1A[2K[1A[2K[1A[2K[G[48;2;45;43;85m[38;2;228;204;255m [1m· [22m[38;2;204;199;225mD[38;2;255;255;255me[38;2;234;218;255ms[38;2;171;165;206mi[38;2;228;204;255mg[38;2;165;153;233mn[38;2;110;97;163ming…[38;2;228;204;255m [39m[49m [1m[38;2;138;148;168mesc[39m[22m [38;2;138;148;168mto interrupt[39m [38;2;138;148;168m•[39m [38;2;138;148;168m8s[39m [38;2;138;148;168m•[39m [38;2;138;148;168m↓[39m [38;2;138;148;168m4.9k[39m
[38;2;138;148;168m────────────────────────────────────────────────────────────────────────────────[39m
❯ [7mA[27m[38;2;138;148;168msk your question...[39m
[38;2;138;148;168m────────────────────────────────────────────────────────────────────────────────[39m
  [38;2;138;148;168m? for shortcuts · [38;2;2;136;142mtaste on[39m



[?2026l[?2026h[2K[1A[2K[1A[2K[1A[2K[1A[2K[1A[2K[1A[2K[1A[2K[1A[2K[G[48;2;45;43;85m[38;2;228;204;255m [1m· [22m[38;2;171;165;206mD[38;2;204;199;225me[38;2;255;255;255ms[38;2;234;218;255mi[38;2;171;165;206mg[38;2;228;204;255mn[38;2;165;153;233mi[38;2;110;97;163mng…[38;2;228;204;255m [39m[49m [1m[38;2;138;148;168mesc[39m[22m [38;2;138;148;168mto interrupt[39m [38;2;138;148;168m•[39m [38;2;138;148;168m8s[39m [38;2;138;148;168m•[39m [38;2;138;148;168m↓[39m [38;2;138;148;168m4.9k[39m
[38;2;138;148;168m────────────────────────────────────────────────────────────────────────────────[39m
❯ [7mA[27m[38;2;138;148;168msk your question...[39m
[38;2;138;148;168m────────────────────────────────────────────────────────────────────────────────[39m
  [38;2;138;148;168m? for shortcuts · [38;2;2;136;142mtaste on[39m



[?2026l[?2026h[2K[1A[2K[1A[2K[1A[2K[1A[2K[1A[2K[1A[2K[1A[2K[1A[2K[G[48;2;45;43;85m[38;2;228;204;255m [1m· [22m[38;2;171;165;206mD[38;2;204;199;225me[38;2;255;255;255ms[38;2;234;218;255mi[38;2;171;165;206mg[38;2;228;204;255mn[38;2;165;153;233mi[38;2;110;97;163mng…[38;2;228;204;255m [39m[49m [1m[38;2;138;148;168mesc[39m[22m [38;2;138;148;168mto interrupt[39m [38;2;138;148;168m•[39m [38;2;138;148;168m9s[39m [38;2;138;148;168m•[39m [38;2;138;148;168m↓[39m [38;2;138;148;168m4.9k[39m
[38;2;138;148;168m────────────────────────────────────────────────────────────────────────────────[39m
❯ [7mA[27m[38;2;138;148;168msk your question...[39m
[38;2;138;148;168m────────────────────────────────────────────────────────────────────────────────[39m
  [38;2;138;148;168m? for shortcuts · [38;2;2;136;142mtaste on[39m



[?2026l[?2026h[2K[1A[2K[1A[2K[1A[2K[1A[2K[1A[2K[1A[2K[1A[2K[1A[2K[G[48;2;45;43;85m[38;2;228;204;255m [1m· [22mD[38;2;171;165;206me[38;2;204;199;225ms[38;2;255;255;255mi[38;2;234;218;255mg[38;2;171;165;206mn[38;2;228;204;255mi[38;2;165;153;233mn[38;2;110;97;163mg…[38;2;228;204;255m [39m[49m [1m[38;2;138;148;168mesc[39m[22m [38;2;138;148;168mto interrupt[39m [38;2;138;148;168m•[39m [38;2;138;148;168m9s[39m [38;2;138;148;168m•[39m [38;2;138;148;168m↓[39m [38;2;138;148;168m5.0k[39m
[38;2;138;148;168m────────────────────────────────────────────────────────────────────────────────[39m
❯ [7mA[27m[38;2;138;148;168msk your question...[39m
[38;2;138;148;168m────────────────────────────────────────────────────────────────────────────────[39m
  [38;2;138;148;168m? for shortcuts · [38;2;2;136;142mtaste on[39m



[?2026l[?2026h[2K[1A[2K[1A[2K[1A[2K[1A[2K[1A[2K[1A[2K[1A[2K[1A[2K[G[48;2;45;43;85m[38;2;228;204;255m [1m○ [22m[38;2;165;153;233mD[38;2;228;204;255me[38;2;171;165;206ms[38;2;204;199;225mi[38;2;255;255;255mg[38;2;234;218;255mn[38;2;171;165;206mi[38;2;228;204;255mn[38;2;165;153;233mg[38;2;110;97;163m…[38;2;228;204;255m [39m[49m [1m[38;2;138;148;168mesc[39m[22m [38;2;138;148;168mto interrupt[39m [38;2;138;148;168m•[39m [38;2;138;148;168m9s[39m [38;2;138;148;168m•[39m [38;2;138;148;168m↓[39m [38;2;138;148;168m5.0k[39m
[38;2;138;148;168m────────────────────────────────────────────────────────────────────────────────[39m
❯ [7mA[27m[38;2;138;148;168msk your question...[39m
[38;2;138;148;168m────────────────────────────────────────────────────────────────────────────────[39m
  [38;2;138;148;168m? for shortcuts · [38;2;2;136;142mtaste on[39m



[?2026l[?2026h[2K[1A[2K[1A[2K[1A[2K[1A[2K[1A[2K[1A[2K[1A[2K[1A[2K[G[38;2;228;204;255m✻ Thinking… (1 line) [38;2;53;61;80m[[38;2;138;148;168mctrl+o to expand[38;2;53;61;80m][39m

[48;2;45;43;85m[38;2;228;204;255m [1m○ [22m[38;2;165;153;233mD[38;2;228;204;255me[38;2;171;165;206ms[38;2;204;199;225mi[38;2;255;255;255mg[38;2;234;218;255mn[38;2;171;165;206mi[38;2;228;204;255mn[38;2;165;153;233mg[38;2;110;97;163m…[38;2;228;204;255m [39m[49m [1m[38;2;138;148;168mesc[39m[22m [38;2;138;148;168mto interrupt[39m [38;2;138;148;168m•[39m [38;2;138;148;168m9s[39m [38;2;138;148;168m•[39m [38;2;138;148;168m↓[39m [38;2;138;148;168m5.0k[39m
[38;2;138;148;168m────────────────────────────────────────────────────────────────────────────────[39m
❯ [7mA[27m[38;2;138;148;168msk your question...[39m
[38;2;138;148;168m────────────────────────────────────────────────────────────────────────────────[39m
  [38;2;138;148;168m? for shortcuts · [38;2;2;136;142mtaste on[39m



[?2026l[?2026h[2K[1A[2K[1A[2K[1A[2K[1A[2K[1A[2K[1A[2K[1A[2K[1A[2K[1A[2K[1A[2K[G[38;2;228;204;255m✻ Thinking… (1 line) [38;2;53;61;80m[[38;2;138;148;168mctrl+o to expand[38;2;53;61;80m][39m

[48;2;45;43;85m[38;2;228;204;255m [1m○ [22m[38;2;110;97;163mD[38;2;165;153;233me[38;2;228;204;255ms[38;2;171;165;206mi[38;2;204;199;225mg[38;2;255;255;255mn[38;2;234;218;255mi[38;2;171;165;206mn[38;2;228;204;255mg[38;2;165;153;233m…[38;2;228;204;255m [39m[49m [1m[38;2;138;148;168mesc[39m[22m [38;2;138;148;168mto interrupt[39m [38;2;138;148;168m•[39m [38;2;138;148;168m9s[39m [38;2;138;148;168m•[39m [38;2;138;148;168m↓[39m [38;2;138;148;168m5.0k[39m
[38;2;138;148;168m────────────────────────────────────────────────────────────────────────────────[39m
❯ [7mA[27m[38;2;138;148;168msk your question...[39m
[38;2;138;148;168m────────────────────────────────────────────────────────────────────────────────[39m
  [38;2;138;148;168m? for shortcuts · [38;2;2;136;142mtaste on[39m



[?2026l[?2026h[2K[1A[2K[1A[2K[1A[2K[1A[2K[1A[2K[1A[2K[1A[2K[1A[2K[1A[2K[1A[2K[G[38;2;228;204;255m✻ Thinking… (1 line) [38;2;53;61;80m[[38;2;138;148;168mctrl+o to expand[38;2;53;61;80m][39m

[48;2;45;43;85m[38;2;228;204;255m [1m◇ [22m[38;2;110;97;163mDe[38;2;165;153;233ms[38;2;228;204;255mi[38;2;171;165;206mg[38;2;204;199;225mn[38;2;255;255;255mi[38;2;234;218;255mn[38;2;171;165;206mg[38;2;228;204;255m… [39m[49m [1m[38;2;138;148;168mesc[39m[22m [38;2;138;148;168mto interrupt[39m [38;2;138;148;168m•[39m [38;2;138;148;168m9s[39m [38;2;138;148;168m•[39m [38;2;138;148;168m↓[39m [38;2;138;148;168m5.0k[39m
[38;2;138;148;168m────────────────────────────────────────────────────────────────────────────────[39m
❯ [7mA[27m[38;2;138;148;168msk your question...[39m
[38;2;138;148;168m────────────────────────────────────────────────────────────────────────────────[39m
  [38;2;138;148;168m? for shortcuts · [38;2;2;136;142mtaste on[39m



[?2026l[?2026h[2K[1A[2K[1A[2K[1A[2K[1A[2K[1A[2K[1A[2K[1A[2K[1A[2K[1A[2K[1A[2K[G[38;2;228;204;255m✻ Thinking… (1 line) [38;2;53;61;80m[[38;2;138;148;168mctrl+o to expand[38;2;53;61;80m][39m

[48;2;45;43;85m[38;2;228;204;255m [1m☆ [22m[38;2;110;97;163mDes[38;2;165;153;233mi[38;2;228;204;255mg[38;2;171;165;206mn[38;2;204;199;225mi[38;2;255;255;255mn[38;2;234;218;255mg[38;2;171;165;206m…[38;2;228;204;255m [39m[49m [1m[38;2;138;148;168mesc[39m[22m [38;2;138;148;168mto interrupt[39m [38;2;138;148;168m•[39m [38;2;138;148;168m9s[39m [38;2;138;148;168m•[39m [38;2;138;148;168m↓[39m [38;2;138;148;168m5.1k[39m
[38;2;138;148;168m────────────────────────────────────────────────────────────────────────────────[39m
❯ [7mA[27m[38;2;138;148;168msk your question...[39m
[38;2;138;148;168m────────────────────────────────────────────────────────────────────────────────[39m
  [38;2;138;148;168m? for shortcuts · [38;2;2;136;142mtaste on[39m



[?2026l[?2026h[2K[1A[2K[1A[2K[1A[2K[1A[2K[1A[2K[1A[2K[1A[2K[1A[2K[1A[2K[1A[2K[G[38;2;228;204;255m✻ Thinking… (1 line) [38;2;53;61;80m[[38;2;138;148;168mctrl+o to expand[38;2;53;61;80m][39m

[48;2;45;43;85m[38;2;228;204;255m [1m✧ [22m[38;2;110;97;163mDesi[38;2;165;153;233mg[38;2;228;204;255mn[38;2;171;165;206mi[38;2;204;199;225mn[38;2;255;255;255mg[38;2;234;218;255m…[38;2;228;204;255m [39m[49m [1m[38;2;138;148;168mesc[39m[22m [38;2;138;148;168mto interrupt[39m [38;2;138;148;168m•[39m [38;2;138;148;168m9s[39m [38;2;138;148;168m•[39m [38;2;138;148;168m↓[39m [38;2;138;148;168m5.1k[39m
[38;2;138;148;168m────────────────────────────────────────────────────────────────────────────────[39m
❯ [7mA[27m[38;2;138;148;168msk your question...[39m
[38;2;138;148;168m────────────────────────────────────────────────────────────────────────────────[39m
  [38;2;138;148;168m? for shortcuts · [38;2;2;136;142mtaste on[39m



[?2026l[?2026h[2K[1A[2K[1A[2K[1A[2K[1A[2K[1A[2K[1A[2K[1A[2K[1A[2K[1A[2K[1A[2K[G[38;2;228;204;255m✻ Thinking… (1 line) [38;2;53;61;80m[[38;2;138;148;168mctrl+o to expand[38;2;53;61;80m][39m

[48;2;45;43;85m[38;2;228;204;255m [1m☆ [22m[38;2;110;97;163mDesig[38;2;165;153;233mn[38;2;228;204;255mi[38;2;171;165;206mn[38;2;204;199;225mg[38;2;255;255;255m…[38;2;228;204;255m [39m[49m [1m[38;2;138;148;168mesc[39m[22m [38;2;138;148;168mto interrupt[39m [38;2;138;148;168m•[39m [38;2;138;148;168m9s[39m [38;2;138;148;168m•[39m [38;2;138;148;168m↓[39m [38;2;138;148;168m5.1k[39m
[38;2;138;148;168m────────────────────────────────────────────────────────────────────────────────[39m
❯ [7mA[27m[38;2;138;148;168msk your question...[39m
[38;2;138;148;168m────────────────────────────────────────────────────────────────────────────────[39m
  [38;2;138;148;168m? for shortcuts · [38;2;2;136;142mtaste on[39m



[?2026l[?2026h[2K[1A[2K[1A[2K[1A[2K[1A[2K[1A[2K[1A[2K[1A[2K[1A[2K[1A[2K[1A[2K[G[38;2;228;204;255m✻ Thinking… (1 line) [38;2;53;61;80m[[38;2;138;148;168mctrl+o to expand[38;2;53;61;80m][39m

[48;2;45;43;85m[38;2;228;204;255m [1m◇ [22m[38;2;110;97;163mDesign[38;2;165;153;233mi[38;2;228;204;255mn[38;2;171;165;206mg[38;2;204;199;225m…[38;2;228;204;255m [39m[49m [1m[38;2;138;148;168mesc[39m[22m [38;2;138;148;168mto interrupt[39m [38;2;138;148;168m•[39m [38;2;138;148;168m9s[39m [38;2;138;148;168m•[39m [38;2;138;148;168m↓[39m [38;2;138;148;168m5.1k[39m
[38;2;138;148;168m────────────────────────────────────────────────────────────────────────────────[39m
❯ [7mA[27m[38;2;138;148;168msk your question...[39m
[38;2;138;148;168m────────────────────────────────────────────────────────────────────────────────[39m
  [38;2;138;148;168m? for shortcuts · [38;2;2;136;142mtaste on[39m



[?2026l[?2026h[2K[1A[2K[1A[2K[1A[2K[1A[2K[1A[2K[1A[2K[1A[2K[1A[2K[1A[2K[1A[2K[G[38;2;228;204;255m✻ Thinking… (3 lines) [38;2;53;61;80m[[38;2;138;148;168mctrl+o to expand[38;2;53;61;80m][39m

[48;2;45;43;85m[38;2;228;204;255m [1m◇ [22m[38;2;110;97;163mDesign[38;2;165;153;233mi[38;2;228;204;255mn[38;2;171;165;206mg[38;2;204;199;225m…[38;2;228;204;255m [39m[49m [1m[38;2;138;148;168mesc[39m[22m [38;2;138;148;168mto interrupt[39m [38;2;138;148;168m•[39m [38;2;138;148;168m9s[39m [38;2;138;148;168m•[39m [38;2;138;148;168m↓[39m [38;2;138;148;168m5.1k[39m
[38;2;138;148;168m────────────────────────────────────────────────────────────────────────────────[39m
❯ [7mA[27m[38;2;138;148;168msk your question...[39m
[38;2;138;148;168m────────────────────────────────────────────────────────────────────────────────[39m
  [38;2;138;148;168m? for shortcuts · [38;2;2;136;142mtaste on[39m



[?2026l[?2026h[2K[1A[2K[1A[2K[1A[2K[1A[2K[1A[2K[1A[2K[1A[2K[1A[2K[1A[2K[1A[2K[G[38;2;228;204;255m✻ Thinking… (3 lines) [38;2;53;61;80m[[38;2;138;148;168mctrl+o to expand[38;2;53;61;80m][39m

[48;2;45;43;85m[38;2;228;204;255m [1m○ [22m[38;2;110;97;163mDesigni[38;2;165;153;233mn[38;2;228;204;255mg[38;2;171;165;206m…[38;2;228;204;255m [39m[49m [1m[38;2;138;148;168mesc[39m[22m [38;2;138;148;168mto interrupt[39m [38;2;138;148;168m•[39m [38;2;138;148;168m9s[39m [38;2;138;148;168m•[39m [38;2;138;148;168m↓[39m [38;2;138;148;168m5.2k[39m
[38;2;138;148;168m────────────────────────────────────────────────────────────────────────────────[39m
❯ [7mA[27m[38;2;138;148;168msk your question...[39m
[38;2;138;148;168m────────────────────────────────────────────────────────────────────────────────[39m
  [38;2;138;148;168m? for shortcuts · [38;2;2;136;142mtaste on[39m



[?2026l]0;⌘ Command Code · orch-go · deepseek-v4-flash-(latest)]2;⌘ Command Code · orch-go · deepseek-v4-flash-(latest)[?2026h[2K[1A[2K[1A[2K[1A[2K[1A[2K[1A[2K[1A[2K[1A[2K[1A[2K[1A[2K[1A[2K[G[38;2;228;204;255m✻ Thinking… (3 lines) [38;2;53;61;80m[[38;2;138;148;168mctrl+o to expand[38;2;53;61;80m][39m

[48;2;45;43;85m[38;2;228;204;255m [1m⌘ [22m[38;2;110;97;163mDesignin[38;2;165;153;233mg[38;2;228;204;255m… [39m[49m [1m[38;2;138;148;168mesc[39m[22m [38;2;138;148;168mto interrupt[39m [38;2;138;148;168m•[39m [38;2;138;148;168m9s[39m [38;2;138;148;168m•[39m [38;2;138;148;168m↓[39m [38;2;138;148;168m5.2k[39m
[38;2;138;148;168m────────────────────────────────────────────────────────────────────────────────[39m
❯ [7mA[27m[38;2;138;148;168msk your question...[39m
[38;2;138;148;168m────────────────────────────────────────────────────────────────────────────────[39m
  [38;2;138;148;168m? for shortcuts · [38;2;2;136;142mtaste on[39m



[?2026l[?2026h[2K[1A[2K[1A[2K[1A[2K[1A[2K[1A[2K[1A[2K[1A[2K[1A[2K[1A[2K[1A[2K[G[38;2;228;204;255m✻ Thinking… (3 lines) [38;2;53;61;80m[[38;2;138;148;168mctrl+o to expand[38;2;53;61;80m][39m

[48;2;45;43;85m[38;2;228;204;255m [1m⌘ [22m[38;2;110;97;163mDesigning[38;2;165;153;233m…[38;2;228;204;255m [39m[49m [1m[38;2;138;148;168mesc[39m[22m [38;2;138;148;168mto interrupt[39m [38;2;138;148;168m•[39m [38;2;138;148;168m9s[39m [38;2;138;148;168m•[39m [38;2;138;148;168m↓[39m [38;2;138;148;168m5.2k[39m
[38;2;138;148;168m────────────────────────────────────────────────────────────────────────────────[39m
❯ [7mA[27m[38;2;138;148;168msk your question...[39m
[38;2;138;148;168m────────────────────────────────────────────────────────────────────────────────[39m
  [38;2;138;148;168m? for shortcuts · [38;2;2;136;142mtaste on[39m



[?2026l[?2026h[2K[1A[2K[1A[2K[1A[2K[1A[2K[1A[2K[1A[2K[1A[2K[1A[2K[1A[2K[1A[2K[G[38;2;228;204;255m✻ Thinking… (3 lines) [38;2;53;61;80m[[38;2;138;148;168mctrl+o to expand[38;2;53;61;80m][39m

[48;2;45;43;85m[38;2;228;204;255m [1m⌘ [22m[38;2;110;97;163mDesigning…[38;2;228;204;255m [39m[49m [1m[38;2;138;148;168mesc[39m[22m [38;2;138;148;168mto interrupt[39m [38;2;138;148;168m•[39m [38;2;138;148;168m9s[39m [38;2;138;148;168m•[39m [38;2;138;148;168m↓[39m [38;2;138;148;168m5.2k[39m
[38;2;138;148;168m────────────────────────────────────────────────────────────────────────────────[39m
❯ [7mA[27m[38;2;138;148;168msk your question...[39m
[38;2;138;148;168m────────────────────────────────────────────────────────────────────────────────[39m
  [38;2;138;148;168m? for shortcuts · [38;2;2;136;142mtaste on[39m



[?2026l[?2026h[2K[1A[2K[1A[2K[1A[2K[1A[2K[1A[2K[1A[2K[1A[2K[1A[2K[1A[2K[1A[2K[G[38;2;228;204;255m✻ Thinking… (3 lines) [38;2;53;61;80m[[38;2;138;148;168mctrl+o to expand[38;2;53;61;80m][39m

[48;2;45;43;85m[38;2;228;204;255m [1m⌘ [22m[38;2;110;97;163mDesigning…[38;2;228;204;255m [39m[49m [1m[38;2;138;148;168mesc[39m[22m [38;2;138;148;168mto interrupt[39m [38;2;138;148;168m•[39m [38;2;138;148;168m10s[39m [38;2;138;148;168m•[39m [38;2;138;148;168m↓[39m [38;2;138;148;168m5.2k[39m
[38;2;138;148;168m────────────────────────────────────────────────────────────────────────────────[39m
❯ [7mA[27m[38;2;138;148;168msk your question...[39m
[38;2;138;148;168m────────────────────────────────────────────────────────────────────────────────[39m
  [38;2;138;148;168m? for shortcuts · [38;2;2;136;142mtaste on[39m



[?2026l[?2026h[2K[1A[2K[1A[2K[1A[2K[1A[2K[1A[2K[1A[2K[1A[2K[1A[2K[1A[2K[1A[2K[G[38;2;228;204;255m✻ Thinking… (5 lines) [38;2;53;61;80m[[38;2;138;148;168mctrl+o to expand[38;2;53;61;80m][39m

[48;2;45;43;85m[38;2;228;204;255m [1m⌘ [22m[38;2;110;97;163mDesigning…[38;2;228;204;255m [39m[49m [1m[38;2;138;148;168mesc[39m[22m [38;2;138;148;168mto interrupt[39m [38;2;138;148;168m•[39m [38;2;138;148;168m10s[39m [38;2;138;148;168m•[39m [38;2;138;148;168m↓[39m [38;2;138;148;168m5.3k[39m
[38;2;138;148;168m────────────────────────────────────────────────────────────────────────────────[39m
❯ [7mA[27m[38;2;138;148;168msk your question...[39m
[38;2;138;148;168m────────────────────────────────────────────────────────────────────────────────[39m
  [38;2;138;148;168m? for shortcuts · [38;2;2;136;142mtaste on[39m



[?2026l[?2026h[2K[1A[2K[1A[2K[1A[2K[1A[2K[1A[2K[1A[2K[1A[2K[1A[2K[1A[2K[1A[2K[G[38;2;228;204;255m✻ Thinking… (5 lines) [38;2;53;61;80m[[38;2;138;148;168mctrl+o to expand[38;2;53;61;80m][39m

[48;2;45;43;85m[38;2;228;204;255m [1m○ [22m[38;2;110;97;163mDesigning…[38;2;228;204;255m [39m[49m [1m[38;2;138;148;168mesc[39m[22m [38;2;138;148;168mto interrupt[39m [38;2;138;148;168m•[39m [38;2;138;148;168m10s[39m [38;2;138;148;168m•[39m [38;2;138;148;168m↓[39m [38;2;138;148;168m5.3k[39m
[38;2;138;148;168m────────────────────────────────────────────────────────────────────────────────[39m
❯ [7mA[27m[38;2;138;148;168msk your question...[39m
[38;2;138;148;168m────────────────────────────────────────────────────────────────────────────────[39m
  [38;2;138;148;168m? for shortcuts · [38;2;2;136;142mtaste on[39m



[?2026l[?2026h[2K[1A[2K[1A[2K[1A[2K[1A[2K[1A[2K[1A[2K[1A[2K[1A[2K[1A[2K[1A[2K[G[38;2;228;204;255m✻ Thinking… (5 lines) [38;2;53;61;80m[[38;2;138;148;168mctrl+o to expand[38;2;53;61;80m][39m

[48;2;45;43;85m[38;2;228;204;255m [1m◇ [22m[38;2;110;97;163mDesigning…[38;2;228;204;255m [39m[49m [1m[38;2;138;148;168mesc[39m[22m [38;2;138;148;168mto interrupt[39m [38;2;138;148;168m•[39m [38;2;138;148;168m10s[39m [38;2;138;148;168m•[39m [38;2;138;148;168m↓[39m [38;2;138;148;168m5.3k[39m
[38;2;138;148;168m────────────────────────────────────────────────────────────────────────────────[39m
❯ [7mA[27m[38;2;138;148;168msk your question...[39m
[38;2;138;148;168m────────────────────────────────────────────────────────────────────────────────[39m
  [38;2;138;148;168m? for shortcuts · [38;2;2;136;142mtaste on[39m



[?2026l[?2026h[2K[1A[2K[1A[2K[1A[2K[1A[2K[1A[2K[1A[2K[1A[2K[1A[2K[1A[2K[1A[2K[G[38;2;228;204;255m✻ Thinking… (7 lines) [38;2;53;61;80m[[38;2;138;148;168mctrl+o to expand[38;2;53;61;80m][39m

[48;2;45;43;85m[38;2;228;204;255m [1m◇ [22m[38;2;110;97;163mDesigning…[38;2;228;204;255m [39m[49m [1m[38;2;138;148;168mesc[39m[22m [38;2;138;148;168mto interrupt[39m [38;2;138;148;168m•[39m [38;2;138;148;168m10s[39m [38;2;138;148;168m•[39m [38;2;138;148;168m↓[39m [38;2;138;148;168m5.3k[39m
[38;2;138;148;168m────────────────────────────────────────────────────────────────────────────────[39m
❯ [7mA[27m[38;2;138;148;168msk your question...[39m
[38;2;138;148;168m────────────────────────────────────────────────────────────────────────────────[39m
  [38;2;138;148;168m? for shortcuts · [38;2;2;136;142mtaste on[39m



[?2026l[?2026h[2K[1A[2K[1A[2K[1A[2K[1A[2K[1A[2K[1A[2K[1A[2K[1A[2K[1A[2K[1A[2K[G[38;2;228;204;255m✻ Thinking… (7 lines) [38;2;53;61;80m[[38;2;138;148;168mctrl+o to expand[38;2;53;61;80m][39m

[48;2;45;43;85m[38;2;228;204;255m [1m☆ [22m[38;2;110;97;163mDesigning…[38;2;228;204;255m [39m[49m [1m[38;2;138;148;168mesc[39m[22m [38;2;138;148;168mto interrupt[39m [38;2;138;148;168m•[39m [38;2;138;148;168m10s[39m [38;2;138;148;168m•[39m [38;2;138;148;168m↓[39m [38;2;138;148;168m5.3k[39m
[38;2;138;148;168m────────────────────────────────────────────────────────────────────────────────[39m
❯ [7mA[27m[38;2;138;148;168msk your question...[39m
[38;2;138;148;168m────────────────────────────────────────────────────────────────────────────────[39m
  [38;2;138;148;168m? for shortcuts · [38;2;2;136;142mtaste on[39m



[?2026l[?2026h[2K[1A[2K[1A[2K[1A[2K[1A[2K[1A[2K[1A[2K[1A[2K[1A[2K[1A[2K[1A[2K[G[38;2;228;204;255m✻ Thinking… (7 lines) [38;2;53;61;80m[[38;2;138;148;168mctrl+o to expand[38;2;53;61;80m][39m

[48;2;45;43;85m[38;2;228;204;255m [1m✧ [22m[38;2;234;218;255mD[38;2;171;165;206me[38;2;228;204;255ms[38;2;165;153;233mi[38;2;110;97;163mgning…[38;2;228;204;255m [39m[49m [1m[38;2;138;148;168mesc[39m[22m [38;2;138;148;168mto interrupt[39m [38;2;138;148;168m•[39m [38;2;138;148;168m10s[39m [38;2;138;148;168m•[39m [38;2;138;148;168m↓[39m [38;2;138;148;168m5.4k[39m
[38;2;138;148;168m────────────────────────────────────────────────────────────────────────────────[39m
❯ [7mA[27m[38;2;138;148;168msk your question...[39m
[38;2;138;148;168m────────────────────────────────────────────────────────────────────────────────[39m
  [38;2;138;148;168m? for shortcuts · [38;2;2;136;142mtaste on[39m



[?2026l[?2026h[2K[1A[2K[1A[2K[1A[2K[1A[2K[1A[2K[1A[2K[1A[2K[1A[2K[1A[2K[1A[2K[G[38;2;228;204;255m✻ Thinking… (7 lines) [38;2;53;61;80m[[38;2;138;148;168mctrl+o to expand[38;2;53;61;80m][39m

[48;2;45;43;85m[38;2;228;204;255m [1m☆ [22m[38;2;255;255;255mD[38;2;234;218;255me[38;2;171;165;206ms[38;2;228;204;255mi[38;2;165;153;233mg[38;2;110;97;163mning…[38;2;228;204;255m [39m[49m [1m[38;2;138;148;168mesc[39m[22m [38;2;138;148;168mto interrupt[39m [38;2;138;148;168m•[39m [38;2;138;148;168m10s[39m [38;2;138;148;168m•[39m [38;2;138;148;168m↓[39m [38;2;138;148;168m5.4k[39m
[38;2;138;148;168m────────────────────────────────────────────────────────────────────────────────[39m
❯ [7mA[27m[38;2;138;148;168msk your question...[39m
[38;2;138;148;168m────────────────────────────────────────────────────────────────────────────────[39m
  [38;2;138;148;168m? for shortcuts · [38;2;2;136;142mtaste on[39m



[?2026l[?2026h[2K[1A[2K[1A[2K[1A[2K[1A[2K[1A[2K[1A[2K[1A[2K[1A[2K[1A[2K[1A[2K[G[38;2;228;204;255m✻ Thinking… (9 lines) [38;2;53;61;80m[[38;2;138;148;168mctrl+o to expand[38;2;53;61;80m][39m

[48;2;45;43;85m[38;2;228;204;255m [1m☆ [22m[38;2;255;255;255mD[38;2;234;218;255me[38;2;171;165;206ms[38;2;228;204;255mi[38;2;165;153;233mg[38;2;110;97;163mning…[38;2;228;204;255m [39m[49m [1m[38;2;138;148;168mesc[39m[22m [38;2;138;148;168mto interrupt[39m [38;2;138;148;168m•[39m [38;2;138;148;168m10s[39m [38;2;138;148;168m•[39m [38;2;138;148;168m↓[39m [38;2;138;148;168m5.4k[39m
[38;2;138;148;168m────────────────────────────────────────────────────────────────────────────────[39m
❯ [7mA[27m[38;2;138;148;168msk your question...[39m
[38;2;138;148;168m────────────────────────────────────────────────────────────────────────────────[39m
  [38;2;138;148;168m? for shortcuts · [38;2;2;136;142mtaste on[39m



[?2026l[?2026h[2K[1A[2K[1A[2K[1A[2K[1A[2K[1A[2K[1A[2K[1A[2K[1A[2K[1A[2K[1A[2K[G[38;2;228;204;255m✻ Thinking… (9 lines) [38;2;53;61;80m[[38;2;138;148;168mctrl+o to expand[38;2;53;61;80m][39m

[48;2;45;43;85m[38;2;228;204;255m [1m◇ [22m[38;2;204;199;225mD[38;2;255;255;255me[38;2;234;218;255ms[38;2;171;165;206mi[38;2;228;204;255mg[38;2;165;153;233mn[38;2;110;97;163ming…[38;2;228;204;255m [39m[49m [1m[38;2;138;148;168mesc[39m[22m [38;2;138;148;168mto interrupt[39m [38;2;138;148;168m•[39m [38;2;138;148;168m10s[39m [38;2;138;148;168m•[39m [38;2;138;148;168m↓[39m [38;2;138;148;168m5.4k[39m
[38;2;138;148;168m────────────────────────────────────────────────────────────────────────────────[39m
❯ [7mA[27m[38;2;138;148;168msk your question...[39m
[38;2;138;148;168m────────────────────────────────────────────────────────────────────────────────[39m
  [38;2;138;148;168m? for shortcuts · [38;2;2;136;142mtaste on[39m



[?2026l[?2026h[2K[1A[2K[1A[2K[1A[2K[1A[2K[1A[2K[1A[2K[1A[2K[1A[2K[1A[2K[1A[2K[G[38;2;228;204;255m✻ Thinking… (9 lines) [38;2;53;61;80m[[38;2;138;148;168mctrl+o to expand[38;2;53;61;80m][39m

[48;2;45;43;85m[38;2;228;204;255m [1m○ [22m[38;2;171;165;206mD[38;2;204;199;225me[38;2;255;255;255ms[38;2;234;218;255mi[38;2;171;165;206mg[38;2;228;204;255mn[38;2;165;153;233mi[38;2;110;97;163mng…[38;2;228;204;255m [39m[49m [1m[38;2;138;148;168mesc[39m[22m [38;2;138;148;168mto interrupt[39m [38;2;138;148;168m•[39m [38;2;138;148;168m10s[39m [38;2;138;148;168m•[39m [38;2;138;148;168m↓[39m [38;2;138;148;168m5.5k[39m
[38;2;138;148;168m────────────────────────────────────────────────────────────────────────────────[39m
❯ [7mA[27m[38;2;138;148;168msk your question...[39m
[38;2;138;148;168m────────────────────────────────────────────────────────────────────────────────[39m
  [38;2;138;148;168m? for shortcuts · [38;2;2;136;142mtaste on[39m



[?2026l[?2026h[2K[1A[2K[1A[2K[1A[2K[1A[2K[1A[2K[1A[2K[1A[2K[1A[2K[1A[2K[1A[2K[G[38;2;228;204;255m✻ Thinking… (9 lines) [38;2;53;61;80m[[38;2;138;148;168mctrl+o to expand[38;2;53;61;80m][39m

[48;2;45;43;85m[38;2;228;204;255m [1m· [22mD[38;2;171;165;206me[38;2;204;199;225ms[38;2;255;255;255mi[38;2;234;218;255mg[38;2;171;165;206mn[38;2;228;204;255mi[38;2;165;153;233mn[38;2;110;97;163mg…[38;2;228;204;255m [39m[49m [1m[38;2;138;148;168mesc[39m[22m [38;2;138;148;168mto interrupt[39m [38;2;138;148;168m•[39m [38;2;138;148;168m10s[39m [38;2;138;148;168m•[39m [38;2;138;148;168m↓[39m [38;2;138;148;168m5.5k[39m
[38;2;138;148;168m────────────────────────────────────────────────────────────────────────────────[39m
❯ [7mA[27m[38;2;138;148;168msk your question...[39m
[38;2;138;148;168m────────────────────────────────────────────────────────────────────────────────[39m
  [38;2;138;148;168m? for shortcuts · [38;2;2;136;142mtaste on[39m



[?2026l[?2026h[2K[1A[2K[1A[2K[1A[2K[1A[2K[1A[2K[1A[2K[1A[2K[1A[2K[1A[2K[1A[2K[G[38;2;228;204;255m✻ Thinking… (12 lines) [38;2;53;61;80m[[38;2;138;148;168mctrl+o to expand[38;2;53;61;80m][39m

[48;2;45;43;85m[38;2;228;204;255m [1m· [22mD[38;2;171;165;206me[38;2;204;199;225ms[38;2;255;255;255mi[38;2;234;218;255mg[38;2;171;165;206mn[38;2;228;204;255mi[38;2;165;153;233mn[38;2;110;97;163mg…[38;2;228;204;255m [39m[49m [1m[38;2;138;148;168mesc[39m[22m [38;2;138;148;168mto interrupt[39m [38;2;138;148;168m•[39m [38;2;138;148;168m10s[39m [38;2;138;148;168m•[39m [38;2;138;148;168m↓[39m [38;2;138;148;168m5.5k[39m
[38;2;138;148;168m────────────────────────────────────────────────────────────────────────────────[39m
❯ [7mA[27m[38;2;138;148;168msk your question...[39m
[38;2;138;148;168m────────────────────────────────────────────────────────────────────────────────[39m
  [38;2;138;148;168m? for shortcuts · [38;2;2;136;142mtaste on[39m



[?2026l[?2026h[2K[1A[2K[1A[2K[1A[2K[1A[2K[1A[2K[1A[2K[1A[2K[1A[2K[1A[2K[1A[2K[G[38;2;228;204;255m✻ Thinking… (12 lines) [38;2;53;61;80m[[38;2;138;148;168mctrl+o to expand[38;2;53;61;80m][39m

[48;2;45;43;85m[38;2;228;204;255m [1m· [22m[38;2;165;153;233mD[38;2;228;204;255me[38;2;171;165;206ms[38;2;204;199;225mi[38;2;255;255;255mg[38;2;234;218;255mn[38;2;171;165;206mi[38;2;228;204;255mn[38;2;165;153;233mg[38;2;110;97;163m…[38;2;228;204;255m [39m[49m [1m[38;2;138;148;168mesc[39m[22m [38;2;138;148;168mto interrupt[39m [38;2;138;148;168m•[39m [38;2;138;148;168m10s[39m [38;2;138;148;168m•[39m [38;2;138;148;168m↓[39m [38;2;138;148;168m5.5k[39m
[38;2;138;148;168m────────────────────────────────────────────────────────────────────────────────[39m
❯ [7mA[27m[38;2;138;148;168msk your question...[39m
[38;2;138;148;168m────────────────────────────────────────────────────────────────────────────────[39m
  [38;2;138;148;168m? for shortcuts · [38;2;2;136;142mtaste on[39m



[?2026l[?2026h[2K[1A[2K[1A[2K[1A[2K[1A[2K[1A[2K[1A[2K[1A[2K[1A[2K[1A[2K[1A[2K[G[38;2;228;204;255m✻ Thinking… (12 lines) [38;2;53;61;80m[[38;2;138;148;168mctrl+o to expand[38;2;53;61;80m][39m

[48;2;45;43;85m[38;2;228;204;255m [1m· [22m[38;2;110;97;163mD[38;2;165;153;233me[38;2;228;204;255ms[38;2;171;165;206mi[38;2;204;199;225mg[38;2;255;255;255mn[38;2;234;218;255mi[38;2;171;165;206mn[38;2;228;204;255mg[38;2;165;153;233m…[38;2;228;204;255m [39m[49m [1m[38;2;138;148;168mesc[39m[22m [38;2;138;148;168mto interrupt[39m [38;2;138;148;168m•[39m [38;2;138;148;168m10s[39m [38;2;138;148;168m•[39m [38;2;138;148;168m↓[39m [38;2;138;148;168m5.6k[39m
[38;2;138;148;168m────────────────────────────────────────────────────────────────────────────────[39m
❯ [7mA[27m[38;2;138;148;168msk your question...[39m
[38;2;138;148;168m────────────────────────────────────────────────────────────────────────────────[39m
  [38;2;138;148;168m? for shortcuts · [38;2;2;136;142mtaste on[39m



[?2026l[?2026h[2K[1A[2K[1A[2K[1A[2K[1A[2K[1A[2K[1A[2K[1A[2K[1A[2K[1A[2K[1A[2K[G[38;2;228;204;255m✻ Thinking… (13 lines) [38;2;53;61;80m[[38;2;138;148;168mctrl+o to expand[38;2;53;61;80m][39m

[48;2;45;43;85m[38;2;228;204;255m [1m· [22m[38;2;110;97;163mD[38;2;165;153;233me[38;2;228;204;255ms[38;2;171;165;206mi[38;2;204;199;225mg[38;2;255;255;255mn[38;2;234;218;255mi[38;2;171;165;206mn[38;2;228;204;255mg[38;2;165;153;233m…[38;2;228;204;255m [39m[49m [1m[38;2;138;148;168mesc[39m[22m [38;2;138;148;168mto interrupt[39m [38;2;138;148;168m•[39m [38;2;138;148;168m10s[39m [38;2;138;148;168m•[39m [38;2;138;148;168m↓[39m [38;2;138;148;168m5.6k[39m
[38;2;138;148;168m────────────────────────────────────────────────────────────────────────────────[39m
❯ [7mA[27m[38;2;138;148;168msk your question...[39m
[38;2;138;148;168m────────────────────────────────────────────────────────────────────────────────[39m
  [38;2;138;148;168m? for shortcuts · [38;2;2;136;142mtaste on[39m



[?2026l[?2026h[2K[1A[2K[1A[2K[1A[2K[1A[2K[1A[2K[1A[2K[1A[2K[1A[2K[1A[2K[1A[2K[G[38;2;228;204;255m✻ Thinking… (14 lines) [38;2;53;61;80m[[38;2;138;148;168mctrl+o to expand[38;2;53;61;80m][39m

[48;2;45;43;85m[38;2;228;204;255m [1m○ [22m[38;2;110;97;163mDe[38;2;165;153;233ms[38;2;228;204;255mi[38;2;171;165;206mg[38;2;204;199;225mn[38;2;255;255;255mi[38;2;234;218;255mn[38;2;171;165;206mg[38;2;228;204;255m… [39m[49m [1m[38;2;138;148;168mesc[39m[22m [38;2;138;148;168mto interrupt[39m [38;2;138;148;168m•[39m [38;2;138;148;168m10s[39m [38;2;138;148;168m•[39m [38;2;138;148;168m↓[39m [38;2;138;148;168m5.6k[39m
[38;2;138;148;168m────────────────────────────────────────────────────────────────────────────────[39m
❯ [7mA[27m[38;2;138;148;168msk your question...[39m
[38;2;138;148;168m────────────────────────────────────────────────────────────────────────────────[39m
  [38;2;138;148;168m? for shortcuts · [38;2;2;136;142mtaste on[39m



[?2026l[?2026h[2K[1A[2K[1A[2K[1A[2K[1A[2K[1A[2K[1A[2K[1A[2K[1A[2K[1A[2K[1A[2K[G[38;2;228;204;255m✻ Thinking… (14 lines) [38;2;53;61;80m[[38;2;138;148;168mctrl+o to expand[38;2;53;61;80m][39m

[48;2;45;43;85m[38;2;228;204;255m [1m○ [22m[38;2;110;97;163mDe[38;2;165;153;233ms[38;2;228;204;255mi[38;2;171;165;206mg[38;2;204;199;225mn[38;2;255;255;255mi[38;2;234;218;255mn[38;2;171;165;206mg[38;2;228;204;255m… [39m[49m [1m[38;2;138;148;168mesc[39m[22m [38;2;138;148;168mto interrupt[39m [38;2;138;148;168m•[39m [38;2;138;148;168m11s[39m [38;2;138;148;168m•[39m [38;2;138;148;168m↓[39m [38;2;138;148;168m5.6k[39m
[38;2;138;148;168m────────────────────────────────────────────────────────────────────────────────[39m
❯ [7mA[27m[38;2;138;148;168msk your question...[39m
[38;2;138;148;168m────────────────────────────────────────────────────────────────────────────────[39m
  [38;2;138;148;168m? for shortcuts · [38;2;2;136;142mtaste on[39m



[?2026l[?2026h[2K[1A[2K[1A[2K[1A[2K[1A[2K[1A[2K[1A[2K[1A[2K[1A[2K[1A[2K[1A[2K[G[38;2;228;204;255m✻ Thinking… (15 lines) [38;2;53;61;80m[[38;2;138;148;168mctrl+o to expand[38;2;53;61;80m][39m

[48;2;45;43;85m[38;2;228;204;255m [1m○ [22m[38;2;110;97;163mDes[38;2;165;153;233mi[38;2;228;204;255mg[38;2;171;165;206mn[38;2;204;199;225mi[38;2;255;255;255mn[38;2;234;218;255mg[38;2;171;165;206m…[38;2;228;204;255m [39m[49m [1m[38;2;138;148;168mesc[39m[22m [38;2;138;148;168mto interrupt[39m [38;2;138;148;168m•[39m [38;2;138;148;168m11s[39m [38;2;138;148;168m•[39m [38;2;138;148;168m↓[39m [38;2;138;148;168m5.6k[39m
[38;2;138;148;168m────────────────────────────────────────────────────────────────────────────────[39m
❯ [7mA[27m[38;2;138;148;168msk your question...[39m
[38;2;138;148;168m────────────────────────────────────────────────────────────────────────────────[39m
  [38;2;138;148;168m? for shortcuts · [38;2;2;136;142mtaste on[39m



[?2026l[?2026h[2K[1A[2K[1A[2K[1A[2K[1A[2K[1A[2K[1A[2K[1A[2K[1A[2K[1A[2K[1A[2K[G[38;2;228;204;255m✻ Thinking… (16 lines) [38;2;53;61;80m[[38;2;138;148;168mctrl+o to expand[38;2;53;61;80m][39m

[48;2;45;43;85m[38;2;228;204;255m [1m◇ [22m[38;2;110;97;163mDesi[38;2;165;153;233mg[38;2;228;204;255mn[38;2;171;165;206mi[38;2;204;199;225mn[38;2;255;255;255mg[38;2;234;218;255m…[38;2;228;204;255m [39m[49m [1m[38;2;138;148;168mesc[39m[22m [38;2;138;148;168mto interrupt[39m [38;2;138;148;168m•[39m [38;2;138;148;168m11s[39m [38;2;138;148;168m•[39m [38;2;138;148;168m↓[39m [38;2;138;148;168m5.7k[39m
[38;2;138;148;168m────────────────────────────────────────────────────────────────────────────────[39m
❯ [7mA[27m[38;2;138;148;168msk your question...[39m
[38;2;138;148;168m────────────────────────────────────────────────────────────────────────────────[39m
  [38;2;138;148;168m? for shortcuts · [38;2;2;136;142mtaste on[39m



[?2026l[?2026h[2K[1A[2K[1A[2K[1A[2K[1A[2K[1A[2K[1A[2K[1A[2K[1A[2K[1A[2K[1A[2K[G[38;2;228;204;255m✻ Thinking… (18 lines) [38;2;53;61;80m[[38;2;138;148;168mctrl+o to expand[38;2;53;61;80m][39m

[48;2;45;43;85m[38;2;228;204;255m [1m◇ [22m[38;2;110;97;163mDesi[38;2;165;153;233mg[38;2;228;204;255mn[38;2;171;165;206mi[38;2;204;199;225mn[38;2;255;255;255mg[38;2;234;218;255m…[38;2;228;204;255m [39m[49m [1m[38;2;138;148;168mesc[39m[22m [38;2;138;148;168mto interrupt[39m [38;2;138;148;168m•[39m [38;2;138;148;168m11s[39m [38;2;138;148;168m•[39m [38;2;138;148;168m↓[39m [38;2;138;148;168m5.7k[39m
[38;2;138;148;168m────────────────────────────────────────────────────────────────────────────────[39m
❯ [7mA[27m[38;2;138;148;168msk your question...[39m
[38;2;138;148;168m────────────────────────────────────────────────────────────────────────────────[39m
  [38;2;138;148;168m? for shortcuts · [38;2;2;136;142mtaste on[39m



[?2026l[?2026h[2K[1A[2K[1A[2K[1A[2K[1A[2K[1A[2K[1A[2K[1A[2K[1A[2K[1A[2K[1A[2K[G[38;2;228;204;255m✻ Thinking… (18 lines) [38;2;53;61;80m[[38;2;138;148;168mctrl+o to expand[38;2;53;61;80m][39m

[48;2;45;43;85m[38;2;228;204;255m [1m☆ [22m[38;2;110;97;163mDesig[38;2;165;153;233mn[38;2;228;204;255mi[38;2;171;165;206mn[38;2;204;199;225mg[38;2;255;255;255m…[38;2;228;204;255m [39m[49m [1m[38;2;138;148;168mesc[39m[22m [38;2;138;148;168mto interrupt[39m [38;2;138;148;168m•[39m [38;2;138;148;168m11s[39m [38;2;138;148;168m•[39m [38;2;138;148;168m↓[39m [38;2;138;148;168m5.7k[39m
[38;2;138;148;168m────────────────────────────────────────────────────────────────────────────────[39m
❯ [7mA[27m[38;2;138;148;168msk your question...[39m
[38;2;138;148;168m────────────────────────────────────────────────────────────────────────────────[39m
  [38;2;138;148;168m? for shortcuts · [38;2;2;136;142mtaste on[39m



[?2026l[?2026h[2K[1A[2K[1A[2K[1A[2K[1A[2K[1A[2K[1A[2K[1A[2K[1A[2K[1A[2K[1A[2K[G[38;2;228;204;255m✻ Thinking… (20 lines) [38;2;53;61;80m[[38;2;138;148;168mctrl+o to expand[38;2;53;61;80m][39m

[48;2;45;43;85m[38;2;228;204;255m [1m✧ [22m[38;2;110;97;163mDesign[38;2;165;153;233mi[38;2;228;204;255mn[38;2;171;165;206mg[38;2;204;199;225m…[38;2;228;204;255m [39m[49m [1m[38;2;138;148;168mesc[39m[22m [38;2;138;148;168mto interrupt[39m [38;2;138;148;168m•[39m [38;2;138;148;168m11s[39m [38;2;138;148;168m•[39m [38;2;138;148;168m↓[39m [38;2;138;148;168m5.7k[39m
[38;2;138;148;168m────────────────────────────────────────────────────────────────────────────────[39m
❯ [7mA[27m[38;2;138;148;168msk your question...[39m
[38;2;138;148;168m────────────────────────────────────────────────────────────────────────────────[39m
  [38;2;138;148;168m? for shortcuts · [38;2;2;136;142mtaste on[39m



[?2026l[?2026h[2K[1A[2K[1A[2K[1A[2K[1A[2K[1A[2K[1A[2K[1A[2K[1A[2K[1A[2K[1A[2K[G[38;2;228;204;255m✻ Thinking… (22 lines) [38;2;53;61;80m[[38;2;138;148;168mctrl+o to expand[38;2;53;61;80m][39m

[48;2;45;43;85m[38;2;228;204;255m [1m✧ [22m[38;2;110;97;163mDesign[38;2;165;153;233mi[38;2;228;204;255mn[38;2;171;165;206mg[38;2;204;199;225m…[38;2;228;204;255m [39m[49m [1m[38;2;138;148;168mesc[39m[22m [38;2;138;148;168mto interrupt[39m [38;2;138;148;168m•[39m [38;2;138;148;168m11s[39m [38;2;138;148;168m•[39m [38;2;138;148;168m↓[39m [38;2;138;148;168m5.7k[39m
[38;2;138;148;168m────────────────────────────────────────────────────────────────────────────────[39m
❯ [7mA[27m[38;2;138;148;168msk your question...[39m
[38;2;138;148;168m────────────────────────────────────────────────────────────────────────────────[39m
  [38;2;138;148;168m? for shortcuts · [38;2;2;136;142mtaste on[39m



[?2026l[?2026h[2K[1A[2K[1A[2K[1A[2K[1A[2K[1A[2K[1A[2K[1A[2K[1A[2K[1A[2K[1A[2K[G[38;2;228;204;255m✻ Thinking… (22 lines) [38;2;53;61;80m[[38;2;138;148;168mctrl+o to expand[38;2;53;61;80m][39m

[48;2;45;43;85m[38;2;228;204;255m [1m☆ [22m[38;2;110;97;163mDesigni[38;2;165;153;233mn[38;2;228;204;255mg[38;2;171;165;206m…[38;2;228;204;255m [39m[49m [1m[38;2;138;148;168mesc[39m[22m [38;2;138;148;168mto interrupt[39m [38;2;138;148;168m•[39m [38;2;138;148;168m11s[39m [38;2;138;148;168m•[39m [38;2;138;148;168m↓[39m [38;2;138;148;168m5.7k[39m
[38;2;138;148;168m────────────────────────────────────────────────────────────────────────────────[39m
❯ [7mA[27m[38;2;138;148;168msk your question...[39m
[38;2;138;148;168m────────────────────────────────────────────────────────────────────────────────[39m
  [38;2;138;148;168m? for shortcuts · [38;2;2;136;142mtaste on[39m



[?2026l[?2026h[2K[1A[2K[1A[2K[1A[2K[1A[2K[1A[2K[1A[2K[1A[2K[1A[2K[1A[2K[1A[2K[G[38;2;228;204;255m✻ Thinking… (22 lines) [38;2;53;61;80m[[38;2;138;148;168mctrl+o to expand[38;2;53;61;80m][39m

[48;2;45;43;85m[38;2;228;204;255m [1m◇ [22m[38;2;110;97;163mDesignin[38;2;165;153;233mg[38;2;228;204;255m… [39m[49m [1m[38;2;138;148;168mesc[39m[22m [38;2;138;148;168mto interrupt[39m [38;2;138;148;168m•[39m [38;2;138;148;168m11s[39m [38;2;138;148;168m•[39m [38;2;138;148;168m↓[39m [38;2;138;148;168m5.8k[39m
[38;2;138;148;168m────────────────────────────────────────────────────────────────────────────────[39m
❯ [7mA[27m[38;2;138;148;168msk your question...[39m
[38;2;138;148;168m────────────────────────────────────────────────────────────────────────────────[39m
  [38;2;138;148;168m? for shortcuts · [38;2;2;136;142mtaste on[39m



[?2026l[?2026h[2K[1A[2K[1A[2K[1A[2K[1A[2K[1A[2K[1A[2K[1A[2K[1A[2K[1A[2K[1A[2K[G[38;2;228;204;255m✻ Thinking… (22 lines) [38;2;53;61;80m[[38;2;138;148;168mctrl+o to expand[38;2;53;61;80m][39m

[48;2;45;43;85m[38;2;228;204;255m [1m○ [22m[38;2;110;97;163mDesigning[38;2;165;153;233m…[38;2;228;204;255m [39m[49m [1m[38;2;138;148;168mesc[39m[22m [38;2;138;148;168mto interrupt[39m [38;2;138;148;168m•[39m [38;2;138;148;168m11s[39m [38;2;138;148;168m•[39m [38;2;138;148;168m↓[39m [38;2;138;148;168m5.8k[39m
[38;2;138;148;168m────────────────────────────────────────────────────────────────────────────────[39m
❯ [7mA[27m[38;2;138;148;168msk your question...[39m
[38;2;138;148;168m────────────────────────────────────────────────────────────────────────────────[39m
  [38;2;138;148;168m? for shortcuts · [38;2;2;136;142mtaste on[39m



[?2026l[?2026h[2K[1A[2K[1A[2K[1A[2K[1A[2K[1A[2K[1A[2K[1A[2K[1A[2K[1A[2K[1A[2K[G[38;2;228;204;255m✻ Thinking… (24 lines) [38;2;53;61;80m[[38;2;138;148;168mctrl+o to expand[38;2;53;61;80m][39m

[48;2;45;43;85m[38;2;228;204;255m [1m○ [22m[38;2;110;97;163mDesigning[38;2;165;153;233m…[38;2;228;204;255m [39m[49m [1m[38;2;138;148;168mesc[39m[22m [38;2;138;148;168mto interrupt[39m [38;2;138;148;168m•[39m [38;2;138;148;168m11s[39m [38;2;138;148;168m•[39m [38;2;138;148;168m↓[39m [38;2;138;148;168m5.8k[39m
[38;2;138;148;168m────────────────────────────────────────────────────────────────────────────────[39m
❯ [7mA[27m[38;2;138;148;168msk your question...[39m
[38;2;138;148;168m────────────────────────────────────────────────────────────────────────────────[39m
  [38;2;138;148;168m? for shortcuts · [38;2;2;136;142mtaste on[39m



[?2026l[?2026h[2K[1A[2K[1A[2K[1A[2K[1A[2K[1A[2K[1A[2K[1A[2K[1A[2K[1A[2K[1A[2K[G[38;2;228;204;255m✻ Thinking… (24 lines) [38;2;53;61;80m[[38;2;138;148;168mctrl+o to expand[38;2;53;61;80m][39m

[48;2;45;43;85m[38;2;228;204;255m [1m⌘ [22m[38;2;110;97;163mDesigning…[38;2;228;204;255m [39m[49m [1m[38;2;138;148;168mesc[39m[22m [38;2;138;148;168mto interrupt[39m [38;2;138;148;168m•[39m [38;2;138;148;168m11s[39m [38;2;138;148;168m•[39m [38;2;138;148;168m↓[39m [38;2;138;148;168m5.8k[39m
[38;2;138;148;168m────────────────────────────────────────────────────────────────────────────────[39m
❯ [7mA[27m[38;2;138;148;168msk your question...[39m
[38;2;138;148;168m────────────────────────────────────────────────────────────────────────────────[39m
  [38;2;138;148;168m? for shortcuts · [38;2;2;136;142mtaste on[39m



[?2026l[?2026h[2K[1A[2K[1A[2K[1A[2K[1A[2K[1A[2K[1A[2K[1A[2K[1A[2K[1A[2K[1A[2K[G[38;2;228;204;255m✻ Thinking… (26 lines) [38;2;53;61;80m[[38;2;138;148;168mctrl+o to expand[38;2;53;61;80m][39m

[48;2;45;43;85m[38;2;228;204;255m [1m⌘ [22m[38;2;110;97;163mDesigning…[38;2;228;204;255m [39m[49m [1m[38;2;138;148;168mesc[39m[22m [38;2;138;148;168mto interrupt[39m [38;2;138;148;168m•[39m [38;2;138;148;168m11s[39m [38;2;138;148;168m•[39m [38;2;138;148;168m↓[39m [38;2;138;148;168m5.8k[39m
[38;2;138;148;168m────────────────────────────────────────────────────────────────────────────────[39m
❯ [7mA[27m[38;2;138;148;168msk your question...[39m
[38;2;138;148;168m────────────────────────────────────────────────────────────────────────────────[39m
  [38;2;138;148;168m? for shortcuts · [38;2;2;136;142mtaste on[39m



[?2026l[?2026h[2K[1A[2K[1A[2K[1A[2K[1A[2K[1A[2K[1A[2K[1A[2K[1A[2K[1A[2K[1A[2K[G[38;2;228;204;255m✻ Thinking… (26 lines) [38;2;53;61;80m[[38;2;138;148;168mctrl+o to expand[38;2;53;61;80m][39m

[48;2;45;43;85m[38;2;228;204;255m [1m⌘ [22m[38;2;110;97;163mDesigning…[38;2;228;204;255m [39m[49m [1m[38;2;138;148;168mesc[39m[22m [38;2;138;148;168mto interrupt[39m [38;2;138;148;168m•[39m [38;2;138;148;168m11s[39m [38;2;138;148;168m•[39m [38;2;138;148;168m↓[39m [38;2;138;148;168m5.9k[39m
[38;2;138;148;168m────────────────────────────────────────────────────────────────────────────────[39m
❯ [7mA[27m[38;2;138;148;168msk your question...[39m
[38;2;138;148;168m────────────────────────────────────────────────────────────────────────────────[39m
  [38;2;138;148;168m? for shortcuts · [38;2;2;136;142mtaste on[39m



[?2026l[?2026h[2K[1A[2K[1A[2K[1A[2K[1A[2K[1A[2K[1A[2K[1A[2K[1A[2K[1A[2K[1A[2K[G[38;2;228;204;255m✻ Thinking… (26 lines) [38;2;53;61;80m[[38;2;138;148;168mctrl+o to expand[38;2;53;61;80m][39m

[48;2;45;43;85m[38;2;228;204;255m [1m○ [22m[38;2;110;97;163mDesigning…[38;2;228;204;255m [39m[49m [1m[38;2;138;148;168mesc[39m[22m [38;2;138;148;168mto interrupt[39m [38;2;138;148;168m•[39m [38;2;138;148;168m11s[39m [38;2;138;148;168m•[39m [38;2;138;148;168m↓[39m [38;2;138;148;168m5.9k[39m
[38;2;138;148;168m────────────────────────────────────────────────────────────────────────────────[39m
❯ [7mA[27m[38;2;138;148;168msk your question...[39m
[38;2;138;148;168m────────────────────────────────────────────────────────────────────────────────[39m
  [38;2;138;148;168m? for shortcuts · [38;2;2;136;142mtaste on[39m



[?2026l[?2026h[2K[1A[2K[1A[2K[1A[2K[1A[2K[1A[2K[1A[2K[1A[2K[1A[2K[1A[2K[1A[2K[G[38;2;228;204;255m✻ Thinking… (26 lines) [38;2;53;61;80m[[38;2;138;148;168mctrl+o to expand[38;2;53;61;80m][39m

[48;2;45;43;85m[38;2;228;204;255m [1m◇ [22m[38;2;234;218;255mD[38;2;171;165;206me[38;2;228;204;255ms[38;2;165;153;233mi[38;2;110;97;163mgning…[38;2;228;204;255m [39m[49m [1m[38;2;138;148;168mesc[39m[22m [38;2;138;148;168mto interrupt[39m [38;2;138;148;168m•[39m [38;2;138;148;168m11s[39m [38;2;138;148;168m•[39m [38;2;138;148;168m↓[39m [38;2;138;148;168m5.9k[39m
[38;2;138;148;168m────────────────────────────────────────────────────────────────────────────────[39m
❯ [7mA[27m[38;2;138;148;168msk your question...[39m
[38;2;138;148;168m────────────────────────────────────────────────────────────────────────────────[39m
  [38;2;138;148;168m? for shortcuts · [38;2;2;136;142mtaste on[39m



[?2026l[?2026h[2K[1A[2K[1A[2K[1A[2K[1A[2K[1A[2K[1A[2K[1A[2K[1A[2K[1A[2K[1A[2K[G[38;2;228;204;255m✻ Thinking… (26 lines) [38;2;53;61;80m[[38;2;138;148;168mctrl+o to expand[38;2;53;61;80m][39m

[48;2;45;43;85m[38;2;228;204;255m [1m◇ [22m[38;2;234;218;255mD[38;2;171;165;206me[38;2;228;204;255ms[38;2;165;153;233mi[38;2;110;97;163mgning…[38;2;228;204;255m [39m[49m [1m[38;2;138;148;168mesc[39m[22m [38;2;138;148;168mto interrupt[39m [38;2;138;148;168m•[39m [38;2;138;148;168m12s[39m [38;2;138;148;168m•[39m [38;2;138;148;168m↓[39m [38;2;138;148;168m5.9k[39m
[38;2;138;148;168m────────────────────────────────────────────────────────────────────────────────[39m
❯ [7mA[27m[38;2;138;148;168msk your question...[39m
[38;2;138;148;168m────────────────────────────────────────────────────────────────────────────────[39m
  [38;2;138;148;168m? for shortcuts · [38;2;2;136;142mtaste on[39m



[?2026l[?2026h[2K[1A[2K[1A[2K[1A[2K[1A[2K[1A[2K[1A[2K[1A[2K[1A[2K[1A[2K[1A[2K[G[38;2;228;204;255m✻ Thinking… (26 lines) [38;2;53;61;80m[[38;2;138;148;168mctrl+o to expand[38;2;53;61;80m][39m

[48;2;45;43;85m[38;2;228;204;255m [1m☆ [22m[38;2;255;255;255mD[38;2;234;218;255me[38;2;171;165;206ms[38;2;228;204;255mi[38;2;165;153;233mg[38;2;110;97;163mning…[38;2;228;204;255m [39m[49m [1m[38;2;138;148;168mesc[39m[22m [38;2;138;148;168mto interrupt[39m [38;2;138;148;168m•[39m [38;2;138;148;168m12s[39m [38;2;138;148;168m•[39m [38;2;138;148;168m↓[39m [38;2;138;148;168m6.0k[39m
[38;2;138;148;168m────────────────────────────────────────────────────────────────────────────────[39m
❯ [7mA[27m[38;2;138;148;168msk your question...[39m
[38;2;138;148;168m────────────────────────────────────────────────────────────────────────────────[39m
  [38;2;138;148;168m? for shortcuts · [38;2;2;136;142mtaste on[39m



[?2026l[?2026h[2K[1A[2K[1A[2K[1A[2K[1A[2K[1A[2K[1A[2K[1A[2K[1A[2K[1A[2K[1A[2K[G[38;2;228;204;255m✻ Thinking… (30 lines) [38;2;53;61;80m[[38;2;138;148;168mctrl+o to expand[38;2;53;61;80m][39m

[48;2;45;43;85m[38;2;228;204;255m [1m✧ [22m[38;2;204;199;225mD[38;2;255;255;255me[38;2;234;218;255ms[38;2;171;165;206mi[38;2;228;204;255mg[38;2;165;153;233mn[38;2;110;97;163ming…[38;2;228;204;255m [39m[49m [1m[38;2;138;148;168mesc[39m[22m [38;2;138;148;168mto interrupt[39m [38;2;138;148;168m•[39m [38;2;138;148;168m12s[39m [38;2;138;148;168m•[39m [38;2;138;148;168m↓[39m [38;2;138;148;168m6.0k[39m
[38;2;138;148;168m────────────────────────────────────────────────────────────────────────────────[39m
❯ [7mA[27m[38;2;138;148;168msk your question...[39m
[38;2;138;148;168m────────────────────────────────────────────────────────────────────────────────[39m
  [38;2;138;148;168m? for shortcuts · [38;2;2;136;142mtaste on[39m



[?2026l[?2026h[2K[1A[2K[1A[2K[1A[2K[1A[2K[1A[2K[1A[2K[1A[2K[1A[2K[1A[2K[1A[2K[G[38;2;228;204;255m✻ Thinking… (32 lines) [38;2;53;61;80m[[38;2;138;148;168mctrl+o to expand[38;2;53;61;80m][39m

[48;2;45;43;85m[38;2;228;204;255m [1m✧ [22m[38;2;204;199;225mD[38;2;255;255;255me[38;2;234;218;255ms[38;2;171;165;206mi[38;2;228;204;255mg[38;2;165;153;233mn[38;2;110;97;163ming…[38;2;228;204;255m [39m[49m [1m[38;2;138;148;168mesc[39m[22m [38;2;138;148;168mto interrupt[39m [38;2;138;148;168m•[39m [38;2;138;148;168m12s[39m [38;2;138;148;168m•[39m [38;2;138;148;168m↓[39m [38;2;138;148;168m6.0k[39m
[38;2;138;148;168m────────────────────────────────────────────────────────────────────────────────[39m
❯ [7mA[27m[38;2;138;148;168msk your question...[39m
[38;2;138;148;168m────────────────────────────────────────────────────────────────────────────────[39m
  [38;2;138;148;168m? for shortcuts · [38;2;2;136;142mtaste on[39m



[?2026l[?2026h[2K[1A[2K[1A[2K[1A[2K[1A[2K[1A[2K[1A[2K[1A[2K[1A[2K[1A[2K[1A[2K[G[38;2;228;204;255m✻ Thought for 6 seconds [38;2;53;61;80m[[38;2;138;148;168mctrl+o to expand[38;2;53;61;80m][39m

[?2026h[38;2;165;153;233m⠶[39m README and registry match. Now let me check [38;2;177;186;249mbuild[39m

[48;2;45;43;85m[38;2;228;204;255m [1m☆ [22m[38;2;171;165;206mD[38;2;204;199;225me[38;2;255;255;255ms[38;2;234;218;255mi[38;2;171;165;206mg[38;2;228;204;255mn[38;2;165;153;233mi[38;2;110;97;163mng…[38;2;228;204;255m [39m[49m [1m[38;2;138;148;168mesc[39m[22m [38;2;138;148;168mto interrupt[39m [38;2;138;148;168m•[39m [38;2;138;148;168m12s[39m [38;2;138;148;168m•[39m [38;2;138;148;168m↓[39m [38;2;138;148;168m6.0k[39m
[38;2;138;148;168m────────────────────────────────────────────────────────────────────────────────[39m
❯ [7mA[27m[38;2;138;148;168msk your question...[39m
[38;2;138;148;168m────────────────────────────────────────────────────────────────────────────────[39m
  [38;2;138;148;168m? for shortcuts · [38;2;2;136;142mtaste on[39m



[?2026l[?2026l[?2026h[2K[1A[2K[1A[2K[1A[2K[1A[2K[1A[2K[1A[2K[1A[2K[1A[2K[1A[2K[1A[2K[G[38;2;165;153;233m⠶[39m README and registry match. Now let me check [38;2;177;186;249mbuild.go[39m, [38;2;177;186;249mgo.mod[39m

[48;2;45;43;85m[38;2;228;204;255m [1m☆ [22m[38;2;171;165;206mD[38;2;204;199;225me[38;2;255;255;255ms[38;2;234;218;255mi[38;2;171;165;206mg[38;2;228;204;255mn[38;2;165;153;233mi[38;2;110;97;163mng…[38;2;228;204;255m [39m[49m [1m[38;2;138;148;168mesc[39m[22m [38;2;138;148;168mto interrupt[39m [38;2;138;148;168m•[39m [38;2;138;148;168m12s[39m [38;2;138;148;168m•[39m [38;2;138;148;168m↓[39m [38;2;138;148;168m6.0k[39m
[38;2;138;148;168m────────────────────────────────────────────────────────────────────────────────[39m
❯ [7mA[27m[38;2;138;148;168msk your question...[39m
[38;2;138;148;168m────────────────────────────────────────────────────────────────────────────────[39m
  [38;2;138;148;168m? for shortcuts · [38;2;2;136;142mtaste on[39m



[?2026l[?2026h[2K[1A[2K[1A[2K[1A[2K[1A[2K[1A[2K[1A[2K[1A[2K[1A[2K[1A[2K[1A[2K[G[38;2;165;153;233m⠶[39m README and registry match. Now let me check [38;2;177;186;249mbuild.go[39m, [38;2;177;186;249mgo.mod[39m, the
  README diff, and whether the Go changes are the pre-existing runner
  work

[48;2;45;43;85m[38;2;228;204;255m [1m◇ [22mD[38;2;171;165;206me[38;2;204;199;225ms[38;2;255;255;255mi[38;2;234;218;255mg[38;2;171;165;206mn[38;2;228;204;255mi[38;2;165;153;233mn[38;2;110;97;163mg…[38;2;228;204;255m [39m[49m [1m[38;2;138;148;168mesc[39m[22m [38;2;138;148;168mto interrupt[39m [38;2;138;148;168m•[39m [38;2;138;148;168m12s[39m [38;2;138;148;168m•[39m [38;2;138;148;168m↓[39m [38;2;138;148;168m6.0k[39m
[38;2;138;148;168m────────────────────────────────────────────────────────────────────────────────[39m
❯ [7mA[27m[38;2;138;148;168msk your question...[39m
[38;2;138;148;168m────────────────────────────────────────────────────────────────────────────────[39m
  [38;2;138;148;168m? for shortcuts · [38;2;2;136;142mtaste on[39m



[?2026l[?2026h[2K[1A[2K[1A[2K[1A[2K[1A[2K[1A[2K[1A[2K[1A[2K[1A[2K[1A[2K[1A[2K[1A[2K[1A[2K[G[38;2;165;153;233m⠶[39m README and registry match. Now let me check [38;2;177;186;249mbuild.go[39m, [38;2;177;186;249mgo.mod[39m, the
  README diff, and whether the Go changes are the pre-existing runner
  work.

[48;2;45;43;85m[38;2;228;204;255m [1m◇ [22mD[38;2;171;165;206me[38;2;204;199;225ms[38;2;255;255;255mi[38;2;234;218;255mg[38;2;171;165;206mn[38;2;228;204;255mi[38;2;165;153;233mn[38;2;110;97;163mg…[38;2;228;204;255m [39m[49m [1m[38;2;138;148;168mesc[39m[22m [38;2;138;148;168mto interrupt[39m [38;2;138;148;168m•[39m [38;2;138;148;168m12s[39m [38;2;138;148;168m•[39m [38;2;138;148;168m↓[39m [38;2;138;148;168m6.0k[39m
[38;2;138;148;168m────────────────────────────────────────────────────────────────────────────────[39m
❯ [7mA[27m[38;2;138;148;168msk your question...[39m
[38;2;138;148;168m────────────────────────────────────────────────────────────────────────────────[39m
  [38;2;138;148;168m? for shortcuts · [38;2;2;136;142mtaste on[39m



[?2026l[?2026h[2K[1A[2K[1A[2K[1A[2K[1A[2K[1A[2K[1A[2K[1A[2K[1A[2K[1A[2K[1A[2K[1A[2K[1A[2K[G[38;2;165;153;233m⠶[39m README and registry match. Now let me check [38;2;177;186;249mbuild.go[39m, [38;2;177;186;249mgo.mod[39m, the
  README diff, and whether the Go changes are the pre-existing runner
  work.

[48;2;45;43;85m[38;2;228;204;255m [1m○ [22m[38;2;165;153;233mD[38;2;228;204;255me[38;2;171;165;206ms[38;2;204;199;225mi[38;2;255;255;255mg[38;2;234;218;255mn[38;2;171;165;206mi[38;2;228;204;255mn[38;2;165;153;233mg[38;2;110;97;163m…[38;2;228;204;255m [39m[49m [1m[38;2;138;148;168mesc[39m[22m [38;2;138;148;168mto interrupt[39m [38;2;138;148;168m•[39m [38;2;138;148;168m12s[39m [38;2;138;148;168m•[39m [38;2;138;148;168m↓[39m [38;2;138;148;168m6.1k[39m
[38;2;138;148;168m────────────────────────────────────────────────────────────────────────────────[39m
❯ [7mA[27m[38;2;138;148;168msk your question...[39m
[38;2;138;148;168m────────────────────────────────────────────────────────────────────────────────[39m
  [38;2;138;148;168m? for shortcuts · [38;2;2;136;142mtaste on[39m



[?2026l[?2026h[2K[1A[2K[1A[2K[1A[2K[1A[2K[1A[2K[1A[2K[1A[2K[1A[2K[1A[2K[1A[2K[1A[2K[1A[2K[G[38;2;165;153;233m⠶[39m README and registry match. Now let me check [38;2;177;186;249mbuild.go[39m, [38;2;177;186;249mgo.mod[39m, the
  README diff, and whether the Go changes are the pre-existing runner
  work.

[48;2;45;43;85m[38;2;228;204;255m [1m· [22m[38;2;110;97;163mD[38;2;165;153;233me[38;2;228;204;255ms[38;2;171;165;206mi[38;2;204;199;225mg[38;2;255;255;255mn[38;2;234;218;255mi[38;2;171;165;206mn[38;2;228;204;255mg[38;2;165;153;233m…[38;2;228;204;255m [39m[49m [1m[38;2;138;148;168mesc[39m[22m [38;2;138;148;168mto interrupt[39m [38;2;138;148;168m•[39m [38;2;138;148;168m12s[39m [38;2;138;148;168m•[39m [38;2;138;148;168m↓[39m [38;2;138;148;168m6.1k[39m
[38;2;138;148;168m────────────────────────────────────────────────────────────────────────────────[39m
❯ [7mA[27m[38;2;138;148;168msk your question...[39m
[38;2;138;148;168m────────────────────────────────────────────────────────────────────────────────[39m
  [38;2;138;148;168m? for shortcuts · [38;2;2;136;142mtaste on[39m



[?2026l[?2026h[2K[1A[2K[1A[2K[1A[2K[1A[2K[1A[2K[1A[2K[1A[2K[1A[2K[1A[2K[1A[2K[1A[2K[1A[2K[G[38;2;165;153;233m⠶[39m README and registry match. Now let me check [38;2;177;186;249mbuild.go[39m, [38;2;177;186;249mgo.mod[39m, the
  README diff, and whether the Go changes are the pre-existing runner
  work.

[48;2;45;43;85m[38;2;228;204;255m [1m· [22m[38;2;110;97;163mDe[38;2;165;153;233ms[38;2;228;204;255mi[38;2;171;165;206mg[38;2;204;199;225mn[38;2;255;255;255mi[38;2;234;218;255mn[38;2;171;165;206mg[38;2;228;204;255m… [39m[49m [1m[38;2;138;148;168mesc[39m[22m [38;2;138;148;168mto interrupt[39m [38;2;138;148;168m•[39m [38;2;138;148;168m12s[39m [38;2;138;148;168m•[39m [38;2;138;148;168m↓[39m [38;2;138;148;168m6.1k[39m
[38;2;138;148;168m────────────────────────────────────────────────────────────────────────────────[39m
❯ [7mA[27m[38;2;138;148;168msk your question...[39m
[38;2;138;148;168m────────────────────────────────────────────────────────────────────────────────[39m
  [38;2;138;148;168m? for shortcuts · [38;2;2;136;142mtaste on[39m



[?2026l[?2026h[2K[1A[2K[1A[2K[1A[2K[1A[2K[1A[2K[1A[2K[1A[2K[1A[2K[1A[2K[1A[2K[1A[2K[1A[2K[G[38;2;165;153;233m⠶[39m README and registry match. Now let me check [38;2;177;186;249mbuild.go[39m, [38;2;177;186;249mgo.mod[39m, the
  README diff, and whether the Go changes are the pre-existing runner
  work.

[48;2;45;43;85m[38;2;228;204;255m [1m· [22m[38;2;110;97;163mDes[38;2;165;153;233mi[38;2;228;204;255mg[38;2;171;165;206mn[38;2;204;199;225mi[38;2;255;255;255mn[38;2;234;218;255mg[38;2;171;165;206m…[38;2;228;204;255m [39m[49m [1m[38;2;138;148;168mesc[39m[22m [38;2;138;148;168mto interrupt[39m [38;2;138;148;168m•[39m [38;2;138;148;168m12s[39m [38;2;138;148;168m•[39m [38;2;138;148;168m↓[39m [38;2;138;148;168m6.1k[39m
[38;2;138;148;168m────────────────────────────────────────────────────────────────────────────────[39m
❯ [7mA[27m[38;2;138;148;168msk your question...[39m
[38;2;138;148;168m────────────────────────────────────────────────────────────────────────────────[39m
  [38;2;138;148;168m? for shortcuts · [38;2;2;136;142mtaste on[39m



[?2026l[?2026h[2K[1A[2K[1A[2K[1A[2K[1A[2K[1A[2K[1A[2K[1A[2K[1A[2K[1A[2K[1A[2K[1A[2K[1A[2K[G[38;2;165;153;233m⠶[39m README and registry match. Now let me check [38;2;177;186;249mbuild.go[39m, [38;2;177;186;249mgo.mod[39m, the
  README diff, and whether the Go changes are the pre-existing runner
  work.

[48;2;45;43;85m[38;2;228;204;255m [1m○ [22m[38;2;110;97;163mDesi[38;2;165;153;233mg[38;2;228;204;255mn[38;2;171;165;206mi[38;2;204;199;225mn[38;2;255;255;255mg[38;2;234;218;255m…[38;2;228;204;255m [39m[49m [1m[38;2;138;148;168mesc[39m[22m [38;2;138;148;168mto interrupt[39m [38;2;138;148;168m•[39m [38;2;138;148;168m12s[39m [38;2;138;148;168m•[39m [38;2;138;148;168m↓[39m [38;2;138;148;168m6.2k[39m
[38;2;138;148;168m────────────────────────────────────────────────────────────────────────────────[39m
❯ [7mA[27m[38;2;138;148;168msk your question...[39m
[38;2;138;148;168m────────────────────────────────────────────────────────────────────────────────[39m
  [38;2;138;148;168m? for shortcuts · [38;2;2;136;142mtaste on[39m



[?2026l[?2026h[2K[1A[2K[1A[2K[1A[2K[1A[2K[1A[2K[1A[2K[1A[2K[1A[2K[1A[2K[1A[2K[1A[2K[1A[2K[G[38;2;165;153;233m⠶[39m README and registry match. Now let me check [38;2;177;186;249mbuild.go[39m, [38;2;177;186;249mgo.mod[39m, the
  README diff, and whether the Go changes are the pre-existing runner
  work.

[48;2;45;43;85m[38;2;228;204;255m [1m○ [22m[38;2;110;97;163mDesig[38;2;165;153;233mn[38;2;228;204;255mi[38;2;171;165;206mn[38;2;204;199;225mg[38;2;255;255;255m…[38;2;228;204;255m [39m[49m [1m[38;2;138;148;168mesc[39m[22m [38;2;138;148;168mto interrupt[39m [38;2;138;148;168m•[39m [38;2;138;148;168m12s[39m [38;2;138;148;168m•[39m [38;2;138;148;168m↓[39m [38;2;138;148;168m6.2k[39m
[38;2;138;148;168m────────────────────────────────────────────────────────────────────────────────[39m
❯ [7mA[27m[38;2;138;148;168msk your question...[39m
[38;2;138;148;168m────────────────────────────────────────────────────────────────────────────────[39m
  [38;2;138;148;168m? for shortcuts · [38;2;2;136;142mtaste on[39m



[?2026l[?2026h[2K[1A[2K[1A[2K[1A[2K[1A[2K[1A[2K[1A[2K[1A[2K[1A[2K[1A[2K[1A[2K[1A[2K[1A[2K[G[38;2;165;153;233m⠶[39m README and registry match. Now let me check [38;2;177;186;249mbuild.go[39m, [38;2;177;186;249mgo.mod[39m, the
  README diff, and whether the Go changes are the pre-existing runner
  work.

[48;2;45;43;85m[38;2;228;204;255m [1m◇ [22m[38;2;110;97;163mDesign[38;2;165;153;233mi[38;2;228;204;255mn[38;2;171;165;206mg[38;2;204;199;225m…[38;2;228;204;255m [39m[49m [1m[38;2;138;148;168mesc[39m[22m [38;2;138;148;168mto interrupt[39m [38;2;138;148;168m•[39m [38;2;138;148;168m12s[39m [38;2;138;148;168m•[39m [38;2;138;148;168m↓[39m [38;2;138;148;168m6.2k[39m
[38;2;138;148;168m────────────────────────────────────────────────────────────────────────────────[39m
❯ [7mA[27m[38;2;138;148;168msk your question...[39m
[38;2;138;148;168m────────────────────────────────────────────────────────────────────────────────[39m
  [38;2;138;148;168m? for shortcuts · [38;2;2;136;142mtaste on[39m



[?2026l[?2026h[2K[1A[2K[1A[2K[1A[2K[1A[2K[1A[2K[1A[2K[1A[2K[1A[2K[1A[2K[1A[2K[1A[2K[1A[2K[G[38;2;165;153;233m⠶[39m README and registry match. Now let me check [38;2;177;186;249mbuild.go[39m, [38;2;177;186;249mgo.mod[39m, the
  README diff, and whether the Go changes are the pre-existing runner
  work.

[48;2;45;43;85m[38;2;228;204;255m [1m☆ [22m[38;2;110;97;163mDesigni[38;2;165;153;233mn[38;2;228;204;255mg[38;2;171;165;206m…[38;2;228;204;255m [39m[49m [1m[38;2;138;148;168mesc[39m[22m [38;2;138;148;168mto interrupt[39m [38;2;138;148;168m•[39m [38;2;138;148;168m12s[39m [38;2;138;148;168m•[39m [38;2;138;148;168m↓[39m [38;2;138;148;168m6.2k[39m
[38;2;138;148;168m────────────────────────────────────────────────────────────────────────────────[39m
❯ [7mA[27m[38;2;138;148;168msk your question...[39m
[38;2;138;148;168m────────────────────────────────────────────────────────────────────────────────[39m
  [38;2;138;148;168m? for shortcuts · [38;2;2;136;142mtaste on[39m



[?2026l[?2026h[2K[1A[2K[1A[2K[1A[2K[1A[2K[1A[2K[1A[2K[1A[2K[1A[2K[1A[2K[1A[2K[1A[2K[1A[2K[G[38;2;165;153;233m⠶[39m README and registry match. Now let me check [38;2;177;186;249mbuild.go[39m, [38;2;177;186;249mgo.mod[39m, the
  README diff, and whether the Go changes are the pre-existing runner
  work.

[?2026h[48;2;45;43;85m[38;2;228;204;255m [1m☆ [22m[38;2;110;97;163mDesigni[38;2;165;153;233mn[38;2;228;204;255mg[38;2;171;165;206m…[38;2;228;204;255m [39m[49m [1m[38;2;138;148;168mesc[39m[22m [38;2;138;148;168mto interrupt[39m [38;2;138;148;168m•[39m [38;2;138;148;168m12s[39m [38;2;138;148;168m•[39m [38;2;138;148;168m↓[39m [38;2;138;148;168m6.2k[39m
[38;2;138;148;168m────────────────────────────────────────────────────────────────────────────────[39m
❯ [7mA[27m[38;2;138;148;168msk your question...[39m
[38;2;138;148;168m────────────────────────────────────────────────────────────────────────────────[39m
  [38;2;138;148;168m? for shortcuts · [38;2;2;136;142mtaste on[39m



[?2026l[?2026l[?2026h[2K[1A[2K[1A[2K[1A[2K[1A[2K[1A[2K[1A[2K[1A[2K[1A[2K[G[48;2;45;43;85m[38;2;228;204;255m [1m☆ [22m[38;2;110;97;163mDesigni[38;2;165;153;233mn[38;2;228;204;255mg[38;2;171;165;206m…[38;2;228;204;255m [39m[49m [1m[38;2;138;148;168mesc[39m[22m [38;2;138;148;168mto interrupt[39m [38;2;138;148;168m•[39m [38;2;138;148;168m13s[39m [38;2;138;148;168m•[39m [38;2;138;148;168m↓[39m [38;2;138;148;168m6.2k[39m
[38;2;138;148;168m────────────────────────────────────────────────────────────────────────────────[39m
❯ [7mA[27m[38;2;138;148;168msk your question...[39m
[38;2;138;148;168m────────────────────────────────────────────────────────────────────────────────[39m
  [38;2;138;148;168m? for shortcuts · [38;2;2;136;142mtaste on[39m



[?2026l[?2026h[2K[1A[2K[1A[2K[1A[2K[1A[2K[1A[2K[1A[2K[1A[2K[1A[2K[G[1m[48;2;89;69;177m[38;2;244;244;244m READ [39m[49m[22m [38;2;53;61;80m[[39mbuild.go[38;2;53;61;80m][39m[2m 526 lines[22m

[?2026h[1m[48;2;89;69;177m[38;2;244;244;244m READ [39m[49m[22m [38;2;53;61;80m[[39mgo.mod[38;2;53;61;80m][39m
 [38;2;138;148;168m└ [39m [38;2;138;148;168mProcessing…[39m

[1m[48;2;89;69;177m[38;2;244;244;244m SHELL [39m[49m[22m [38;2;53;61;80m[[39mgit diff -- README.md[38;2;53;61;80m][39m
 [38;2;138;148;168m└ [39m [38;2;138;148;168mProcessing…[39m

[1m[48;2;89;69;177m[38;2;244;244;244m SHELL [39m[49m[22m [38;2;53;61;80m[[39mgit diff -- '*.go' | head -200[38;2;53;61;80m][39m
 [38;2;138;148;168m└ [39m [38;2;138;148;168mProcessing…[39m

[48;2;45;43;85m[38;2;228;204;255m [1m☆ [22m[38;2;110;97;163mDesigni[38;2;165;153;233mn[38;2;228;204;255mg[38;2;171;165;206m…[38;2;228;204;255m [39m[49m [1m[38;2;138;148;168mesc[39m[22m [38;2;138;148;168mto interrupt[39m [38;2;138;148;168m•[39m [38;2;138;148;168m13s[39m [38;2;138;148;168m•[39m [38;2;138;148;168m↓[39m [38;2;138;148;168m6.2k[39m
[38;2;138;148;168m────────────────────────────────────────────────────────────────────────────────[39m
❯ [7mA[27m[38;2;138;148;168msk your question...[39m
[38;2;138;148;168m────────────────────────────────────────────────────────────────────────────────[39m
  [38;2;138;148;168m? for shortcuts · [38;2;2;136;142mtaste on[39m



[?2026l[?2026l[?2026h[2K[1A[2K[1A[2K[1A[2K[1A[2K[1A[2K[1A[2K[1A[2K[1A[2K[1A[2K[1A[2K[1A[2K[1A[2K[1A[2K[1A[2K[1A[2K[1A[2K[1A[2K[G[1m[48;2;89;69;177m[38;2;244;244;244m READ [39m[49m[22m [38;2;53;61;80m[[39mgo.mod[38;2;53;61;80m][39m[2m 5 lines[22m

[?2026h[1m[48;2;89;69;177m[38;2;244;244;244m SHELL [39m[49m[22m [38;2;53;61;80m[[39mgit diff -- README.md[38;2;53;61;80m][39m
 [38;2;138;148;168m└ [39m [38;2;138;148;168mProcessing…[39m

[1m[48;2;89;69;177m[38;2;244;244;244m SHELL [39m[49m[22m [38;2;53;61;80m[[39mgit diff -- '*.go' | head -200[38;2;53;61;80m][39m
 [38;2;138;148;168m└ [39m [38;2;138;148;168mProcessing…[39m

[48;2;45;43;85m[38;2;228;204;255m [1m☆ [22m[38;2;110;97;163mDesigni[38;2;165;153;233mn[38;2;228;204;255mg[38;2;171;165;206m…[38;2;228;204;255m [39m[49m [1m[38;2;138;148;168mesc[39m[22m [38;2;138;148;168mto interrupt[39m [38;2;138;148;168m•[39m [38;2;138;148;168m13s[39m [38;2;138;148;168m•[39m [38;2;138;148;168m↓[39m [38;2;138;148;168m6.2k[39m
[38;2;138;148;168m────────────────────────────────────────────────────────────────────────────────[39m
❯ [7mA[27m[38;2;138;148;168msk your question...[39m
[38;2;138;148;168m────────────────────────────────────────────────────────────────────────────────[39m
  [38;2;138;148;168m? for shortcuts · [38;2;2;136;142mtaste on[39m



[?2026l[?2026l[?2026h[2K[1A[2K[1A[2K[1A[2K[1A[2K[1A[2K[1A[2K[1A[2K[1A[2K[1A[2K[1A[2K[1A[2K[1A[2K[1A[2K[1A[2K[G[1m[48;2;89;69;177m[38;2;244;244;244m SHELL [39m[49m[22m [38;2;53;61;80m[[39mgit diff -- README.md[38;2;53;61;80m][39m
 [38;2;138;148;168m│[39m diff --git a/README.md b/README.md
 [38;2;138;148;168m│[39m index b059113..5b5e31c 100644
 [38;2;138;148;168m└ [39m [38;2;138;148;168m... +54 lines [38;2;53;61;80m[[38;2;138;148;168mctrl+o to expand[38;2;53;61;80m][39m

[?2026h[1m[48;2;89;69;177m[38;2;244;244;244m SHELL [39m[49m[22m [38;2;53;61;80m[[39mgit diff -- '*.go' | head -200[38;2;53;61;80m][39m
 [38;2;138;148;168m└ [39m [38;2;138;148;168mProcessing…[39m

[48;2;45;43;85m[38;2;228;204;255m [1m✧ [22m[38;2;110;97;163mDesignin[38;2;165;153;233mg[38;2;228;204;255m… [39m[49m [1m[38;2;138;148;168mesc[39m[22m [38;2;138;148;168mto interrupt[39m [38;2;138;148;168m•[39m [38;2;138;148;168m13s[39m [38;2;138;148;168m•[39m [38;2;138;148;168m↓[39m [38;2;138;148;168m6.7k[39m
[38;2;138;148;168m────────────────────────────────────────────────────────────────────────────────[39m
❯ [7mA[27m[38;2;138;148;168msk your question...[39m
[38;2;138;148;168m────────────────────────────────────────────────────────────────────────────────[39m
  [38;2;138;148;168m? for shortcuts · [38;2;2;136;142mtaste on[39m



[?2026l[?2026l[?2026h[2K[1A[2K[1A[2K[1A[2K[1A[2K[1A[2K[1A[2K[1A[2K[1A[2K[1A[2K[1A[2K[1A[2K[G[1m[48;2;89;69;177m[38;2;244;244;244m SHELL [39m[49m[22m [38;2;53;61;80m[[39mgit diff -- '*.go' | head -200[38;2;53;61;80m][39m
 [38;2;138;148;168m│[39m diff --git a/build.go b/build.go
 [38;2;138;148;168m│[39m index faac903..65f469c 100644
 [38;2;138;148;168m└ [39m [38;2;138;148;168m... +232 lines [38;2;53;61;80m[[38;2;138;148;168mctrl+o to expand[38;2;53;61;80m][39m

[?2026h[48;2;45;43;85m[38;2;228;204;255m [1m✧ [22m[38;2;110;97;163mDesignin[38;2;165;153;233mg[38;2;228;204;255m… [39m[49m [1m[38;2;138;148;168mesc[39m[22m [38;2;138;148;168mto interrupt[39m [38;2;138;148;168m•[39m [38;2;138;148;168m13s[39m [38;2;138;148;168m•[39m [38;2;138;148;168m↓[39m [38;2;138;148;168m6.7k[39m
[38;2;138;148;168m────────────────────────────────────────────────────────────────────────────────[39m
❯ [7mA[27m[38;2;138;148;168msk your question...[39m
[38;2;138;148;168m────────────────────────────────────────────────────────────────────────────────[39m
  [38;2;138;148;168m? for shortcuts · [38;2;2;136;142mtaste on[39m



[?2026l[?2026l[?2026h[2K[1A[2K[1A[2K[1A[2K[1A[2K[1A[2K[1A[2K[1A[2K[1A[2K[G[48;2;45;43;85m[38;2;228;204;255m [1m☆ [22m[38;2;110;97;163mDesigning[38;2;165;153;233m…[38;2;228;204;255m [39m[49m [1m[38;2;138;148;168mesc[39m[22m [38;2;138;148;168mto interrupt[39m [38;2;138;148;168m•[39m [38;2;138;148;168m13s[39m [38;2;138;148;168m•[39m [38;2;138;148;168m↓[39m [38;2;138;148;168m7.4k[39m
[38;2;138;148;168m────────────────────────────────────────────────────────────────────────────────[39m
❯ [7mA[27m[38;2;138;148;168msk your question...[39m
[38;2;138;148;168m────────────────────────────────────────────────────────────────────────────────[39m
  [38;2;138;148;168m? for shortcuts · [38;2;2;136;142mtaste on[39m



[?2026l[?2026h[2K[1A[2K[1A[2K[1A[2K[1A[2K[1A[2K[1A[2K[1A[2K[1A[2K[G[48;2;45;43;85m[38;2;228;204;255m [1m◇ [22m[38;2;110;97;163mDesigning…[38;2;228;204;255m [39m[49m [1m[38;2;138;148;168mesc[39m[22m [38;2;138;148;168mto interrupt[39m [38;2;138;148;168m•[39m [38;2;138;148;168m13s[39m [38;2;138;148;168m•[39m [38;2;138;148;168m↓[39m [38;2;138;148;168m8.0k[39m
[38;2;138;148;168m────────────────────────────────────────────────────────────────────────────────[39m
❯ [7mA[27m[38;2;138;148;168msk your question...[39m
[38;2;138;148;168m────────────────────────────────────────────────────────────────────────────────[39m
  [38;2;138;148;168m? for shortcuts · [38;2;2;136;142mtaste on[39m



[?2026l[?2026h[2K[1A[2K[1A[2K[1A[2K[1A[2K[1A[2K[1A[2K[1A[2K[1A[2K[G[48;2;45;43;85m[38;2;228;204;255m [1m○ [22m[38;2;110;97;163mDesigning…[38;2;228;204;255m [39m[49m [1m[38;2;138;148;168mesc[39m[22m [38;2;138;148;168mto interrupt[39m [38;2;138;148;168m•[39m [38;2;138;148;168m13s[39m [38;2;138;148;168m•[39m [38;2;138;148;168m↓[39m [38;2;138;148;168m8.6k[39m
[38;2;138;148;168m────────────────────────────────────────────────────────────────────────────────[39m
❯ [7mA[27m[38;2;138;148;168msk your question...[39m
[38;2;138;148;168m────────────────────────────────────────────────────────────────────────────────[39m
  [38;2;138;148;168m? for shortcuts · [38;2;2;136;142mtaste on[39m



[?2026l[?2026h[2K[1A[2K[1A[2K[1A[2K[1A[2K[1A[2K[1A[2K[1A[2K[1A[2K[G[48;2;45;43;85m[38;2;228;204;255m [1m⌘ [22m[38;2;110;97;163mDesigning…[38;2;228;204;255m [39m[49m [1m[38;2;138;148;168mesc[39m[22m [38;2;138;148;168mto interrupt[39m [38;2;138;148;168m•[39m [38;2;138;148;168m13s[39m [38;2;138;148;168m•[39m [38;2;138;148;168m↓[39m [38;2;138;148;168m9.1k[39m
[38;2;138;148;168m────────────────────────────────────────────────────────────────────────────────[39m
❯ [7mA[27m[38;2;138;148;168msk your question...[39m
[38;2;138;148;168m────────────────────────────────────────────────────────────────────────────────[39m
  [38;2;138;148;168m? for shortcuts · [38;2;2;136;142mtaste on[39m



[?2026l[?2026h[2K[1A[2K[1A[2K[1A[2K[1A[2K[1A[2K[1A[2K[1A[2K[1A[2K[G[48;2;45;43;85m[38;2;228;204;255m [1m⌘ [22m[38;2;110;97;163mDesigning…[38;2;228;204;255m [39m[49m [1m[38;2;138;148;168mesc[39m[22m [38;2;138;148;168mto interrupt[39m [38;2;138;148;168m•[39m [38;2;138;148;168m13s[39m [38;2;138;148;168m•[39m [38;2;138;148;168m↓[39m [38;2;138;148;168m9.6k[39m
[38;2;138;148;168m────────────────────────────────────────────────────────────────────────────────[39m
❯ [7mA[27m[38;2;138;148;168msk your question...[39m
[38;2;138;148;168m────────────────────────────────────────────────────────────────────────────────[39m
  [38;2;138;148;168m? for shortcuts · [38;2;2;136;142mtaste on[39m



[?2026l[?2026h[2K[1A[2K[1A[2K[1A[2K[1A[2K[1A[2K[1A[2K[1A[2K[1A[2K[G[48;2;45;43;85m[38;2;228;204;255m [1m⌘ [22m[38;2;110;97;163mDesigning…[38;2;228;204;255m [39m[49m [1m[38;2;138;148;168mesc[39m[22m [38;2;138;148;168mto interrupt[39m [38;2;138;148;168m•[39m [38;2;138;148;168m13s[39m [38;2;138;148;168m•[39m [38;2;138;148;168m↓[39m [38;2;138;148;168m10.0k[39m
[38;2;138;148;168m────────────────────────────────────────────────────────────────────────────────[39m
❯ [7mA[27m[38;2;138;148;168msk your question...[39m
[38;2;138;148;168m────────────────────────────────────────────────────────────────────────────────[39m
  [38;2;138;148;168m? for shortcuts · [38;2;2;136;142mtaste on[39m



[?2026l[?2026h[2K[1A[2K[1A[2K[1A[2K[1A[2K[1A[2K[1A[2K[1A[2K[1A[2K[G[48;2;45;43;85m[38;2;228;204;255m [1m⌘ [22m[38;2;234;218;255mD[38;2;171;165;206me[38;2;228;204;255ms[38;2;165;153;233mi[38;2;110;97;163mgning…[38;2;228;204;255m [39m[49m [1m[38;2;138;148;168mesc[39m[22m [38;2;138;148;168mto interrupt[39m [38;2;138;148;168m•[39m [38;2;138;148;168m13s[39m [38;2;138;148;168m•[39m [38;2;138;148;168m↓[39m [38;2;138;148;168m10.4k[39m
[38;2;138;148;168m────────────────────────────────────────────────────────────────────────────────[39m
❯ [7mA[27m[38;2;138;148;168msk your question...[39m
[38;2;138;148;168m────────────────────────────────────────────────────────────────────────────────[39m
  [38;2;138;148;168m? for shortcuts · [38;2;2;136;142mtaste on[39m



[?2026l[?2026h[2K[1A[2K[1A[2K[1A[2K[1A[2K[1A[2K[1A[2K[1A[2K[1A[2K[G[48;2;45;43;85m[38;2;228;204;255m [1m○ [22m[38;2;255;255;255mD[38;2;234;218;255me[38;2;171;165;206ms[38;2;228;204;255mi[38;2;165;153;233mg[38;2;110;97;163mning…[38;2;228;204;255m [39m[49m [1m[38;2;138;148;168mesc[39m[22m [38;2;138;148;168mto interrupt[39m [38;2;138;148;168m•[39m [38;2;138;148;168m13s[39m [38;2;138;148;168m•[39m [38;2;138;148;168m↓[39m [38;2;138;148;168m10.7k[39m
[38;2;138;148;168m────────────────────────────────────────────────────────────────────────────────[39m
❯ [7mA[27m[38;2;138;148;168msk your question...[39m
[38;2;138;148;168m────────────────────────────────────────────────────────────────────────────────[39m
  [38;2;138;148;168m? for shortcuts · [38;2;2;136;142mtaste on[39m



[?2026l[?2026h[2K[1A[2K[1A[2K[1A[2K[1A[2K[1A[2K[1A[2K[1A[2K[1A[2K[G[48;2;45;43;85m[38;2;228;204;255m [1m◇ [22m[38;2;204;199;225mD[38;2;255;255;255me[38;2;234;218;255ms[38;2;171;165;206mi[38;2;228;204;255mg[38;2;165;153;233mn[38;2;110;97;163ming…[38;2;228;204;255m [39m[49m [1m[38;2;138;148;168mesc[39m[22m [38;2;138;148;168mto interrupt[39m [38;2;138;148;168m•[39m [38;2;138;148;168m13s[39m [38;2;138;148;168m•[39m [38;2;138;148;168m↓[39m [38;2;138;148;168m11.0k[39m
[38;2;138;148;168m────────────────────────────────────────────────────────────────────────────────[39m
❯ [7mA[27m[38;2;138;148;168msk your question...[39m
[38;2;138;148;168m────────────────────────────────────────────────────────────────────────────────[39m
  [38;2;138;148;168m? for shortcuts · [38;2;2;136;142mtaste on[39m



[?2026l[?2026h[2K[1A[2K[1A[2K[1A[2K[1A[2K[1A[2K[1A[2K[1A[2K[1A[2K[G[48;2;45;43;85m[38;2;228;204;255m [1m☆ [22m[38;2;171;165;206mD[38;2;204;199;225me[38;2;255;255;255ms[38;2;234;218;255mi[38;2;171;165;206mg[38;2;228;204;255mn[38;2;165;153;233mi[38;2;110;97;163mng…[38;2;228;204;255m [39m[49m [1m[38;2;138;148;168mesc[39m[22m [38;2;138;148;168mto interrupt[39m [38;2;138;148;168m•[39m [38;2;138;148;168m13s[39m [38;2;138;148;168m•[39m [38;2;138;148;168m↓[39m [38;2;138;148;168m11.3k[39m
[38;2;138;148;168m────────────────────────────────────────────────────────────────────────────────[39m
❯ [7mA[27m[38;2;138;148;168msk your question...[39m
[38;2;138;148;168m────────────────────────────────────────────────────────────────────────────────[39m
  [38;2;138;148;168m? for shortcuts · [38;2;2;136;142mtaste on[39m



[?2026l[?2026h[2K[1A[2K[1A[2K[1A[2K[1A[2K[1A[2K[1A[2K[1A[2K[1A[2K[G[48;2;45;43;85m[38;2;228;204;255m [1m✧ [22mD[38;2;171;165;206me[38;2;204;199;225ms[38;2;255;255;255mi[38;2;234;218;255mg[38;2;171;165;206mn[38;2;228;204;255mi[38;2;165;153;233mn[38;2;110;97;163mg…[38;2;228;204;255m [39m[49m [1m[38;2;138;148;168mesc[39m[22m [38;2;138;148;168mto interrupt[39m [38;2;138;148;168m•[39m [38;2;138;148;168m13s[39m [38;2;138;148;168m•[39m [38;2;138;148;168m↓[39m [38;2;138;148;168m11.5k[39m
[38;2;138;148;168m────────────────────────────────────────────────────────────────────────────────[39m
❯ [7mA[27m[38;2;138;148;168msk your question...[39m
[38;2;138;148;168m────────────────────────────────────────────────────────────────────────────────[39m
  [38;2;138;148;168m? for shortcuts · [38;2;2;136;142mtaste on[39m



[?2026l[?2026h[2K[1A[2K[1A[2K[1A[2K[1A[2K[1A[2K[1A[2K[1A[2K[1A[2K[G[48;2;45;43;85m[38;2;228;204;255m [1m☆ [22m[38;2;165;153;233mD[38;2;228;204;255me[38;2;171;165;206ms[38;2;204;199;225mi[38;2;255;255;255mg[38;2;234;218;255mn[38;2;171;165;206mi[38;2;228;204;255mn[38;2;165;153;233mg[38;2;110;97;163m…[38;2;228;204;255m [39m[49m [1m[38;2;138;148;168mesc[39m[22m [38;2;138;148;168mto interrupt[39m [38;2;138;148;168m•[39m [38;2;138;148;168m14s[39m [38;2;138;148;168m•[39m [38;2;138;148;168m↓[39m [38;2;138;148;168m11.7k[39m
[38;2;138;148;168m────────────────────────────────────────────────────────────────────────────────[39m
❯ [7mA[27m[38;2;138;148;168msk your question...[39m
[38;2;138;148;168m────────────────────────────────────────────────────────────────────────────────[39m
  [38;2;138;148;168m? for shortcuts · [38;2;2;136;142mtaste on[39m



[?2026l[?2026h[2K[1A[2K[1A[2K[1A[2K[1A[2K[1A[2K[1A[2K[1A[2K[1A[2K[G[48;2;45;43;85m[38;2;228;204;255m [1m☆ [22m[38;2;110;97;163mConstructin[38;2;165;153;233mg[38;2;228;204;255m… [39m[49m [1m[38;2;138;148;168mesc[39m[22m [38;2;138;148;168mto interrupt[39m [38;2;138;148;168m•[39m [38;2;138;148;168m14s[39m [38;2;138;148;168m•[39m [38;2;138;148;168m↓[39m [38;2;138;148;168m11.7k[39m
[38;2;138;148;168m────────────────────────────────────────────────────────────────────────────────[39m
❯ [7mA[27m[38;2;138;148;168msk your question...[39m
[38;2;138;148;168m────────────────────────────────────────────────────────────────────────────────[39m
  [38;2;138;148;168m? for shortcuts · [38;2;2;136;142mtaste on[39m



[?2026l[?2026h[2K[1A[2K[1A[2K[1A[2K[1A[2K[1A[2K[1A[2K[1A[2K[1A[2K[G[48;2;45;43;85m[38;2;228;204;255m [1m◇ [22m[38;2;110;97;163mConstructing[38;2;165;153;233m…[38;2;228;204;255m [39m[49m [1m[38;2;138;148;168mesc[39m[22m [38;2;138;148;168mto interrupt[39m [38;2;138;148;168m•[39m [38;2;138;148;168m14s[39m [38;2;138;148;168m•[39m [38;2;138;148;168m↓[39m [38;2;138;148;168m11.9k[39m
[38;2;138;148;168m────────────────────────────────────────────────────────────────────────────────[39m
❯ [7mA[27m[38;2;138;148;168msk your question...[39m
[38;2;138;148;168m────────────────────────────────────────────────────────────────────────────────[39m
  [38;2;138;148;168m? for shortcuts · [38;2;2;136;142mtaste on[39m



[?2026l[?2026h[2K[1A[2K[1A[2K[1A[2K[1A[2K[1A[2K[1A[2K[1A[2K[1A[2K[G[48;2;45;43;85m[38;2;228;204;255m [1m○ [22m[38;2;110;97;163mConstructing…[38;2;228;204;255m [39m[49m [1m[38;2;138;148;168mesc[39m[22m [38;2;138;148;168mto interrupt[39m [38;2;138;148;168m•[39m [38;2;138;148;168m14s[39m [38;2;138;148;168m•[39m [38;2;138;148;168m↓[39m [38;2;138;148;168m12.1k[39m
[38;2;138;148;168m────────────────────────────────────────────────────────────────────────────────[39m
❯ [7mA[27m[38;2;138;148;168msk your question...[39m
[38;2;138;148;168m────────────────────────────────────────────────────────────────────────────────[39m
  [38;2;138;148;168m? for shortcuts · [38;2;2;136;142mtaste on[39m



[?2026l[?2026h[2K[1A[2K[1A[2K[1A[2K[1A[2K[1A[2K[1A[2K[1A[2K[1A[2K[G[48;2;45;43;85m[38;2;228;204;255m [1m· [22m[38;2;234;218;255mC[38;2;171;165;206mo[38;2;228;204;255mn[38;2;165;153;233ms[38;2;110;97;163mtructing…[38;2;228;204;255m [39m[49m [1m[38;2;138;148;168mesc[39m[22m [38;2;138;148;168mto interrupt[39m [38;2;138;148;168m•[39m [38;2;138;148;168m14s[39m [38;2;138;148;168m•[39m [38;2;138;148;168m↓[39m [38;2;138;148;168m12.3k[39m
[38;2;138;148;168m────────────────────────────────────────────────────────────────────────────────[39m
❯ [7mA[27m[38;2;138;148;168msk your question...[39m
[38;2;138;148;168m────────────────────────────────────────────────────────────────────────────────[39m
  [38;2;138;148;168m? for shortcuts · [38;2;2;136;142mtaste on[39m



[?2026l[?2026h[2K[1A[2K[1A[2K[1A[2K[1A[2K[1A[2K[1A[2K[1A[2K[1A[2K[G[48;2;45;43;85m[38;2;228;204;255m [1m· [22m[38;2;255;255;255mC[38;2;234;218;255mo[38;2;171;165;206mn[38;2;228;204;255ms[38;2;165;153;233mt[38;2;110;97;163mructing…[38;2;228;204;255m [39m[49m [1m[38;2;138;148;168mesc[39m[22m [38;2;138;148;168mto interrupt[39m [38;2;138;148;168m•[39m [38;2;138;148;168m14s[39m [38;2;138;148;168m•[39m [38;2;138;148;168m↓[39m [38;2;138;148;168m12.4k[39m
[38;2;138;148;168m────────────────────────────────────────────────────────────────────────────────[39m
❯ [7mA[27m[38;2;138;148;168msk your question...[39m
[38;2;138;148;168m────────────────────────────────────────────────────────────────────────────────[39m
  [38;2;138;148;168m? for shortcuts · [38;2;2;136;142mtaste on[39m



[?2026l[?2026h[2K[1A[2K[1A[2K[1A[2K[1A[2K[1A[2K[1A[2K[1A[2K[1A[2K[G[48;2;45;43;85m[38;2;228;204;255m [1m· [22m[38;2;204;199;225mC[38;2;255;255;255mo[38;2;234;218;255mn[38;2;171;165;206ms[38;2;228;204;255mt[38;2;165;153;233mr[38;2;110;97;163mucting…[38;2;228;204;255m [39m[49m [1m[38;2;138;148;168mesc[39m[22m [38;2;138;148;168mto interrupt[39m [38;2;138;148;168m•[39m [38;2;138;148;168m14s[39m [38;2;138;148;168m•[39m [38;2;138;148;168m↓[39m [38;2;138;148;168m12.6k[39m
[38;2;138;148;168m────────────────────────────────────────────────────────────────────────────────[39m
❯ [7mA[27m[38;2;138;148;168msk your question...[39m
[38;2;138;148;168m────────────────────────────────────────────────────────────────────────────────[39m
  [38;2;138;148;168m? for shortcuts · [38;2;2;136;142mtaste on[39m



[?2026l[?2026h[2K[1A[2K[1A[2K[1A[2K[1A[2K[1A[2K[1A[2K[1A[2K[1A[2K[G[48;2;45;43;85m[38;2;228;204;255m [1m○ [22m[38;2;171;165;206mC[38;2;204;199;225mo[38;2;255;255;255mn[38;2;234;218;255ms[38;2;171;165;206mt[38;2;228;204;255mr[38;2;165;153;233mu[38;2;110;97;163mcting…[38;2;228;204;255m [39m[49m [1m[38;2;138;148;168mesc[39m[22m [38;2;138;148;168mto interrupt[39m [38;2;138;148;168m•[39m [38;2;138;148;168m14s[39m [38;2;138;148;168m•[39m [38;2;138;148;168m↓[39m [38;2;138;148;168m12.7k[39m
[38;2;138;148;168m────────────────────────────────────────────────────────────────────────────────[39m
❯ [7mA[27m[38;2;138;148;168msk your question...[39m
[38;2;138;148;168m────────────────────────────────────────────────────────────────────────────────[39m
  [38;2;138;148;168m? for shortcuts · [38;2;2;136;142mtaste on[39m



[?2026l[?2026h[2K[1A[2K[1A[2K[1A[2K[1A[2K[1A[2K[1A[2K[1A[2K[1A[2K[G[48;2;45;43;85m[38;2;228;204;255m [1m○ [22mC[38;2;171;165;206mo[38;2;204;199;225mn[38;2;255;255;255ms[38;2;234;218;255mt[38;2;171;165;206mr[38;2;228;204;255mu[38;2;165;153;233mc[38;2;110;97;163mting…[38;2;228;204;255m [39m[49m [1m[38;2;138;148;168mesc[39m[22m [38;2;138;148;168mto interrupt[39m [38;2;138;148;168m•[39m [38;2;138;148;168m14s[39m [38;2;138;148;168m•[39m [38;2;138;148;168m↓[39m [38;2;138;148;168m12.8k[39m
[38;2;138;148;168m────────────────────────────────────────────────────────────────────────────────[39m
❯ [7mA[27m[38;2;138;148;168msk your question...[39m
[38;2;138;148;168m────────────────────────────────────────────────────────────────────────────────[39m
  [38;2;138;148;168m? for shortcuts · [38;2;2;136;142mtaste on[39m



[?2026l[?2026h[2K[1A[2K[1A[2K[1A[2K[1A[2K[1A[2K[1A[2K[1A[2K[1A[2K[G[48;2;45;43;85m[38;2;228;204;255m [1m◇ [22m[38;2;165;153;233mC[38;2;228;204;255mo[38;2;171;165;206mn[38;2;204;199;225ms[38;2;255;255;255mt[38;2;234;218;255mr[38;2;171;165;206mu[38;2;228;204;255mc[38;2;165;153;233mt[38;2;110;97;163ming…[38;2;228;204;255m [39m[49m [1m[38;2;138;148;168mesc[39m[22m [38;2;138;148;168mto interrupt[39m [38;2;138;148;168m•[39m [38;2;138;148;168m14s[39m [38;2;138;148;168m•[39m [38;2;138;148;168m↓[39m [38;2;138;148;168m12.9k[39m
[38;2;138;148;168m────────────────────────────────────────────────────────────────────────────────[39m
❯ [7mA[27m[38;2;138;148;168msk your question...[39m
[38;2;138;148;168m────────────────────────────────────────────────────────────────────────────────[39m
  [38;2;138;148;168m? for shortcuts · [38;2;2;136;142mtaste on[39m



[?2026l]0;⌘ Command Code · orch-go · deepseek-v4-flash-(latest)]2;⌘ Command Code · orch-go · deepseek-v4-flash-(latest)[?2026h[2K[1A[2K[1A[2K[1A[2K[1A[2K[1A[2K[1A[2K[1A[2K[1A[2K[G[48;2;45;43;85m[38;2;228;204;255m [1m☆ [22m[38;2;110;97;163mC[38;2;165;153;233mo[38;2;228;204;255mn[38;2;171;165;206ms[38;2;204;199;225mt[38;2;255;255;255mr[38;2;234;218;255mu[38;2;171;165;206mc[38;2;228;204;255mt[38;2;165;153;233mi[38;2;110;97;163mng…[38;2;228;204;255m [39m[49m [1m[38;2;138;148;168mesc[39m[22m [38;2;138;148;168mto interrupt[39m [38;2;138;148;168m•[39m [38;2;138;148;168m14s[39m [38;2;138;148;168m•[39m [38;2;138;148;168m↓[39m [38;2;138;148;168m13.0k[39m
[38;2;138;148;168m────────────────────────────────────────────────────────────────────────────────[39m
❯ [7mA[27m[38;2;138;148;168msk your question...[39m
[38;2;138;148;168m────────────────────────────────────────────────────────────────────────────────[39m
  [38;2;138;148;168m? for shortcuts · [38;2;2;136;142mtaste on[39m



[?2026l[?2026h[2K[1A[2K[1A[2K[1A[2K[1A[2K[1A[2K[1A[2K[1A[2K[1A[2K[G[48;2;45;43;85m[38;2;228;204;255m [1m✧ [22m[38;2;110;97;163mCo[38;2;165;153;233mn[38;2;228;204;255ms[38;2;171;165;206mt[38;2;204;199;225mr[38;2;255;255;255mu[38;2;234;218;255mc[38;2;171;165;206mt[38;2;228;204;255mi[38;2;165;153;233mn[38;2;110;97;163mg…[38;2;228;204;255m [39m[49m [1m[38;2;138;148;168mesc[39m[22m [38;2;138;148;168mto interrupt[39m [38;2;138;148;168m•[39m [38;2;138;148;168m14s[39m [38;2;138;148;168m•[39m [38;2;138;148;168m↓[39m [38;2;138;148;168m13.0k[39m
[38;2;138;148;168m────────────────────────────────────────────────────────────────────────────────[39m
❯ [7mA[27m[38;2;138;148;168msk your question...[39m
[38;2;138;148;168m────────────────────────────────────────────────────────────────────────────────[39m
  [38;2;138;148;168m? for shortcuts · [38;2;2;136;142mtaste on[39m



[?2026l[?2026h[2K[1A[2K[1A[2K[1A[2K[1A[2K[1A[2K[1A[2K[1A[2K[1A[2K[G[48;2;45;43;85m[38;2;228;204;255m [1m☆ [22m[38;2;110;97;163mCon[38;2;165;153;233ms[38;2;228;204;255mt[38;2;171;165;206mr[38;2;204;199;225mu[38;2;255;255;255mc[38;2;234;218;255mt[38;2;171;165;206mi[38;2;228;204;255mn[38;2;165;153;233mg[38;2;110;97;163m…[38;2;228;204;255m [39m[49m [1m[38;2;138;148;168mesc[39m[22m [38;2;138;148;168mto interrupt[39m [38;2;138;148;168m•[39m [38;2;138;148;168m14s[39m [38;2;138;148;168m•[39m [38;2;138;148;168m↓[39m [38;2;138;148;168m13.1k[39m
[38;2;138;148;168m────────────────────────────────────────────────────────────────────────────────[39m
❯ [7mA[27m[38;2;138;148;168msk your question...[39m
[38;2;138;148;168m────────────────────────────────────────────────────────────────────────────────[39m
  [38;2;138;148;168m? for shortcuts · [38;2;2;136;142mtaste on[39m



[?2026l[?2026h[2K[1A[2K[1A[2K[1A[2K[1A[2K[1A[2K[1A[2K[1A[2K[1A[2K[G[48;2;45;43;85m[38;2;228;204;255m [1m◇ [22m[38;2;110;97;163mCons[38;2;165;153;233mt[38;2;228;204;255mr[38;2;171;165;206mu[38;2;204;199;225mc[38;2;255;255;255mt[38;2;234;218;255mi[38;2;171;165;206mn[38;2;228;204;255mg[38;2;165;153;233m…[38;2;228;204;255m [39m[49m [1m[38;2;138;148;168mesc[39m[22m [38;2;138;148;168mto interrupt[39m [38;2;138;148;168m•[39m [38;2;138;148;168m14s[39m [38;2;138;148;168m•[39m [38;2;138;148;168m↓[39m [38;2;138;148;168m13.2k[39m
[38;2;138;148;168m────────────────────────────────────────────────────────────────────────────────[39m
❯ [7mA[27m[38;2;138;148;168msk your question...[39m
[38;2;138;148;168m────────────────────────────────────────────────────────────────────────────────[39m
  [38;2;138;148;168m? for shortcuts · [38;2;2;136;142mtaste on[39m



[?2026l[?2026h[2K[1A[2K[1A[2K[1A[2K[1A[2K[1A[2K[1A[2K[1A[2K[1A[2K[G[48;2;45;43;85m[38;2;228;204;255m [1m◇ [22m[38;2;110;97;163mCons[38;2;165;153;233mt[38;2;228;204;255mr[38;2;171;165;206mu[38;2;204;199;225mc[38;2;255;255;255mt[38;2;234;218;255mi[38;2;171;165;206mn[38;2;228;204;255mg[38;2;165;153;233m…[38;2;228;204;255m [39m[49m [1m[38;2;138;148;168mesc[39m[22m [38;2;138;148;168mto interrupt[39m [38;2;138;148;168m•[39m [38;2;138;148;168m15s[39m [38;2;138;148;168m•[39m [38;2;138;148;168m↓[39m [38;2;138;148;168m13.2k[39m
[38;2;138;148;168m────────────────────────────────────────────────────────────────────────────────[39m
❯ [7mA[27m[38;2;138;148;168msk your question...[39m
[38;2;138;148;168m────────────────────────────────────────────────────────────────────────────────[39m
  [38;2;138;148;168m? for shortcuts · [38;2;2;136;142mtaste on[39m



[?2026l[?2026h[2K[1A[2K[1A[2K[1A[2K[1A[2K[1A[2K[1A[2K[1A[2K[1A[2K[G[48;2;45;43;85m[38;2;228;204;255m [1m○ [22m[38;2;110;97;163mConst[38;2;165;153;233mr[38;2;228;204;255mu[38;2;171;165;206mc[38;2;204;199;225mt[38;2;255;255;255mi[38;2;234;218;255mn[38;2;171;165;206mg[38;2;228;204;255m… [39m[49m [1m[38;2;138;148;168mesc[39m[22m [38;2;138;148;168mto interrupt[39m [38;2;138;148;168m•[39m [38;2;138;148;168m15s[39m [38;2;138;148;168m•[39m [38;2;138;148;168m↓[39m [38;2;138;148;168m13.2k[39m
[38;2;138;148;168m────────────────────────────────────────────────────────────────────────────────[39m
❯ [7mA[27m[38;2;138;148;168msk your question...[39m
[38;2;138;148;168m────────────────────────────────────────────────────────────────────────────────[39m
  [38;2;138;148;168m? for shortcuts · [38;2;2;136;142mtaste on[39m



[?2026l[?2026h[2K[1A[2K[1A[2K[1A[2K[1A[2K[1A[2K[1A[2K[1A[2K[1A[2K[G[48;2;45;43;85m[38;2;228;204;255m [1m⌘ [22m[38;2;110;97;163mConstr[38;2;165;153;233mu[38;2;228;204;255mc[38;2;171;165;206mt[38;2;204;199;225mi[38;2;255;255;255mn[38;2;234;218;255mg[38;2;171;165;206m…[38;2;228;204;255m [39m[49m [1m[38;2;138;148;168mesc[39m[22m [38;2;138;148;168mto interrupt[39m [38;2;138;148;168m•[39m [38;2;138;148;168m15s[39m [38;2;138;148;168m•[39m [38;2;138;148;168m↓[39m [38;2;138;148;168m13.3k[39m
[38;2;138;148;168m────────────────────────────────────────────────────────────────────────────────[39m
❯ [7mA[27m[38;2;138;148;168msk your question...[39m
[38;2;138;148;168m────────────────────────────────────────────────────────────────────────────────[39m
  [38;2;138;148;168m? for shortcuts · [38;2;2;136;142mtaste on[39m



[?2026l[?2026h[2K[1A[2K[1A[2K[1A[2K[1A[2K[1A[2K[1A[2K[1A[2K[1A[2K[G[48;2;45;43;85m[38;2;228;204;255m [1m⌘ [22m[38;2;110;97;163mConstru[38;2;165;153;233mc[38;2;228;204;255mt[38;2;171;165;206mi[38;2;204;199;225mn[38;2;255;255;255mg[38;2;234;218;255m…[38;2;228;204;255m [39m[49m [1m[38;2;138;148;168mesc[39m[22m [38;2;138;148;168mto interrupt[39m [38;2;138;148;168m•[39m [38;2;138;148;168m15s[39m [38;2;138;148;168m•[39m [38;2;138;148;168m↓[39m [38;2;138;148;168m13.3k[39m
[38;2;138;148;168m────────────────────────────────────────────────────────────────────────────────[39m
❯ [7mA[27m[38;2;138;148;168msk your question...[39m
[38;2;138;148;168m────────────────────────────────────────────────────────────────────────────────[39m
  [38;2;138;148;168m? for shortcuts · [38;2;2;136;142mtaste on[39m



[?2026l[?2026h[2K[1A[2K[1A[2K[1A[2K[1A[2K[1A[2K[1A[2K[1A[2K[1A[2K[G[48;2;45;43;85m[38;2;228;204;255m [1m⌘ [22m[38;2;110;97;163mConstruc[38;2;165;153;233mt[38;2;228;204;255mi[38;2;171;165;206mn[38;2;204;199;225mg[38;2;255;255;255m…[38;2;228;204;255m [39m[49m [1m[38;2;138;148;168mesc[39m[22m [38;2;138;148;168mto interrupt[39m [38;2;138;148;168m•[39m [38;2;138;148;168m15s[39m [38;2;138;148;168m•[39m [38;2;138;148;168m↓[39m [38;2;138;148;168m13.4k[39m
[38;2;138;148;168m────────────────────────────────────────────────────────────────────────────────[39m
❯ [7mA[27m[38;2;138;148;168msk your question...[39m
[38;2;138;148;168m────────────────────────────────────────────────────────────────────────────────[39m
  [38;2;138;148;168m? for shortcuts · [38;2;2;136;142mtaste on[39m



[?2026l[?2026h[2K[1A[2K[1A[2K[1A[2K[1A[2K[1A[2K[1A[2K[1A[2K[1A[2K[G[48;2;45;43;85m[38;2;228;204;255m [1m⌘ [22m[38;2;110;97;163mConstruct[38;2;165;153;233mi[38;2;228;204;255mn[38;2;171;165;206mg[38;2;204;199;225m…[38;2;228;204;255m [39m[49m [1m[38;2;138;148;168mesc[39m[22m [38;2;138;148;168mto interrupt[39m [38;2;138;148;168m•[39m [38;2;138;148;168m15s[39m [38;2;138;148;168m•[39m [38;2;138;148;168m↓[39m [38;2;138;148;168m13.4k[39m
[38;2;138;148;168m────────────────────────────────────────────────────────────────────────────────[39m
❯ [7mA[27m[38;2;138;148;168msk your question...[39m
[38;2;138;148;168m────────────────────────────────────────────────────────────────────────────────[39m
  [38;2;138;148;168m? for shortcuts · [38;2;2;136;142mtaste on[39m



[?2026l[?2026h[2K[1A[2K[1A[2K[1A[2K[1A[2K[1A[2K[1A[2K[1A[2K[1A[2K[G[48;2;45;43;85m[38;2;228;204;255m [1m○ [22m[38;2;110;97;163mConstructi[38;2;165;153;233mn[38;2;228;204;255mg[38;2;171;165;206m…[38;2;228;204;255m [39m[49m [1m[38;2;138;148;168mesc[39m[22m [38;2;138;148;168mto interrupt[39m [38;2;138;148;168m•[39m [38;2;138;148;168m15s[39m [38;2;138;148;168m•[39m [38;2;138;148;168m↓[39m [38;2;138;148;168m13.4k[39m
[38;2;138;148;168m────────────────────────────────────────────────────────────────────────────────[39m
❯ [7mA[27m[38;2;138;148;168msk your question...[39m
[38;2;138;148;168m────────────────────────────────────────────────────────────────────────────────[39m
  [38;2;138;148;168m? for shortcuts · [38;2;2;136;142mtaste on[39m



[?2026l[?2026h[2K[1A[2K[1A[2K[1A[2K[1A[2K[1A[2K[1A[2K[1A[2K[1A[2K[G[38;2;228;204;255m✻ Thinking… (1 line) [38;2;53;61;80m[[38;2;138;148;168mctrl+o to expand[38;2;53;61;80m][39m

[48;2;45;43;85m[38;2;228;204;255m [1m○ [22m[38;2;110;97;163mConstructi[38;2;165;153;233mn[38;2;228;204;255mg[38;2;171;165;206m…[38;2;228;204;255m [39m[49m [1m[38;2;138;148;168mesc[39m[22m [38;2;138;148;168mto interrupt[39m [38;2;138;148;168m•[39m [38;2;138;148;168m15s[39m [38;2;138;148;168m•[39m [38;2;138;148;168m↓[39m [38;2;138;148;168m13.4k[39m
[38;2;138;148;168m────────────────────────────────────────────────────────────────────────────────[39m
❯ [7mA[27m[38;2;138;148;168msk your question...[39m
[38;2;138;148;168m────────────────────────────────────────────────────────────────────────────────[39m
  [38;2;138;148;168m? for shortcuts · [38;2;2;136;142mtaste on[39m



[?2026l[?2026h[2K[1A[2K[1A[2K[1A[2K[1A[2K[1A[2K[1A[2K[1A[2K[1A[2K[1A[2K[1A[2K[G[38;2;228;204;255m✻ Thinking… (1 line) [38;2;53;61;80m[[38;2;138;148;168mctrl+o to expand[38;2;53;61;80m][39m

[48;2;45;43;85m[38;2;228;204;255m [1m◇ [22m[38;2;110;97;163mConstructin[38;2;165;153;233mg[38;2;228;204;255m… [39m[49m [1m[38;2;138;148;168mesc[39m[22m [38;2;138;148;168mto interrupt[39m [38;2;138;148;168m•[39m [38;2;138;148;168m15s[39m [38;2;138;148;168m•[39m [38;2;138;148;168m↓[39m [38;2;138;148;168m13.5k[39m
[38;2;138;148;168m────────────────────────────────────────────────────────────────────────────────[39m
❯ [7mA[27m[38;2;138;148;168msk your question...[39m
[38;2;138;148;168m────────────────────────────────────────────────────────────────────────────────[39m
  [38;2;138;148;168m? for shortcuts · [38;2;2;136;142mtaste on[39m



[?2026l[?2026h[2K[1A[2K[1A[2K[1A[2K[1A[2K[1A[2K[1A[2K[1A[2K[1A[2K[1A[2K[1A[2K[G[38;2;228;204;255m✻ Thinking… (1 line) [38;2;53;61;80m[[38;2;138;148;168mctrl+o to expand[38;2;53;61;80m][39m

[48;2;45;43;85m[38;2;228;204;255m [1m☆ [22m[38;2;110;97;163mConstructing[38;2;165;153;233m…[38;2;228;204;255m [39m[49m [1m[38;2;138;148;168mesc[39m[22m [38;2;138;148;168mto interrupt[39m [38;2;138;148;168m•[39m [38;2;138;148;168m15s[39m [38;2;138;148;168m•[39m [38;2;138;148;168m↓[39m [38;2;138;148;168m13.5k[39m
[38;2;138;148;168m────────────────────────────────────────────────────────────────────────────────[39m
❯ [7mA[27m[38;2;138;148;168msk your question...[39m
[38;2;138;148;168m────────────────────────────────────────────────────────────────────────────────[39m
  [38;2;138;148;168m? for shortcuts · [38;2;2;136;142mtaste on[39m



[?2026l[?2026h[2K[1A[2K[1A[2K[1A[2K[1A[2K[1A[2K[1A[2K[1A[2K[1A[2K[1A[2K[1A[2K[G[38;2;228;204;255m✻ Thinking… (3 lines) [38;2;53;61;80m[[38;2;138;148;168mctrl+o to expand[38;2;53;61;80m][39m

[48;2;45;43;85m[38;2;228;204;255m [1m✧ [22m[38;2;110;97;163mConstructing…[38;2;228;204;255m [39m[49m [1m[38;2;138;148;168mesc[39m[22m [38;2;138;148;168mto interrupt[39m [38;2;138;148;168m•[39m [38;2;138;148;168m15s[39m [38;2;138;148;168m•[39m [38;2;138;148;168m↓[39m [38;2;138;148;168m13.5k[39m
[38;2;138;148;168m────────────────────────────────────────────────────────────────────────────────[39m
❯ [7mA[27m[38;2;138;148;168msk your question...[39m
[38;2;138;148;168m────────────────────────────────────────────────────────────────────────────────[39m
  [38;2;138;148;168m? for shortcuts · [38;2;2;136;142mtaste on[39m



[?2026l[?2026h[2K[1A[2K[1A[2K[1A[2K[1A[2K[1A[2K[1A[2K[1A[2K[1A[2K[1A[2K[1A[2K[G[38;2;228;204;255m✻ Thinking… (3 lines) [38;2;53;61;80m[[38;2;138;148;168mctrl+o to expand[38;2;53;61;80m][39m

[48;2;45;43;85m[38;2;228;204;255m [1m☆ [22m[38;2;110;97;163mConstructing…[38;2;228;204;255m [39m[49m [1m[38;2;138;148;168mesc[39m[22m [38;2;138;148;168mto interrupt[39m [38;2;138;148;168m•[39m [38;2;138;148;168m15s[39m [38;2;138;148;168m•[39m [38;2;138;148;168m↓[39m [38;2;138;148;168m13.5k[39m
[38;2;138;148;168m────────────────────────────────────────────────────────────────────────────────[39m
❯ [7mA[27m[38;2;138;148;168msk your question...[39m
[38;2;138;148;168m────────────────────────────────────────────────────────────────────────────────[39m
  [38;2;138;148;168m? for shortcuts · [38;2;2;136;142mtaste on[39m



[?2026l[?2026h[2K[1A[2K[1A[2K[1A[2K[1A[2K[1A[2K[1A[2K[1A[2K[1A[2K[1A[2K[1A[2K[G[38;2;228;204;255m✻ Thinking… (5 lines) [38;2;53;61;80m[[38;2;138;148;168mctrl+o to expand[38;2;53;61;80m][39m

[48;2;45;43;85m[38;2;228;204;255m [1m☆ [22m[38;2;110;97;163mConstructing…[38;2;228;204;255m [39m[49m [1m[38;2;138;148;168mesc[39m[22m [38;2;138;148;168mto interrupt[39m [38;2;138;148;168m•[39m [38;2;138;148;168m15s[39m [38;2;138;148;168m•[39m [38;2;138;148;168m↓[39m [38;2;138;148;168m13.5k[39m
[38;2;138;148;168m────────────────────────────────────────────────────────────────────────────────[39m
❯ [7mA[27m[38;2;138;148;168msk your question...[39m
[38;2;138;148;168m────────────────────────────────────────────────────────────────────────────────[39m
  [38;2;138;148;168m? for shortcuts · [38;2;2;136;142mtaste on[39m



[?2026l[?2026h[2K[1A[2K[1A[2K[1A[2K[1A[2K[1A[2K[1A[2K[1A[2K[1A[2K[1A[2K[1A[2K[G[38;2;228;204;255m✻ Thinking… (5 lines) [38;2;53;61;80m[[38;2;138;148;168mctrl+o to expand[38;2;53;61;80m][39m

[48;2;45;43;85m[38;2;228;204;255m [1m◇ [22m[38;2;110;97;163mConstructing…[38;2;228;204;255m [39m[49m [1m[38;2;138;148;168mesc[39m[22m [38;2;138;148;168mto interrupt[39m [38;2;138;148;168m•[39m [38;2;138;148;168m15s[39m [38;2;138;148;168m•[39m [38;2;138;148;168m↓[39m [38;2;138;148;168m13.6k[39m
[38;2;138;148;168m────────────────────────────────────────────────────────────────────────────────[39m
❯ [7mA[27m[38;2;138;148;168msk your question...[39m
[38;2;138;148;168m────────────────────────────────────────────────────────────────────────────────[39m
  [38;2;138;148;168m? for shortcuts · [38;2;2;136;142mtaste on[39m



[?2026l[?2026h[2K[1A[2K[1A[2K[1A[2K[1A[2K[1A[2K[1A[2K[1A[2K[1A[2K[1A[2K[1A[2K[G[38;2;228;204;255m✻ Thinking… (5 lines) [38;2;53;61;80m[[38;2;138;148;168mctrl+o to expand[38;2;53;61;80m][39m

[48;2;45;43;85m[38;2;228;204;255m [1m○ [22m[38;2;110;97;163mConstructing…[38;2;228;204;255m [39m[49m [1m[38;2;138;148;168mesc[39m[22m [38;2;138;148;168mto interrupt[39m [38;2;138;148;168m•[39m [38;2;138;148;168m15s[39m [38;2;138;148;168m•[39m [38;2;138;148;168m↓[39m [38;2;138;148;168m13.6k[39m
[38;2;138;148;168m────────────────────────────────────────────────────────────────────────────────[39m
❯ [7mA[27m[38;2;138;148;168msk your question...[39m
[38;2;138;148;168m────────────────────────────────────────────────────────────────────────────────[39m
  [38;2;138;148;168m? for shortcuts · [38;2;2;136;142mtaste on[39m



[?2026l[?2026h[2K[1A[2K[1A[2K[1A[2K[1A[2K[1A[2K[1A[2K[1A[2K[1A[2K[1A[2K[1A[2K[G[38;2;228;204;255m✻ Thinking… (7 lines) [38;2;53;61;80m[[38;2;138;148;168mctrl+o to expand[38;2;53;61;80m][39m

[48;2;45;43;85m[38;2;228;204;255m [1m○ [22m[38;2;110;97;163mConstructing…[38;2;228;204;255m [39m[49m [1m[38;2;138;148;168mesc[39m[22m [38;2;138;148;168mto interrupt[39m [38;2;138;148;168m•[39m [38;2;138;148;168m15s[39m [38;2;138;148;168m•[39m [38;2;138;148;168m↓[39m [38;2;138;148;168m13.6k[39m
[38;2;138;148;168m────────────────────────────────────────────────────────────────────────────────[39m
❯ [7mA[27m[38;2;138;148;168msk your question...[39m
[38;2;138;148;168m────────────────────────────────────────────────────────────────────────────────[39m
  [38;2;138;148;168m? for shortcuts · [38;2;2;136;142mtaste on[39m



[?2026l[?2026h[2K[1A[2K[1A[2K[1A[2K[1A[2K[1A[2K[1A[2K[1A[2K[1A[2K[1A[2K[1A[2K[G[38;2;228;204;255m✻ Thinking… (7 lines) [38;2;53;61;80m[[38;2;138;148;168mctrl+o to expand[38;2;53;61;80m][39m

[48;2;45;43;85m[38;2;228;204;255m [1m· [22m[38;2;110;97;163mConstructing…[38;2;228;204;255m [39m[49m [1m[38;2;138;148;168mesc[39m[22m [38;2;138;148;168mto interrupt[39m [38;2;138;148;168m•[39m [38;2;138;148;168m16s[39m [38;2;138;148;168m•[39m [38;2;138;148;168m↓[39m [38;2;138;148;168m13.6k[39m
[38;2;138;148;168m────────────────────────────────────────────────────────────────────────────────[39m
❯ [7mA[27m[38;2;138;148;168msk your question...[39m
[38;2;138;148;168m────────────────────────────────────────────────────────────────────────────────[39m
  [38;2;138;148;168m? for shortcuts · [38;2;2;136;142mtaste on[39m



[?2026l[?2026h[2K[1A[2K[1A[2K[1A[2K[1A[2K[1A[2K[1A[2K[1A[2K[1A[2K[1A[2K[1A[2K[G[38;2;228;204;255m✻ Thinking… (9 lines) [38;2;53;61;80m[[38;2;138;148;168mctrl+o to expand[38;2;53;61;80m][39m

[48;2;45;43;85m[38;2;228;204;255m [1m· [22m[38;2;110;97;163mConstructing…[38;2;228;204;255m [39m[49m [1m[38;2;138;148;168mesc[39m[22m [38;2;138;148;168mto interrupt[39m [38;2;138;148;168m•[39m [38;2;138;148;168m16s[39m [38;2;138;148;168m•[39m [38;2;138;148;168m↓[39m [38;2;138;148;168m13.6k[39m
[38;2;138;148;168m────────────────────────────────────────────────────────────────────────────────[39m
❯ [7mA[27m[38;2;138;148;168msk your question...[39m
[38;2;138;148;168m────────────────────────────────────────────────────────────────────────────────[39m
  [38;2;138;148;168m? for shortcuts · [38;2;2;136;142mtaste on[39m



[?2026l[?2026h[2K[1A[2K[1A[2K[1A[2K[1A[2K[1A[2K[1A[2K[1A[2K[1A[2K[1A[2K[1A[2K[G[38;2;228;204;255m✻ Thinking… (9 lines) [38;2;53;61;80m[[38;2;138;148;168mctrl+o to expand[38;2;53;61;80m][39m

[48;2;45;43;85m[38;2;228;204;255m [1m· [22m[38;2;234;218;255mC[38;2;171;165;206mo[38;2;228;204;255mn[38;2;165;153;233ms[38;2;110;97;163mtructing…[38;2;228;204;255m [39m[49m [1m[38;2;138;148;168mesc[39m[22m [38;2;138;148;168mto interrupt[39m [38;2;138;148;168m•[39m [38;2;138;148;168m16s[39m [38;2;138;148;168m•[39m [38;2;138;148;168m↓[39m [38;2;138;148;168m13.7k[39m
[38;2;138;148;168m────────────────────────────────────────────────────────────────────────────────[39m
❯ [7mA[27m[38;2;138;148;168msk your question...[39m
[38;2;138;148;168m────────────────────────────────────────────────────────────────────────────────[39m
  [38;2;138;148;168m? for shortcuts · [38;2;2;136;142mtaste on[39m



[?2026l[?2026h[2K[1A[2K[1A[2K[1A[2K[1A[2K[1A[2K[1A[2K[1A[2K[1A[2K[1A[2K[1A[2K[G[38;2;228;204;255m✻ Thinking… (11 lines) [38;2;53;61;80m[[38;2;138;148;168mctrl+o to expand[38;2;53;61;80m][39m

[48;2;45;43;85m[38;2;228;204;255m [1m· [22m[38;2;234;218;255mC[38;2;171;165;206mo[38;2;228;204;255mn[38;2;165;153;233ms[38;2;110;97;163mtructing…[38;2;228;204;255m [39m[49m [1m[38;2;138;148;168mesc[39m[22m [38;2;138;148;168mto interrupt[39m [38;2;138;148;168m•[39m [38;2;138;148;168m16s[39m [38;2;138;148;168m•[39m [38;2;138;148;168m↓[39m [38;2;138;148;168m13.7k[39m
[38;2;138;148;168m────────────────────────────────────────────────────────────────────────────────[39m
❯ [7mA[27m[38;2;138;148;168msk your question...[39m
[38;2;138;148;168m────────────────────────────────────────────────────────────────────────────────[39m
  [38;2;138;148;168m? for shortcuts · [38;2;2;136;142mtaste on[39m



[?2026l[?2026h[2K[1A[2K[1A[2K[1A[2K[1A[2K[1A[2K[1A[2K[1A[2K[1A[2K[1A[2K[1A[2K[G[38;2;228;204;255m✻ Thinking… (11 lines) [38;2;53;61;80m[[38;2;138;148;168mctrl+o to expand[38;2;53;61;80m][39m

[48;2;45;43;85m[38;2;228;204;255m [1m· [22m[38;2;255;255;255mC[38;2;234;218;255mo[38;2;171;165;206mn[38;2;228;204;255ms[38;2;165;153;233mt[38;2;110;97;163mructing…[38;2;228;204;255m [39m[49m [1m[38;2;138;148;168mesc[39m[22m [38;2;138;148;168mto interrupt[39m [38;2;138;148;168m•[39m [38;2;138;148;168m16s[39m [38;2;138;148;168m•[39m [38;2;138;148;168m↓[39m [38;2;138;148;168m13.7k[39m
[38;2;138;148;168m────────────────────────────────────────────────────────────────────────────────[39m
❯ [7mA[27m[38;2;138;148;168msk your question...[39m
[38;2;138;148;168m────────────────────────────────────────────────────────────────────────────────[39m
  [38;2;138;148;168m? for shortcuts · [38;2;2;136;142mtaste on[39m



[?2026l[?2026h[2K[1A[2K[1A[2K[1A[2K[1A[2K[1A[2K[1A[2K[1A[2K[1A[2K[1A[2K[1A[2K[G[38;2;228;204;255m✻ Thinking… (13 lines) [38;2;53;61;80m[[38;2;138;148;168mctrl+o to expand[38;2;53;61;80m][39m

[48;2;45;43;85m[38;2;228;204;255m [1m○ [22m[38;2;204;199;225mC[38;2;255;255;255mo[38;2;234;218;255mn[38;2;171;165;206ms[38;2;228;204;255mt[38;2;165;153;233mr[38;2;110;97;163mucting…[38;2;228;204;255m [39m[49m [1m[38;2;138;148;168mesc[39m[22m [38;2;138;148;168mto interrupt[39m [38;2;138;148;168m•[39m [38;2;138;148;168m16s[39m [38;2;138;148;168m•[39m [38;2;138;148;168m↓[39m [38;2;138;148;168m13.7k[39m
[38;2;138;148;168m────────────────────────────────────────────────────────────────────────────────[39m
❯ [7mA[27m[38;2;138;148;168msk your question...[39m
[38;2;138;148;168m────────────────────────────────────────────────────────────────────────────────[39m
  [38;2;138;148;168m? for shortcuts · [38;2;2;136;142mtaste on[39m



[?2026l[?2026h[2K[1A[2K[1A[2K[1A[2K[1A[2K[1A[2K[1A[2K[1A[2K[1A[2K[1A[2K[1A[2K[G[38;2;228;204;255m✻ Thinking… (13 lines) [38;2;53;61;80m[[38;2;138;148;168mctrl+o to expand[38;2;53;61;80m][39m

[48;2;45;43;85m[38;2;228;204;255m [1m○ [22m[38;2;171;165;206mC[38;2;204;199;225mo[38;2;255;255;255mn[38;2;234;218;255ms[38;2;171;165;206mt[38;2;228;204;255mr[38;2;165;153;233mu[38;2;110;97;163mcting…[38;2;228;204;255m [39m[49m [1m[38;2;138;148;168mesc[39m[22m [38;2;138;148;168mto interrupt[39m [38;2;138;148;168m•[39m [38;2;138;148;168m16s[39m [38;2;138;148;168m•[39m [38;2;138;148;168m↓[39m [38;2;138;148;168m13.8k[39m
[38;2;138;148;168m────────────────────────────────────────────────────────────────────────────────[39m
❯ [7mA[27m[38;2;138;148;168msk your question...[39m
[38;2;138;148;168m────────────────────────────────────────────────────────────────────────────────[39m
  [38;2;138;148;168m? for shortcuts · [38;2;2;136;142mtaste on[39m



[?2026l[?2026h[2K[1A[2K[1A[2K[1A[2K[1A[2K[1A[2K[1A[2K[1A[2K[1A[2K[1A[2K[1A[2K[G[38;2;228;204;255m✻ Thinking… (15 lines) [38;2;53;61;80m[[38;2;138;148;168mctrl+o to expand[38;2;53;61;80m][39m

[48;2;45;43;85m[38;2;228;204;255m [1m○ [22m[38;2;171;165;206mC[38;2;204;199;225mo[38;2;255;255;255mn[38;2;234;218;255ms[38;2;171;165;206mt[38;2;228;204;255mr[38;2;165;153;233mu[38;2;110;97;163mcting…[38;2;228;204;255m [39m[49m [1m[38;2;138;148;168mesc[39m[22m [38;2;138;148;168mto interrupt[39m [38;2;138;148;168m•[39m [38;2;138;148;168m16s[39m [38;2;138;148;168m•[39m [38;2;138;148;168m↓[39m [38;2;138;148;168m13.8k[39m
[38;2;138;148;168m────────────────────────────────────────────────────────────────────────────────[39m
❯ [7mA[27m[38;2;138;148;168msk your question...[39m
[38;2;138;148;168m────────────────────────────────────────────────────────────────────────────────[39m
  [38;2;138;148;168m? for shortcuts · [38;2;2;136;142mtaste on[39m



[?2026l[?2026h[2K[1A[2K[1A[2K[1A[2K[1A[2K[1A[2K[1A[2K[1A[2K[1A[2K[1A[2K[1A[2K[G[38;2;228;204;255m✻ Thinking… (15 lines) [38;2;53;61;80m[[38;2;138;148;168mctrl+o to expand[38;2;53;61;80m][39m

[48;2;45;43;85m[38;2;228;204;255m [1m◇ [22mC[38;2;171;165;206mo[38;2;204;199;225mn[38;2;255;255;255ms[38;2;234;218;255mt[38;2;171;165;206mr[38;2;228;204;255mu[38;2;165;153;233mc[38;2;110;97;163mting…[38;2;228;204;255m [39m[49m [1m[38;2;138;148;168mesc[39m[22m [38;2;138;148;168mto interrupt[39m [38;2;138;148;168m•[39m [38;2;138;148;168m16s[39m [38;2;138;148;168m•[39m [38;2;138;148;168m↓[39m [38;2;138;148;168m13.8k[39m
[38;2;138;148;168m────────────────────────────────────────────────────────────────────────────────[39m
❯ [7mA[27m[38;2;138;148;168msk your question...[39m
[38;2;138;148;168m────────────────────────────────────────────────────────────────────────────────[39m
  [38;2;138;148;168m? for shortcuts · [38;2;2;136;142mtaste on[39m



[?2026l[?2026h[2K[1A[2K[1A[2K[1A[2K[1A[2K[1A[2K[1A[2K[1A[2K[1A[2K[1A[2K[1A[2K[G[38;2;228;204;255m✻ Thinking… (17 lines) [38;2;53;61;80m[[38;2;138;148;168mctrl+o to expand[38;2;53;61;80m][39m

[48;2;45;43;85m[38;2;228;204;255m [1m◇ [22mC[38;2;171;165;206mo[38;2;204;199;225mn[38;2;255;255;255ms[38;2;234;218;255mt[38;2;171;165;206mr[38;2;228;204;255mu[38;2;165;153;233mc[38;2;110;97;163mting…[38;2;228;204;255m [39m[49m [1m[38;2;138;148;168mesc[39m[22m [38;2;138;148;168mto interrupt[39m [38;2;138;148;168m•[39m [38;2;138;148;168m16s[39m [38;2;138;148;168m•[39m [38;2;138;148;168m↓[39m [38;2;138;148;168m13.8k[39m
[38;2;138;148;168m────────────────────────────────────────────────────────────────────────────────[39m
❯ [7mA[27m[38;2;138;148;168msk your question...[39m
[38;2;138;148;168m────────────────────────────────────────────────────────────────────────────────[39m
  [38;2;138;148;168m? for shortcuts · [38;2;2;136;142mtaste on[39m



[?2026l[?2026h[2K[1A[2K[1A[2K[1A[2K[1A[2K[1A[2K[1A[2K[1A[2K[1A[2K[1A[2K[1A[2K[G[38;2;228;204;255m✻ Thinking… (17 lines) [38;2;53;61;80m[[38;2;138;148;168mctrl+o to expand[38;2;53;61;80m][39m

[48;2;45;43;85m[38;2;228;204;255m [1m☆ [22m[38;2;165;153;233mC[38;2;228;204;255mo[38;2;171;165;206mn[38;2;204;199;225ms[38;2;255;255;255mt[38;2;234;218;255mr[38;2;171;165;206mu[38;2;228;204;255mc[38;2;165;153;233mt[38;2;110;97;163ming…[38;2;228;204;255m [39m[49m [1m[38;2;138;148;168mesc[39m[22m [38;2;138;148;168mto interrupt[39m [38;2;138;148;168m•[39m [38;2;138;148;168m16s[39m [38;2;138;148;168m•[39m [38;2;138;148;168m↓[39m [38;2;138;148;168m13.8k[39m
[38;2;138;148;168m────────────────────────────────────────────────────────────────────────────────[39m
❯ [7mA[27m[38;2;138;148;168msk your question...[39m
[38;2;138;148;168m────────────────────────────────────────────────────────────────────────────────[39m
  [38;2;138;148;168m? for shortcuts · [38;2;2;136;142mtaste on[39m



[?2026l[?2026h[2K[1A[2K[1A[2K[1A[2K[1A[2K[1A[2K[1A[2K[1A[2K[1A[2K[1A[2K[1A[2K[G[38;2;228;204;255m✻ Thinking… (19 lines) [38;2;53;61;80m[[38;2;138;148;168mctrl+o to expand[38;2;53;61;80m][39m

[48;2;45;43;85m[38;2;228;204;255m [1m✧ [22m[38;2;110;97;163mC[38;2;165;153;233mo[38;2;228;204;255mn[38;2;171;165;206ms[38;2;204;199;225mt[38;2;255;255;255mr[38;2;234;218;255mu[38;2;171;165;206mc[38;2;228;204;255mt[38;2;165;153;233mi[38;2;110;97;163mng…[38;2;228;204;255m [39m[49m [1m[38;2;138;148;168mesc[39m[22m [38;2;138;148;168mto interrupt[39m [38;2;138;148;168m•[39m [38;2;138;148;168m16s[39m [38;2;138;148;168m•[39m [38;2;138;148;168m↓[39m [38;2;138;148;168m13.8k[39m
[38;2;138;148;168m────────────────────────────────────────────────────────────────────────────────[39m
❯ [7mA[27m[38;2;138;148;168msk your question...[39m
[38;2;138;148;168m────────────────────────────────────────────────────────────────────────────────[39m
  [38;2;138;148;168m? for shortcuts · [38;2;2;136;142mtaste on[39m



[?2026l[?2026h[2K[1A[2K[1A[2K[1A[2K[1A[2K[1A[2K[1A[2K[1A[2K[1A[2K[1A[2K[1A[2K[G[38;2;228;204;255m✻ Thinking… (19 lines) [38;2;53;61;80m[[38;2;138;148;168mctrl+o to expand[38;2;53;61;80m][39m

[48;2;45;43;85m[38;2;228;204;255m [1m☆ [22m[38;2;110;97;163mCo[38;2;165;153;233mn[38;2;228;204;255ms[38;2;171;165;206mt[38;2;204;199;225mr[38;2;255;255;255mu[38;2;234;218;255mc[38;2;171;165;206mt[38;2;228;204;255mi[38;2;165;153;233mn[38;2;110;97;163mg…[38;2;228;204;255m [39m[49m [1m[38;2;138;148;168mesc[39m[22m [38;2;138;148;168mto interrupt[39m [38;2;138;148;168m•[39m [38;2;138;148;168m16s[39m [38;2;138;148;168m•[39m [38;2;138;148;168m↓[39m [38;2;138;148;168m13.9k[39m
[38;2;138;148;168m────────────────────────────────────────────────────────────────────────────────[39m
❯ [7mA[27m[38;2;138;148;168msk your question...[39m
[38;2;138;148;168m────────────────────────────────────────────────────────────────────────────────[39m
  [38;2;138;148;168m? for shortcuts · [38;2;2;136;142mtaste on[39m



[?2026l[?2026h[2K[1A[2K[1A[2K[1A[2K[1A[2K[1A[2K[1A[2K[1A[2K[1A[2K[1A[2K[1A[2K[G[38;2;228;204;255m✻ Thinking… (19 lines) [38;2;53;61;80m[[38;2;138;148;168mctrl+o to expand[38;2;53;61;80m][39m

[48;2;45;43;85m[38;2;228;204;255m [1m◇ [22m[38;2;110;97;163mCon[38;2;165;153;233ms[38;2;228;204;255mt[38;2;171;165;206mr[38;2;204;199;225mu[38;2;255;255;255mc[38;2;234;218;255mt[38;2;171;165;206mi[38;2;228;204;255mn[38;2;165;153;233mg[38;2;110;97;163m…[38;2;228;204;255m [39m[49m [1m[38;2;138;148;168mesc[39m[22m [38;2;138;148;168mto interrupt[39m [38;2;138;148;168m•[39m [38;2;138;148;168m16s[39m [38;2;138;148;168m•[39m [38;2;138;148;168m↓[39m [38;2;138;148;168m13.9k[39m
[38;2;138;148;168m────────────────────────────────────────────────────────────────────────────────[39m
❯ [7mA[27m[38;2;138;148;168msk your question...[39m
[38;2;138;148;168m────────────────────────────────────────────────────────────────────────────────[39m
  [38;2;138;148;168m? for shortcuts · [38;2;2;136;142mtaste on[39m



[?2026l[?2026h[2K[1A[2K[1A[2K[1A[2K[1A[2K[1A[2K[1A[2K[1A[2K[1A[2K[1A[2K[1A[2K[G[38;2;228;204;255m✻ Thinking… (19 lines) [38;2;53;61;80m[[38;2;138;148;168mctrl+o to expand[38;2;53;61;80m][39m

[48;2;45;43;85m[38;2;228;204;255m [1m○ [22m[38;2;110;97;163mCons[38;2;165;153;233mt[38;2;228;204;255mr[38;2;171;165;206mu[38;2;204;199;225mc[38;2;255;255;255mt[38;2;234;218;255mi[38;2;171;165;206mn[38;2;228;204;255mg[38;2;165;153;233m…[38;2;228;204;255m [39m[49m [1m[38;2;138;148;168mesc[39m[22m [38;2;138;148;168mto interrupt[39m [38;2;138;148;168m•[39m [38;2;138;148;168m16s[39m [38;2;138;148;168m•[39m [38;2;138;148;168m↓[39m [38;2;138;148;168m13.9k[39m
[38;2;138;148;168m────────────────────────────────────────────────────────────────────────────────[39m
❯ [7mA[27m[38;2;138;148;168msk your question...[39m
[38;2;138;148;168m────────────────────────────────────────────────────────────────────────────────[39m
  [38;2;138;148;168m? for shortcuts · [38;2;2;136;142mtaste on[39m



[?2026l[?2026h[2K[1A[2K[1A[2K[1A[2K[1A[2K[1A[2K[1A[2K[1A[2K[1A[2K[1A[2K[1A[2K[G[38;2;228;204;255m✻ Thinking… (19 lines) [38;2;53;61;80m[[38;2;138;148;168mctrl+o to expand[38;2;53;61;80m][39m

[48;2;45;43;85m[38;2;228;204;255m [1m⌘ [22m[38;2;110;97;163mConst[38;2;165;153;233mr[38;2;228;204;255mu[38;2;171;165;206mc[38;2;204;199;225mt[38;2;255;255;255mi[38;2;234;218;255mn[38;2;171;165;206mg[38;2;228;204;255m… [39m[49m [1m[38;2;138;148;168mesc[39m[22m [38;2;138;148;168mto interrupt[39m [38;2;138;148;168m•[39m [38;2;138;148;168m16s[39m [38;2;138;148;168m•[39m [38;2;138;148;168m↓[39m [38;2;138;148;168m14.0k[39m
[38;2;138;148;168m────────────────────────────────────────────────────────────────────────────────[39m
❯ [7mA[27m[38;2;138;148;168msk your question...[39m
[38;2;138;148;168m────────────────────────────────────────────────────────────────────────────────[39m
  [38;2;138;148;168m? for shortcuts · [38;2;2;136;142mtaste on[39m



[?2026l[?2026h[2K[1A[2K[1A[2K[1A[2K[1A[2K[1A[2K[1A[2K[1A[2K[1A[2K[1A[2K[1A[2K[G[38;2;228;204;255m✻ Thinking… (19 lines) [38;2;53;61;80m[[38;2;138;148;168mctrl+o to expand[38;2;53;61;80m][39m

[48;2;45;43;85m[38;2;228;204;255m [1m⌘ [22m[38;2;110;97;163mConstr[38;2;165;153;233mu[38;2;228;204;255mc[38;2;171;165;206mt[38;2;204;199;225mi[38;2;255;255;255mn[38;2;234;218;255mg[38;2;171;165;206m…[38;2;228;204;255m [39m[49m [1m[38;2;138;148;168mesc[39m[22m [38;2;138;148;168mto interrupt[39m [38;2;138;148;168m•[39m [38;2;138;148;168m16s[39m [38;2;138;148;168m•[39m [38;2;138;148;168m↓[39m [38;2;138;148;168m14.0k[39m
[38;2;138;148;168m────────────────────────────────────────────────────────────────────────────────[39m
❯ [7mA[27m[38;2;138;148;168msk your question...[39m
[38;2;138;148;168m────────────────────────────────────────────────────────────────────────────────[39m
  [38;2;138;148;168m? for shortcuts · [38;2;2;136;142mtaste on[39m



[?2026l[?2026h[2K[1A[2K[1A[2K[1A[2K[1A[2K[1A[2K[1A[2K[1A[2K[1A[2K[1A[2K[1A[2K[G[38;2;228;204;255m✻ Thinking… (19 lines) [38;2;53;61;80m[[38;2;138;148;168mctrl+o to expand[38;2;53;61;80m][39m

[48;2;45;43;85m[38;2;228;204;255m [1m⌘ [22m[38;2;110;97;163mConstr[38;2;165;153;233mu[38;2;228;204;255mc[38;2;171;165;206mt[38;2;204;199;225mi[38;2;255;255;255mn[38;2;234;218;255mg[38;2;171;165;206m…[38;2;228;204;255m [39m[49m [1m[38;2;138;148;168mesc[39m[22m [38;2;138;148;168mto interrupt[39m [38;2;138;148;168m•[39m [38;2;138;148;168m17s[39m [38;2;138;148;168m•[39m [38;2;138;148;168m↓[39m [38;2;138;148;168m14.0k[39m
[38;2;138;148;168m────────────────────────────────────────────────────────────────────────────────[39m
❯ [7mA[27m[38;2;138;148;168msk your question...[39m
[38;2;138;148;168m────────────────────────────────────────────────────────────────────────────────[39m
  [38;2;138;148;168m? for shortcuts · [38;2;2;136;142mtaste on[39m



[?2026l[?2026h[2K[1A[2K[1A[2K[1A[2K[1A[2K[1A[2K[1A[2K[1A[2K[1A[2K[1A[2K[1A[2K[G[38;2;228;204;255m✻ Thinking… (19 lines) [38;2;53;61;80m[[38;2;138;148;168mctrl+o to expand[38;2;53;61;80m][39m

[48;2;45;43;85m[38;2;228;204;255m [1m⌘ [22m[38;2;110;97;163mConstru[38;2;165;153;233mc[38;2;228;204;255mt[38;2;171;165;206mi[38;2;204;199;225mn[38;2;255;255;255mg[38;2;234;218;255m…[38;2;228;204;255m [39m[49m [1m[38;2;138;148;168mesc[39m[22m [38;2;138;148;168mto interrupt[39m [38;2;138;148;168m•[39m [38;2;138;148;168m17s[39m [38;2;138;148;168m•[39m [38;2;138;148;168m↓[39m [38;2;138;148;168m14.0k[39m
[38;2;138;148;168m────────────────────────────────────────────────────────────────────────────────[39m
❯ [7mA[27m[38;2;138;148;168msk your question...[39m
[38;2;138;148;168m────────────────────────────────────────────────────────────────────────────────[39m
  [38;2;138;148;168m? for shortcuts · [38;2;2;136;142mtaste on[39m



[?2026l[?2026h[2K[1A[2K[1A[2K[1A[2K[1A[2K[1A[2K[1A[2K[1A[2K[1A[2K[1A[2K[1A[2K[G[38;2;228;204;255m✻ Thinking… (19 lines) [38;2;53;61;80m[[38;2;138;148;168mctrl+o to expand[38;2;53;61;80m][39m

[48;2;45;43;85m[38;2;228;204;255m [1m⌘ [22m[38;2;110;97;163mConstruc[38;2;165;153;233mt[38;2;228;204;255mi[38;2;171;165;206mn[38;2;204;199;225mg[38;2;255;255;255m…[38;2;228;204;255m [39m[49m [1m[38;2;138;148;168mesc[39m[22m [38;2;138;148;168mto interrupt[39m [38;2;138;148;168m•[39m [38;2;138;148;168m17s[39m [38;2;138;148;168m•[39m [38;2;138;148;168m↓[39m [38;2;138;148;168m14.0k[39m
[38;2;138;148;168m────────────────────────────────────────────────────────────────────────────────[39m
❯ [7mA[27m[38;2;138;148;168msk your question...[39m
[38;2;138;148;168m────────────────────────────────────────────────────────────────────────────────[39m
  [38;2;138;148;168m? for shortcuts · [38;2;2;136;142mtaste on[39m



[?2026l[?2026h[2K[1A[2K[1A[2K[1A[2K[1A[2K[1A[2K[1A[2K[1A[2K[1A[2K[1A[2K[1A[2K[G[38;2;228;204;255m✻ Thinking… (21 lines) [38;2;53;61;80m[[38;2;138;148;168mctrl+o to expand[38;2;53;61;80m][39m

[48;2;45;43;85m[38;2;228;204;255m [1m○ [22m[38;2;110;97;163mConstruct[38;2;165;153;233mi[38;2;228;204;255mn[38;2;171;165;206mg[38;2;204;199;225m…[38;2;228;204;255m [39m[49m [1m[38;2;138;148;168mesc[39m[22m [38;2;138;148;168mto interrupt[39m [38;2;138;148;168m•[39m [38;2;138;148;168m17s[39m [38;2;138;148;168m•[39m [38;2;138;148;168m↓[39m [38;2;138;148;168m14.0k[39m
[38;2;138;148;168m────────────────────────────────────────────────────────────────────────────────[39m
❯ [7mA[27m[38;2;138;148;168msk your question...[39m
[38;2;138;148;168m────────────────────────────────────────────────────────────────────────────────[39m
  [38;2;138;148;168m? for shortcuts · [38;2;2;136;142mtaste on[39m



[?2026l[?2026h[2K[1A[2K[1A[2K[1A[2K[1A[2K[1A[2K[1A[2K[1A[2K[1A[2K[1A[2K[1A[2K[G[38;2;228;204;255m✻ Thinking… (21 lines) [38;2;53;61;80m[[38;2;138;148;168mctrl+o to expand[38;2;53;61;80m][39m

[48;2;45;43;85m[38;2;228;204;255m [1m◇ [22m[38;2;110;97;163mConstructi[38;2;165;153;233mn[38;2;228;204;255mg[38;2;171;165;206m…[38;2;228;204;255m [39m[49m [1m[38;2;138;148;168mesc[39m[22m [38;2;138;148;168mto interrupt[39m [38;2;138;148;168m•[39m [38;2;138;148;168m17s[39m [38;2;138;148;168m•[39m [38;2;138;148;168m↓[39m [38;2;138;148;168m14.1k[39m
[38;2;138;148;168m────────────────────────────────────────────────────────────────────────────────[39m
❯ [7mA[27m[38;2;138;148;168msk your question...[39m
[38;2;138;148;168m────────────────────────────────────────────────────────────────────────────────[39m
  [38;2;138;148;168m? for shortcuts · [38;2;2;136;142mtaste on[39m



[?2026l[?2026h[2K[1A[2K[1A[2K[1A[2K[1A[2K[1A[2K[1A[2K[1A[2K[1A[2K[1A[2K[1A[2K[G[38;2;228;204;255m✻ Thinking… (23 lines) [38;2;53;61;80m[[38;2;138;148;168mctrl+o to expand[38;2;53;61;80m][39m

[48;2;45;43;85m[38;2;228;204;255m [1m◇ [22m[38;2;110;97;163mConstructi[38;2;165;153;233mn[38;2;228;204;255mg[38;2;171;165;206m…[38;2;228;204;255m [39m[49m [1m[38;2;138;148;168mesc[39m[22m [38;2;138;148;168mto interrupt[39m [38;2;138;148;168m•[39m [38;2;138;148;168m17s[39m [38;2;138;148;168m•[39m [38;2;138;148;168m↓[39m [38;2;138;148;168m14.1k[39m
[38;2;138;148;168m────────────────────────────────────────────────────────────────────────────────[39m
❯ [7mA[27m[38;2;138;148;168msk your question...[39m
[38;2;138;148;168m────────────────────────────────────────────────────────────────────────────────[39m
  [38;2;138;148;168m? for shortcuts · [38;2;2;136;142mtaste on[39m



[?2026l[?2026h[2K[1A[2K[1A[2K[1A[2K[1A[2K[1A[2K[1A[2K[1A[2K[1A[2K[1A[2K[1A[2K[G[38;2;228;204;255m✻ Thinking… (23 lines) [38;2;53;61;80m[[38;2;138;148;168mctrl+o to expand[38;2;53;61;80m][39m

[48;2;45;43;85m[38;2;228;204;255m [1m☆ [22m[38;2;110;97;163mConstructin[38;2;165;153;233mg[38;2;228;204;255m… [39m[49m [1m[38;2;138;148;168mesc[39m[22m [38;2;138;148;168mto interrupt[39m [38;2;138;148;168m•[39m [38;2;138;148;168m17s[39m [38;2;138;148;168m•[39m [38;2;138;148;168m↓[39m [38;2;138;148;168m14.1k[39m
[38;2;138;148;168m────────────────────────────────────────────────────────────────────────────────[39m
❯ [7mA[27m[38;2;138;148;168msk your question...[39m
[38;2;138;148;168m────────────────────────────────────────────────────────────────────────────────[39m
  [38;2;138;148;168m? for shortcuts · [38;2;2;136;142mtaste on[39m



[?2026l[?2026h[2K[1A[2K[1A[2K[1A[2K[1A[2K[1A[2K[1A[2K[1A[2K[1A[2K[1A[2K[1A[2K[G[38;2;228;204;255m✻ Thinking… (23 lines) [38;2;53;61;80m[[38;2;138;148;168mctrl+o to expand[38;2;53;61;80m][39m

[48;2;45;43;85m[38;2;228;204;255m [1m✧ [22m[38;2;110;97;163mConstructing[38;2;165;153;233m…[38;2;228;204;255m [39m[49m [1m[38;2;138;148;168mesc[39m[22m [38;2;138;148;168mto interrupt[39m [38;2;138;148;168m•[39m [38;2;138;148;168m17s[39m [38;2;138;148;168m•[39m [38;2;138;148;168m↓[39m [38;2;138;148;168m14.1k[39m
[38;2;138;148;168m────────────────────────────────────────────────────────────────────────────────[39m
❯ [7mA[27m[38;2;138;148;168msk your question...[39m
[38;2;138;148;168m────────────────────────────────────────────────────────────────────────────────[39m
  [38;2;138;148;168m? for shortcuts · [38;2;2;136;142mtaste on[39m



[?2026l[?2026h[2K[1A[2K[1A[2K[1A[2K[1A[2K[1A[2K[1A[2K[1A[2K[1A[2K[1A[2K[1A[2K[G[38;2;228;204;255m✻ Thinking… (23 lines) [38;2;53;61;80m[[38;2;138;148;168mctrl+o to expand[38;2;53;61;80m][39m

[48;2;45;43;85m[38;2;228;204;255m [1m☆ [22m[38;2;110;97;163mConstructing…[38;2;228;204;255m [39m[49m [1m[38;2;138;148;168mesc[39m[22m [38;2;138;148;168mto interrupt[39m [38;2;138;148;168m•[39m [38;2;138;148;168m17s[39m [38;2;138;148;168m•[39m [38;2;138;148;168m↓[39m [38;2;138;148;168m14.2k[39m
[38;2;138;148;168m────────────────────────────────────────────────────────────────────────────────[39m
❯ [7mA[27m[38;2;138;148;168msk your question...[39m
[38;2;138;148;168m────────────────────────────────────────────────────────────────────────────────[39m
  [38;2;138;148;168m? for shortcuts · [38;2;2;136;142mtaste on[39m



[?2026l[?2026h[2K[1A[2K[1A[2K[1A[2K[1A[2K[1A[2K[1A[2K[1A[2K[1A[2K[1A[2K[1A[2K[G[38;2;228;204;255m✻ Thinking… (23 lines) [38;2;53;61;80m[[38;2;138;148;168mctrl+o to expand[38;2;53;61;80m][39m

[48;2;45;43;85m[38;2;228;204;255m [1m◇ [22m[38;2;110;97;163mConstructing…[38;2;228;204;255m [39m[49m [1m[38;2;138;148;168mesc[39m[22m [38;2;138;148;168mto interrupt[39m [38;2;138;148;168m•[39m [38;2;138;148;168m17s[39m [38;2;138;148;168m•[39m [38;2;138;148;168m↓[39m [38;2;138;148;168m14.2k[39m
[38;2;138;148;168m────────────────────────────────────────────────────────────────────────────────[39m
❯ [7mA[27m[38;2;138;148;168msk your question...[39m
[38;2;138;148;168m────────────────────────────────────────────────────────────────────────────────[39m
  [38;2;138;148;168m? for shortcuts · [38;2;2;136;142mtaste on[39m



[?2026l[?2026h[2K[1A[2K[1A[2K[1A[2K[1A[2K[1A[2K[1A[2K[1A[2K[1A[2K[1A[2K[1A[2K[G[38;2;228;204;255m✻ Thinking… (23 lines) [38;2;53;61;80m[[38;2;138;148;168mctrl+o to expand[38;2;53;61;80m][39m

[48;2;45;43;85m[38;2;228;204;255m [1m○ [22m[38;2;110;97;163mConstructing…[38;2;228;204;255m [39m[49m [1m[38;2;138;148;168mesc[39m[22m [38;2;138;148;168mto interrupt[39m [38;2;138;148;168m•[39m [38;2;138;148;168m17s[39m [38;2;138;148;168m•[39m [38;2;138;148;168m↓[39m [38;2;138;148;168m14.2k[39m
[38;2;138;148;168m────────────────────────────────────────────────────────────────────────────────[39m
❯ [7mA[27m[38;2;138;148;168msk your question...[39m
[38;2;138;148;168m────────────────────────────────────────────────────────────────────────────────[39m
  [38;2;138;148;168m? for shortcuts · [38;2;2;136;142mtaste on[39m



[?2026l[?2026h[2K[1A[2K[1A[2K[1A[2K[1A[2K[1A[2K[1A[2K[1A[2K[1A[2K[1A[2K[1A[2K[G[38;2;228;204;255m✻ Thinking… (23 lines) [38;2;53;61;80m[[38;2;138;148;168mctrl+o to expand[38;2;53;61;80m][39m

[48;2;45;43;85m[38;2;228;204;255m [1m· [22m[38;2;110;97;163mConstructing…[38;2;228;204;255m [39m[49m [1m[38;2;138;148;168mesc[39m[22m [38;2;138;148;168mto interrupt[39m [38;2;138;148;168m•[39m [38;2;138;148;168m17s[39m [38;2;138;148;168m•[39m [38;2;138;148;168m↓[39m [38;2;138;148;168m14.3k[39m
[38;2;138;148;168m────────────────────────────────────────────────────────────────────────────────[39m
❯ [7mA[27m[38;2;138;148;168msk your question...[39m
[38;2;138;148;168m────────────────────────────────────────────────────────────────────────────────[39m
  [38;2;138;148;168m? for shortcuts · [38;2;2;136;142mtaste on[39m



[?2026l[?2026h[2K[1A[2K[1A[2K[1A[2K[1A[2K[1A[2K[1A[2K[1A[2K[1A[2K[1A[2K[1A[2K[G[38;2;228;204;255m✻ Thinking… (25 lines) [38;2;53;61;80m[[38;2;138;148;168mctrl+o to expand[38;2;53;61;80m][39m

[48;2;45;43;85m[38;2;228;204;255m [1m· [22m[38;2;110;97;163mConstructing…[38;2;228;204;255m [39m[49m [1m[38;2;138;148;168mesc[39m[22m [38;2;138;148;168mto interrupt[39m [38;2;138;148;168m•[39m [38;2;138;148;168m17s[39m [38;2;138;148;168m•[39m [38;2;138;148;168m↓[39m [38;2;138;148;168m14.3k[39m
[38;2;138;148;168m────────────────────────────────────────────────────────────────────────────────[39m
❯ [7mA[27m[38;2;138;148;168msk your question...[39m
[38;2;138;148;168m────────────────────────────────────────────────────────────────────────────────[39m
  [38;2;138;148;168m? for shortcuts · [38;2;2;136;142mtaste on[39m



[?2026l[?2026h[2K[1A[2K[1A[2K[1A[2K[1A[2K[1A[2K[1A[2K[1A[2K[1A[2K[1A[2K[1A[2K[G[38;2;228;204;255m✻ Thinking… (25 lines) [38;2;53;61;80m[[38;2;138;148;168mctrl+o to expand[38;2;53;61;80m][39m

[48;2;45;43;85m[38;2;228;204;255m [1m· [22m[38;2;234;218;255mC[38;2;171;165;206mo[38;2;228;204;255mn[38;2;165;153;233ms[38;2;110;97;163mtructing…[38;2;228;204;255m [39m[49m [1m[38;2;138;148;168mesc[39m[22m [38;2;138;148;168mto interrupt[39m [38;2;138;148;168m•[39m [38;2;138;148;168m17s[39m [38;2;138;148;168m•[39m [38;2;138;148;168m↓[39m [38;2;138;148;168m14.3k[39m
[38;2;138;148;168m────────────────────────────────────────────────────────────────────────────────[39m
❯ [7mA[27m[38;2;138;148;168msk your question...[39m
[38;2;138;148;168m────────────────────────────────────────────────────────────────────────────────[39m
  [38;2;138;148;168m? for shortcuts · [38;2;2;136;142mtaste on[39m



[?2026l[?2026h[2K[1A[2K[1A[2K[1A[2K[1A[2K[1A[2K[1A[2K[1A[2K[1A[2K[1A[2K[1A[2K[G[38;2;228;204;255m✻ Thinking… (25 lines) [38;2;53;61;80m[[38;2;138;148;168mctrl+o to expand[38;2;53;61;80m][39m

[48;2;45;43;85m[38;2;228;204;255m [1m· [22m[38;2;234;218;255mC[38;2;171;165;206mo[38;2;228;204;255mn[38;2;165;153;233ms[38;2;110;97;163mtructing…[38;2;228;204;255m [39m[49m [1m[38;2;138;148;168mesc[39m[22m [38;2;138;148;168mto interrupt[39m [38;2;138;148;168m•[39m [38;2;138;148;168m18s[39m [38;2;138;148;168m•[39m [38;2;138;148;168m↓[39m [38;2;138;148;168m14.3k[39m
[38;2;138;148;168m────────────────────────────────────────────────────────────────────────────────[39m
❯ [7mA[27m[38;2;138;148;168msk your question...[39m
[38;2;138;148;168m────────────────────────────────────────────────────────────────────────────────[39m
  [38;2;138;148;168m? for shortcuts · [38;2;2;136;142mtaste on[39m



[?2026l[?2026h[2K[1A[2K[1A[2K[1A[2K[1A[2K[1A[2K[1A[2K[1A[2K[1A[2K[1A[2K[1A[2K[G[38;2;228;204;255m✻ Thinking… (25 lines) [38;2;53;61;80m[[38;2;138;148;168mctrl+o to expand[38;2;53;61;80m][39m

[48;2;45;43;85m[38;2;228;204;255m [1m○ [22m[38;2;255;255;255mC[38;2;234;218;255mo[38;2;171;165;206mn[38;2;228;204;255ms[38;2;165;153;233mt[38;2;110;97;163mructing…[38;2;228;204;255m [39m[49m [1m[38;2;138;148;168mesc[39m[22m [38;2;138;148;168mto interrupt[39m [38;2;138;148;168m•[39m [38;2;138;148;168m18s[39m [38;2;138;148;168m•[39m [38;2;138;148;168m↓[39m [38;2;138;148;168m14.4k[39m
[38;2;138;148;168m────────────────────────────────────────────────────────────────────────────────[39m
❯ [7mA[27m[38;2;138;148;168msk your question...[39m
[38;2;138;148;168m────────────────────────────────────────────────────────────────────────────────[39m
  [38;2;138;148;168m? for shortcuts · [38;2;2;136;142mtaste on[39m



[?2026l[?2026h[2K[1A[2K[1A[2K[1A[2K[1A[2K[1A[2K[1A[2K[1A[2K[1A[2K[1A[2K[1A[2K[G[38;2;228;204;255m✻ Thinking… (27 lines) [38;2;53;61;80m[[38;2;138;148;168mctrl+o to expand[38;2;53;61;80m][39m

[48;2;45;43;85m[38;2;228;204;255m [1m○ [22m[38;2;255;255;255mC[38;2;234;218;255mo[38;2;171;165;206mn[38;2;228;204;255ms[38;2;165;153;233mt[38;2;110;97;163mructing…[38;2;228;204;255m [39m[49m [1m[38;2;138;148;168mesc[39m[22m [38;2;138;148;168mto interrupt[39m [38;2;138;148;168m•[39m [38;2;138;148;168m18s[39m [38;2;138;148;168m•[39m [38;2;138;148;168m↓[39m [38;2;138;148;168m14.4k[39m
[38;2;138;148;168m────────────────────────────────────────────────────────────────────────────────[39m
❯ [7mA[27m[38;2;138;148;168msk your question...[39m
[38;2;138;148;168m────────────────────────────────────────────────────────────────────────────────[39m
  [38;2;138;148;168m? for shortcuts · [38;2;2;136;142mtaste on[39m



[?2026l[?2026h[2K[1A[2K[1A[2K[1A[2K[1A[2K[1A[2K[1A[2K[1A[2K[1A[2K[1A[2K[1A[2K[G[38;2;228;204;255m✻ Thinking… (27 lines) [38;2;53;61;80m[[38;2;138;148;168mctrl+o to expand[38;2;53;61;80m][39m

[48;2;45;43;85m[38;2;228;204;255m [1m○ [22m[38;2;204;199;225mC[38;2;255;255;255mo[38;2;234;218;255mn[38;2;171;165;206ms[38;2;228;204;255mt[38;2;165;153;233mr[38;2;110;97;163mucting…[38;2;228;204;255m [39m[49m [1m[38;2;138;148;168mesc[39m[22m [38;2;138;148;168mto interrupt[39m [38;2;138;148;168m•[39m [38;2;138;148;168m18s[39m [38;2;138;148;168m•[39m [38;2;138;148;168m↓[39m [38;2;138;148;168m14.4k[39m
[38;2;138;148;168m────────────────────────────────────────────────────────────────────────────────[39m
❯ [7mA[27m[38;2;138;148;168msk your question...[39m
[38;2;138;148;168m────────────────────────────────────────────────────────────────────────────────[39m
  [38;2;138;148;168m? for shortcuts · [38;2;2;136;142mtaste on[39m



[?2026l[?2026h[2K[1A[2K[1A[2K[1A[2K[1A[2K[1A[2K[1A[2K[1A[2K[1A[2K[1A[2K[1A[2K[G[38;2;228;204;255m✻ Thought for 5 seconds [38;2;53;61;80m[[38;2;138;148;168mctrl+o to expand[38;2;53;61;80m][39m

[?2026h[38;2;165;153;233m⠶[39m Go

[48;2;45;43;85m[38;2;228;204;255m [1m○ [22m[38;2;204;199;225mC[38;2;255;255;255mo[38;2;234;218;255mn[38;2;171;165;206ms[38;2;228;204;255mt[38;2;165;153;233mr[38;2;110;97;163mucting…[38;2;228;204;255m [39m[49m [1m[38;2;138;148;168mesc[39m[22m [38;2;138;148;168mto interrupt[39m [38;2;138;148;168m•[39m [38;2;138;148;168m18s[39m [38;2;138;148;168m•[39m [38;2;138;148;168m↓[39m [38;2;138;148;168m14.4k[39m
[38;2;138;148;168m────────────────────────────────────────────────────────────────────────────────[39m
❯ [7mA[27m[38;2;138;148;168msk your question...[39m
[38;2;138;148;168m────────────────────────────────────────────────────────────────────────────────[39m
  [38;2;138;148;168m? for shortcuts · [38;2;2;136;142mtaste on[39m



[?2026l[?2026l[?2026h[2K[1A[2K[1A[2K[1A[2K[1A[2K[1A[2K[1A[2K[1A[2K[1A[2K[1A[2K[1A[2K[G[38;2;165;153;233m⠶[39m Go

[48;2;45;43;85m[38;2;228;204;255m [1m◇ [22m[38;2;171;165;206mC[38;2;204;199;225mo[38;2;255;255;255mn[38;2;234;218;255ms[38;2;171;165;206mt[38;2;228;204;255mr[38;2;165;153;233mu[38;2;110;97;163mcting…[38;2;228;204;255m [39m[49m [1m[38;2;138;148;168mesc[39m[22m [38;2;138;148;168mto interrupt[39m [38;2;138;148;168m•[39m [38;2;138;148;168m18s[39m [38;2;138;148;168m•[39m [38;2;138;148;168m↓[39m [38;2;138;148;168m14.4k[39m
[38;2;138;148;168m────────────────────────────────────────────────────────────────────────────────[39m
❯ [7mA[27m[38;2;138;148;168msk your question...[39m
[38;2;138;148;168m────────────────────────────────────────────────────────────────────────────────[39m
  [38;2;138;148;168m? for shortcuts · [38;2;2;136;142mtaste on[39m



[?2026l[?2026h[2K[1A[2K[1A[2K[1A[2K[1A[2K[1A[2K[1A[2K[1A[2K[1A[2K[1A[2K[1A[2K[G[38;2;165;153;233m⠶[39m Go diff matches the pre-existing [38;2;177;186;249mORCH_STAGE_COMPLETE[39m runner
  infrastructure the plan described. Let me verify

[48;2;45;43;85m[38;2;228;204;255m [1m◇ [22m[38;2;171;165;206mC[38;2;204;199;225mo[38;2;255;255;255mn[38;2;234;218;255ms[38;2;171;165;206mt[38;2;228;204;255mr[38;2;165;153;233mu[38;2;110;97;163mcting…[38;2;228;204;255m [39m[49m [1m[38;2;138;148;168mesc[39m[22m [38;2;138;148;168mto interrupt[39m [38;2;138;148;168m•[39m [38;2;138;148;168m18s[39m [38;2;138;148;168m•[39m [38;2;138;148;168m↓[39m [38;2;138;148;168m14.4k[39m
[38;2;138;148;168m────────────────────────────────────────────────────────────────────────────────[39m
❯ [7mA[27m[38;2;138;148;168msk your question...[39m
[38;2;138;148;168m────────────────────────────────────────────────────────────────────────────────[39m
  [38;2;138;148;168m? for shortcuts · [38;2;2;136;142mtaste on[39m



[?2026l[?2026h[2K[1A[2K[1A[2K[1A[2K[1A[2K[1A[2K[1A[2K[1A[2K[1A[2K[1A[2K[1A[2K[1A[2K[G[38;2;165;153;233m⠶[39m Go diff matches the pre-existing [38;2;177;186;249mORCH_STAGE_COMPLETE[39m runner
  infrastructure the plan described. Let me verify

[48;2;45;43;85m[38;2;228;204;255m [1m☆ [22mC[38;2;171;165;206mo[38;2;204;199;225mn[38;2;255;255;255ms[38;2;234;218;255mt[38;2;171;165;206mr[38;2;228;204;255mu[38;2;165;153;233mc[38;2;110;97;163mting…[38;2;228;204;255m [39m[49m [1m[38;2;138;148;168mesc[39m[22m [38;2;138;148;168mto interrupt[39m [38;2;138;148;168m•[39m [38;2;138;148;168m18s[39m [38;2;138;148;168m•[39m [38;2;138;148;168m↓[39m [38;2;138;148;168m14.4k[39m
[38;2;138;148;168m────────────────────────────────────────────────────────────────────────────────[39m
❯ [7mA[27m[38;2;138;148;168msk your question...[39m
[38;2;138;148;168m────────────────────────────────────────────────────────────────────────────────[39m
  [38;2;138;148;168m? for shortcuts · [38;2;2;136;142mtaste on[39m



[?2026l[?2026h[2K[1A[2K[1A[2K[1A[2K[1A[2K[1A[2K[1A[2K[1A[2K[1A[2K[1A[2K[1A[2K[1A[2K[G[38;2;165;153;233m⠶[39m Go diff matches the pre-existing [38;2;177;186;249mORCH_STAGE_COMPLETE[39m runner
  infrastructure the plan described. Let me verify the README's specific
  claims against [38;2;177;186;249mpty.go[39m, the term files, and run

[48;2;45;43;85m[38;2;228;204;255m [1m☆ [22mC[38;2;171;165;206mo[38;2;204;199;225mn[38;2;255;255;255ms[38;2;234;218;255mt[38;2;171;165;206mr[38;2;228;204;255mu[38;2;165;153;233mc[38;2;110;97;163mting…[38;2;228;204;255m [39m[49m [1m[38;2;138;148;168mesc[39m[22m [38;2;138;148;168mto interrupt[39m [38;2;138;148;168m•[39m [38;2;138;148;168m18s[39m [38;2;138;148;168m•[39m [38;2;138;148;168m↓[39m [38;2;138;148;168m14.4k[39m
[38;2;138;148;168m────────────────────────────────────────────────────────────────────────────────[39m
❯ [7mA[27m[38;2;138;148;168msk your question...[39m
[38;2;138;148;168m────────────────────────────────────────────────────────────────────────────────[39m
  [38;2;138;148;168m? for shortcuts · [38;2;2;136;142mtaste on[39m



[?2026l[?2026h[2K[1A[2K[1A[2K[1A[2K[1A[2K[1A[2K[1A[2K[1A[2K[1A[2K[1A[2K[1A[2K[1A[2K[1A[2K[G[38;2;165;153;233m⠶[39m Go diff matches the pre-existing [38;2;177;186;249mORCH_STAGE_COMPLETE[39m runner
  infrastructure the plan described. Let me verify the README's specific
  claims against [38;2;177;186;249mpty.go[39m, the term files, and run the validation suite.

[48;2;45;43;85m[38;2;228;204;255m [1m☆ [22mC[38;2;171;165;206mo[38;2;204;199;225mn[38;2;255;255;255ms[38;2;234;218;255mt[38;2;171;165;206mr[38;2;228;204;255mu[38;2;165;153;233mc[38;2;110;97;163mting…[38;2;228;204;255m [39m[49m [1m[38;2;138;148;168mesc[39m[22m [38;2;138;148;168mto interrupt[39m [38;2;138;148;168m•[39m [38;2;138;148;168m18s[39m [38;2;138;148;168m•[39m [38;2;138;148;168m↓[39m [38;2;138;148;168m14.4k[39m
[38;2;138;148;168m────────────────────────────────────────────────────────────────────────────────[39m
❯ [7mA[27m[38;2;138;148;168msk your question...[39m
[38;2;138;148;168m────────────────────────────────────────────────────────────────────────────────[39m
  [38;2;138;148;168m? for shortcuts · [38;2;2;136;142mtaste on[39m



[?2026l[?2026h[2K[1A[2K[1A[2K[1A[2K[1A[2K[1A[2K[1A[2K[1A[2K[1A[2K[1A[2K[1A[2K[1A[2K[1A[2K[G[38;2;165;153;233m⠶[39m Go diff matches the pre-existing [38;2;177;186;249mORCH_STAGE_COMPLETE[39m runner
  infrastructure the plan described. Let me verify the README's specific
  claims against [38;2;177;186;249mpty.go[39m, the term files, and run the validation suite.

[48;2;45;43;85m[38;2;228;204;255m [1m✧ [22m[38;2;165;153;233mC[38;2;228;204;255mo[38;2;171;165;206mn[38;2;204;199;225ms[38;2;255;255;255mt[38;2;234;218;255mr[38;2;171;165;206mu[38;2;228;204;255mc[38;2;165;153;233mt[38;2;110;97;163ming…[38;2;228;204;255m [39m[49m [1m[38;2;138;148;168mesc[39m[22m [38;2;138;148;168mto interrupt[39m [38;2;138;148;168m•[39m [38;2;138;148;168m18s[39m [38;2;138;148;168m•[39m [38;2;138;148;168m↓[39m [38;2;138;148;168m14.5k[39m
[38;2;138;148;168m────────────────────────────────────────────────────────────────────────────────[39m
❯ [7mA[27m[38;2;138;148;168msk your question...[39m
[38;2;138;148;168m────────────────────────────────────────────────────────────────────────────────[39m
  [38;2;138;148;168m? for shortcuts · [38;2;2;136;142mtaste on[39m



[?2026l[?2026h[2K[1A[2K[1A[2K[1A[2K[1A[2K[1A[2K[1A[2K[1A[2K[1A[2K[1A[2K[1A[2K[1A[2K[1A[2K[G[38;2;165;153;233m⠶[39m Go diff matches the pre-existing [38;2;177;186;249mORCH_STAGE_COMPLETE[39m runner
  infrastructure the plan described. Let me verify the README's specific
  claims against [38;2;177;186;249mpty.go[39m, the term files, and run the validation suite.

[48;2;45;43;85m[38;2;228;204;255m [1m☆ [22m[38;2;110;97;163mC[38;2;165;153;233mo[38;2;228;204;255mn[38;2;171;165;206ms[38;2;204;199;225mt[38;2;255;255;255mr[38;2;234;218;255mu[38;2;171;165;206mc[38;2;228;204;255mt[38;2;165;153;233mi[38;2;110;97;163mng…[38;2;228;204;255m [39m[49m [1m[38;2;138;148;168mesc[39m[22m [38;2;138;148;168mto interrupt[39m [38;2;138;148;168m•[39m [38;2;138;148;168m18s[39m [38;2;138;148;168m•[39m [38;2;138;148;168m↓[39m [38;2;138;148;168m14.5k[39m
[38;2;138;148;168m────────────────────────────────────────────────────────────────────────────────[39m
❯ [7mA[27m[38;2;138;148;168msk your question...[39m
[38;2;138;148;168m────────────────────────────────────────────────────────────────────────────────[39m
  [38;2;138;148;168m? for shortcuts · [38;2;2;136;142mtaste on[39m



[?2026l[?2026h[2K[1A[2K[1A[2K[1A[2K[1A[2K[1A[2K[1A[2K[1A[2K[1A[2K[1A[2K[1A[2K[1A[2K[1A[2K[G[38;2;165;153;233m⠶[39m Go diff matches the pre-existing [38;2;177;186;249mORCH_STAGE_COMPLETE[39m runner
  infrastructure the plan described. Let me verify the README's specific
  claims against [38;2;177;186;249mpty.go[39m, the term files, and run the validation suite.

[48;2;45;43;85m[38;2;228;204;255m [1m◇ [22m[38;2;110;97;163mCo[38;2;165;153;233mn[38;2;228;204;255ms[38;2;171;165;206mt[38;2;204;199;225mr[38;2;255;255;255mu[38;2;234;218;255mc[38;2;171;165;206mt[38;2;228;204;255mi[38;2;165;153;233mn[38;2;110;97;163mg…[38;2;228;204;255m [39m[49m [1m[38;2;138;148;168mesc[39m[22m [38;2;138;148;168mto interrupt[39m [38;2;138;148;168m•[39m [38;2;138;148;168m18s[39m [38;2;138;148;168m•[39m [38;2;138;148;168m↓[39m [38;2;138;148;168m14.5k[39m
[38;2;138;148;168m────────────────────────────────────────────────────────────────────────────────[39m
❯ [7mA[27m[38;2;138;148;168msk your question...[39m
[38;2;138;148;168m────────────────────────────────────────────────────────────────────────────────[39m
  [38;2;138;148;168m? for shortcuts · [38;2;2;136;142mtaste on[39m



[?2026l[?2026h[2K[1A[2K[1A[2K[1A[2K[1A[2K[1A[2K[1A[2K[1A[2K[1A[2K[1A[2K[1A[2K[1A[2K[1A[2K[G[38;2;165;153;233m⠶[39m Go diff matches the pre-existing [38;2;177;186;249mORCH_STAGE_COMPLETE[39m runner
  infrastructure the plan described. Let me verify the README's specific
  claims against [38;2;177;186;249mpty.go[39m, the term files, and run the validation suite.

[48;2;45;43;85m[38;2;228;204;255m [1m○ [22m[38;2;110;97;163mCon[38;2;165;153;233ms[38;2;228;204;255mt[38;2;171;165;206mr[38;2;204;199;225mu[38;2;255;255;255mc[38;2;234;218;255mt[38;2;171;165;206mi[38;2;228;204;255mn[38;2;165;153;233mg[38;2;110;97;163m…[38;2;228;204;255m [39m[49m [1m[38;2;138;148;168mesc[39m[22m [38;2;138;148;168mto interrupt[39m [38;2;138;148;168m•[39m [38;2;138;148;168m18s[39m [38;2;138;148;168m•[39m [38;2;138;148;168m↓[39m [38;2;138;148;168m14.5k[39m
[38;2;138;148;168m────────────────────────────────────────────────────────────────────────────────[39m
❯ [7mA[27m[38;2;138;148;168msk your question...[39m
[38;2;138;148;168m────────────────────────────────────────────────────────────────────────────────[39m
  [38;2;138;148;168m? for shortcuts · [38;2;2;136;142mtaste on[39m



[?2026l[?2026h[2K[1A[2K[1A[2K[1A[2K[1A[2K[1A[2K[1A[2K[1A[2K[1A[2K[1A[2K[1A[2K[1A[2K[1A[2K[G[38;2;165;153;233m⠶[39m Go diff matches the pre-existing [38;2;177;186;249mORCH_STAGE_COMPLETE[39m runner
  infrastructure the plan described. Let me verify the README's specific
  claims against [38;2;177;186;249mpty.go[39m, the term files, and run the validation suite.

[48;2;45;43;85m[38;2;228;204;255m [1m⌘ [22m[38;2;110;97;163mCons[38;2;165;153;233mt[38;2;228;204;255mr[38;2;171;165;206mu[38;2;204;199;225mc[38;2;255;255;255mt[38;2;234;218;255mi[38;2;171;165;206mn[38;2;228;204;255mg[38;2;165;153;233m…[38;2;228;204;255m [39m[49m [1m[38;2;138;148;168mesc[39m[22m [38;2;138;148;168mto interrupt[39m [38;2;138;148;168m•[39m [38;2;138;148;168m18s[39m [38;2;138;148;168m•[39m [38;2;138;148;168m↓[39m [38;2;138;148;168m14.6k[39m
[38;2;138;148;168m────────────────────────────────────────────────────────────────────────────────[39m
❯ [7mA[27m[38;2;138;148;168msk your question...[39m
[38;2;138;148;168m────────────────────────────────────────────────────────────────────────────────[39m
  [38;2;138;148;168m? for shortcuts · [38;2;2;136;142mtaste on[39m



[?2026l[?2026h[2K[1A[2K[1A[2K[1A[2K[1A[2K[1A[2K[1A[2K[1A[2K[1A[2K[1A[2K[1A[2K[1A[2K[1A[2K[G[38;2;165;153;233m⠶[39m Go diff matches the pre-existing [38;2;177;186;249mORCH_STAGE_COMPLETE[39m runner
  infrastructure the plan described. Let me verify the README's specific
  claims against [38;2;177;186;249mpty.go[39m, the term files, and run the validation suite.

[48;2;45;43;85m[38;2;228;204;255m [1m⌘ [22m[38;2;110;97;163mConst[38;2;165;153;233mr[38;2;228;204;255mu[38;2;171;165;206mc[38;2;204;199;225mt[38;2;255;255;255mi[38;2;234;218;255mn[38;2;171;165;206mg[38;2;228;204;255m… [39m[49m [1m[38;2;138;148;168mesc[39m[22m [38;2;138;148;168mto interrupt[39m [38;2;138;148;168m•[39m [38;2;138;148;168m18s[39m [38;2;138;148;168m•[39m [38;2;138;148;168m↓[39m [38;2;138;148;168m14.6k[39m
[38;2;138;148;168m────────────────────────────────────────────────────────────────────────────────[39m
❯ [7mA[27m[38;2;138;148;168msk your question...[39m
[38;2;138;148;168m────────────────────────────────────────────────────────────────────────────────[39m
  [38;2;138;148;168m? for shortcuts · [38;2;2;136;142mtaste on[39m



[?2026l[?2026h[2K[1A[2K[1A[2K[1A[2K[1A[2K[1A[2K[1A[2K[1A[2K[1A[2K[1A[2K[1A[2K[1A[2K[1A[2K[G[38;2;165;153;233m⠶[39m Go diff matches the pre-existing [38;2;177;186;249mORCH_STAGE_COMPLETE[39m runner
  infrastructure the plan described. Let me verify the README's specific
  claims against [38;2;177;186;249mpty.go[39m, the term files, and run the validation suite.

[48;2;45;43;85m[38;2;228;204;255m [1m⌘ [22m[38;2;110;97;163mConstr[38;2;165;153;233mu[38;2;228;204;255mc[38;2;171;165;206mt[38;2;204;199;225mi[38;2;255;255;255mn[38;2;234;218;255mg[38;2;171;165;206m…[38;2;228;204;255m [39m[49m [1m[38;2;138;148;168mesc[39m[22m [38;2;138;148;168mto interrupt[39m [38;2;138;148;168m•[39m [38;2;138;148;168m18s[39m [38;2;138;148;168m•[39m [38;2;138;148;168m↓[39m [38;2;138;148;168m14.6k[39m
[38;2;138;148;168m────────────────────────────────────────────────────────────────────────────────[39m
❯ [7mA[27m[38;2;138;148;168msk your question...[39m
[38;2;138;148;168m────────────────────────────────────────────────────────────────────────────────[39m
  [38;2;138;148;168m? for shortcuts · [38;2;2;136;142mtaste on[39m



[?2026l[?2026h[2K[1A[2K[1A[2K[1A[2K[1A[2K[1A[2K[1A[2K[1A[2K[1A[2K[1A[2K[1A[2K[1A[2K[1A[2K[G[38;2;165;153;233m⠶[39m Go diff matches the pre-existing [38;2;177;186;249mORCH_STAGE_COMPLETE[39m runner
  infrastructure the plan described. Let me verify the README's specific
  claims against [38;2;177;186;249mpty.go[39m, the term files, and run the validation suite.

[48;2;45;43;85m[38;2;228;204;255m [1m⌘ [22m[38;2;110;97;163mConstru[38;2;165;153;233mc[38;2;228;204;255mt[38;2;171;165;206mi[38;2;204;199;225mn[38;2;255;255;255mg[38;2;234;218;255m…[38;2;228;204;255m [39m[49m [1m[38;2;138;148;168mesc[39m[22m [38;2;138;148;168mto interrupt[39m [38;2;138;148;168m•[39m [38;2;138;148;168m18s[39m [38;2;138;148;168m•[39m [38;2;138;148;168m↓[39m [38;2;138;148;168m14.6k[39m
[38;2;138;148;168m────────────────────────────────────────────────────────────────────────────────[39m
❯ [7mA[27m[38;2;138;148;168msk your question...[39m
[38;2;138;148;168m────────────────────────────────────────────────────────────────────────────────[39m
  [38;2;138;148;168m? for shortcuts · [38;2;2;136;142mtaste on[39m



[?2026l[?2026h[2K[1A[2K[1A[2K[1A[2K[1A[2K[1A[2K[1A[2K[1A[2K[1A[2K[1A[2K[1A[2K[1A[2K[1A[2K[G[38;2;165;153;233m⠶[39m Go diff matches the pre-existing [38;2;177;186;249mORCH_STAGE_COMPLETE[39m runner
  infrastructure the plan described. Let me verify the README's specific
  claims against [38;2;177;186;249mpty.go[39m, the term files, and run the validation suite.

[48;2;45;43;85m[38;2;228;204;255m [1m⌘ [22m[38;2;110;97;163mConstru[38;2;165;153;233mc[38;2;228;204;255mt[38;2;171;165;206mi[38;2;204;199;225mn[38;2;255;255;255mg[38;2;234;218;255m…[38;2;228;204;255m [39m[49m [1m[38;2;138;148;168mesc[39m[22m [38;2;138;148;168mto interrupt[39m [38;2;138;148;168m•[39m [38;2;138;148;168m19s[39m [38;2;138;148;168m•[39m [38;2;138;148;168m↓[39m [38;2;138;148;168m14.6k[39m
[38;2;138;148;168m────────────────────────────────────────────────────────────────────────────────[39m
❯ [7mA[27m[38;2;138;148;168msk your question...[39m
[38;2;138;148;168m────────────────────────────────────────────────────────────────────────────────[39m
  [38;2;138;148;168m? for shortcuts · [38;2;2;136;142mtaste on[39m



[?2026l[?2026h[2K[1A[2K[1A[2K[1A[2K[1A[2K[1A[2K[1A[2K[1A[2K[1A[2K[1A[2K[1A[2K[1A[2K[1A[2K[G[38;2;165;153;233m⠶[39m Go diff matches the pre-existing [38;2;177;186;249mORCH_STAGE_COMPLETE[39m runner
  infrastructure the plan described. Let me verify the README's specific
  claims against [38;2;177;186;249mpty.go[39m, the term files, and run the validation suite.

[48;2;45;43;85m[38;2;228;204;255m [1m○ [22m[38;2;110;97;163mConstruc[38;2;165;153;233mt[38;2;228;204;255mi[38;2;171;165;206mn[38;2;204;199;225mg[38;2;255;255;255m…[38;2;228;204;255m [39m[49m [1m[38;2;138;148;168mesc[39m[22m [38;2;138;148;168mto interrupt[39m [38;2;138;148;168m•[39m [38;2;138;148;168m19s[39m [38;2;138;148;168m•[39m [38;2;138;148;168m↓[39m [38;2;138;148;168m14.6k[39m
[38;2;138;148;168m────────────────────────────────────────────────────────────────────────────────[39m
❯ [7mA[27m[38;2;138;148;168msk your question...[39m
[38;2;138;148;168m────────────────────────────────────────────────────────────────────────────────[39m
  [38;2;138;148;168m? for shortcuts · [38;2;2;136;142mtaste on[39m



[?2026l[?2026h[2K[1A[2K[1A[2K[1A[2K[1A[2K[1A[2K[1A[2K[1A[2K[1A[2K[1A[2K[1A[2K[1A[2K[1A[2K[G[38;2;165;153;233m⠶[39m Go diff matches the pre-existing [38;2;177;186;249mORCH_STAGE_COMPLETE[39m runner
  infrastructure the plan described. Let me verify the README's specific
  claims against [38;2;177;186;249mpty.go[39m, the term files, and run the validation suite.

[48;2;45;43;85m[38;2;228;204;255m [1m◇ [22m[38;2;110;97;163mConstruct[38;2;165;153;233mi[38;2;228;204;255mn[38;2;171;165;206mg[38;2;204;199;225m…[38;2;228;204;255m [39m[49m [1m[38;2;138;148;168mesc[39m[22m [38;2;138;148;168mto interrupt[39m [38;2;138;148;168m•[39m [38;2;138;148;168m19s[39m [38;2;138;148;168m•[39m [38;2;138;148;168m↓[39m [38;2;138;148;168m14.6k[39m
[38;2;138;148;168m────────────────────────────────────────────────────────────────────────────────[39m
❯ [7mA[27m[38;2;138;148;168msk your question...[39m
[38;2;138;148;168m────────────────────────────────────────────────────────────────────────────────[39m
  [38;2;138;148;168m? for shortcuts · [38;2;2;136;142mtaste on[39m



[?2026l[?2026h[2K[1A[2K[1A[2K[1A[2K[1A[2K[1A[2K[1A[2K[1A[2K[1A[2K[1A[2K[1A[2K[1A[2K[1A[2K[G[38;2;165;153;233m⠶[39m Go diff matches the pre-existing [38;2;177;186;249mORCH_STAGE_COMPLETE[39m runner
  infrastructure the plan described. Let me verify the README's specific
  claims against [38;2;177;186;249mpty.go[39m, the term files, and run the validation suite.

[48;2;45;43;85m[38;2;228;204;255m [1m☆ [22m[38;2;110;97;163mConstructi[38;2;165;153;233mn[38;2;228;204;255mg[38;2;171;165;206m…[38;2;228;204;255m [39m[49m [1m[38;2;138;148;168mesc[39m[22m [38;2;138;148;168mto interrupt[39m [38;2;138;148;168m•[39m [38;2;138;148;168m19s[39m [38;2;138;148;168m•[39m [38;2;138;148;168m↓[39m [38;2;138;148;168m14.6k[39m
[38;2;138;148;168m────────────────────────────────────────────────────────────────────────────────[39m
❯ [7mA[27m[38;2;138;148;168msk your question...[39m
[38;2;138;148;168m────────────────────────────────────────────────────────────────────────────────[39m
  [38;2;138;148;168m? for shortcuts · [38;2;2;136;142mtaste on[39m



[?2026l[?2026h[2K[1A[2K[1A[2K[1A[2K[1A[2K[1A[2K[1A[2K[1A[2K[1A[2K[1A[2K[1A[2K[1A[2K[1A[2K[G[38;2;165;153;233m⠶[39m Go diff matches the pre-existing [38;2;177;186;249mORCH_STAGE_COMPLETE[39m runner
  infrastructure the plan described. Let me verify the README's specific
  claims against [38;2;177;186;249mpty.go[39m, the term files, and run the validation suite.

[48;2;45;43;85m[38;2;228;204;255m [1m✧ [22m[38;2;110;97;163mConstructin[38;2;165;153;233mg[38;2;228;204;255m… [39m[49m [1m[38;2;138;148;168mesc[39m[22m [38;2;138;148;168mto interrupt[39m [38;2;138;148;168m•[39m [38;2;138;148;168m19s[39m [38;2;138;148;168m•[39m [38;2;138;148;168m↓[39m [38;2;138;148;168m14.6k[39m
[38;2;138;148;168m────────────────────────────────────────────────────────────────────────────────[39m
❯ [7mA[27m[38;2;138;148;168msk your question...[39m
[38;2;138;148;168m────────────────────────────────────────────────────────────────────────────────[39m
  [38;2;138;148;168m? for shortcuts · [38;2;2;136;142mtaste on[39m



[?2026l[?2026h[2K[1A[2K[1A[2K[1A[2K[1A[2K[1A[2K[1A[2K[1A[2K[1A[2K[1A[2K[1A[2K[1A[2K[1A[2K[G[38;2;165;153;233m⠶[39m Go diff matches the pre-existing [38;2;177;186;249mORCH_STAGE_COMPLETE[39m runner
  infrastructure the plan described. Let me verify the README's specific
  claims against [38;2;177;186;249mpty.go[39m, the term files, and run the validation suite.

[?2026h[48;2;45;43;85m[38;2;228;204;255m [1m✧ [22m[38;2;110;97;163mConstructin[38;2;165;153;233mg[38;2;228;204;255m… [39m[49m [1m[38;2;138;148;168mesc[39m[22m [38;2;138;148;168mto interrupt[39m [38;2;138;148;168m•[39m [38;2;138;148;168m19s[39m [38;2;138;148;168m•[39m [38;2;138;148;168m↓[39m [38;2;138;148;168m14.6k[39m
[38;2;138;148;168m────────────────────────────────────────────────────────────────────────────────[39m
❯ [7mA[27m[38;2;138;148;168msk your question...[39m
[38;2;138;148;168m────────────────────────────────────────────────────────────────────────────────[39m
  [38;2;138;148;168m? for shortcuts · [38;2;2;136;142mtaste on[39m



[?2026l[?2026l[?2026h[2K[1A[2K[1A[2K[1A[2K[1A[2K[1A[2K[1A[2K[1A[2K[1A[2K[G[48;2;45;43;85m[38;2;228;204;255m [1m☆ [22m[38;2;110;97;163mConstructing[38;2;165;153;233m…[38;2;228;204;255m [39m[49m [1m[38;2;138;148;168mesc[39m[22m [38;2;138;148;168mto interrupt[39m [38;2;138;148;168m•[39m [38;2;138;148;168m19s[39m [38;2;138;148;168m•[39m [38;2;138;148;168m↓[39m [38;2;138;148;168m14.7k[39m
[38;2;138;148;168m────────────────────────────────────────────────────────────────────────────────[39m
❯ [7mA[27m[38;2;138;148;168msk your question...[39m
[38;2;138;148;168m────────────────────────────────────────────────────────────────────────────────[39m
  [38;2;138;148;168m? for shortcuts · [38;2;2;136;142mtaste on[39m



[?2026l[?2026h[2K[1A[2K[1A[2K[1A[2K[1A[2K[1A[2K[1A[2K[1A[2K[1A[2K[G
[38;2;76;85;106m────────────────────────────────────────────────────────────────────────────────[39m

[1m[38;2;228;204;255mExecute Shell Command[39m[22m
[38;2;138;148;168mCommand Code needs to execute [38;2;228;204;255mcd /Users/najmiraihan/Developer/orch-go && gofmt [39m
[38;2;228;204;255m-l . && echo "GOFMT_CLEAN" && go vet ./... && echo "VET_OK" && go test -count=1 [39m
[38;2;228;204;255m./... && echo "TEST_OK"[38;2;138;148;168m.[39m

[3m[38;2;138;148;168mPress [1m[38;2;53;61;80m[[38;2;138;148;168mctrl+e[38;2;53;61;80m][22m[38;2;138;148;168m to explain this command[39m[23m

[38;2;228;204;255m❯ 1. Yes[39m
[38;2;138;148;168m [38;2;229;229;229m 2. Yes, don't ask again for `gofmt`, `go` commands in this project[39m
[38;2;138;148;168m [38;2;229;229;229m 3. No, tell Command Code what to do differently[39m

[3m[38;2;138;148;168m↑/↓ navigate · enter select · ctrl+e explain · Run [38;2;229;229;229mcmd --yolo[38;2;138;148;168m to bypass all [39m[23m
[3m[38;2;138;148;168mpermissions (]8;;https://commandcode.ai/docs/permissions#permission-modesDocs ↗]8;;)[39m[23m

[?2026l]0;⌘ Command Code · orch-go · deepseek-v4-flash-(latest)]2;⌘ Command Code · orch-go · deepseek-v4-flash-(latest)[?2026h[2K[1A[2K[1A[2K[1A[2K[1A[2K[1A[2K[1A[2K[1A[2K[1A[2K[1A[2K[1A[2K[1A[2K[1A[2K[1A[2K[1A[2K[1A[2K[1A[2K[1A[2K[G[48;2;45;43;85m[38;2;228;204;255m [1m· [22m[38;2;234;218;255mS[38;2;171;165;206mh[38;2;228;204;255me[38;2;165;153;233ml[38;2;110;97;163ml command allowed[38;2;228;204;255m [39m[49m [1m[38;2;138;148;168mesc[39m[22m [38;2;138;148;168mto interrupt[39m [38;2;138;148;168m•[39m [38;2;138;148;168m22s[39m [38;2;138;148;168m•[39m [38;2;138;148;168m↓[39m [38;2;138;148;168m14.7k[39m
 [38;2;138;148;168m ⎿  Tip: Use shift+tab to enable auto-accept[39m
[38;2;138;148;168m────────────────────────────────────────────────────────────────────────────────[39m
❯ [7mA[27m[38;2;138;148;168msk your question...[39m
[38;2;138;148;168m────────────────────────────────────────────────────────────────────────────────[39m
  [38;2;138;148;168m? for shortcuts · [38;2;2;136;142mtaste on[39m



[?2026l[?2026h[2K[1A[2K[1A[2K[1A[2K[1A[2K[1A[2K[1A[2K[1A[2K[1A[2K[1A[2K[G
[38;2;76;85;106m────────────────────────────────────────────────────────────────────────────────[39m

[1m[38;2;228;204;255mExecute Shell Command[39m[22m
[38;2;138;148;168mCommand Code needs to execute [38;2;228;204;255mcd /Users/najmiraihan/Developer/orch-go && git [39m
[38;2;228;204;255mdiff -- '*.go' | shasum && echo "---" && git diff --stat[38;2;138;148;168m.[39m

[3m[38;2;138;148;168mPress [1m[38;2;53;61;80m[[38;2;138;148;168mctrl+e[38;2;53;61;80m][22m[38;2;138;148;168m to explain this command[39m[23m

[38;2;228;204;255m❯ 1. Yes[39m
[38;2;138;148;168m [38;2;229;229;229m 2. Yes, don't ask again for `shasum` commands in this project[39m
[38;2;138;148;168m [38;2;229;229;229m 3. No, tell Command Code what to do differently[39m

[3m[38;2;138;148;168m↑/↓ navigate · enter select · ctrl+e explain · Run [38;2;229;229;229mcmd --yolo[38;2;138;148;168m to bypass all [39m[23m
[3m[38;2;138;148;168mpermissions (]8;;https://commandcode.ai/docs/permissions#permission-modesDocs ↗]8;;)[39m[23m

[?2026l]0;⌘ Command Code · orch-go · deepseek-v4-flash-(latest)]2;⌘ Command Code · orch-go · deepseek-v4-flash-(latest)]0;⌘ Command Code · orch-go · deepseek-v4-flash-(latest)]2;⌘ Command Code · orch-go · deepseek-v4-flash-(latest)]0;⌘ Command Code · orch-go · deepseek-v4-flash-(latest)]2;⌘ Command Code · orch-go · deepseek-v4-flash-(latest)]0;⌘ Command Code · orch-go · deepseek-v4-flash-(latest)]2;⌘ Command Code · orch-go · deepseek-v4-flash-(latest)]0;⌘ Command Code · orch-go · deepseek-v4-flash-(latest)]2;⌘ Command Code · orch-go · deepseek-v4-flash-(latest)]0;⌘ Command Code · orch-go · deepseek-v4-flash-(latest)]2;⌘ Command Code · orch-go · deepseek-v4-flash-(latest)]0;⌘ Command Code · orch-go · deepseek-v4-flash-(latest)]2;⌘ Command Code · orch-go · deepseek-v4-flash-(latest)[?2026h[2K[1A[2K[1A[2K[1A[2K[1A[2K[1A[2K[1A[2K[1A[2K[1A[2K[1A[2K[1A[2K[1A[2K[1A[2K[1A[2K[1A[2K[1A[2K[1A[2K[G[48;2;45;43;85m[38;2;228;204;255m [1m· [22m[38;2;234;218;255mS[38;2;171;165;206mh[38;2;228;204;255me[38;2;165;153;233ml[38;2;110;97;163ml command allowed[38;2;228;204;255m [39m[49m [1m[38;2;138;148;168mesc[39m[22m [38;2;138;148;168mto interrupt[39m [38;2;138;148;168m•[39m [38;2;138;148;168m57s[39m [38;2;138;148;168m•[39m [38;2;138;148;168m↓[39m [38;2;138;148;168m14.7k[39m
 [38;2;138;148;168m ⎿  Tip: Use shift+tab to enable auto-accept[39m
[38;2;138;148;168m────────────────────────────────────────────────────────────────────────────────[39m
❯ [7mA[27m[38;2;138;148;168msk your question...[39m
[38;2;138;148;168m────────────────────────────────────────────────────────────────────────────────[39m
  [38;2;138;148;168m? for shortcuts · [38;2;2;136;142mtaste on[39m



[?2026l[?2026h[2K[1A[2K[1A[2K[1A[2K[1A[2K[1A[2K[1A[2K[1A[2K[1A[2K[1A[2K[G[1m[48;2;89;69;177m[38;2;244;244;244m READ [39m[49m[22m [38;2;53;61;80m[[39mpty.go[38;2;53;61;80m][39m[2m 218 lines[22m

[?2026h[1m[48;2;89;69;177m[38;2;244;244;244m READ [39m[49m[22m [38;2;53;61;80m[[39mterm_darwin.go, term_other.go[38;2;53;61;80m][39m
 [38;2;138;148;168m└ [39m [38;2;138;148;168mProcessing…[39m

[1m[48;2;89;69;177m[38;2;244;244;244m SHELL [39m[49m[22m [38;2;53;61;80m[[39mcd ~/Developer/orch-go && ...[38;2;53;61;80m][39m
 [38;2;138;148;168m└ [39m [38;2;138;148;168mProcessing…[39m

[1m[48;2;89;69;177m[38;2;244;244;244m SHELL [39m[49m[22m [38;2;53;61;80m[[39mcd ~/Developer/orch-go && git diff -- '*.go' | shasum && echo
       "---" && git diff --stat[38;2;53;61;80m][39m
 [38;2;138;148;168m└ [39m [38;2;138;148;168mProcessing…[39m

[48;2;45;43;85m[38;2;228;204;255m [1m· [22m[38;2;234;218;255mS[38;2;171;165;206mh[38;2;228;204;255me[38;2;165;153;233ml[38;2;110;97;163ml command allowed[38;2;228;204;255m [39m[49m [1m[38;2;138;148;168mesc[39m[22m [38;2;138;148;168mto interrupt[39m [38;2;138;148;168m•[39m [38;2;138;148;168m57s[39m [38;2;138;148;168m•[39m [38;2;138;148;168m↓[39m [38;2;138;148;168m14.7k[39m
 [38;2;138;148;168m ⎿  Tip: Use shift+tab to enable auto-accept[39m
[38;2;138;148;168m────────────────────────────────────────────────────────────────────────────────[39m
❯ [7mA[27m[38;2;138;148;168msk your question...[39m
[38;2;138;148;168m────────────────────────────────────────────────────────────────────────────────[39m
  [38;2;138;148;168m? for shortcuts · [38;2;2;136;142mtaste on[39m



[?2026l[?2026l[?2026h[2K[1A[2K[1A[2K[1A[2K[1A[2K[1A[2K[1A[2K[1A[2K[1A[2K[1A[2K[1A[2K[1A[2K[1A[2K[1A[2K[1A[2K[1A[2K[1A[2K[1A[2K[1A[2K[1A[2K[G[1m[48;2;89;69;177m[38;2;244;244;244m READ[2] [39m[49m[22m [38;2;53;61;80m[[39mterm_darwin.go, term_other.go[38;2;53;61;80m][39m

[?2026h[1m[48;2;89;69;177m[38;2;244;244;244m SHELL [39m[49m[22m [38;2;53;61;80m[[39mcd ~/Developer/orch-go && ...[38;2;53;61;80m][39m
 [38;2;138;148;168m└ [39m [38;2;138;148;168mProcessing…[39m

[1m[48;2;89;69;177m[38;2;244;244;244m SHELL [39m[49m[22m [38;2;53;61;80m[[39mcd ~/Developer/orch-go && git diff -- '*.go' | shasum && echo
       "---" && git diff --stat[38;2;53;61;80m][39m
 [38;2;138;148;168m└ [39m [38;2;138;148;168mProcessing…[39m

[48;2;45;43;85m[38;2;228;204;255m [1m· [22m[38;2;234;218;255mS[38;2;171;165;206mh[38;2;228;204;255me[38;2;165;153;233ml[38;2;110;97;163ml command allowed[38;2;228;204;255m [39m[49m [1m[38;2;138;148;168mesc[39m[22m [38;2;138;148;168mto interrupt[39m [38;2;138;148;168m•[39m [38;2;138;148;168m57s[39m [38;2;138;148;168m•[39m [38;2;138;148;168m↓[39m [38;2;138;148;168m14.7k[39m
 [38;2;138;148;168m ⎿  Tip: Use shift+tab to enable auto-accept[39m
[38;2;138;148;168m────────────────────────────────────────────────────────────────────────────────[39m
❯ [7mA[27m[38;2;138;148;168msk your question...[39m
[38;2;138;148;168m────────────────────────────────────────────────────────────────────────────────[39m
  [38;2;138;148;168m? for shortcuts · [38;2;2;136;142mtaste on[39m



[?2026l[?2026l[?2026h[2K[1A[2K[1A[2K[1A[2K[1A[2K[1A[2K[1A[2K[1A[2K[1A[2K[1A[2K[1A[2K[1A[2K[1A[2K[1A[2K[1A[2K[1A[2K[1A[2K[G[1m[48;2;89;69;177m[38;2;244;244;244m SHELL [39m[49m[22m [38;2;53;61;80m[[39mcd ~/Developer/orch-go && ...[38;2;53;61;80m][39m
 [38;2;138;148;168m│[39m GOFMT_CLEAN
 [38;2;138;148;168m└ [39m [38;2;138;148;168mProcessing…[39m

[1m[48;2;89;69;177m[38;2;244;244;244m SHELL [39m[49m[22m [38;2;53;61;80m[[39mcd ~/Developer/orch-go && git diff -- '*.go' | shasum && echo
       "---" && git diff --stat[38;2;53;61;80m][39m
 [38;2;138;148;168m└ [39m [38;2;138;148;168mProcessing…[39m

[48;2;45;43;85m[38;2;228;204;255m [1m· [22m[38;2;234;218;255mS[38;2;171;165;206mh[38;2;228;204;255me[38;2;165;153;233ml[38;2;110;97;163ml command allowed[38;2;228;204;255m [39m[49m [1m[38;2;138;148;168mesc[39m[22m [38;2;138;148;168mto interrupt[39m [38;2;138;148;168m•[39m [38;2;138;148;168m57s[39m [38;2;138;148;168m•[39m [38;2;138;148;168m↓[39m [38;2;138;148;168m14.7k[39m
 [38;2;138;148;168m ⎿  Tip: Use shift+tab to enable auto-accept[39m
[38;2;138;148;168m────────────────────────────────────────────────────────────────────────────────[39m
❯ [7mA[27m[38;2;138;148;168msk your question...[39m
[38;2;138;148;168m────────────────────────────────────────────────────────────────────────────────[39m
  [38;2;138;148;168m? for shortcuts · [38;2;2;136;142mtaste on[39m



[?2026l[?2026h[2K[1A[2K[1A[2K[1A[2K[1A[2K[1A[2K[1A[2K[1A[2K[1A[2K[1A[2K[1A[2K[1A[2K[1A[2K[1A[2K[1A[2K[1A[2K[1A[2K[1A[2K[G[1m[48;2;89;69;177m[38;2;244;244;244m SHELL [39m[49m[22m [38;2;53;61;80m[[39mcd ~/Developer/orch-go && ...[38;2;53;61;80m][39m
 [38;2;138;148;168m│[39m GOFMT_CLEAN
 [38;2;138;148;168m└ [39m [38;2;138;148;168mProcessing…[39m

[1m[48;2;89;69;177m[38;2;244;244;244m SHELL [39m[49m[22m [38;2;53;61;80m[[39mcd ~/Developer/orch-go && git diff -- '*.go' | shasum && echo
       "---" && git diff --stat[38;2;53;61;80m][39m
 [38;2;138;148;168m│[39m .commandcode/taste/taste/taste.md |   2 +
 [38;2;138;148;168m│[39m README.md                         |   9 +++-
 [38;2;138;148;168m│ [39m [38;2;138;148;168m... +8 lines [38;2;53;61;80m[[38;2;138;148;168mctrl+o to expand[38;2;53;61;80m][39m
 [38;2;138;148;168m└ [39m [38;2;138;148;168mProcessing…[39m

[48;2;45;43;85m[38;2;228;204;255m [1m· [22m[38;2;255;255;255mS[38;2;234;218;255mh[38;2;171;165;206me[38;2;228;204;255ml[38;2;165;153;233ml[38;2;110;97;163m command allowed[38;2;228;204;255m [39m[49m [1m[38;2;138;148;168mesc[39m[22m [38;2;138;148;168mto interrupt[39m [38;2;138;148;168m•[39m [38;2;138;148;168m57s[39m [38;2;138;148;168m•[39m [38;2;138;148;168m↓[39m [38;2;138;148;168m15.0k[39m
 [38;2;138;148;168m ⎿  Tip: Use shift+tab to enable auto-accept[39m
[38;2;138;148;168m────────────────────────────────────────────────────────────────────────────────[39m
❯ [7mA[27m[38;2;138;148;168msk your question...[39m
[38;2;138;148;168m────────────────────────────────────────────────────────────────────────────────[39m
  [38;2;138;148;168m? for shortcuts · [38;2;2;136;142mtaste on[39m



[?2026l[?2026h[2K[1A[2K[1A[2K[1A[2K[1A[2K[1A[2K[1A[2K[1A[2K[1A[2K[1A[2K[1A[2K[1A[2K[1A[2K[1A[2K[1A[2K[1A[2K[1A[2K[1A[2K[1A[2K[1A[2K[1A[2K[G[1m[48;2;89;69;177m[38;2;244;244;244m SHELL [39m[49m[22m [38;2;53;61;80m[[39mcd ~/Developer/orch-go && git diff -- '*.go' | shasum && echo
       "---" && git diff --stat[38;2;53;61;80m][39m
 [38;2;138;148;168m│[39m e546e7fbc63c6a4a787a966373e26c67ffda2997  -
 [38;2;138;148;168m│[39m ---
 [38;2;138;148;168m└ [39m [38;2;138;148;168m... +10 lines [38;2;53;61;80m[[38;2;138;148;168mctrl+o to expand[38;2;53;61;80m][39m

[?2026h[1m[48;2;89;69;177m[38;2;244;244;244m SHELL [39m[49m[22m [38;2;53;61;80m[[39mcd ~/Developer/orch-go && ...[38;2;53;61;80m][39m
 [38;2;138;148;168m│[39m GOFMT_CLEAN
 [38;2;138;148;168m└ [39m [38;2;138;148;168mProcessing…[39m

[48;2;45;43;85m[38;2;228;204;255m [1m· [22m[38;2;255;255;255mS[38;2;234;218;255mh[38;2;171;165;206me[38;2;228;204;255ml[38;2;165;153;233ml[38;2;110;97;163m command allowed[38;2;228;204;255m [39m[49m [1m[38;2;138;148;168mesc[39m[22m [38;2;138;148;168mto interrupt[39m [38;2;138;148;168m•[39m [38;2;138;148;168m57s[39m [38;2;138;148;168m•[39m [38;2;138;148;168m↓[39m [38;2;138;148;168m15.0k[39m
 [38;2;138;148;168m ⎿  Tip: Use shift+tab to enable auto-accept[39m
[38;2;138;148;168m────────────────────────────────────────────────────────────────────────────────[39m
❯ [7mA[27m[38;2;138;148;168msk your question...[39m
[38;2;138;148;168m────────────────────────────────────────────────────────────────────────────────[39m
  [38;2;138;148;168m? for shortcuts · [38;2;2;136;142mtaste on[39m



[?2026l[?2026l[?2026h[2K[1A[2K[1A[2K[1A[2K[1A[2K[1A[2K[1A[2K[1A[2K[1A[2K[1A[2K[1A[2K[1A[2K[1A[2K[1A[2K[G[1m[48;2;89;69;177m[38;2;244;244;244m SHELL [39m[49m[22m [38;2;53;61;80m[[39mcd ~/Developer/orch-go && ...[38;2;53;61;80m][39m
 [38;2;138;148;168m│[39m GOFMT_CLEAN
 [38;2;138;148;168m└ [39m [38;2;138;148;168mProcessing…[39m

[48;2;45;43;85m[38;2;228;204;255m [1m· [22m[38;2;204;199;225mS[38;2;255;255;255mh[38;2;234;218;255me[38;2;171;165;206ml[38;2;228;204;255ml[38;2;165;153;233m [38;2;110;97;163mcommand allowed[38;2;228;204;255m [39m[49m [1m[38;2;138;148;168mesc[39m[22m [38;2;138;148;168mto interrupt[39m [38;2;138;148;168m•[39m [38;2;138;148;168m57s[39m [38;2;138;148;168m•[39m [38;2;138;148;168m↓[39m [38;2;138;148;168m15.2k[39m
 [38;2;138;148;168m ⎿  Tip: Use shift+tab to enable auto-accept[39m
[38;2;138;148;168m────────────────────────────────────────────────────────────────────────────────[39m
❯ [7mA[27m[38;2;138;148;168msk your question...[39m
[38;2;138;148;168m────────────────────────────────────────────────────────────────────────────────[39m
  [38;2;138;148;168m? for shortcuts · [38;2;2;136;142mtaste on[39m



[?2026l[?2026h[2K[1A[2K[1A[2K[1A[2K[1A[2K[1A[2K[1A[2K[1A[2K[1A[2K[1A[2K[1A[2K[1A[2K[1A[2K[1A[2K[G[1m[48;2;89;69;177m[38;2;244;244;244m SHELL [39m[49m[22m [38;2;53;61;80m[[39mcd ~/Developer/orch-go && ...[38;2;53;61;80m][39m
 [38;2;138;148;168m│[39m GOFMT_CLEAN
 [38;2;138;148;168m└ [39m [38;2;138;148;168mProcessing…[39m

[48;2;45;43;85m[38;2;228;204;255m [1m○ [22m[38;2;171;165;206mS[38;2;204;199;225mh[38;2;255;255;255me[38;2;234;218;255ml[38;2;171;165;206ml[38;2;228;204;255m [38;2;165;153;233mc[38;2;110;97;163mommand allowed[38;2;228;204;255m [39m[49m [1m[38;2;138;148;168mesc[39m[22m [38;2;138;148;168mto interrupt[39m [38;2;138;148;168m•[39m [38;2;138;148;168m57s[39m [38;2;138;148;168m•[39m [38;2;138;148;168m↓[39m [38;2;138;148;168m15.4k[39m
 [38;2;138;148;168m ⎿  Tip: Use shift+tab to enable auto-accept[39m
[38;2;138;148;168m────────────────────────────────────────────────────────────────────────────────[39m
❯ [7mA[27m[38;2;138;148;168msk your question...[39m
[38;2;138;148;168m────────────────────────────────────────────────────────────────────────────────[39m
  [38;2;138;148;168m? for shortcuts · [38;2;2;136;142mtaste on[39m



[?2026l[?2026h[2K[1A[2K[1A[2K[1A[2K[1A[2K[1A[2K[1A[2K[1A[2K[1A[2K[1A[2K[1A[2K[1A[2K[1A[2K[1A[2K[G[1m[48;2;89;69;177m[38;2;244;244;244m SHELL [39m[49m[22m [38;2;53;61;80m[[39mcd ~/Developer/orch-go && ...[38;2;53;61;80m][39m
 [38;2;138;148;168m│[39m GOFMT_CLEAN
 [38;2;138;148;168m└ [39m [38;2;138;148;168mProcessing…[39m

[48;2;45;43;85m[38;2;228;204;255m [1m○ [22mS[38;2;171;165;206mh[38;2;204;199;225me[38;2;255;255;255ml[38;2;234;218;255ml[38;2;171;165;206m [38;2;228;204;255mc[38;2;165;153;233mo[38;2;110;97;163mmmand allowed[38;2;228;204;255m [39m[49m [1m[38;2;138;148;168mesc[39m[22m [38;2;138;148;168mto interrupt[39m [38;2;138;148;168m•[39m [38;2;138;148;168m57s[39m [38;2;138;148;168m•[39m [38;2;138;148;168m↓[39m [38;2;138;148;168m15.6k[39m
 [38;2;138;148;168m ⎿  Tip: Use shift+tab to enable auto-accept[39m
[38;2;138;148;168m────────────────────────────────────────────────────────────────────────────────[39m
❯ [7mA[27m[38;2;138;148;168msk your question...[39m
[38;2;138;148;168m────────────────────────────────────────────────────────────────────────────────[39m
  [38;2;138;148;168m? for shortcuts · [38;2;2;136;142mtaste on[39m



[?2026l[?2026h[2K[1A[2K[1A[2K[1A[2K[1A[2K[1A[2K[1A[2K[1A[2K[1A[2K[1A[2K[1A[2K[1A[2K[1A[2K[1A[2K[G[1m[48;2;89;69;177m[38;2;244;244;244m SHELL [39m[49m[22m [38;2;53;61;80m[[39mcd ~/Developer/orch-go && ...[38;2;53;61;80m][39m
 [38;2;138;148;168m│[39m GOFMT_CLEAN
 [38;2;138;148;168m└ [39m [38;2;138;148;168mProcessing…[39m

[48;2;45;43;85m[38;2;228;204;255m [1m◇ [22m[38;2;165;153;233mS[38;2;228;204;255mh[38;2;171;165;206me[38;2;204;199;225ml[38;2;255;255;255ml[38;2;234;218;255m [38;2;171;165;206mc[38;2;228;204;255mo[38;2;165;153;233mm[38;2;110;97;163mmand allowed[38;2;228;204;255m [39m[49m [1m[38;2;138;148;168mesc[39m[22m [38;2;138;148;168mto interrupt[39m [38;2;138;148;168m•[39m [38;2;138;148;168m57s[39m [38;2;138;148;168m•[39m [38;2;138;148;168m↓[39m [38;2;138;148;168m15.8k[39m
 [38;2;138;148;168m ⎿  Tip: Use shift+tab to enable auto-accept[39m
[38;2;138;148;168m────────────────────────────────────────────────────────────────────────────────[39m
❯ [7mA[27m[38;2;138;148;168msk your question...[39m
[38;2;138;148;168m────────────────────────────────────────────────────────────────────────────────[39m
  [38;2;138;148;168m? for shortcuts · [38;2;2;136;142mtaste on[39m



[?2026l[?2026h[2K[1A[2K[1A[2K[1A[2K[1A[2K[1A[2K[1A[2K[1A[2K[1A[2K[1A[2K[1A[2K[1A[2K[1A[2K[1A[2K[G[1m[48;2;89;69;177m[38;2;244;244;244m SHELL [39m[49m[22m [38;2;53;61;80m[[39mcd ~/Developer/orch-go && ...[38;2;53;61;80m][39m
 [38;2;138;148;168m│[39m GOFMT_CLEAN
 [38;2;138;148;168m└ [39m [38;2;138;148;168mProcessing…[39m

[48;2;45;43;85m[38;2;228;204;255m [1m☆ [22m[38;2;110;97;163mS[38;2;165;153;233mh[38;2;228;204;255me[38;2;171;165;206ml[38;2;204;199;225ml[38;2;255;255;255m [38;2;234;218;255mc[38;2;171;165;206mo[38;2;228;204;255mm[38;2;165;153;233mm[38;2;110;97;163mand allowed[38;2;228;204;255m [39m[49m [1m[38;2;138;148;168mesc[39m[22m [38;2;138;148;168mto interrupt[39m [38;2;138;148;168m•[39m [38;2;138;148;168m57s[39m [38;2;138;148;168m•[39m [38;2;138;148;168m↓[39m [38;2;138;148;168m15.9k[39m
 [38;2;138;148;168m ⎿  Tip: Use shift+tab to enable auto-accept[39m
[38;2;138;148;168m────────────────────────────────────────────────────────────────────────────────[39m
❯ [7mA[27m[38;2;138;148;168msk your question...[39m
[38;2;138;148;168m────────────────────────────────────────────────────────────────────────────────[39m
  [38;2;138;148;168m? for shortcuts · [38;2;2;136;142mtaste on[39m



[?2026l[?2026h[2K[1A[2K[1A[2K[1A[2K[1A[2K[1A[2K[1A[2K[1A[2K[1A[2K[1A[2K[1A[2K[1A[2K[1A[2K[1A[2K[G[1m[48;2;89;69;177m[38;2;244;244;244m SHELL [39m[49m[22m [38;2;53;61;80m[[39mcd ~/Developer/orch-go && ...[38;2;53;61;80m][39m
 [38;2;138;148;168m│[39m GOFMT_CLEAN
 [38;2;138;148;168m└ [39m [38;2;138;148;168mProcessing…[39m

[48;2;45;43;85m[38;2;228;204;255m [1m✧ [22m[38;2;110;97;163mSh[38;2;165;153;233me[38;2;228;204;255ml[38;2;171;165;206ml[38;2;204;199;225m [38;2;255;255;255mc[38;2;234;218;255mo[38;2;171;165;206mm[38;2;228;204;255mm[38;2;165;153;233ma[38;2;110;97;163mnd allowed[38;2;228;204;255m [39m[49m [1m[38;2;138;148;168mesc[39m[22m [38;2;138;148;168mto interrupt[39m [38;2;138;148;168m•[39m [38;2;138;148;168m57s[39m [38;2;138;148;168m•[39m [38;2;138;148;168m↓[39m [38;2;138;148;168m16.1k[39m
 [38;2;138;148;168m ⎿  Tip: Use shift+tab to enable auto-accept[39m
[38;2;138;148;168m────────────────────────────────────────────────────────────────────────────────[39m
❯ [7mA[27m[38;2;138;148;168msk your question...[39m
[38;2;138;148;168m────────────────────────────────────────────────────────────────────────────────[39m
  [38;2;138;148;168m? for shortcuts · [38;2;2;136;142mtaste on[39m



[?2026l[?2026h[2K[1A[2K[1A[2K[1A[2K[1A[2K[1A[2K[1A[2K[1A[2K[1A[2K[1A[2K[1A[2K[1A[2K[1A[2K[1A[2K[G[1m[48;2;89;69;177m[38;2;244;244;244m SHELL [39m[49m[22m [38;2;53;61;80m[[39mcd ~/Developer/orch-go && ...[38;2;53;61;80m][39m
 [38;2;138;148;168m│[39m VET_OK
 [38;2;138;148;168m└ [39m [38;2;138;148;168mProcessing…[39m

[48;2;45;43;85m[38;2;228;204;255m [1m✧ [22m[38;2;110;97;163mSh[38;2;165;153;233me[38;2;228;204;255ml[38;2;171;165;206ml[38;2;204;199;225m [38;2;255;255;255mc[38;2;234;218;255mo[38;2;171;165;206mm[38;2;228;204;255mm[38;2;165;153;233ma[38;2;110;97;163mnd allowed[38;2;228;204;255m [39m[49m [1m[38;2;138;148;168mesc[39m[22m [38;2;138;148;168mto interrupt[39m [38;2;138;148;168m•[39m [38;2;138;148;168m57s[39m [38;2;138;148;168m•[39m [38;2;138;148;168m↓[39m [38;2;138;148;168m16.1k[39m
 [38;2;138;148;168m ⎿  Tip: Use shift+tab to enable auto-accept[39m
[38;2;138;148;168m────────────────────────────────────────────────────────────────────────────────[39m
❯ [7mA[27m[38;2;138;148;168msk your question...[39m
[38;2;138;148;168m────────────────────────────────────────────────────────────────────────────────[39m
  [38;2;138;148;168m? for shortcuts · [38;2;2;136;142mtaste on[39m



[?2026l[?2026h[2K[1A[2K[1A[2K[1A[2K[1A[2K[1A[2K[1A[2K[1A[2K[1A[2K[1A[2K[1A[2K[1A[2K[1A[2K[1A[2K[G[1m[48;2;89;69;177m[38;2;244;244;244m SHELL [39m[49m[22m [38;2;53;61;80m[[39mcd ~/Developer/orch-go && ...[38;2;53;61;80m][39m
 [38;2;138;148;168m│[39m VET_OK
 [38;2;138;148;168m└ [39m [38;2;138;148;168mProcessing…[39m

[48;2;45;43;85m[38;2;228;204;255m [1m☆ [22m[38;2;110;97;163mShe[38;2;165;153;233ml[38;2;228;204;255ml[38;2;171;165;206m [38;2;204;199;225mc[38;2;255;255;255mo[38;2;234;218;255mm[38;2;171;165;206mm[38;2;228;204;255ma[38;2;165;153;233mn[38;2;110;97;163md allowed[38;2;228;204;255m [39m[49m [1m[38;2;138;148;168mesc[39m[22m [38;2;138;148;168mto interrupt[39m [38;2;138;148;168m•[39m [38;2;138;148;168m57s[39m [38;2;138;148;168m•[39m [38;2;138;148;168m↓[39m [38;2;138;148;168m16.2k[39m
 [38;2;138;148;168m ⎿  Tip: Use shift+tab to enable auto-accept[39m
[38;2;138;148;168m────────────────────────────────────────────────────────────────────────────────[39m
❯ [7mA[27m[38;2;138;148;168msk your question...[39m
[38;2;138;148;168m────────────────────────────────────────────────────────────────────────────────[39m
  [38;2;138;148;168m? for shortcuts · [38;2;2;136;142mtaste on[39m



[?2026l[?2026h[2K[1A[2K[1A[2K[1A[2K[1A[2K[1A[2K[1A[2K[1A[2K[1A[2K[1A[2K[1A[2K[1A[2K[1A[2K[1A[2K[G[1m[48;2;89;69;177m[38;2;244;244;244m SHELL [39m[49m[22m [38;2;53;61;80m[[39mcd ~/Developer/orch-go && ...[38;2;53;61;80m][39m
 [38;2;138;148;168m│[39m VET_OK
 [38;2;138;148;168m└ [39m [38;2;138;148;168mProcessing…[39m

[48;2;45;43;85m[38;2;228;204;255m [1m◇ [22m[38;2;110;97;163mShel[38;2;165;153;233ml[38;2;228;204;255m [38;2;171;165;206mc[38;2;204;199;225mo[38;2;255;255;255mm[38;2;234;218;255mm[38;2;171;165;206ma[38;2;228;204;255mn[38;2;165;153;233md[38;2;110;97;163m allowed[38;2;228;204;255m [39m[49m [1m[38;2;138;148;168mesc[39m[22m [38;2;138;148;168mto interrupt[39m [38;2;138;148;168m•[39m [38;2;138;148;168m57s[39m [38;2;138;148;168m•[39m [38;2;138;148;168m↓[39m [38;2;138;148;168m16.3k[39m
 [38;2;138;148;168m ⎿  Tip: Use shift+tab to enable auto-accept[39m
[38;2;138;148;168m────────────────────────────────────────────────────────────────────────────────[39m
❯ [7mA[27m[38;2;138;148;168msk your question...[39m
[38;2;138;148;168m────────────────────────────────────────────────────────────────────────────────[39m
  [38;2;138;148;168m? for shortcuts · [38;2;2;136;142mtaste on[39m



[?2026l[?2026h[2K[1A[2K[1A[2K[1A[2K[1A[2K[1A[2K[1A[2K[1A[2K[1A[2K[1A[2K[1A[2K[1A[2K[1A[2K[1A[2K[G[1m[48;2;89;69;177m[38;2;244;244;244m SHELL [39m[49m[22m [38;2;53;61;80m[[39mcd ~/Developer/orch-go && ...[38;2;53;61;80m][39m
 [38;2;138;148;168m│[39m VET_OK
 [38;2;138;148;168m└ [39m [38;2;138;148;168mProcessing…[39m

[48;2;45;43;85m[38;2;228;204;255m [1m○ [22m[38;2;110;97;163mShell[38;2;165;153;233m [38;2;228;204;255mc[38;2;171;165;206mo[38;2;204;199;225mm[38;2;255;255;255mm[38;2;234;218;255ma[38;2;171;165;206mn[38;2;228;204;255md[38;2;165;153;233m [38;2;110;97;163mallowed[38;2;228;204;255m [39m[49m [1m[38;2;138;148;168mesc[39m[22m [38;2;138;148;168mto interrupt[39m [38;2;138;148;168m•[39m [38;2;138;148;168m57s[39m [38;2;138;148;168m•[39m [38;2;138;148;168m↓[39m [38;2;138;148;168m16.4k[39m
 [38;2;138;148;168m ⎿  Tip: Use shift+tab to enable auto-accept[39m
[38;2;138;148;168m────────────────────────────────────────────────────────────────────────────────[39m
❯ [7mA[27m[38;2;138;148;168msk your question...[39m
[38;2;138;148;168m────────────────────────────────────────────────────────────────────────────────[39m
  [38;2;138;148;168m? for shortcuts · [38;2;2;136;142mtaste on[39m



[?2026l[?2026h[2K[1A[2K[1A[2K[1A[2K[1A[2K[1A[2K[1A[2K[1A[2K[1A[2K[1A[2K[1A[2K[1A[2K[1A[2K[1A[2K[G[1m[48;2;89;69;177m[38;2;244;244;244m SHELL [39m[49m[22m [38;2;53;61;80m[[39mcd ~/Developer/orch-go && ...[38;2;53;61;80m][39m
 [38;2;138;148;168m│[39m VET_OK
 [38;2;138;148;168m└ [39m [38;2;138;148;168mProcessing…[39m

[48;2;45;43;85m[38;2;228;204;255m [1m⌘ [22m[38;2;110;97;163mShell [38;2;165;153;233mc[38;2;228;204;255mo[38;2;171;165;206mm[38;2;204;199;225mm[38;2;255;255;255ma[38;2;234;218;255mn[38;2;171;165;206md[38;2;228;204;255m [38;2;165;153;233ma[38;2;110;97;163mllowed[38;2;228;204;255m [39m[49m [1m[38;2;138;148;168mesc[39m[22m [38;2;138;148;168mto interrupt[39m [38;2;138;148;168m•[39m [38;2;138;148;168m57s[39m [38;2;138;148;168m•[39m [38;2;138;148;168m↓[39m [38;2;138;148;168m16.5k[39m
 [38;2;138;148;168m ⎿  Tip: Use shift+tab to enable auto-accept[39m
[38;2;138;148;168m────────────────────────────────────────────────────────────────────────────────[39m
❯ [7mA[27m[38;2;138;148;168msk your question...[39m
[38;2;138;148;168m────────────────────────────────────────────────────────────────────────────────[39m
  [38;2;138;148;168m? for shortcuts · [38;2;2;136;142mtaste on[39m



[?2026l[?2026h[2K[1A[2K[1A[2K[1A[2K[1A[2K[1A[2K[1A[2K[1A[2K[1A[2K[1A[2K[1A[2K[1A[2K[1A[2K[1A[2K[G[1m[48;2;89;69;177m[38;2;244;244;244m SHELL [39m[49m[22m [38;2;53;61;80m[[39mcd ~/Developer/orch-go && ...[38;2;53;61;80m][39m
 [38;2;138;148;168m│[39m VET_OK
 [38;2;138;148;168m└ [39m [38;2;138;148;168mProcessing…[39m

[48;2;45;43;85m[38;2;228;204;255m [1m⌘ [22m[38;2;110;97;163mShell c[38;2;165;153;233mo[38;2;228;204;255mm[38;2;171;165;206mm[38;2;204;199;225ma[38;2;255;255;255mn[38;2;234;218;255md[38;2;171;165;206m [38;2;228;204;255ma[38;2;165;153;233ml[38;2;110;97;163mlowed[38;2;228;204;255m [39m[49m [1m[38;2;138;148;168mesc[39m[22m [38;2;138;148;168mto interrupt[39m [38;2;138;148;168m•[39m [38;2;138;148;168m57s[39m [38;2;138;148;168m•[39m [38;2;138;148;168m↓[39m [38;2;138;148;168m16.6k[39m
 [38;2;138;148;168m ⎿  Tip: Use shift+tab to enable auto-accept[39m
[38;2;138;148;168m────────────────────────────────────────────────────────────────────────────────[39m
❯ [7mA[27m[38;2;138;148;168msk your question...[39m
[38;2;138;148;168m────────────────────────────────────────────────────────────────────────────────[39m
  [38;2;138;148;168m? for shortcuts · [38;2;2;136;142mtaste on[39m



[?2026l[?2026h[2K[1A[2K[1A[2K[1A[2K[1A[2K[1A[2K[1A[2K[1A[2K[1A[2K[1A[2K[1A[2K[1A[2K[1A[2K[1A[2K[G[1m[48;2;89;69;177m[38;2;244;244;244m SHELL [39m[49m[22m [38;2;53;61;80m[[39mcd ~/Developer/orch-go && ...[38;2;53;61;80m][39m
 [38;2;138;148;168m│[39m VET_OK
 [38;2;138;148;168m└ [39m [38;2;138;148;168mProcessing…[39m

[48;2;45;43;85m[38;2;228;204;255m [1m⌘ [22m[38;2;110;97;163mShell co[38;2;165;153;233mm[38;2;228;204;255mm[38;2;171;165;206ma[38;2;204;199;225mn[38;2;255;255;255md[38;2;234;218;255m [38;2;171;165;206ma[38;2;228;204;255ml[38;2;165;153;233ml[38;2;110;97;163mowed[38;2;228;204;255m [39m[49m [1m[38;2;138;148;168mesc[39m[22m [38;2;138;148;168mto interrupt[39m [38;2;138;148;168m•[39m [38;2;138;148;168m58s[39m [38;2;138;148;168m•[39m [38;2;138;148;168m↓[39m [38;2;138;148;168m16.6k[39m
 [38;2;138;148;168m ⎿  Tip: Use shift+tab to enable auto-accept[39m
[38;2;138;148;168m────────────────────────────────────────────────────────────────────────────────[39m
❯ [7mA[27m[38;2;138;148;168msk your question...[39m
[38;2;138;148;168m────────────────────────────────────────────────────────────────────────────────[39m
  [38;2;138;148;168m? for shortcuts · [38;2;2;136;142mtaste on[39m



[?2026l[?2026h[2K[1A[2K[1A[2K[1A[2K[1A[2K[1A[2K[1A[2K[1A[2K[1A[2K[1A[2K[1A[2K[1A[2K[1A[2K[1A[2K[G[1m[48;2;89;69;177m[38;2;244;244;244m SHELL [39m[49m[22m [38;2;53;61;80m[[39mcd ~/Developer/orch-go && ...[38;2;53;61;80m][39m
 [38;2;138;148;168m│[39m VET_OK
 [38;2;138;148;168m└ [39m [38;2;138;148;168mProcessing…[39m

[48;2;45;43;85m[38;2;228;204;255m [1m⌘ [22m[38;2;110;97;163mShell com[38;2;165;153;233mm[38;2;228;204;255ma[38;2;171;165;206mn[38;2;204;199;225md[38;2;255;255;255m [38;2;234;218;255ma[38;2;171;165;206ml[38;2;228;204;255ml[38;2;165;153;233mo[38;2;110;97;163mwed[38;2;228;204;255m [39m[49m [1m[38;2;138;148;168mesc[39m[22m [38;2;138;148;168mto interrupt[39m [38;2;138;148;168m•[39m [38;2;138;148;168m58s[39m [38;2;138;148;168m•[39m [38;2;138;148;168m↓[39m [38;2;138;148;168m16.7k[39m
 [38;2;138;148;168m ⎿  Tip: Use shift+tab to enable auto-accept[39m
[38;2;138;148;168m────────────────────────────────────────────────────────────────────────────────[39m
❯ [7mA[27m[38;2;138;148;168msk your question...[39m
[38;2;138;148;168m────────────────────────────────────────────────────────────────────────────────[39m
  [38;2;138;148;168m? for shortcuts · [38;2;2;136;142mtaste on[39m



[?2026l[?2026h[2K[1A[2K[1A[2K[1A[2K[1A[2K[1A[2K[1A[2K[1A[2K[1A[2K[1A[2K[1A[2K[1A[2K[1A[2K[1A[2K[G[1m[48;2;89;69;177m[38;2;244;244;244m SHELL [39m[49m[22m [38;2;53;61;80m[[39mcd ~/Developer/orch-go && ...[38;2;53;61;80m][39m
 [38;2;138;148;168m│[39m VET_OK
 [38;2;138;148;168m└ [39m [38;2;138;148;168mProcessing…[39m

[48;2;45;43;85m[38;2;228;204;255m [1m○ [22m[38;2;110;97;163mShell comm[38;2;165;153;233ma[38;2;228;204;255mn[38;2;171;165;206md[38;2;204;199;225m [38;2;255;255;255ma[38;2;234;218;255ml[38;2;171;165;206ml[38;2;228;204;255mo[38;2;165;153;233mw[38;2;110;97;163med[38;2;228;204;255m [39m[49m [1m[38;2;138;148;168mesc[39m[22m [38;2;138;148;168mto interrupt[39m [38;2;138;148;168m•[39m [38;2;138;148;168m58s[39m [38;2;138;148;168m•[39m [38;2;138;148;168m↓[39m [38;2;138;148;168m16.8k[39m
 [38;2;138;148;168m ⎿  Tip: Use shift+tab to enable auto-accept[39m
[38;2;138;148;168m────────────────────────────────────────────────────────────────────────────────[39m
❯ [7mA[27m[38;2;138;148;168msk your question...[39m
[38;2;138;148;168m────────────────────────────────────────────────────────────────────────────────[39m
  [38;2;138;148;168m? for shortcuts · [38;2;2;136;142mtaste on[39m



[?2026l[?2026h[2K[1A[2K[1A[2K[1A[2K[1A[2K[1A[2K[1A[2K[1A[2K[1A[2K[1A[2K[1A[2K[1A[2K[1A[2K[1A[2K[G[1m[48;2;89;69;177m[38;2;244;244;244m SHELL [39m[49m[22m [38;2;53;61;80m[[39mcd ~/Developer/orch-go && ...[38;2;53;61;80m][39m
 [38;2;138;148;168m│[39m VET_OK
 [38;2;138;148;168m└ [39m [38;2;138;148;168mProcessing…[39m

[48;2;45;43;85m[38;2;228;204;255m [1m◇ [22m[38;2;110;97;163mShell comma[38;2;165;153;233mn[38;2;228;204;255md[38;2;171;165;206m [38;2;204;199;225ma[38;2;255;255;255ml[38;2;234;218;255ml[38;2;171;165;206mo[38;2;228;204;255mw[38;2;165;153;233me[38;2;110;97;163md[38;2;228;204;255m [39m[49m [1m[38;2;138;148;168mesc[39m[22m [38;2;138;148;168mto interrupt[39m [38;2;138;148;168m•[39m [38;2;138;148;168m58s[39m [38;2;138;148;168m•[39m [38;2;138;148;168m↓[39m [38;2;138;148;168m16.8k[39m
 [38;2;138;148;168m ⎿  Tip: Use shift+tab to enable auto-accept[39m
[38;2;138;148;168m────────────────────────────────────────────────────────────────────────────────[39m
❯ [7mA[27m[38;2;138;148;168msk your question...[39m
[38;2;138;148;168m────────────────────────────────────────────────────────────────────────────────[39m
  [38;2;138;148;168m? for shortcuts · [38;2;2;136;142mtaste on[39m



[?2026l[?2026h[2K[1A[2K[1A[2K[1A[2K[1A[2K[1A[2K[1A[2K[1A[2K[1A[2K[1A[2K[1A[2K[1A[2K[1A[2K[1A[2K[G[1m[48;2;89;69;177m[38;2;244;244;244m SHELL [39m[49m[22m [38;2;53;61;80m[[39mcd ~/Developer/orch-go && ...[38;2;53;61;80m][39m
 [38;2;138;148;168m│[39m VET_OK
 [38;2;138;148;168m└ [39m [38;2;138;148;168mProcessing…[39m

[48;2;45;43;85m[38;2;228;204;255m [1m☆ [22m[38;2;110;97;163mShell comman[38;2;165;153;233md[38;2;228;204;255m [38;2;171;165;206ma[38;2;204;199;225ml[38;2;255;255;255ml[38;2;234;218;255mo[38;2;171;165;206mw[38;2;228;204;255me[38;2;165;153;233md[38;2;228;204;255m [39m[49m [1m[38;2;138;148;168mesc[39m[22m [38;2;138;148;168mto interrupt[39m [38;2;138;148;168m•[39m [38;2;138;148;168m58s[39m [38;2;138;148;168m•[39m [38;2;138;148;168m↓[39m [38;2;138;148;168m16.9k[39m
 [38;2;138;148;168m ⎿  Tip: Use shift+tab to enable auto-accept[39m
[38;2;138;148;168m────────────────────────────────────────────────────────────────────────────────[39m
❯ [7mA[27m[38;2;138;148;168msk your question...[39m
[38;2;138;148;168m────────────────────────────────────────────────────────────────────────────────[39m
  [38;2;138;148;168m? for shortcuts · [38;2;2;136;142mtaste on[39m



[?2026l[?2026h[2K[1A[2K[1A[2K[1A[2K[1A[2K[1A[2K[1A[2K[1A[2K[1A[2K[1A[2K[1A[2K[1A[2K[1A[2K[1A[2K[G[1m[48;2;89;69;177m[38;2;244;244;244m SHELL [39m[49m[22m [38;2;53;61;80m[[39mcd ~/Developer/orch-go && ...[38;2;53;61;80m][39m
 [38;2;138;148;168m│[39m VET_OK
 [38;2;138;148;168m└ [39m [38;2;138;148;168mProcessing…[39m

[48;2;45;43;85m[38;2;228;204;255m [1m✧ [22m[38;2;110;97;163mShell command[38;2;165;153;233m [38;2;228;204;255ma[38;2;171;165;206ml[38;2;204;199;225ml[38;2;255;255;255mo[38;2;234;218;255mw[38;2;171;165;206me[38;2;228;204;255md [39m[49m [1m[38;2;138;148;168mesc[39m[22m [38;2;138;148;168mto interrupt[39m [38;2;138;148;168m•[39m [38;2;138;148;168m58s[39m [38;2;138;148;168m•[39m [38;2;138;148;168m↓[39m [38;2;138;148;168m16.9k[39m
 [38;2;138;148;168m ⎿  Tip: Use shift+tab to enable auto-accept[39m
[38;2;138;148;168m────────────────────────────────────────────────────────────────────────────────[39m
❯ [7mA[27m[38;2;138;148;168msk your question...[39m
[38;2;138;148;168m────────────────────────────────────────────────────────────────────────────────[39m
  [38;2;138;148;168m? for shortcuts · [38;2;2;136;142mtaste on[39m



[?2026l[?2026h[2K[1A[2K[1A[2K[1A[2K[1A[2K[1A[2K[1A[2K[1A[2K[1A[2K[1A[2K[1A[2K[1A[2K[1A[2K[1A[2K[G[1m[48;2;89;69;177m[38;2;244;244;244m SHELL [39m[49m[22m [38;2;53;61;80m[[39mcd ~/Developer/orch-go && ...[38;2;53;61;80m][39m
 [38;2;138;148;168m│[39m VET_OK
 [38;2;138;148;168m└ [39m [38;2;138;148;168mProcessing…[39m

[48;2;45;43;85m[38;2;228;204;255m [1m☆ [22m[38;2;110;97;163mShell command [38;2;165;153;233ma[38;2;228;204;255ml[38;2;171;165;206ml[38;2;204;199;225mo[38;2;255;255;255mw[38;2;234;218;255me[38;2;171;165;206md[38;2;228;204;255m [39m[49m [1m[38;2;138;148;168mesc[39m[22m [38;2;138;148;168mto interrupt[39m [38;2;138;148;168m•[39m [38;2;138;148;168m58s[39m [38;2;138;148;168m•[39m [38;2;138;148;168m↓[39m [38;2;138;148;168m16.9k[39m
 [38;2;138;148;168m ⎿  Tip: Use shift+tab to enable auto-accept[39m
[38;2;138;148;168m────────────────────────────────────────────────────────────────────────────────[39m
❯ [7mA[27m[38;2;138;148;168msk your question...[39m
[38;2;138;148;168m────────────────────────────────────────────────────────────────────────────────[39m
  [38;2;138;148;168m? for shortcuts · [38;2;2;136;142mtaste on[39m



[?2026l[?2026h[2K[1A[2K[1A[2K[1A[2K[1A[2K[1A[2K[1A[2K[1A[2K[1A[2K[1A[2K[1A[2K[1A[2K[1A[2K[1A[2K[G[1m[48;2;89;69;177m[38;2;244;244;244m SHELL [39m[49m[22m [38;2;53;61;80m[[39mcd ~/Developer/orch-go && ...[38;2;53;61;80m][39m
 [38;2;138;148;168m│[39m VET_OK
 [38;2;138;148;168m└ [39m [38;2;138;148;168mProcessing…[39m

[48;2;45;43;85m[38;2;228;204;255m [1m◇ [22m[38;2;110;97;163mShell command a[38;2;165;153;233ml[38;2;228;204;255ml[38;2;171;165;206mo[38;2;204;199;225mw[38;2;255;255;255me[38;2;234;218;255md[38;2;228;204;255m [39m[49m [1m[38;2;138;148;168mesc[39m[22m [38;2;138;148;168mto interrupt[39m [38;2;138;148;168m•[39m [38;2;138;148;168m58s[39m [38;2;138;148;168m•[39m [38;2;138;148;168m↓[39m [38;2;138;148;168m17.0k[39m
 [38;2;138;148;168m ⎿  Tip: Use shift+tab to enable auto-accept[39m
[38;2;138;148;168m────────────────────────────────────────────────────────────────────────────────[39m
❯ [7mA[27m[38;2;138;148;168msk your question...[39m
[38;2;138;148;168m────────────────────────────────────────────────────────────────────────────────[39m
  [38;2;138;148;168m? for shortcuts · [38;2;2;136;142mtaste on[39m



[?2026l[?2026h[2K[1A[2K[1A[2K[1A[2K[1A[2K[1A[2K[1A[2K[1A[2K[1A[2K[1A[2K[1A[2K[1A[2K[1A[2K[1A[2K[G[1m[48;2;89;69;177m[38;2;244;244;244m SHELL [39m[49m[22m [38;2;53;61;80m[[39mcd ~/Developer/orch-go && ...[38;2;53;61;80m][39m
 [38;2;138;148;168m│[39m VET_OK
 [38;2;138;148;168m└ [39m [38;2;138;148;168mProcessing…[39m

[48;2;45;43;85m[38;2;228;204;255m [1m○ [22m[38;2;110;97;163mShell command al[38;2;165;153;233ml[38;2;228;204;255mo[38;2;171;165;206mw[38;2;204;199;225me[38;2;255;255;255md[38;2;228;204;255m [39m[49m [1m[38;2;138;148;168mesc[39m[22m [38;2;138;148;168mto interrupt[39m [38;2;138;148;168m•[39m [38;2;138;148;168m58s[39m [38;2;138;148;168m•[39m [38;2;138;148;168m↓[39m [38;2;138;148;168m17.0k[39m
 [38;2;138;148;168m ⎿  Tip: Use shift+tab to enable auto-accept[39m
[38;2;138;148;168m────────────────────────────────────────────────────────────────────────────────[39m
❯ [7mA[27m[38;2;138;148;168msk your question...[39m
[38;2;138;148;168m────────────────────────────────────────────────────────────────────────────────[39m
  [38;2;138;148;168m? for shortcuts · [38;2;2;136;142mtaste on[39m



[?2026l[?2026h[2K[1A[2K[1A[2K[1A[2K[1A[2K[1A[2K[1A[2K[1A[2K[1A[2K[1A[2K[1A[2K[1A[2K[1A[2K[1A[2K[G[1m[48;2;89;69;177m[38;2;244;244;244m SHELL [39m[49m[22m [38;2;53;61;80m[[39mcd ~/Developer/orch-go && ...[38;2;53;61;80m][39m
 [38;2;138;148;168m│[39m VET_OK
 [38;2;138;148;168m└ [39m [38;2;138;148;168mProcessing…[39m

[48;2;45;43;85m[38;2;228;204;255m [1m· [22m[38;2;110;97;163mShell command all[38;2;165;153;233mo[38;2;228;204;255mw[38;2;171;165;206me[38;2;204;199;225md[38;2;228;204;255m [39m[49m [1m[38;2;138;148;168mesc[39m[22m [38;2;138;148;168mto interrupt[39m [38;2;138;148;168m•[39m [38;2;138;148;168m58s[39m [38;2;138;148;168m•[39m [38;2;138;148;168m↓[39m [38;2;138;148;168m17.0k[39m
 [38;2;138;148;168m ⎿  Tip: Use shift+tab to enable auto-accept[39m
[38;2;138;148;168m────────────────────────────────────────────────────────────────────────────────[39m
❯ [7mA[27m[38;2;138;148;168msk your question...[39m
[38;2;138;148;168m────────────────────────────────────────────────────────────────────────────────[39m
  [38;2;138;148;168m? for shortcuts · [38;2;2;136;142mtaste on[39m



[?2026l[?2026h[2K[1A[2K[1A[2K[1A[2K[1A[2K[1A[2K[1A[2K[1A[2K[1A[2K[1A[2K[1A[2K[1A[2K[1A[2K[1A[2K[G[1m[48;2;89;69;177m[38;2;244;244;244m SHELL [39m[49m[22m [38;2;53;61;80m[[39mcd ~/Developer/orch-go && ...[38;2;53;61;80m][39m
 [38;2;138;148;168m│[39m VET_OK
 [38;2;138;148;168m└ [39m [38;2;138;148;168mProcessing…[39m

[48;2;45;43;85m[38;2;228;204;255m [1m· [22m[38;2;110;97;163mShell command allo[38;2;165;153;233mw[38;2;228;204;255me[38;2;171;165;206md[38;2;228;204;255m [39m[49m [1m[38;2;138;148;168mesc[39m[22m [38;2;138;148;168mto interrupt[39m [38;2;138;148;168m•[39m [38;2;138;148;168m58s[39m [38;2;138;148;168m•[39m [38;2;138;148;168m↓[39m [38;2;138;148;168m17.1k[39m
 [38;2;138;148;168m ⎿  Tip: Use shift+tab to enable auto-accept[39m
[38;2;138;148;168m────────────────────────────────────────────────────────────────────────────────[39m
❯ [7mA[27m[38;2;138;148;168msk your question...[39m
[38;2;138;148;168m────────────────────────────────────────────────────────────────────────────────[39m
  [38;2;138;148;168m? for shortcuts · [38;2;2;136;142mtaste on[39m



[?2026l[?2026h[2K[1A[2K[1A[2K[1A[2K[1A[2K[1A[2K[1A[2K[1A[2K[1A[2K[1A[2K[1A[2K[1A[2K[1A[2K[1A[2K[G[1m[48;2;89;69;177m[38;2;244;244;244m SHELL [39m[49m[22m [38;2;53;61;80m[[39mcd ~/Developer/orch-go && ...[38;2;53;61;80m][39m
 [38;2;138;148;168m│[39m VET_OK
 [38;2;138;148;168m└ [39m [38;2;138;148;168mProcessing…[39m

[48;2;45;43;85m[38;2;228;204;255m [1m· [22m[38;2;110;97;163mShell command allow[38;2;165;153;233me[38;2;228;204;255md [39m[49m [1m[38;2;138;148;168mesc[39m[22m [38;2;138;148;168mto interrupt[39m [38;2;138;148;168m•[39m [38;2;138;148;168m58s[39m [38;2;138;148;168m•[39m [38;2;138;148;168m↓[39m [38;2;138;148;168m17.1k[39m
 [38;2;138;148;168m ⎿  Tip: Use shift+tab to enable auto-accept[39m
[38;2;138;148;168m────────────────────────────────────────────────────────────────────────────────[39m
❯ [7mA[27m[38;2;138;148;168msk your question...[39m
[38;2;138;148;168m────────────────────────────────────────────────────────────────────────────────[39m
  [38;2;138;148;168m? for shortcuts · [38;2;2;136;142mtaste on[39m



[?2026l[?2026h[2K[1A[2K[1A[2K[1A[2K[1A[2K[1A[2K[1A[2K[1A[2K[1A[2K[1A[2K[1A[2K[1A[2K[1A[2K[1A[2K[G[1m[48;2;89;69;177m[38;2;244;244;244m SHELL [39m[49m[22m [38;2;53;61;80m[[39mcd ~/Developer/orch-go && ...[38;2;53;61;80m][39m
 [38;2;138;148;168m│[39m VET_OK
 [38;2;138;148;168m└ [39m [38;2;138;148;168mProcessing…[39m

[48;2;45;43;85m[38;2;228;204;255m [1m○ [22m[38;2;110;97;163mShell command allowe[38;2;165;153;233md[38;2;228;204;255m [39m[49m [1m[38;2;138;148;168mesc[39m[22m [38;2;138;148;168mto interrupt[39m [38;2;138;148;168m•[39m [38;2;138;148;168m59s[39m [38;2;138;148;168m•[39m [38;2;138;148;168m↓[39m [38;2;138;148;168m17.1k[39m
 [38;2;138;148;168m ⎿  Tip: Use shift+tab to enable auto-accept[39m
[38;2;138;148;168m────────────────────────────────────────────────────────────────────────────────[39m
❯ [7mA[27m[38;2;138;148;168msk your question...[39m
[38;2;138;148;168m────────────────────────────────────────────────────────────────────────────────[39m
  [38;2;138;148;168m? for shortcuts · [38;2;2;136;142mtaste on[39m



[?2026l[?2026h[2K[1A[2K[1A[2K[1A[2K[1A[2K[1A[2K[1A[2K[1A[2K[1A[2K[1A[2K[1A[2K[1A[2K[1A[2K[1A[2K[G[1m[48;2;89;69;177m[38;2;244;244;244m SHELL [39m[49m[22m [38;2;53;61;80m[[39mcd ~/Developer/orch-go && ...[38;2;53;61;80m][39m
 [38;2;138;148;168m│[39m VET_OK
 [38;2;138;148;168m└ [39m [38;2;138;148;168mProcessing…[39m

[48;2;45;43;85m[38;2;228;204;255m [1m○ [22m[38;2;110;97;163mShell command allowed[38;2;228;204;255m [39m[49m [1m[38;2;138;148;168mesc[39m[22m [38;2;138;148;168mto interrupt[39m [38;2;138;148;168m•[39m [38;2;138;148;168m59s[39m [38;2;138;148;168m•[39m [38;2;138;148;168m↓[39m [38;2;138;148;168m17.1k[39m
 [38;2;138;148;168m ⎿  Tip: Use shift+tab to enable auto-accept[39m
[38;2;138;148;168m────────────────────────────────────────────────────────────────────────────────[39m
❯ [7mA[27m[38;2;138;148;168msk your question...[39m
[38;2;138;148;168m────────────────────────────────────────────────────────────────────────────────[39m
  [38;2;138;148;168m? for shortcuts · [38;2;2;136;142mtaste on[39m



[?2026l[?2026h[2K[1A[2K[1A[2K[1A[2K[1A[2K[1A[2K[1A[2K[1A[2K[1A[2K[1A[2K[1A[2K[1A[2K[1A[2K[1A[2K[G[1m[48;2;89;69;177m[38;2;244;244;244m SHELL [39m[49m[22m [38;2;53;61;80m[[39mcd ~/Developer/orch-go && ...[38;2;53;61;80m][39m
 [38;2;138;148;168m│[39m VET_OK
 [38;2;138;148;168m└ [39m [38;2;138;148;168mProcessing…[39m

[48;2;45;43;85m[38;2;228;204;255m [1m◇ [22m[38;2;110;97;163mShell command allowed[38;2;228;204;255m [39m[49m [1m[38;2;138;148;168mesc[39m[22m [38;2;138;148;168mto interrupt[39m [38;2;138;148;168m•[39m [38;2;138;148;168m59s[39m [38;2;138;148;168m•[39m [38;2;138;148;168m↓[39m [38;2;138;148;168m17.1k[39m
 [38;2;138;148;168m ⎿  Tip: Use shift+tab to enable auto-accept[39m
[38;2;138;148;168m────────────────────────────────────────────────────────────────────────────────[39m
❯ [7mA[27m[38;2;138;148;168msk your question...[39m
[38;2;138;148;168m────────────────────────────────────────────────────────────────────────────────[39m
  [38;2;138;148;168m? for shortcuts · [38;2;2;136;142mtaste on[39m



[?2026l[?2026h[2K[1A[2K[1A[2K[1A[2K[1A[2K[1A[2K[1A[2K[1A[2K[1A[2K[1A[2K[1A[2K[1A[2K[1A[2K[1A[2K[G[1m[48;2;89;69;177m[38;2;244;244;244m SHELL [39m[49m[22m [38;2;53;61;80m[[39mcd ~/Developer/orch-go && ...[38;2;53;61;80m][39m
 [38;2;138;148;168m│[39m VET_OK
 [38;2;138;148;168m└ [39m [38;2;138;148;168mProcessing…[39m

[48;2;45;43;85m[38;2;228;204;255m [1m☆ [22m[38;2;110;97;163mShell command allowed[38;2;228;204;255m [39m[49m [1m[38;2;138;148;168mesc[39m[22m [38;2;138;148;168mto interrupt[39m [38;2;138;148;168m•[39m [38;2;138;148;168m59s[39m [38;2;138;148;168m•[39m [38;2;138;148;168m↓[39m [38;2;138;148;168m17.2k[39m
 [38;2;138;148;168m ⎿  Tip: Use shift+tab to enable auto-accept[39m
[38;2;138;148;168m────────────────────────────────────────────────────────────────────────────────[39m
❯ [7mA[27m[38;2;138;148;168msk your question...[39m
[38;2;138;148;168m────────────────────────────────────────────────────────────────────────────────[39m
  [38;2;138;148;168m? for shortcuts · [38;2;2;136;142mtaste on[39m



[?2026l[?2026h[2K[1A[2K[1A[2K[1A[2K[1A[2K[1A[2K[1A[2K[1A[2K[1A[2K[1A[2K[1A[2K[1A[2K[1A[2K[1A[2K[G[1m[48;2;89;69;177m[38;2;244;244;244m SHELL [39m[49m[22m [38;2;53;61;80m[[39mcd ~/Developer/orch-go && ...[38;2;53;61;80m][39m
 [38;2;138;148;168m│[39m VET_OK
 [38;2;138;148;168m└ [39m [38;2;138;148;168mProcessing…[39m

[48;2;45;43;85m[38;2;228;204;255m [1m✧ [22m[38;2;110;97;163mShell command allowed[38;2;228;204;255m [39m[49m [1m[38;2;138;148;168mesc[39m[22m [38;2;138;148;168mto interrupt[39m [38;2;138;148;168m•[39m [38;2;138;148;168m59s[39m [38;2;138;148;168m•[39m [38;2;138;148;168m↓[39m [38;2;138;148;168m17.2k[39m
 [38;2;138;148;168m ⎿  Tip: Use shift+tab to enable auto-accept[39m
[38;2;138;148;168m────────────────────────────────────────────────────────────────────────────────[39m
❯ [7mA[27m[38;2;138;148;168msk your question...[39m
[38;2;138;148;168m────────────────────────────────────────────────────────────────────────────────[39m
  [38;2;138;148;168m? for shortcuts · [38;2;2;136;142mtaste on[39m



[?2026l[?2026h[2K[1A[2K[1A[2K[1A[2K[1A[2K[1A[2K[1A[2K[1A[2K[1A[2K[1A[2K[1A[2K[1A[2K[1A[2K[1A[2K[G[1m[48;2;89;69;177m[38;2;244;244;244m SHELL [39m[49m[22m [38;2;53;61;80m[[39mcd ~/Developer/orch-go && ...[38;2;53;61;80m][39m
 [38;2;138;148;168m│[39m VET_OK
 [38;2;138;148;168m└ [39m [38;2;138;148;168mProcessing…[39m

[48;2;45;43;85m[38;2;228;204;255m [1m☆ [22m[38;2;110;97;163mShell command allowed[38;2;228;204;255m [39m[49m [1m[38;2;138;148;168mesc[39m[22m [38;2;138;148;168mto interrupt[39m [38;2;138;148;168m•[39m [38;2;138;148;168m59s[39m [38;2;138;148;168m•[39m [38;2;138;148;168m↓[39m [38;2;138;148;168m17.2k[39m
 [38;2;138;148;168m ⎿  Tip: Use shift+tab to enable auto-accept[39m
[38;2;138;148;168m────────────────────────────────────────────────────────────────────────────────[39m
❯ [7mA[27m[38;2;138;148;168msk your question...[39m
[38;2;138;148;168m────────────────────────────────────────────────────────────────────────────────[39m
  [38;2;138;148;168m? for shortcuts · [38;2;2;136;142mtaste on[39m



[?2026l]0;⌘ Command Code · orch-go · deepseek-v4-flash-(latest)]2;⌘ Command Code · orch-go · deepseek-v4-flash-(latest)[?2026h[2K[1A[2K[1A[2K[1A[2K[1A[2K[1A[2K[1A[2K[1A[2K[1A[2K[1A[2K[1A[2K[1A[2K[1A[2K[1A[2K[G[1m[48;2;89;69;177m[38;2;244;244;244m SHELL [39m[49m[22m [38;2;53;61;80m[[39mcd ~/Developer/orch-go && ...[38;2;53;61;80m][39m
 [38;2;138;148;168m│[39m VET_OK
 [38;2;138;148;168m└ [39m [38;2;138;148;168mProcessing…[39m

[48;2;45;43;85m[38;2;228;204;255m [1m◇ [22m[38;2;234;218;255mS[38;2;171;165;206mh[38;2;228;204;255me[38;2;165;153;233ml[38;2;110;97;163ml command allowed[38;2;228;204;255m [39m[49m [1m[38;2;138;148;168mesc[39m[22m [38;2;138;148;168mto interrupt[39m [38;2;138;148;168m•[39m [38;2;138;148;168m59s[39m [38;2;138;148;168m•[39m [38;2;138;148;168m↓[39m [38;2;138;148;168m17.2k[39m
 [38;2;138;148;168m ⎿  Tip: Use shift+tab to enable auto-accept[39m
[38;2;138;148;168m────────────────────────────────────────────────────────────────────────────────[39m
❯ [7mA[27m[38;2;138;148;168msk your question...[39m
[38;2;138;148;168m────────────────────────────────────────────────────────────────────────────────[39m
  [38;2;138;148;168m? for shortcuts · [38;2;2;136;142mtaste on[39m



[?2026l[?2026h[2K[1A[2K[1A[2K[1A[2K[1A[2K[1A[2K[1A[2K[1A[2K[1A[2K[1A[2K[1A[2K[1A[2K[1A[2K[1A[2K[G[1m[48;2;89;69;177m[38;2;244;244;244m SHELL [39m[49m[22m [38;2;53;61;80m[[39mcd ~/Developer/orch-go && ...[38;2;53;61;80m][39m
 [38;2;138;148;168m│[39m VET_OK
 [38;2;138;148;168m└ [39m [38;2;138;148;168mProcessing…[39m

[48;2;45;43;85m[38;2;228;204;255m [1m○ [22m[38;2;255;255;255mS[38;2;234;218;255mh[38;2;171;165;206me[38;2;228;204;255ml[38;2;165;153;233ml[38;2;110;97;163m command allowed[38;2;228;204;255m [39m[49m [1m[38;2;138;148;168mesc[39m[22m [38;2;138;148;168mto interrupt[39m [38;2;138;148;168m•[39m [38;2;138;148;168m59s[39m [38;2;138;148;168m•[39m [38;2;138;148;168m↓[39m [38;2;138;148;168m17.2k[39m
 [38;2;138;148;168m ⎿  Tip: Use shift+tab to enable auto-accept[39m
[38;2;138;148;168m────────────────────────────────────────────────────────────────────────────────[39m
❯ [7mA[27m[38;2;138;148;168msk your question...[39m
[38;2;138;148;168m────────────────────────────────────────────────────────────────────────────────[39m
  [38;2;138;148;168m? for shortcuts · [38;2;2;136;142mtaste on[39m



[?2026l[?2026h[2K[1A[2K[1A[2K[1A[2K[1A[2K[1A[2K[1A[2K[1A[2K[1A[2K[1A[2K[1A[2K[1A[2K[1A[2K[1A[2K[G[1m[48;2;89;69;177m[38;2;244;244;244m SHELL [39m[49m[22m [38;2;53;61;80m[[39mcd ~/Developer/orch-go && ...[38;2;53;61;80m][39m
 [38;2;138;148;168m│[39m VET_OK
 [38;2;138;148;168m└ [39m [38;2;138;148;168mProcessing…[39m

[48;2;45;43;85m[38;2;228;204;255m [1m⌘ [22m[38;2;204;199;225mS[38;2;255;255;255mh[38;2;234;218;255me[38;2;171;165;206ml[38;2;228;204;255ml[38;2;165;153;233m [38;2;110;97;163mcommand allowed[38;2;228;204;255m [39m[49m [1m[38;2;138;148;168mesc[39m[22m [38;2;138;148;168mto interrupt[39m [38;2;138;148;168m•[39m [38;2;138;148;168m59s[39m [38;2;138;148;168m•[39m [38;2;138;148;168m↓[39m [38;2;138;148;168m17.2k[39m
 [38;2;138;148;168m ⎿  Tip: Use shift+tab to enable auto-accept[39m
[38;2;138;148;168m────────────────────────────────────────────────────────────────────────────────[39m
❯ [7mA[27m[38;2;138;148;168msk your question...[39m
[38;2;138;148;168m────────────────────────────────────────────────────────────────────────────────[39m
  [38;2;138;148;168m? for shortcuts · [38;2;2;136;142mtaste on[39m



[?2026l[?2026h[2K[1A[2K[1A[2K[1A[2K[1A[2K[1A[2K[1A[2K[1A[2K[1A[2K[1A[2K[1A[2K[1A[2K[1A[2K[1A[2K[G[1m[48;2;89;69;177m[38;2;244;244;244m SHELL [39m[49m[22m [38;2;53;61;80m[[39mcd ~/Developer/orch-go && ...[38;2;53;61;80m][39m
 [38;2;138;148;168m│[39m VET_OK
 [38;2;138;148;168m└ [39m [38;2;138;148;168mProcessing…[39m

[48;2;45;43;85m[38;2;228;204;255m [1m⌘ [22m[38;2;171;165;206mS[38;2;204;199;225mh[38;2;255;255;255me[38;2;234;218;255ml[38;2;171;165;206ml[38;2;228;204;255m [38;2;165;153;233mc[38;2;110;97;163mommand allowed[38;2;228;204;255m [39m[49m [1m[38;2;138;148;168mesc[39m[22m [38;2;138;148;168mto interrupt[39m [38;2;138;148;168m•[39m [38;2;138;148;168m59s[39m [38;2;138;148;168m•[39m [38;2;138;148;168m↓[39m [38;2;138;148;168m17.2k[39m
 [38;2;138;148;168m ⎿  Tip: Use shift+tab to enable auto-accept[39m
[38;2;138;148;168m────────────────────────────────────────────────────────────────────────────────[39m
❯ [7mA[27m[38;2;138;148;168msk your question...[39m
[38;2;138;148;168m────────────────────────────────────────────────────────────────────────────────[39m
  [38;2;138;148;168m? for shortcuts · [38;2;2;136;142mtaste on[39m



[?2026l[?2026h[2K[1A[2K[1A[2K[1A[2K[1A[2K[1A[2K[1A[2K[1A[2K[1A[2K[1A[2K[1A[2K[1A[2K[1A[2K[1A[2K[G[1m[48;2;89;69;177m[38;2;244;244;244m SHELL [39m[49m[22m [38;2;53;61;80m[[39mcd ~/Developer/orch-go && ...[38;2;53;61;80m][39m
 [38;2;138;148;168m│[39m VET_OK
 [38;2;138;148;168m└ [39m [38;2;138;148;168mProcessing…[39m

[48;2;45;43;85m[38;2;228;204;255m [1m⌘ [22mS[38;2;171;165;206mh[38;2;204;199;225me[38;2;255;255;255ml[38;2;234;218;255ml[38;2;171;165;206m [38;2;228;204;255mc[38;2;165;153;233mo[38;2;110;97;163mmmand allowed[38;2;228;204;255m [39m[49m [1m[38;2;138;148;168mesc[39m[22m [38;2;138;148;168mto interrupt[39m [38;2;138;148;168m•[39m [38;2;138;148;168m59s[39m [38;2;138;148;168m•[39m [38;2;138;148;168m↓[39m [38;2;138;148;168m17.2k[39m
 [38;2;138;148;168m ⎿  Tip: Use shift+tab to enable auto-accept[39m
[38;2;138;148;168m────────────────────────────────────────────────────────────────────────────────[39m
❯ [7mA[27m[38;2;138;148;168msk your question...[39m
[38;2;138;148;168m────────────────────────────────────────────────────────────────────────────────[39m
  [38;2;138;148;168m? for shortcuts · [38;2;2;136;142mtaste on[39m



[?2026l[?2026h[2K[1A[2K[1A[2K[1A[2K[1A[2K[1A[2K[1A[2K[1A[2K[1A[2K[1A[2K[1A[2K[1A[2K[1A[2K[1A[2K[G[1m[48;2;89;69;177m[38;2;244;244;244m SHELL [39m[49m[22m [38;2;53;61;80m[[39mcd ~/Developer/orch-go && ...[38;2;53;61;80m][39m
 [38;2;138;148;168m│[39m VET_OK
 [38;2;138;148;168m└ [39m [38;2;138;148;168mProcessing…[39m

[48;2;45;43;85m[38;2;228;204;255m [1m⌘ [22m[38;2;165;153;233mS[38;2;228;204;255mh[38;2;171;165;206me[38;2;204;199;225ml[38;2;255;255;255ml[38;2;234;218;255m [38;2;171;165;206mc[38;2;228;204;255mo[38;2;165;153;233mm[38;2;110;97;163mmand allowed[38;2;228;204;255m [39m[49m [1m[38;2;138;148;168mesc[39m[22m [38;2;138;148;168mto interrupt[39m [38;2;138;148;168m•[39m [38;2;138;148;168m59s[39m [38;2;138;148;168m•[39m [38;2;138;148;168m↓[39m [38;2;138;148;168m17.2k[39m
 [38;2;138;148;168m ⎿  Tip: Use shift+tab to enable auto-accept[39m
[38;2;138;148;168m────────────────────────────────────────────────────────────────────────────────[39m
❯ [7mA[27m[38;2;138;148;168msk your question...[39m
[38;2;138;148;168m────────────────────────────────────────────────────────────────────────────────[39m
  [38;2;138;148;168m? for shortcuts · [38;2;2;136;142mtaste on[39m



[?2026l[?2026h[2K[1A[2K[1A[2K[1A[2K[1A[2K[1A[2K[1A[2K[1A[2K[1A[2K[1A[2K[1A[2K[1A[2K[1A[2K[1A[2K[G[1m[48;2;89;69;177m[38;2;244;244;244m SHELL [39m[49m[22m [38;2;53;61;80m[[39mcd ~/Developer/orch-go && ...[38;2;53;61;80m][39m
 [38;2;138;148;168m│[39m VET_OK
 [38;2;138;148;168m└ [39m [38;2;138;148;168mProcessing…[39m

[48;2;45;43;85m[38;2;228;204;255m [1m○ [22m[38;2;110;97;163mS[38;2;165;153;233mh[38;2;228;204;255me[38;2;171;165;206ml[38;2;204;199;225ml[38;2;255;255;255m [38;2;234;218;255mc[38;2;171;165;206mo[38;2;228;204;255mm[38;2;165;153;233mm[38;2;110;97;163mand allowed[38;2;228;204;255m [39m[49m [1m[38;2;138;148;168mesc[39m[22m [38;2;138;148;168mto interrupt[39m [38;2;138;148;168m•[39m [38;2;138;148;168m59s[39m [38;2;138;148;168m•[39m [38;2;138;148;168m↓[39m [38;2;138;148;168m17.2k[39m
 [38;2;138;148;168m ⎿  Tip: Use shift+tab to enable auto-accept[39m
[38;2;138;148;168m────────────────────────────────────────────────────────────────────────────────[39m
❯ [7mA[27m[38;2;138;148;168msk your question...[39m
[38;2;138;148;168m────────────────────────────────────────────────────────────────────────────────[39m
  [38;2;138;148;168m? for shortcuts · [38;2;2;136;142mtaste on[39m



[?2026l[?2026h[2K[1A[2K[1A[2K[1A[2K[1A[2K[1A[2K[1A[2K[1A[2K[1A[2K[1A[2K[1A[2K[1A[2K[1A[2K[1A[2K[G[1m[48;2;89;69;177m[38;2;244;244;244m SHELL [39m[49m[22m [38;2;53;61;80m[[39mcd ~/Developer/orch-go && ...[38;2;53;61;80m][39m
 [38;2;138;148;168m│[39m VET_OK
 [38;2;138;148;168m└ [39m [38;2;138;148;168mProcessing…[39m

[48;2;45;43;85m[38;2;228;204;255m [1m○ [22m[38;2;110;97;163mS[38;2;165;153;233mh[38;2;228;204;255me[38;2;171;165;206ml[38;2;204;199;225ml[38;2;255;255;255m [38;2;234;218;255mc[38;2;171;165;206mo[38;2;228;204;255mm[38;2;165;153;233mm[38;2;110;97;163mand allowed[38;2;228;204;255m [39m[49m [1m[38;2;138;148;168mesc[39m[22m [38;2;138;148;168mto interrupt[39m [38;2;138;148;168m•[39m [38;2;138;148;168m1m 0s[39m [38;2;138;148;168m•[39m [38;2;138;148;168m↓[39m [38;2;138;148;168m17.2k[39m
 [38;2;138;148;168m ⎿  Tip: Use shift+tab to enable auto-accept[39m
[38;2;138;148;168m────────────────────────────────────────────────────────────────────────────────[39m
❯ [7mA[27m[38;2;138;148;168msk your question...[39m
[38;2;138;148;168m────────────────────────────────────────────────────────────────────────────────[39m
  [38;2;138;148;168m? for shortcuts · [38;2;2;136;142mtaste on[39m



[?2026l[?2026h[2K[1A[2K[1A[2K[1A[2K[1A[2K[1A[2K[1A[2K[1A[2K[1A[2K[1A[2K[1A[2K[1A[2K[1A[2K[1A[2K[G[1m[48;2;89;69;177m[38;2;244;244;244m SHELL [39m[49m[22m [38;2;53;61;80m[[39mcd ~/Developer/orch-go && ...[38;2;53;61;80m][39m
 [38;2;138;148;168m│[39m VET_OK
 [38;2;138;148;168m└ [39m [38;2;138;148;168mProcessing…[39m

[48;2;45;43;85m[38;2;228;204;255m [1m◇ [22m[38;2;110;97;163mSh[38;2;165;153;233me[38;2;228;204;255ml[38;2;171;165;206ml[38;2;204;199;225m [38;2;255;255;255mc[38;2;234;218;255mo[38;2;171;165;206mm[38;2;228;204;255mm[38;2;165;153;233ma[38;2;110;97;163mnd allowed[38;2;228;204;255m [39m[49m [1m[38;2;138;148;168mesc[39m[22m [38;2;138;148;168mto interrupt[39m [38;2;138;148;168m•[39m [38;2;138;148;168m1m 0s[39m [38;2;138;148;168m•[39m [38;2;138;148;168m↓[39m [38;2;138;148;168m17.3k[39m
 [38;2;138;148;168m ⎿  Tip: Use shift+tab to enable auto-accept[39m
[38;2;138;148;168m────────────────────────────────────────────────────────────────────────────────[39m
❯ [7mA[27m[38;2;138;148;168msk your question...[39m
[38;2;138;148;168m────────────────────────────────────────────────────────────────────────────────[39m
  [38;2;138;148;168m? for shortcuts · [38;2;2;136;142mtaste on[39m



[?2026l[?2026h[2K[1A[2K[1A[2K[1A[2K[1A[2K[1A[2K[1A[2K[1A[2K[1A[2K[1A[2K[1A[2K[1A[2K[1A[2K[1A[2K[G[1m[48;2;89;69;177m[38;2;244;244;244m SHELL [39m[49m[22m [38;2;53;61;80m[[39mcd ~/Developer/orch-go && ...[38;2;53;61;80m][39m
 [38;2;138;148;168m│[39m VET_OK
 [38;2;138;148;168m└ [39m [38;2;138;148;168mProcessing…[39m

[48;2;45;43;85m[38;2;228;204;255m [1m☆ [22m[38;2;110;97;163mShe[38;2;165;153;233ml[38;2;228;204;255ml[38;2;171;165;206m [38;2;204;199;225mc[38;2;255;255;255mo[38;2;234;218;255mm[38;2;171;165;206mm[38;2;228;204;255ma[38;2;165;153;233mn[38;2;110;97;163md allowed[38;2;228;204;255m [39m[49m [1m[38;2;138;148;168mesc[39m[22m [38;2;138;148;168mto interrupt[39m [38;2;138;148;168m•[39m [38;2;138;148;168m1m 0s[39m [38;2;138;148;168m•[39m [38;2;138;148;168m↓[39m [38;2;138;148;168m17.3k[39m
 [38;2;138;148;168m ⎿  Tip: Use shift+tab to enable auto-accept[39m
[38;2;138;148;168m────────────────────────────────────────────────────────────────────────────────[39m
❯ [7mA[27m[38;2;138;148;168msk your question...[39m
[38;2;138;148;168m────────────────────────────────────────────────────────────────────────────────[39m
  [38;2;138;148;168m? for shortcuts · [38;2;2;136;142mtaste on[39m



[?2026l[?2026h[2K[1A[2K[1A[2K[1A[2K[1A[2K[1A[2K[1A[2K[1A[2K[1A[2K[1A[2K[1A[2K[1A[2K[1A[2K[1A[2K[G[1m[48;2;89;69;177m[38;2;244;244;244m SHELL [39m[49m[22m [38;2;53;61;80m[[39mcd ~/Developer/orch-go && ...[38;2;53;61;80m][39m
 [38;2;138;148;168m│[39m GOFMT_CLEAN
 [38;2;138;148;168m│[39m VET_OK
 [38;2;138;148;168m└ [39m [38;2;138;148;168m... +2 lines [38;2;53;61;80m[[38;2;138;148;168mctrl+o to expand[38;2;53;61;80m][39m

[?2026h[48;2;45;43;85m[38;2;228;204;255m [1m☆ [22m[38;2;110;97;163mShe[38;2;165;153;233ml[38;2;228;204;255ml[38;2;171;165;206m [38;2;204;199;225mc[38;2;255;255;255mo[38;2;234;218;255mm[38;2;171;165;206mm[38;2;228;204;255ma[38;2;165;153;233mn[38;2;110;97;163md allowed[38;2;228;204;255m [39m[49m [1m[38;2;138;148;168mesc[39m[22m [38;2;138;148;168mto interrupt[39m [38;2;138;148;168m•[39m [38;2;138;148;168m1m 0s[39m [38;2;138;148;168m•[39m [38;2;138;148;168m↓[39m [38;2;138;148;168m17.3k[39m
 [38;2;138;148;168m ⎿  Tip: Use shift+tab to enable auto-accept[39m
[38;2;138;148;168m────────────────────────────────────────────────────────────────────────────────[39m
❯ [7mA[27m[38;2;138;148;168msk your question...[39m
[38;2;138;148;168m────────────────────────────────────────────────────────────────────────────────[39m
  [38;2;138;148;168m? for shortcuts · [38;2;2;136;142mtaste on[39m



[?2026l[?2026l[?2026h[2K[1A[2K[1A[2K[1A[2K[1A[2K[1A[2K[1A[2K[1A[2K[1A[2K[1A[2K[G[48;2;45;43;85m[38;2;228;204;255m [1m✧ [22m[38;2;110;97;163mShel[38;2;165;153;233ml[38;2;228;204;255m [38;2;171;165;206mc[38;2;204;199;225mo[38;2;255;255;255mm[38;2;234;218;255mm[38;2;171;165;206ma[38;2;228;204;255mn[38;2;165;153;233md[38;2;110;97;163m allowed[38;2;228;204;255m [39m[49m [1m[38;2;138;148;168mesc[39m[22m [38;2;138;148;168mto interrupt[39m [38;2;138;148;168m•[39m [38;2;138;148;168m1m 0s[39m [38;2;138;148;168m•[39m [38;2;138;148;168m↓[39m [38;2;138;148;168m17.3k[39m
 [38;2;138;148;168m ⎿  Tip: Use shift+tab to enable auto-accept[39m
[38;2;138;148;168m────────────────────────────────────────────────────────────────────────────────[39m
❯ [7mA[27m[38;2;138;148;168msk your question...[39m
[38;2;138;148;168m────────────────────────────────────────────────────────────────────────────────[39m
  [38;2;138;148;168m? for shortcuts · [38;2;2;136;142mtaste on[39m



[?2026l[?2026h[2K[1A[2K[1A[2K[1A[2K[1A[2K[1A[2K[1A[2K[1A[2K[1A[2K[1A[2K[G[48;2;45;43;85m[38;2;228;204;255m [1m☆ [22m[38;2;110;97;163mShell[38;2;165;153;233m [38;2;228;204;255mc[38;2;171;165;206mo[38;2;204;199;225mm[38;2;255;255;255mm[38;2;234;218;255ma[38;2;171;165;206mn[38;2;228;204;255md[38;2;165;153;233m [38;2;110;97;163mallowed[38;2;228;204;255m [39m[49m [1m[38;2;138;148;168mesc[39m[22m [38;2;138;148;168mto interrupt[39m [38;2;138;148;168m•[39m [38;2;138;148;168m1m 0s[39m [38;2;138;148;168m•[39m [38;2;138;148;168m↓[39m [38;2;138;148;168m17.3k[39m
 [38;2;138;148;168m ⎿  Tip: Use shift+tab to enable auto-accept[39m
[38;2;138;148;168m────────────────────────────────────────────────────────────────────────────────[39m
❯ [7mA[27m[38;2;138;148;168msk your question...[39m
[38;2;138;148;168m────────────────────────────────────────────────────────────────────────────────[39m
  [38;2;138;148;168m? for shortcuts · [38;2;2;136;142mtaste on[39m



[?2026l[?2026h[2K[1A[2K[1A[2K[1A[2K[1A[2K[1A[2K[1A[2K[1A[2K[1A[2K[1A[2K[G[48;2;45;43;85m[38;2;228;204;255m [1m◇ [22m[38;2;110;97;163mShell [38;2;165;153;233mc[38;2;228;204;255mo[38;2;171;165;206mm[38;2;204;199;225mm[38;2;255;255;255ma[38;2;234;218;255mn[38;2;171;165;206md[38;2;228;204;255m [38;2;165;153;233ma[38;2;110;97;163mllowed[38;2;228;204;255m [39m[49m [1m[38;2;138;148;168mesc[39m[22m [38;2;138;148;168mto interrupt[39m [38;2;138;148;168m•[39m [38;2;138;148;168m1m 0s[39m [38;2;138;148;168m•[39m [38;2;138;148;168m↓[39m [38;2;138;148;168m17.3k[39m
 [38;2;138;148;168m ⎿  Tip: Use shift+tab to enable auto-accept[39m
[38;2;138;148;168m────────────────────────────────────────────────────────────────────────────────[39m
❯ [7mA[27m[38;2;138;148;168msk your question...[39m
[38;2;138;148;168m────────────────────────────────────────────────────────────────────────────────[39m
  [38;2;138;148;168m? for shortcuts · [38;2;2;136;142mtaste on[39m



[?2026l[?2026h[2K[1A[2K[1A[2K[1A[2K[1A[2K[1A[2K[1A[2K[1A[2K[1A[2K[1A[2K[G[48;2;45;43;85m[38;2;228;204;255m [1m○ [22m[38;2;110;97;163mShell c[38;2;165;153;233mo[38;2;228;204;255mm[38;2;171;165;206mm[38;2;204;199;225ma[38;2;255;255;255mn[38;2;234;218;255md[38;2;171;165;206m [38;2;228;204;255ma[38;2;165;153;233ml[38;2;110;97;163mlowed[38;2;228;204;255m [39m[49m [1m[38;2;138;148;168mesc[39m[22m [38;2;138;148;168mto interrupt[39m [38;2;138;148;168m•[39m [38;2;138;148;168m1m 0s[39m [38;2;138;148;168m•[39m [38;2;138;148;168m↓[39m [38;2;138;148;168m17.3k[39m
 [38;2;138;148;168m ⎿  Tip: Use shift+tab to enable auto-accept[39m
[38;2;138;148;168m────────────────────────────────────────────────────────────────────────────────[39m
❯ [7mA[27m[38;2;138;148;168msk your question...[39m
[38;2;138;148;168m────────────────────────────────────────────────────────────────────────────────[39m
  [38;2;138;148;168m? for shortcuts · [38;2;2;136;142mtaste on[39m



[?2026l[?2026h[2K[1A[2K[1A[2K[1A[2K[1A[2K[1A[2K[1A[2K[1A[2K[1A[2K[1A[2K[G[48;2;45;43;85m[38;2;228;204;255m [1m· [22m[38;2;110;97;163mShell co[38;2;165;153;233mm[38;2;228;204;255mm[38;2;171;165;206ma[38;2;204;199;225mn[38;2;255;255;255md[38;2;234;218;255m [38;2;171;165;206ma[38;2;228;204;255ml[38;2;165;153;233ml[38;2;110;97;163mowed[38;2;228;204;255m [39m[49m [1m[38;2;138;148;168mesc[39m[22m [38;2;138;148;168mto interrupt[39m [38;2;138;148;168m•[39m [38;2;138;148;168m1m 0s[39m [38;2;138;148;168m•[39m [38;2;138;148;168m↓[39m [38;2;138;148;168m17.3k[39m
 [38;2;138;148;168m ⎿  Tip: Use shift+tab to enable auto-accept[39m
[38;2;138;148;168m────────────────────────────────────────────────────────────────────────────────[39m
❯ [7mA[27m[38;2;138;148;168msk your question...[39m
[38;2;138;148;168m────────────────────────────────────────────────────────────────────────────────[39m
  [38;2;138;148;168m? for shortcuts · [38;2;2;136;142mtaste on[39m



[?2026l[?2026h[2K[1A[2K[1A[2K[1A[2K[1A[2K[1A[2K[1A[2K[1A[2K[1A[2K[1A[2K[G[48;2;45;43;85m[38;2;228;204;255m [1m· [22m[38;2;110;97;163mShell com[38;2;165;153;233mm[38;2;228;204;255ma[38;2;171;165;206mn[38;2;204;199;225md[38;2;255;255;255m [38;2;234;218;255ma[38;2;171;165;206ml[38;2;228;204;255ml[38;2;165;153;233mo[38;2;110;97;163mwed[38;2;228;204;255m [39m[49m [1m[38;2;138;148;168mesc[39m[22m [38;2;138;148;168mto interrupt[39m [38;2;138;148;168m•[39m [38;2;138;148;168m1m 0s[39m [38;2;138;148;168m•[39m [38;2;138;148;168m↓[39m [38;2;138;148;168m17.3k[39m
 [38;2;138;148;168m ⎿  Tip: Use shift+tab to enable auto-accept[39m
[38;2;138;148;168m────────────────────────────────────────────────────────────────────────────────[39m
❯ [7mA[27m[38;2;138;148;168msk your question...[39m
[38;2;138;148;168m────────────────────────────────────────────────────────────────────────────────[39m
  [38;2;138;148;168m? for shortcuts · [38;2;2;136;142mtaste on[39m



[?2026l[?2026h[2K[1A[2K[1A[2K[1A[2K[1A[2K[1A[2K[1A[2K[1A[2K[1A[2K[1A[2K[G[48;2;45;43;85m[38;2;228;204;255m [1m· [22m[38;2;110;97;163mShell comm[38;2;165;153;233ma[38;2;228;204;255mn[38;2;171;165;206md[38;2;204;199;225m [38;2;255;255;255ma[38;2;234;218;255ml[38;2;171;165;206ml[38;2;228;204;255mo[38;2;165;153;233mw[38;2;110;97;163med[38;2;228;204;255m [39m[49m [1m[38;2;138;148;168mesc[39m[22m [38;2;138;148;168mto interrupt[39m [38;2;138;148;168m•[39m [38;2;138;148;168m1m 0s[39m [38;2;138;148;168m•[39m [38;2;138;148;168m↓[39m [38;2;138;148;168m17.3k[39m
 [38;2;138;148;168m ⎿  Tip: Use shift+tab to enable auto-accept[39m
[38;2;138;148;168m────────────────────────────────────────────────────────────────────────────────[39m
❯ [7mA[27m[38;2;138;148;168msk your question...[39m
[38;2;138;148;168m────────────────────────────────────────────────────────────────────────────────[39m
  [38;2;138;148;168m? for shortcuts · [38;2;2;136;142mtaste on[39m



[?2026l[?2026h[2K[1A[2K[1A[2K[1A[2K[1A[2K[1A[2K[1A[2K[1A[2K[1A[2K[1A[2K[G[48;2;45;43;85m[38;2;228;204;255m [1m○ [22m[38;2;110;97;163mShell comma[38;2;165;153;233mn[38;2;228;204;255md[38;2;171;165;206m [38;2;204;199;225ma[38;2;255;255;255ml[38;2;234;218;255ml[38;2;171;165;206mo[38;2;228;204;255mw[38;2;165;153;233me[38;2;110;97;163md[38;2;228;204;255m [39m[49m [1m[38;2;138;148;168mesc[39m[22m [38;2;138;148;168mto interrupt[39m [38;2;138;148;168m•[39m [38;2;138;148;168m1m 0s[39m [38;2;138;148;168m•[39m [38;2;138;148;168m↓[39m [38;2;138;148;168m17.3k[39m
 [38;2;138;148;168m ⎿  Tip: Use shift+tab to enable auto-accept[39m
[38;2;138;148;168m────────────────────────────────────────────────────────────────────────────────[39m
❯ [7mA[27m[38;2;138;148;168msk your question...[39m
[38;2;138;148;168m────────────────────────────────────────────────────────────────────────────────[39m
  [38;2;138;148;168m? for shortcuts · [38;2;2;136;142mtaste on[39m



[?2026l[?2026h[2K[1A[2K[1A[2K[1A[2K[1A[2K[1A[2K[1A[2K[1A[2K[1A[2K[1A[2K[G[48;2;45;43;85m[38;2;228;204;255m [1m○ [22m[38;2;110;97;163mShell comman[38;2;165;153;233md[38;2;228;204;255m [38;2;171;165;206ma[38;2;204;199;225ml[38;2;255;255;255ml[38;2;234;218;255mo[38;2;171;165;206mw[38;2;228;204;255me[38;2;165;153;233md[38;2;228;204;255m [39m[49m [1m[38;2;138;148;168mesc[39m[22m [38;2;138;148;168mto interrupt[39m [38;2;138;148;168m•[39m [38;2;138;148;168m1m 0s[39m [38;2;138;148;168m•[39m [38;2;138;148;168m↓[39m [38;2;138;148;168m17.3k[39m
 [38;2;138;148;168m ⎿  Tip: Use shift+tab to enable auto-accept[39m
[38;2;138;148;168m────────────────────────────────────────────────────────────────────────────────[39m
❯ [7mA[27m[38;2;138;148;168msk your question...[39m
[38;2;138;148;168m────────────────────────────────────────────────────────────────────────────────[39m
  [38;2;138;148;168m? for shortcuts · [38;2;2;136;142mtaste on[39m



[?2026l[?2026h[2K[1A[2K[1A[2K[1A[2K[1A[2K[1A[2K[1A[2K[1A[2K[1A[2K[1A[2K[G[48;2;45;43;85m[38;2;228;204;255m [1m◇ [22m[38;2;110;97;163mShell command[38;2;165;153;233m [38;2;228;204;255ma[38;2;171;165;206ml[38;2;204;199;225ml[38;2;255;255;255mo[38;2;234;218;255mw[38;2;171;165;206me[38;2;228;204;255md [39m[49m [1m[38;2;138;148;168mesc[39m[22m [38;2;138;148;168mto interrupt[39m [38;2;138;148;168m•[39m [38;2;138;148;168m1m 0s[39m [38;2;138;148;168m•[39m [38;2;138;148;168m↓[39m [38;2;138;148;168m17.3k[39m
 [38;2;138;148;168m ⎿  Tip: Use shift+tab to enable auto-accept[39m
[38;2;138;148;168m────────────────────────────────────────────────────────────────────────────────[39m
❯ [7mA[27m[38;2;138;148;168msk your question...[39m
[38;2;138;148;168m────────────────────────────────────────────────────────────────────────────────[39m
  [38;2;138;148;168m? for shortcuts · [38;2;2;136;142mtaste on[39m



[?2026l[?2026h[2K[1A[2K[1A[2K[1A[2K[1A[2K[1A[2K[1A[2K[1A[2K[1A[2K[1A[2K[G[48;2;45;43;85m[38;2;228;204;255m [1m☆ [22m[38;2;110;97;163mShell command [38;2;165;153;233ma[38;2;228;204;255ml[38;2;171;165;206ml[38;2;204;199;225mo[38;2;255;255;255mw[38;2;234;218;255me[38;2;171;165;206md[38;2;228;204;255m [39m[49m [1m[38;2;138;148;168mesc[39m[22m [38;2;138;148;168mto interrupt[39m [38;2;138;148;168m•[39m [38;2;138;148;168m1m 1s[39m [38;2;138;148;168m•[39m [38;2;138;148;168m↓[39m [38;2;138;148;168m17.3k[39m
 [38;2;138;148;168m ⎿  Tip: Use shift+tab to enable auto-accept[39m
[38;2;138;148;168m────────────────────────────────────────────────────────────────────────────────[39m
❯ [7mA[27m[38;2;138;148;168msk your question...[39m
[38;2;138;148;168m────────────────────────────────────────────────────────────────────────────────[39m
  [38;2;138;148;168m? for shortcuts · [38;2;2;136;142mtaste on[39m



[?2026l[?2026h[2K[1A[2K[1A[2K[1A[2K[1A[2K[1A[2K[1A[2K[1A[2K[1A[2K[1A[2K[G[48;2;45;43;85m[38;2;228;204;255m [1m✧ [22m[38;2;110;97;163mShell command a[38;2;165;153;233ml[38;2;228;204;255ml[38;2;171;165;206mo[38;2;204;199;225mw[38;2;255;255;255me[38;2;234;218;255md[38;2;228;204;255m [39m[49m [1m[38;2;138;148;168mesc[39m[22m [38;2;138;148;168mto interrupt[39m [38;2;138;148;168m•[39m [38;2;138;148;168m1m 1s[39m [38;2;138;148;168m•[39m [38;2;138;148;168m↓[39m [38;2;138;148;168m17.3k[39m
 [38;2;138;148;168m ⎿  Tip: Use shift+tab to enable auto-accept[39m
[38;2;138;148;168m────────────────────────────────────────────────────────────────────────────────[39m
❯ [7mA[27m[38;2;138;148;168msk your question...[39m
[38;2;138;148;168m────────────────────────────────────────────────────────────────────────────────[39m
  [38;2;138;148;168m? for shortcuts · [38;2;2;136;142mtaste on[39m



[?2026l[?2026h[2K[1A[2K[1A[2K[1A[2K[1A[2K[1A[2K[1A[2K[1A[2K[1A[2K[1A[2K[G[48;2;45;43;85m[38;2;228;204;255m [1m☆ [22m[38;2;110;97;163mShell command al[38;2;165;153;233ml[38;2;228;204;255mo[38;2;171;165;206mw[38;2;204;199;225me[38;2;255;255;255md[38;2;228;204;255m [39m[49m [1m[38;2;138;148;168mesc[39m[22m [38;2;138;148;168mto interrupt[39m [38;2;138;148;168m•[39m [38;2;138;148;168m1m 1s[39m [38;2;138;148;168m•[39m [38;2;138;148;168m↓[39m [38;2;138;148;168m17.3k[39m
 [38;2;138;148;168m ⎿  Tip: Use shift+tab to enable auto-accept[39m
[38;2;138;148;168m────────────────────────────────────────────────────────────────────────────────[39m
❯ [7mA[27m[38;2;138;148;168msk your question...[39m
[38;2;138;148;168m────────────────────────────────────────────────────────────────────────────────[39m
  [38;2;138;148;168m? for shortcuts · [38;2;2;136;142mtaste on[39m



[?2026l[?2026h[2K[1A[2K[1A[2K[1A[2K[1A[2K[1A[2K[1A[2K[1A[2K[1A[2K[1A[2K[G[48;2;45;43;85m[38;2;228;204;255m [1m◇ [22m[38;2;110;97;163mShell command all[38;2;165;153;233mo[38;2;228;204;255mw[38;2;171;165;206me[38;2;204;199;225md[38;2;228;204;255m [39m[49m [1m[38;2;138;148;168mesc[39m[22m [38;2;138;148;168mto interrupt[39m [38;2;138;148;168m•[39m [38;2;138;148;168m1m 1s[39m [38;2;138;148;168m•[39m [38;2;138;148;168m↓[39m [38;2;138;148;168m17.3k[39m
 [38;2;138;148;168m ⎿  Tip: Use shift+tab to enable auto-accept[39m
[38;2;138;148;168m────────────────────────────────────────────────────────────────────────────────[39m
❯ [7mA[27m[38;2;138;148;168msk your question...[39m
[38;2;138;148;168m────────────────────────────────────────────────────────────────────────────────[39m
  [38;2;138;148;168m? for shortcuts · [38;2;2;136;142mtaste on[39m



[?2026l[?2026h[2K[1A[2K[1A[2K[1A[2K[1A[2K[1A[2K[1A[2K[1A[2K[1A[2K[1A[2K[G[48;2;45;43;85m[38;2;228;204;255m [1m○ [22m[38;2;110;97;163mShell command allo[38;2;165;153;233mw[38;2;228;204;255me[38;2;171;165;206md[38;2;228;204;255m [39m[49m [1m[38;2;138;148;168mesc[39m[22m [38;2;138;148;168mto interrupt[39m [38;2;138;148;168m•[39m [38;2;138;148;168m1m 1s[39m [38;2;138;148;168m•[39m [38;2;138;148;168m↓[39m [38;2;138;148;168m17.3k[39m
 [38;2;138;148;168m ⎿  Tip: Use shift+tab to enable auto-accept[39m
[38;2;138;148;168m────────────────────────────────────────────────────────────────────────────────[39m
❯ [7mA[27m[38;2;138;148;168msk your question...[39m
[38;2;138;148;168m────────────────────────────────────────────────────────────────────────────────[39m
  [38;2;138;148;168m? for shortcuts · [38;2;2;136;142mtaste on[39m



[?2026l[?2026h[2K[1A[2K[1A[2K[1A[2K[1A[2K[1A[2K[1A[2K[1A[2K[1A[2K[1A[2K[G[48;2;45;43;85m[38;2;228;204;255m [1m⌘ [22m[38;2;110;97;163mShell command allow[38;2;165;153;233me[38;2;228;204;255md [39m[49m [1m[38;2;138;148;168mesc[39m[22m [38;2;138;148;168mto interrupt[39m [38;2;138;148;168m•[39m [38;2;138;148;168m1m 1s[39m [38;2;138;148;168m•[39m [38;2;138;148;168m↓[39m [38;2;138;148;168m17.3k[39m
 [38;2;138;148;168m ⎿  Tip: Use shift+tab to enable auto-accept[39m
[38;2;138;148;168m────────────────────────────────────────────────────────────────────────────────[39m
❯ [7mA[27m[38;2;138;148;168msk your question...[39m
[38;2;138;148;168m────────────────────────────────────────────────────────────────────────────────[39m
  [38;2;138;148;168m? for shortcuts · [38;2;2;136;142mtaste on[39m



[?2026l[?2026h[2K[1A[2K[1A[2K[1A[2K[1A[2K[1A[2K[1A[2K[1A[2K[1A[2K[1A[2K[G[48;2;45;43;85m[38;2;228;204;255m [1m⌘ [22m[38;2;110;97;163mShell command allowe[38;2;165;153;233md[38;2;228;204;255m [39m[49m [1m[38;2;138;148;168mesc[39m[22m [38;2;138;148;168mto interrupt[39m [38;2;138;148;168m•[39m [38;2;138;148;168m1m 1s[39m [38;2;138;148;168m•[39m [38;2;138;148;168m↓[39m [38;2;138;148;168m17.3k[39m
 [38;2;138;148;168m ⎿  Tip: Use shift+tab to enable auto-accept[39m
[38;2;138;148;168m────────────────────────────────────────────────────────────────────────────────[39m
❯ [7mA[27m[38;2;138;148;168msk your question...[39m
[38;2;138;148;168m────────────────────────────────────────────────────────────────────────────────[39m
  [38;2;138;148;168m? for shortcuts · [38;2;2;136;142mtaste on[39m



[?2026l[?2026h[2K[1A[2K[1A[2K[1A[2K[1A[2K[1A[2K[1A[2K[1A[2K[1A[2K[1A[2K[G[48;2;45;43;85m[38;2;228;204;255m [1m⌘ [22m[38;2;110;97;163mShell command allowed[38;2;228;204;255m [39m[49m [1m[38;2;138;148;168mesc[39m[22m [38;2;138;148;168mto interrupt[39m [38;2;138;148;168m•[39m [38;2;138;148;168m1m 1s[39m [38;2;138;148;168m•[39m [38;2;138;148;168m↓[39m [38;2;138;148;168m17.3k[39m
 [38;2;138;148;168m ⎿  Tip: Use shift+tab to enable auto-accept[39m
[38;2;138;148;168m────────────────────────────────────────────────────────────────────────────────[39m
❯ [7mA[27m[38;2;138;148;168msk your question...[39m
[38;2;138;148;168m────────────────────────────────────────────────────────────────────────────────[39m
  [38;2;138;148;168m? for shortcuts · [38;2;2;136;142mtaste on[39m



[?2026l[?2026h[2K[1A[2K[1A[2K[1A[2K[1A[2K[1A[2K[1A[2K[1A[2K[1A[2K[1A[2K[G[48;2;45;43;85m[38;2;228;204;255m [1m○ [22m[38;2;110;97;163mShell command allowed[38;2;228;204;255m [39m[49m [1m[38;2;138;148;168mesc[39m[22m [38;2;138;148;168mto interrupt[39m [38;2;138;148;168m•[39m [38;2;138;148;168m1m 1s[39m [38;2;138;148;168m•[39m [38;2;138;148;168m↓[39m [38;2;138;148;168m17.3k[39m
 [38;2;138;148;168m ⎿  Tip: Use shift+tab to enable auto-accept[39m
[38;2;138;148;168m────────────────────────────────────────────────────────────────────────────────[39m
❯ [7mA[27m[38;2;138;148;168msk your question...[39m
[38;2;138;148;168m────────────────────────────────────────────────────────────────────────────────[39m
  [38;2;138;148;168m? for shortcuts · [38;2;2;136;142mtaste on[39m



[?2026l[?2026h[2K[1A[2K[1A[2K[1A[2K[1A[2K[1A[2K[1A[2K[1A[2K[1A[2K[1A[2K[G[48;2;45;43;85m[38;2;228;204;255m [1m◇ [22m[38;2;110;97;163mShell command allowed[38;2;228;204;255m [39m[49m [1m[38;2;138;148;168mesc[39m[22m [38;2;138;148;168mto interrupt[39m [38;2;138;148;168m•[39m [38;2;138;148;168m1m 1s[39m [38;2;138;148;168m•[39m [38;2;138;148;168m↓[39m [38;2;138;148;168m17.3k[39m
 [38;2;138;148;168m ⎿  Tip: Use shift+tab to enable auto-accept[39m
[38;2;138;148;168m────────────────────────────────────────────────────────────────────────────────[39m
❯ [7mA[27m[38;2;138;148;168msk your question...[39m
[38;2;138;148;168m────────────────────────────────────────────────────────────────────────────────[39m
  [38;2;138;148;168m? for shortcuts · [38;2;2;136;142mtaste on[39m



[?2026l[?2026h[2K[1A[2K[1A[2K[1A[2K[1A[2K[1A[2K[1A[2K[1A[2K[1A[2K[1A[2K[G[48;2;45;43;85m[38;2;228;204;255m [1m☆ [22m[38;2;110;97;163mShell command allowed[38;2;228;204;255m [39m[49m [1m[38;2;138;148;168mesc[39m[22m [38;2;138;148;168mto interrupt[39m [38;2;138;148;168m•[39m [38;2;138;148;168m1m 1s[39m [38;2;138;148;168m•[39m [38;2;138;148;168m↓[39m [38;2;138;148;168m17.3k[39m
 [38;2;138;148;168m ⎿  Tip: Use shift+tab to enable auto-accept[39m
[38;2;138;148;168m────────────────────────────────────────────────────────────────────────────────[39m
❯ [7mA[27m[38;2;138;148;168msk your question...[39m
[38;2;138;148;168m────────────────────────────────────────────────────────────────────────────────[39m
  [38;2;138;148;168m? for shortcuts · [38;2;2;136;142mtaste on[39m



[?2026l[?2026h[2K[1A[2K[1A[2K[1A[2K[1A[2K[1A[2K[1A[2K[1A[2K[1A[2K[1A[2K[G[48;2;45;43;85m[38;2;228;204;255m [1m☆ [22m[38;2;110;97;163mShell command allowed[38;2;228;204;255m [39m[49m [1m[38;2;138;148;168mesc[39m[22m [38;2;138;148;168mto interrupt[39m [38;2;138;148;168m•[39m [38;2;138;148;168m1m 1s[39m [38;2;138;148;168m•[39m [38;2;138;148;168m↓[39m [38;2;138;148;168m17.3k[39m
[38;2;138;148;168m────────────────────────────────────────────────────────────────────────────────[39m
❯ [7mA[27m[38;2;138;148;168msk your question...[39m
[38;2;138;148;168m────────────────────────────────────────────────────────────────────────────────[39m
  [38;2;138;148;168m? for shortcuts · [38;2;2;136;142mtaste on[39m



[?2026l[?2026h[2K[1A[2K[1A[2K[1A[2K[1A[2K[1A[2K[1A[2K[1A[2K[1A[2K[G[48;2;45;43;85m[38;2;228;204;255m [1m✧ [22m[38;2;234;218;255mS[38;2;171;165;206mh[38;2;228;204;255me[38;2;165;153;233ml[38;2;110;97;163ml command allowed[38;2;228;204;255m [39m[49m [1m[38;2;138;148;168mesc[39m[22m [38;2;138;148;168mto interrupt[39m [38;2;138;148;168m•[39m [38;2;138;148;168m1m 2s[39m [38;2;138;148;168m•[39m [38;2;138;148;168m↓[39m [38;2;138;148;168m17.3k[39m
[38;2;138;148;168m────────────────────────────────────────────────────────────────────────────────[39m
❯ [7mA[27m[38;2;138;148;168msk your question...[39m
[38;2;138;148;168m────────────────────────────────────────────────────────────────────────────────[39m
  [38;2;138;148;168m? for shortcuts · [38;2;2;136;142mtaste on[39m



[?2026l[?2026h[2K[1A[2K[1A[2K[1A[2K[1A[2K[1A[2K[1A[2K[1A[2K[1A[2K[G[48;2;45;43;85m[38;2;228;204;255m [1m☆ [22m[38;2;255;255;255mS[38;2;234;218;255mh[38;2;171;165;206me[38;2;228;204;255ml[38;2;165;153;233ml[38;2;110;97;163m command allowed[38;2;228;204;255m [39m[49m [1m[38;2;138;148;168mesc[39m[22m [38;2;138;148;168mto interrupt[39m [38;2;138;148;168m•[39m [38;2;138;148;168m1m 2s[39m [38;2;138;148;168m•[39m [38;2;138;148;168m↓[39m [38;2;138;148;168m17.3k[39m
[38;2;138;148;168m────────────────────────────────────────────────────────────────────────────────[39m
❯ [7mA[27m[38;2;138;148;168msk your question...[39m
[38;2;138;148;168m────────────────────────────────────────────────────────────────────────────────[39m
  [38;2;138;148;168m? for shortcuts · [38;2;2;136;142mtaste on[39m



[?2026l[?2026h[2K[1A[2K[1A[2K[1A[2K[1A[2K[1A[2K[1A[2K[1A[2K[1A[2K[G[48;2;45;43;85m[38;2;228;204;255m [1m◇ [22m[38;2;204;199;225mS[38;2;255;255;255mh[38;2;234;218;255me[38;2;171;165;206ml[38;2;228;204;255ml[38;2;165;153;233m [38;2;110;97;163mcommand allowed[38;2;228;204;255m [39m[49m [1m[38;2;138;148;168mesc[39m[22m [38;2;138;148;168mto interrupt[39m [38;2;138;148;168m•[39m [38;2;138;148;168m1m 2s[39m [38;2;138;148;168m•[39m [38;2;138;148;168m↓[39m [38;2;138;148;168m17.3k[39m
[38;2;138;148;168m────────────────────────────────────────────────────────────────────────────────[39m
❯ [7mA[27m[38;2;138;148;168msk your question...[39m
[38;2;138;148;168m────────────────────────────────────────────────────────────────────────────────[39m
  [38;2;138;148;168m? for shortcuts · [38;2;2;136;142mtaste on[39m



[?2026l[?2026h[2K[1A[2K[1A[2K[1A[2K[1A[2K[1A[2K[1A[2K[1A[2K[1A[2K[G[48;2;45;43;85m[38;2;228;204;255m [1m○ [22m[38;2;171;165;206mS[38;2;204;199;225mh[38;2;255;255;255me[38;2;234;218;255ml[38;2;171;165;206ml[38;2;228;204;255m [38;2;165;153;233mc[38;2;110;97;163mommand allowed[38;2;228;204;255m [39m[49m [1m[38;2;138;148;168mesc[39m[22m [38;2;138;148;168mto interrupt[39m [38;2;138;148;168m•[39m [38;2;138;148;168m1m 2s[39m [38;2;138;148;168m•[39m [38;2;138;148;168m↓[39m [38;2;138;148;168m17.3k[39m
[38;2;138;148;168m────────────────────────────────────────────────────────────────────────────────[39m
❯ [7mA[27m[38;2;138;148;168msk your question...[39m
[38;2;138;148;168m────────────────────────────────────────────────────────────────────────────────[39m
  [38;2;138;148;168m? for shortcuts · [38;2;2;136;142mtaste on[39m



[?2026l[?2026h[2K[1A[2K[1A[2K[1A[2K[1A[2K[1A[2K[1A[2K[1A[2K[1A[2K[G[48;2;45;43;85m[38;2;228;204;255m [1m· [22mS[38;2;171;165;206mh[38;2;204;199;225me[38;2;255;255;255ml[38;2;234;218;255ml[38;2;171;165;206m [38;2;228;204;255mc[38;2;165;153;233mo[38;2;110;97;163mmmand allowed[38;2;228;204;255m [39m[49m [1m[38;2;138;148;168mesc[39m[22m [38;2;138;148;168mto interrupt[39m [38;2;138;148;168m•[39m [38;2;138;148;168m1m 2s[39m [38;2;138;148;168m•[39m [38;2;138;148;168m↓[39m [38;2;138;148;168m17.3k[39m
[38;2;138;148;168m────────────────────────────────────────────────────────────────────────────────[39m
❯ [7mA[27m[38;2;138;148;168msk your question...[39m
[38;2;138;148;168m────────────────────────────────────────────────────────────────────────────────[39m
  [38;2;138;148;168m? for shortcuts · [38;2;2;136;142mtaste on[39m



[?2026l[?2026h[2K[1A[2K[1A[2K[1A[2K[1A[2K[1A[2K[1A[2K[1A[2K[1A[2K[G[48;2;45;43;85m[38;2;228;204;255m [1m· [22m[38;2;165;153;233mS[38;2;228;204;255mh[38;2;171;165;206me[38;2;204;199;225ml[38;2;255;255;255ml[38;2;234;218;255m [38;2;171;165;206mc[38;2;228;204;255mo[38;2;165;153;233mm[38;2;110;97;163mmand allowed[38;2;228;204;255m [39m[49m [1m[38;2;138;148;168mesc[39m[22m [38;2;138;148;168mto interrupt[39m [38;2;138;148;168m•[39m [38;2;138;148;168m1m 2s[39m [38;2;138;148;168m•[39m [38;2;138;148;168m↓[39m [38;2;138;148;168m17.3k[39m
[38;2;138;148;168m────────────────────────────────────────────────────────────────────────────────[39m
❯ [7mA[27m[38;2;138;148;168msk your question...[39m
[38;2;138;148;168m────────────────────────────────────────────────────────────────────────────────[39m
  [38;2;138;148;168m? for shortcuts · [38;2;2;136;142mtaste on[39m



[?2026l[?2026h[2K[1A[2K[1A[2K[1A[2K[1A[2K[1A[2K[1A[2K[1A[2K[1A[2K[G[48;2;45;43;85m[38;2;228;204;255m [1m· [22m[38;2;110;97;163mS[38;2;165;153;233mh[38;2;228;204;255me[38;2;171;165;206ml[38;2;204;199;225ml[38;2;255;255;255m [38;2;234;218;255mc[38;2;171;165;206mo[38;2;228;204;255mm[38;2;165;153;233mm[38;2;110;97;163mand allowed[38;2;228;204;255m [39m[49m [1m[38;2;138;148;168mesc[39m[22m [38;2;138;148;168mto interrupt[39m [38;2;138;148;168m•[39m [38;2;138;148;168m1m 2s[39m [38;2;138;148;168m•[39m [38;2;138;148;168m↓[39m [38;2;138;148;168m17.3k[39m
[38;2;138;148;168m────────────────────────────────────────────────────────────────────────────────[39m
❯ [7mA[27m[38;2;138;148;168msk your question...[39m
[38;2;138;148;168m────────────────────────────────────────────────────────────────────────────────[39m
  [38;2;138;148;168m? for shortcuts · [38;2;2;136;142mtaste on[39m



[?2026l[?2026h[2K[1A[2K[1A[2K[1A[2K[1A[2K[1A[2K[1A[2K[1A[2K[1A[2K[G[48;2;45;43;85m[38;2;228;204;255m [1m○ [22m[38;2;110;97;163mSh[38;2;165;153;233me[38;2;228;204;255ml[38;2;171;165;206ml[38;2;204;199;225m [38;2;255;255;255mc[38;2;234;218;255mo[38;2;171;165;206mm[38;2;228;204;255mm[38;2;165;153;233ma[38;2;110;97;163mnd allowed[38;2;228;204;255m [39m[49m [1m[38;2;138;148;168mesc[39m[22m [38;2;138;148;168mto interrupt[39m [38;2;138;148;168m•[39m [38;2;138;148;168m1m 2s[39m [38;2;138;148;168m•[39m [38;2;138;148;168m↓[39m [38;2;138;148;168m17.3k[39m
[38;2;138;148;168m────────────────────────────────────────────────────────────────────────────────[39m
❯ [7mA[27m[38;2;138;148;168msk your question...[39m
[38;2;138;148;168m────────────────────────────────────────────────────────────────────────────────[39m
  [38;2;138;148;168m? for shortcuts · [38;2;2;136;142mtaste on[39m



[?2026l[?2026h[2K[1A[2K[1A[2K[1A[2K[1A[2K[1A[2K[1A[2K[1A[2K[1A[2K[G[48;2;45;43;85m[38;2;228;204;255m [1m○ [22m[38;2;110;97;163mShe[38;2;165;153;233ml[38;2;228;204;255ml[38;2;171;165;206m [38;2;204;199;225mc[38;2;255;255;255mo[38;2;234;218;255mm[38;2;171;165;206mm[38;2;228;204;255ma[38;2;165;153;233mn[38;2;110;97;163md allowed[38;2;228;204;255m [39m[49m [1m[38;2;138;148;168mesc[39m[22m [38;2;138;148;168mto interrupt[39m [38;2;138;148;168m•[39m [38;2;138;148;168m1m 2s[39m [38;2;138;148;168m•[39m [38;2;138;148;168m↓[39m [38;2;138;148;168m17.3k[39m
[38;2;138;148;168m────────────────────────────────────────────────────────────────────────────────[39m
❯ [7mA[27m[38;2;138;148;168msk your question...[39m
[38;2;138;148;168m────────────────────────────────────────────────────────────────────────────────[39m
  [38;2;138;148;168m? for shortcuts · [38;2;2;136;142mtaste on[39m



[?2026l[?2026h[2K[1A[2K[1A[2K[1A[2K[1A[2K[1A[2K[1A[2K[1A[2K[1A[2K[G[48;2;45;43;85m[38;2;228;204;255m [1m○ [22m[38;2;255;255;255mD[38;2;234;218;255me[38;2;171;165;206ml[38;2;228;204;255mi[38;2;165;153;233mb[38;2;110;97;163merating…[38;2;228;204;255m [39m[49m [1m[38;2;138;148;168mesc[39m[22m [38;2;138;148;168mto interrupt[39m [38;2;138;148;168m•[39m [38;2;138;148;168m1m 2s[39m [38;2;138;148;168m•[39m [38;2;138;148;168m↓[39m [38;2;138;148;168m17.3k[39m
[38;2;138;148;168m────────────────────────────────────────────────────────────────────────────────[39m
❯ [7mA[27m[38;2;138;148;168msk your question...[39m
[38;2;138;148;168m────────────────────────────────────────────────────────────────────────────────[39m
  [38;2;138;148;168m? for shortcuts · [38;2;2;136;142mtaste on[39m



[?2026l[?2026h[2K[1A[2K[1A[2K[1A[2K[1A[2K[1A[2K[1A[2K[1A[2K[1A[2K[G[48;2;45;43;85m[38;2;228;204;255m [1m◇ [22m[38;2;204;199;225mD[38;2;255;255;255me[38;2;234;218;255ml[38;2;171;165;206mi[38;2;228;204;255mb[38;2;165;153;233me[38;2;110;97;163mrating…[38;2;228;204;255m [39m[49m [1m[38;2;138;148;168mesc[39m[22m [38;2;138;148;168mto interrupt[39m [38;2;138;148;168m•[39m [38;2;138;148;168m1m 2s[39m [38;2;138;148;168m•[39m [38;2;138;148;168m↓[39m [38;2;138;148;168m17.3k[39m
[38;2;138;148;168m────────────────────────────────────────────────────────────────────────────────[39m
❯ [7mA[27m[38;2;138;148;168msk your question...[39m
[38;2;138;148;168m────────────────────────────────────────────────────────────────────────────────[39m
  [38;2;138;148;168m? for shortcuts · [38;2;2;136;142mtaste on[39m



[?2026l[?2026h[2K[1A[2K[1A[2K[1A[2K[1A[2K[1A[2K[1A[2K[1A[2K[1A[2K[G[48;2;45;43;85m[38;2;228;204;255m [1m☆ [22m[38;2;171;165;206mD[38;2;204;199;225me[38;2;255;255;255ml[38;2;234;218;255mi[38;2;171;165;206mb[38;2;228;204;255me[38;2;165;153;233mr[38;2;110;97;163mating…[38;2;228;204;255m [39m[49m [1m[38;2;138;148;168mesc[39m[22m [38;2;138;148;168mto interrupt[39m [38;2;138;148;168m•[39m [38;2;138;148;168m1m 2s[39m [38;2;138;148;168m•[39m [38;2;138;148;168m↓[39m [38;2;138;148;168m17.3k[39m
[38;2;138;148;168m────────────────────────────────────────────────────────────────────────────────[39m
❯ [7mA[27m[38;2;138;148;168msk your question...[39m
[38;2;138;148;168m────────────────────────────────────────────────────────────────────────────────[39m
  [38;2;138;148;168m? for shortcuts · [38;2;2;136;142mtaste on[39m



[?2026l[?2026h[2K[1A[2K[1A[2K[1A[2K[1A[2K[1A[2K[1A[2K[1A[2K[1A[2K[G[48;2;45;43;85m[38;2;228;204;255m [1m✧ [22mD[38;2;171;165;206me[38;2;204;199;225ml[38;2;255;255;255mi[38;2;234;218;255mb[38;2;171;165;206me[38;2;228;204;255mr[38;2;165;153;233ma[38;2;110;97;163mting…[38;2;228;204;255m [39m[49m [1m[38;2;138;148;168mesc[39m[22m [38;2;138;148;168mto interrupt[39m [38;2;138;148;168m•[39m [38;2;138;148;168m1m 2s[39m [38;2;138;148;168m•[39m [38;2;138;148;168m↓[39m [38;2;138;148;168m17.3k[39m
[38;2;138;148;168m────────────────────────────────────────────────────────────────────────────────[39m
❯ [7mA[27m[38;2;138;148;168msk your question...[39m
[38;2;138;148;168m────────────────────────────────────────────────────────────────────────────────[39m
  [38;2;138;148;168m? for shortcuts · [38;2;2;136;142mtaste on[39m



[?2026l[?2026h[2K[1A[2K[1A[2K[1A[2K[1A[2K[1A[2K[1A[2K[1A[2K[1A[2K[G[48;2;45;43;85m[38;2;228;204;255m [1m☆ [22m[38;2;165;153;233mD[38;2;228;204;255me[38;2;171;165;206ml[38;2;204;199;225mi[38;2;255;255;255mb[38;2;234;218;255me[38;2;171;165;206mr[38;2;228;204;255ma[38;2;165;153;233mt[38;2;110;97;163ming…[38;2;228;204;255m [39m[49m [1m[38;2;138;148;168mesc[39m[22m [38;2;138;148;168mto interrupt[39m [38;2;138;148;168m•[39m [38;2;138;148;168m1m 2s[39m [38;2;138;148;168m•[39m [38;2;138;148;168m↓[39m [38;2;138;148;168m17.3k[39m
[38;2;138;148;168m────────────────────────────────────────────────────────────────────────────────[39m
❯ [7mA[27m[38;2;138;148;168msk your question...[39m
[38;2;138;148;168m────────────────────────────────────────────────────────────────────────────────[39m
  [38;2;138;148;168m? for shortcuts · [38;2;2;136;142mtaste on[39m



[?2026l[?2026h[2K[1A[2K[1A[2K[1A[2K[1A[2K[1A[2K[1A[2K[1A[2K[1A[2K[G[48;2;45;43;85m[38;2;228;204;255m [1m☆ [22m[38;2;165;153;233mD[38;2;228;204;255me[38;2;171;165;206ml[38;2;204;199;225mi[38;2;255;255;255mb[38;2;234;218;255me[38;2;171;165;206mr[38;2;228;204;255ma[38;2;165;153;233mt[38;2;110;97;163ming…[38;2;228;204;255m [39m[49m [1m[38;2;138;148;168mesc[39m[22m [38;2;138;148;168mto interrupt[39m [38;2;138;148;168m•[39m [38;2;138;148;168m1m 3s[39m [38;2;138;148;168m•[39m [38;2;138;148;168m↓[39m [38;2;138;148;168m17.3k[39m
[38;2;138;148;168m────────────────────────────────────────────────────────────────────────────────[39m
❯ [7mA[27m[38;2;138;148;168msk your question...[39m
[38;2;138;148;168m────────────────────────────────────────────────────────────────────────────────[39m
  [38;2;138;148;168m? for shortcuts · [38;2;2;136;142mtaste on[39m



[?2026l[?2026h[2K[1A[2K[1A[2K[1A[2K[1A[2K[1A[2K[1A[2K[1A[2K[1A[2K[G[48;2;45;43;85m[38;2;228;204;255m [1m◇ [22m[38;2;110;97;163mD[38;2;165;153;233me[38;2;228;204;255ml[38;2;171;165;206mi[38;2;204;199;225mb[38;2;255;255;255me[38;2;234;218;255mr[38;2;171;165;206ma[38;2;228;204;255mt[38;2;165;153;233mi[38;2;110;97;163mng…[38;2;228;204;255m [39m[49m [1m[38;2;138;148;168mesc[39m[22m [38;2;138;148;168mto interrupt[39m [38;2;138;148;168m•[39m [38;2;138;148;168m1m 3s[39m [38;2;138;148;168m•[39m [38;2;138;148;168m↓[39m [38;2;138;148;168m17.3k[39m
[38;2;138;148;168m────────────────────────────────────────────────────────────────────────────────[39m
❯ [7mA[27m[38;2;138;148;168msk your question...[39m
[38;2;138;148;168m────────────────────────────────────────────────────────────────────────────────[39m
  [38;2;138;148;168m? for shortcuts · [38;2;2;136;142mtaste on[39m



[?2026l[?2026h[2K[1A[2K[1A[2K[1A[2K[1A[2K[1A[2K[1A[2K[1A[2K[1A[2K[G[48;2;45;43;85m[38;2;228;204;255m [1m○ [22m[38;2;110;97;163mDe[38;2;165;153;233ml[38;2;228;204;255mi[38;2;171;165;206mb[38;2;204;199;225me[38;2;255;255;255mr[38;2;234;218;255ma[38;2;171;165;206mt[38;2;228;204;255mi[38;2;165;153;233mn[38;2;110;97;163mg…[38;2;228;204;255m [39m[49m [1m[38;2;138;148;168mesc[39m[22m [38;2;138;148;168mto interrupt[39m [38;2;138;148;168m•[39m [38;2;138;148;168m1m 3s[39m [38;2;138;148;168m•[39m [38;2;138;148;168m↓[39m [38;2;138;148;168m17.3k[39m
[38;2;138;148;168m────────────────────────────────────────────────────────────────────────────────[39m
❯ [7mA[27m[38;2;138;148;168msk your question...[39m
[38;2;138;148;168m────────────────────────────────────────────────────────────────────────────────[39m
  [38;2;138;148;168m? for shortcuts · [38;2;2;136;142mtaste on[39m



[?2026l[?2026h[2K[1A[2K[1A[2K[1A[2K[1A[2K[1A[2K[1A[2K[1A[2K[1A[2K[G[48;2;45;43;85m[38;2;228;204;255m [1m⌘ [22m[38;2;110;97;163mDel[38;2;165;153;233mi[38;2;228;204;255mb[38;2;171;165;206me[38;2;204;199;225mr[38;2;255;255;255ma[38;2;234;218;255mt[38;2;171;165;206mi[38;2;228;204;255mn[38;2;165;153;233mg[38;2;110;97;163m…[38;2;228;204;255m [39m[49m [1m[38;2;138;148;168mesc[39m[22m [38;2;138;148;168mto interrupt[39m [38;2;138;148;168m•[39m [38;2;138;148;168m1m 3s[39m [38;2;138;148;168m•[39m [38;2;138;148;168m↓[39m [38;2;138;148;168m17.3k[39m
[38;2;138;148;168m────────────────────────────────────────────────────────────────────────────────[39m
❯ [7mA[27m[38;2;138;148;168msk your question...[39m
[38;2;138;148;168m────────────────────────────────────────────────────────────────────────────────[39m
  [38;2;138;148;168m? for shortcuts · [38;2;2;136;142mtaste on[39m



[?2026l[?2026h[2K[1A[2K[1A[2K[1A[2K[1A[2K[1A[2K[1A[2K[1A[2K[1A[2K[G[38;2;228;204;255m✻ Thinking… (1 line) [38;2;53;61;80m[[38;2;138;148;168mctrl+o to expand[38;2;53;61;80m][39m

[48;2;45;43;85m[38;2;228;204;255m [1m⌘ [22m[38;2;110;97;163mDel[38;2;165;153;233mi[38;2;228;204;255mb[38;2;171;165;206me[38;2;204;199;225mr[38;2;255;255;255ma[38;2;234;218;255mt[38;2;171;165;206mi[38;2;228;204;255mn[38;2;165;153;233mg[38;2;110;97;163m…[38;2;228;204;255m [39m[49m [1m[38;2;138;148;168mesc[39m[22m [38;2;138;148;168mto interrupt[39m [38;2;138;148;168m•[39m [38;2;138;148;168m1m 3s[39m [38;2;138;148;168m•[39m [38;2;138;148;168m↓[39m [38;2;138;148;168m17.3k[39m
[38;2;138;148;168m────────────────────────────────────────────────────────────────────────────────[39m
❯ [7mA[27m[38;2;138;148;168msk your question...[39m
[38;2;138;148;168m────────────────────────────────────────────────────────────────────────────────[39m
  [38;2;138;148;168m? for shortcuts · [38;2;2;136;142mtaste on[39m



[?2026l[?2026h[2K[1A[2K[1A[2K[1A[2K[1A[2K[1A[2K[1A[2K[1A[2K[1A[2K[1A[2K[1A[2K[G[38;2;228;204;255m✻ Thinking… (3 lines) [38;2;53;61;80m[[38;2;138;148;168mctrl+o to expand[38;2;53;61;80m][39m

[48;2;45;43;85m[38;2;228;204;255m [1m⌘ [22m[38;2;110;97;163mDel[38;2;165;153;233mi[38;2;228;204;255mb[38;2;171;165;206me[38;2;204;199;225mr[38;2;255;255;255ma[38;2;234;218;255mt[38;2;171;165;206mi[38;2;228;204;255mn[38;2;165;153;233mg[38;2;110;97;163m…[38;2;228;204;255m [39m[49m [1m[38;2;138;148;168mesc[39m[22m [38;2;138;148;168mto interrupt[39m [38;2;138;148;168m•[39m [38;2;138;148;168m1m 3s[39m [38;2;138;148;168m•[39m [38;2;138;148;168m↓[39m [38;2;138;148;168m17.3k[39m
[38;2;138;148;168m────────────────────────────────────────────────────────────────────────────────[39m
❯ [7mA[27m[38;2;138;148;168msk your question...[39m
[38;2;138;148;168m────────────────────────────────────────────────────────────────────────────────[39m
  [38;2;138;148;168m? for shortcuts · [38;2;2;136;142mtaste on[39m



[?2026l[?2026h[2K[1A[2K[1A[2K[1A[2K[1A[2K[1A[2K[1A[2K[1A[2K[1A[2K[1A[2K[1A[2K[G[38;2;228;204;255m✻ Thinking… (3 lines) [38;2;53;61;80m[[38;2;138;148;168mctrl+o to expand[38;2;53;61;80m][39m

[48;2;45;43;85m[38;2;228;204;255m [1m⌘ [22m[38;2;110;97;163mDeli[38;2;165;153;233mb[38;2;228;204;255me[38;2;171;165;206mr[38;2;204;199;225ma[38;2;255;255;255mt[38;2;234;218;255mi[38;2;171;165;206mn[38;2;228;204;255mg[38;2;165;153;233m…[38;2;228;204;255m [39m[49m [1m[38;2;138;148;168mesc[39m[22m [38;2;138;148;168mto interrupt[39m [38;2;138;148;168m•[39m [38;2;138;148;168m1m 3s[39m [38;2;138;148;168m•[39m [38;2;138;148;168m↓[39m [38;2;138;148;168m17.3k[39m
[38;2;138;148;168m────────────────────────────────────────────────────────────────────────────────[39m
❯ [7mA[27m[38;2;138;148;168msk your question...[39m
[38;2;138;148;168m────────────────────────────────────────────────────────────────────────────────[39m
  [38;2;138;148;168m? for shortcuts · [38;2;2;136;142mtaste on[39m



[?2026l[?2026h[2K[1A[2K[1A[2K[1A[2K[1A[2K[1A[2K[1A[2K[1A[2K[1A[2K[1A[2K[1A[2K[G[38;2;228;204;255m✻ Thinking… (3 lines) [38;2;53;61;80m[[38;2;138;148;168mctrl+o to expand[38;2;53;61;80m][39m

[48;2;45;43;85m[38;2;228;204;255m [1m⌘ [22m[38;2;110;97;163mDelib[38;2;165;153;233me[38;2;228;204;255mr[38;2;171;165;206ma[38;2;204;199;225mt[38;2;255;255;255mi[38;2;234;218;255mn[38;2;171;165;206mg[38;2;228;204;255m… [39m[49m [1m[38;2;138;148;168mesc[39m[22m [38;2;138;148;168mto interrupt[39m [38;2;138;148;168m•[39m [38;2;138;148;168m1m 3s[39m [38;2;138;148;168m•[39m [38;2;138;148;168m↓[39m [38;2;138;148;168m17.3k[39m
[38;2;138;148;168m────────────────────────────────────────────────────────────────────────────────[39m
❯ [7mA[27m[38;2;138;148;168msk your question...[39m
[38;2;138;148;168m────────────────────────────────────────────────────────────────────────────────[39m
  [38;2;138;148;168m? for shortcuts · [38;2;2;136;142mtaste on[39m



[?2026l[?2026h[2K[1A[2K[1A[2K[1A[2K[1A[2K[1A[2K[1A[2K[1A[2K[1A[2K[1A[2K[1A[2K[G[38;2;228;204;255m✻ Thinking… (4 lines) [38;2;53;61;80m[[38;2;138;148;168mctrl+o to expand[38;2;53;61;80m][39m

[48;2;45;43;85m[38;2;228;204;255m [1m⌘ [22m[38;2;110;97;163mDelib[38;2;165;153;233me[38;2;228;204;255mr[38;2;171;165;206ma[38;2;204;199;225mt[38;2;255;255;255mi[38;2;234;218;255mn[38;2;171;165;206mg[38;2;228;204;255m… [39m[49m [1m[38;2;138;148;168mesc[39m[22m [38;2;138;148;168mto interrupt[39m [38;2;138;148;168m•[39m [38;2;138;148;168m1m 3s[39m [38;2;138;148;168m•[39m [38;2;138;148;168m↓[39m [38;2;138;148;168m17.3k[39m
[38;2;138;148;168m────────────────────────────────────────────────────────────────────────────────[39m
❯ [7mA[27m[38;2;138;148;168msk your question...[39m
[38;2;138;148;168m────────────────────────────────────────────────────────────────────────────────[39m
  [38;2;138;148;168m? for shortcuts · [38;2;2;136;142mtaste on[39m



[?2026l[?2026h[2K[1A[2K[1A[2K[1A[2K[1A[2K[1A[2K[1A[2K[1A[2K[1A[2K[1A[2K[1A[2K[G[38;2;228;204;255m✻ Thinking… (4 lines) [38;2;53;61;80m[[38;2;138;148;168mctrl+o to expand[38;2;53;61;80m][39m

[48;2;45;43;85m[38;2;228;204;255m [1m⌘ [22m[38;2;110;97;163mDelibe[38;2;165;153;233mr[38;2;228;204;255ma[38;2;171;165;206mt[38;2;204;199;225mi[38;2;255;255;255mn[38;2;234;218;255mg[38;2;171;165;206m…[38;2;228;204;255m [39m[49m [1m[38;2;138;148;168mesc[39m[22m [38;2;138;148;168mto interrupt[39m [38;2;138;148;168m•[39m [38;2;138;148;168m1m 3s[39m [38;2;138;148;168m•[39m [38;2;138;148;168m↓[39m [38;2;138;148;168m17.3k[39m
[38;2;138;148;168m────────────────────────────────────────────────────────────────────────────────[39m
❯ [7mA[27m[38;2;138;148;168msk your question...[39m
[38;2;138;148;168m────────────────────────────────────────────────────────────────────────────────[39m
  [38;2;138;148;168m? for shortcuts · [38;2;2;136;142mtaste on[39m



[?2026l[?2026h[2K[1A[2K[1A[2K[1A[2K[1A[2K[1A[2K[1A[2K[1A[2K[1A[2K[1A[2K[1A[2K[G[38;2;228;204;255m✻ Thinking… (5 lines) [38;2;53;61;80m[[38;2;138;148;168mctrl+o to expand[38;2;53;61;80m][39m

[48;2;45;43;85m[38;2;228;204;255m [1m⌘ [22m[38;2;110;97;163mDelibe[38;2;165;153;233mr[38;2;228;204;255ma[38;2;171;165;206mt[38;2;204;199;225mi[38;2;255;255;255mn[38;2;234;218;255mg[38;2;171;165;206m…[38;2;228;204;255m [39m[49m [1m[38;2;138;148;168mesc[39m[22m [38;2;138;148;168mto interrupt[39m [38;2;138;148;168m•[39m [38;2;138;148;168m1m 3s[39m [38;2;138;148;168m•[39m [38;2;138;148;168m↓[39m [38;2;138;148;168m17.3k[39m
[38;2;138;148;168m────────────────────────────────────────────────────────────────────────────────[39m
❯ [7mA[27m[38;2;138;148;168msk your question...[39m
[38;2;138;148;168m────────────────────────────────────────────────────────────────────────────────[39m
  [38;2;138;148;168m? for shortcuts · [38;2;2;136;142mtaste on[39m



[?2026l[?2026h[2K[1A[2K[1A[2K[1A[2K[1A[2K[1A[2K[1A[2K[1A[2K[1A[2K[1A[2K[1A[2K[G[38;2;228;204;255m✻ Thinking… (5 lines) [38;2;53;61;80m[[38;2;138;148;168mctrl+o to expand[38;2;53;61;80m][39m

[48;2;45;43;85m[38;2;228;204;255m [1m○ [22m[38;2;110;97;163mDeliber[38;2;165;153;233ma[38;2;228;204;255mt[38;2;171;165;206mi[38;2;204;199;225mn[38;2;255;255;255mg[38;2;234;218;255m…[38;2;228;204;255m [39m[49m [1m[38;2;138;148;168mesc[39m[22m [38;2;138;148;168mto interrupt[39m [38;2;138;148;168m•[39m [38;2;138;148;168m1m 3s[39m [38;2;138;148;168m•[39m [38;2;138;148;168m↓[39m [38;2;138;148;168m17.3k[39m
[38;2;138;148;168m────────────────────────────────────────────────────────────────────────────────[39m
❯ [7mA[27m[38;2;138;148;168msk your question...[39m
[38;2;138;148;168m────────────────────────────────────────────────────────────────────────────────[39m
  [38;2;138;148;168m? for shortcuts · [38;2;2;136;142mtaste on[39m



[?2026l[?2026h[2K[1A[2K[1A[2K[1A[2K[1A[2K[1A[2K[1A[2K[1A[2K[1A[2K[1A[2K[1A[2K[G[38;2;228;204;255m✻ Thinking… (5 lines) [38;2;53;61;80m[[38;2;138;148;168mctrl+o to expand[38;2;53;61;80m][39m

[48;2;45;43;85m[38;2;228;204;255m [1m◇ [22m[38;2;110;97;163mDelibera[38;2;165;153;233mt[38;2;228;204;255mi[38;2;171;165;206mn[38;2;204;199;225mg[38;2;255;255;255m…[38;2;228;204;255m [39m[49m [1m[38;2;138;148;168mesc[39m[22m [38;2;138;148;168mto interrupt[39m [38;2;138;148;168m•[39m [38;2;138;148;168m1m 3s[39m [38;2;138;148;168m•[39m [38;2;138;148;168m↓[39m [38;2;138;148;168m17.3k[39m
[38;2;138;148;168m────────────────────────────────────────────────────────────────────────────────[39m
❯ [7mA[27m[38;2;138;148;168msk your question...[39m
[38;2;138;148;168m────────────────────────────────────────────────────────────────────────────────[39m
  [38;2;138;148;168m? for shortcuts · [38;2;2;136;142mtaste on[39m



[?2026l[?2026h[2K[1A[2K[1A[2K[1A[2K[1A[2K[1A[2K[1A[2K[1A[2K[1A[2K[1A[2K[1A[2K[G[38;2;228;204;255m✻ Thinking… (5 lines) [38;2;53;61;80m[[38;2;138;148;168mctrl+o to expand[38;2;53;61;80m][39m

[48;2;45;43;85m[38;2;228;204;255m [1m☆ [22m[38;2;110;97;163mDeliberat[38;2;165;153;233mi[38;2;228;204;255mn[38;2;171;165;206mg[38;2;204;199;225m…[38;2;228;204;255m [39m[49m [1m[38;2;138;148;168mesc[39m[22m [38;2;138;148;168mto interrupt[39m [38;2;138;148;168m•[39m [38;2;138;148;168m1m 3s[39m [38;2;138;148;168m•[39m [38;2;138;148;168m↓[39m [38;2;138;148;168m17.3k[39m
[38;2;138;148;168m────────────────────────────────────────────────────────────────────────────────[39m
❯ [7mA[27m[38;2;138;148;168msk your question...[39m
[38;2;138;148;168m────────────────────────────────────────────────────────────────────────────────[39m
  [38;2;138;148;168m? for shortcuts · [38;2;2;136;142mtaste on[39m



[?2026l[?2026h[2K[1A[2K[1A[2K[1A[2K[1A[2K[1A[2K[1A[2K[1A[2K[1A[2K[1A[2K[1A[2K[G[38;2;228;204;255m✻ Thinking… (5 lines) [38;2;53;61;80m[[38;2;138;148;168mctrl+o to expand[38;2;53;61;80m][39m

[48;2;45;43;85m[38;2;228;204;255m [1m✧ [22m[38;2;110;97;163mDeliberati[38;2;165;153;233mn[38;2;228;204;255mg[38;2;171;165;206m…[38;2;228;204;255m [39m[49m [1m[38;2;138;148;168mesc[39m[22m [38;2;138;148;168mto interrupt[39m [38;2;138;148;168m•[39m [38;2;138;148;168m1m 3s[39m [38;2;138;148;168m•[39m [38;2;138;148;168m↓[39m [38;2;138;148;168m17.4k[39m
[38;2;138;148;168m────────────────────────────────────────────────────────────────────────────────[39m
❯ [7mA[27m[38;2;138;148;168msk your question...[39m
[38;2;138;148;168m────────────────────────────────────────────────────────────────────────────────[39m
  [38;2;138;148;168m? for shortcuts · [38;2;2;136;142mtaste on[39m



[?2026l[?2026h[2K[1A[2K[1A[2K[1A[2K[1A[2K[1A[2K[1A[2K[1A[2K[1A[2K[1A[2K[1A[2K[G[38;2;228;204;255m✻ Thinking… (5 lines) [38;2;53;61;80m[[38;2;138;148;168mctrl+o to expand[38;2;53;61;80m][39m

[48;2;45;43;85m[38;2;228;204;255m [1m☆ [22m[38;2;110;97;163mDeliberatin[38;2;165;153;233mg[38;2;228;204;255m… [39m[49m [1m[38;2;138;148;168mesc[39m[22m [38;2;138;148;168mto interrupt[39m [38;2;138;148;168m•[39m [38;2;138;148;168m1m 3s[39m [38;2;138;148;168m•[39m [38;2;138;148;168m↓[39m [38;2;138;148;168m17.4k[39m
[38;2;138;148;168m────────────────────────────────────────────────────────────────────────────────[39m
❯ [7mA[27m[38;2;138;148;168msk your question...[39m
[38;2;138;148;168m────────────────────────────────────────────────────────────────────────────────[39m
  [38;2;138;148;168m? for shortcuts · [38;2;2;136;142mtaste on[39m



[?2026l[?2026h[2K[1A[2K[1A[2K[1A[2K[1A[2K[1A[2K[1A[2K[1A[2K[1A[2K[1A[2K[1A[2K[G[38;2;228;204;255m✻ Thinking… (5 lines) [38;2;53;61;80m[[38;2;138;148;168mctrl+o to expand[38;2;53;61;80m][39m

[48;2;45;43;85m[38;2;228;204;255m [1m◇ [22m[38;2;110;97;163mDeliberating[38;2;165;153;233m…[38;2;228;204;255m [39m[49m [1m[38;2;138;148;168mesc[39m[22m [38;2;138;148;168mto interrupt[39m [38;2;138;148;168m•[39m [38;2;138;148;168m1m 3s[39m [38;2;138;148;168m•[39m [38;2;138;148;168m↓[39m [38;2;138;148;168m17.4k[39m
[38;2;138;148;168m────────────────────────────────────────────────────────────────────────────────[39m
❯ [7mA[27m[38;2;138;148;168msk your question...[39m
[38;2;138;148;168m────────────────────────────────────────────────────────────────────────────────[39m
  [38;2;138;148;168m? for shortcuts · [38;2;2;136;142mtaste on[39m



[?2026l[?2026h[2K[1A[2K[1A[2K[1A[2K[1A[2K[1A[2K[1A[2K[1A[2K[1A[2K[1A[2K[1A[2K[G[38;2;228;204;255m✻ Thinking… (8 lines) [38;2;53;61;80m[[38;2;138;148;168mctrl+o to expand[38;2;53;61;80m][39m

[48;2;45;43;85m[38;2;228;204;255m [1m○ [22m[38;2;110;97;163mDeliberating…[38;2;228;204;255m [39m[49m [1m[38;2;138;148;168mesc[39m[22m [38;2;138;148;168mto interrupt[39m [38;2;138;148;168m•[39m [38;2;138;148;168m1m 4s[39m [38;2;138;148;168m•[39m [38;2;138;148;168m↓[39m [38;2;138;148;168m17.4k[39m
[38;2;138;148;168m────────────────────────────────────────────────────────────────────────────────[39m
❯ [7mA[27m[38;2;138;148;168msk your question...[39m
[38;2;138;148;168m────────────────────────────────────────────────────────────────────────────────[39m
  [38;2;138;148;168m? for shortcuts · [38;2;2;136;142mtaste on[39m



[?2026l[?2026h[2K[1A[2K[1A[2K[1A[2K[1A[2K[1A[2K[1A[2K[1A[2K[1A[2K[1A[2K[1A[2K[G[38;2;228;204;255m✻ Thinking… (13 lines) [38;2;53;61;80m[[38;2;138;148;168mctrl+o to expand[38;2;53;61;80m][39m

[48;2;45;43;85m[38;2;228;204;255m [1m○ [22m[38;2;110;97;163mDeliberating…[38;2;228;204;255m [39m[49m [1m[38;2;138;148;168mesc[39m[22m [38;2;138;148;168mto interrupt[39m [38;2;138;148;168m•[39m [38;2;138;148;168m1m 4s[39m [38;2;138;148;168m•[39m [38;2;138;148;168m↓[39m [38;2;138;148;168m17.4k[39m
[38;2;138;148;168m────────────────────────────────────────────────────────────────────────────────[39m
❯ [7mA[27m[38;2;138;148;168msk your question...[39m
[38;2;138;148;168m────────────────────────────────────────────────────────────────────────────────[39m
  [38;2;138;148;168m? for shortcuts · [38;2;2;136;142mtaste on[39m



[?2026l[?2026h[2K[1A[2K[1A[2K[1A[2K[1A[2K[1A[2K[1A[2K[1A[2K[1A[2K[1A[2K[1A[2K[G[38;2;228;204;255m✻ Thinking… (13 lines) [38;2;53;61;80m[[38;2;138;148;168mctrl+o to expand[38;2;53;61;80m][39m

[48;2;45;43;85m[38;2;228;204;255m [1m· [22m[38;2;234;218;255mD[38;2;171;165;206me[38;2;228;204;255ml[38;2;165;153;233mi[38;2;110;97;163mberating…[38;2;228;204;255m [39m[49m [1m[38;2;138;148;168mesc[39m[22m [38;2;138;148;168mto interrupt[39m [38;2;138;148;168m•[39m [38;2;138;148;168m1m 4s[39m [38;2;138;148;168m•[39m [38;2;138;148;168m↓[39m [38;2;138;148;168m17.4k[39m
[38;2;138;148;168m────────────────────────────────────────────────────────────────────────────────[39m
❯ [7mA[27m[38;2;138;148;168msk your question...[39m
[38;2;138;148;168m────────────────────────────────────────────────────────────────────────────────[39m
  [38;2;138;148;168m? for shortcuts · [38;2;2;136;142mtaste on[39m



[?2026l[?2026h[2K[1A[2K[1A[2K[1A[2K[1A[2K[1A[2K[1A[2K[1A[2K[1A[2K[1A[2K[1A[2K[G[38;2;228;204;255m✻ Thinking… (13 lines) [38;2;53;61;80m[[38;2;138;148;168mctrl+o to expand[38;2;53;61;80m][39m

[48;2;45;43;85m[38;2;228;204;255m [1m· [22m[38;2;255;255;255mD[38;2;234;218;255me[38;2;171;165;206ml[38;2;228;204;255mi[38;2;165;153;233mb[38;2;110;97;163merating…[38;2;228;204;255m [39m[49m [1m[38;2;138;148;168mesc[39m[22m [38;2;138;148;168mto interrupt[39m [38;2;138;148;168m•[39m [38;2;138;148;168m1m 4s[39m [38;2;138;148;168m•[39m [38;2;138;148;168m↓[39m [38;2;138;148;168m17.4k[39m
[38;2;138;148;168m────────────────────────────────────────────────────────────────────────────────[39m
❯ [7mA[27m[38;2;138;148;168msk your question...[39m
[38;2;138;148;168m────────────────────────────────────────────────────────────────────────────────[39m
  [38;2;138;148;168m? for shortcuts · [38;2;2;136;142mtaste on[39m



[?2026l[?2026h[2K[1A[2K[1A[2K[1A[2K[1A[2K[1A[2K[1A[2K[1A[2K[1A[2K[1A[2K[1A[2K[G[38;2;228;204;255m✻ Thinking… (13 lines) [38;2;53;61;80m[[38;2;138;148;168mctrl+o to expand[38;2;53;61;80m][39m

[48;2;45;43;85m[38;2;228;204;255m [1m· [22m[38;2;204;199;225mD[38;2;255;255;255me[38;2;234;218;255ml[38;2;171;165;206mi[38;2;228;204;255mb[38;2;165;153;233me[38;2;110;97;163mrating…[38;2;228;204;255m [39m[49m [1m[38;2;138;148;168mesc[39m[22m [38;2;138;148;168mto interrupt[39m [38;2;138;148;168m•[39m [38;2;138;148;168m1m 4s[39m [38;2;138;148;168m•[39m [38;2;138;148;168m↓[39m [38;2;138;148;168m17.4k[39m
[38;2;138;148;168m────────────────────────────────────────────────────────────────────────────────[39m
❯ [7mA[27m[38;2;138;148;168msk your question...[39m
[38;2;138;148;168m────────────────────────────────────────────────────────────────────────────────[39m
  [38;2;138;148;168m? for shortcuts · [38;2;2;136;142mtaste on[39m



[?2026l[?2026h[2K[1A[2K[1A[2K[1A[2K[1A[2K[1A[2K[1A[2K[1A[2K[1A[2K[1A[2K[1A[2K[G[38;2;228;204;255m✻ Thinking… (13 lines) [38;2;53;61;80m[[38;2;138;148;168mctrl+o to expand[38;2;53;61;80m][39m

[48;2;45;43;85m[38;2;228;204;255m [1m○ [22m[38;2;171;165;206mD[38;2;204;199;225me[38;2;255;255;255ml[38;2;234;218;255mi[38;2;171;165;206mb[38;2;228;204;255me[38;2;165;153;233mr[38;2;110;97;163mating…[38;2;228;204;255m [39m[49m [1m[38;2;138;148;168mesc[39m[22m [38;2;138;148;168mto interrupt[39m [38;2;138;148;168m•[39m [38;2;138;148;168m1m 4s[39m [38;2;138;148;168m•[39m [38;2;138;148;168m↓[39m [38;2;138;148;168m17.5k[39m
[38;2;138;148;168m────────────────────────────────────────────────────────────────────────────────[39m
❯ [7mA[27m[38;2;138;148;168msk your question...[39m
[38;2;138;148;168m────────────────────────────────────────────────────────────────────────────────[39m
  [38;2;138;148;168m? for shortcuts · [38;2;2;136;142mtaste on[39m



[?2026l]0;⌘ Command Code · orch-go · deepseek-v4-flash-(latest)]2;⌘ Command Code · orch-go · deepseek-v4-flash-(latest)[?2026h[2K[1A[2K[1A[2K[1A[2K[1A[2K[1A[2K[1A[2K[1A[2K[1A[2K[1A[2K[1A[2K[G[38;2;228;204;255m✻ Thinking… (13 lines) [38;2;53;61;80m[[38;2;138;148;168mctrl+o to expand[38;2;53;61;80m][39m

[48;2;45;43;85m[38;2;228;204;255m [1m○ [22mD[38;2;171;165;206me[38;2;204;199;225ml[38;2;255;255;255mi[38;2;234;218;255mb[38;2;171;165;206me[38;2;228;204;255mr[38;2;165;153;233ma[38;2;110;97;163mting…[38;2;228;204;255m [39m[49m [1m[38;2;138;148;168mesc[39m[22m [38;2;138;148;168mto interrupt[39m [38;2;138;148;168m•[39m [38;2;138;148;168m1m 4s[39m [38;2;138;148;168m•[39m [38;2;138;148;168m↓[39m [38;2;138;148;168m17.5k[39m
[38;2;138;148;168m────────────────────────────────────────────────────────────────────────────────[39m
❯ [7mA[27m[38;2;138;148;168msk your question...[39m
[38;2;138;148;168m────────────────────────────────────────────────────────────────────────────────[39m
  [38;2;138;148;168m? for shortcuts · [38;2;2;136;142mtaste on[39m



[?2026l[?2026h[2K[1A[2K[1A[2K[1A[2K[1A[2K[1A[2K[1A[2K[1A[2K[1A[2K[1A[2K[1A[2K[G[38;2;228;204;255m✻ Thinking… (13 lines) [38;2;53;61;80m[[38;2;138;148;168mctrl+o to expand[38;2;53;61;80m][39m

[48;2;45;43;85m[38;2;228;204;255m [1m◇ [22m[38;2;165;153;233mD[38;2;228;204;255me[38;2;171;165;206ml[38;2;204;199;225mi[38;2;255;255;255mb[38;2;234;218;255me[38;2;171;165;206mr[38;2;228;204;255ma[38;2;165;153;233mt[38;2;110;97;163ming…[38;2;228;204;255m [39m[49m [1m[38;2;138;148;168mesc[39m[22m [38;2;138;148;168mto interrupt[39m [38;2;138;148;168m•[39m [38;2;138;148;168m1m 4s[39m [38;2;138;148;168m•[39m [38;2;138;148;168m↓[39m [38;2;138;148;168m17.5k[39m
[38;2;138;148;168m────────────────────────────────────────────────────────────────────────────────[39m
❯ [7mA[27m[38;2;138;148;168msk your question...[39m
[38;2;138;148;168m────────────────────────────────────────────────────────────────────────────────[39m
  [38;2;138;148;168m? for shortcuts · [38;2;2;136;142mtaste on[39m



[?2026l[?2026h[2K[1A[2K[1A[2K[1A[2K[1A[2K[1A[2K[1A[2K[1A[2K[1A[2K[1A[2K[1A[2K[G[38;2;228;204;255m✻ Thinking… (13 lines) [38;2;53;61;80m[[38;2;138;148;168mctrl+o to expand[38;2;53;61;80m][39m

[48;2;45;43;85m[38;2;228;204;255m [1m☆ [22m[38;2;110;97;163mD[38;2;165;153;233me[38;2;228;204;255ml[38;2;171;165;206mi[38;2;204;199;225mb[38;2;255;255;255me[38;2;234;218;255mr[38;2;171;165;206ma[38;2;228;204;255mt[38;2;165;153;233mi[38;2;110;97;163mng…[38;2;228;204;255m [39m[49m [1m[38;2;138;148;168mesc[39m[22m [38;2;138;148;168mto interrupt[39m [38;2;138;148;168m•[39m [38;2;138;148;168m1m 4s[39m [38;2;138;148;168m•[39m [38;2;138;148;168m↓[39m [38;2;138;148;168m17.5k[39m
[38;2;138;148;168m────────────────────────────────────────────────────────────────────────────────[39m
❯ [7mA[27m[38;2;138;148;168msk your question...[39m
[38;2;138;148;168m────────────────────────────────────────────────────────────────────────────────[39m
  [38;2;138;148;168m? for shortcuts · [38;2;2;136;142mtaste on[39m



[?2026l[?2026h[2K[1A[2K[1A[2K[1A[2K[1A[2K[1A[2K[1A[2K[1A[2K[1A[2K[1A[2K[1A[2K[G[38;2;228;204;255m✻ Thinking… (13 lines) [38;2;53;61;80m[[38;2;138;148;168mctrl+o to expand[38;2;53;61;80m][39m

[48;2;45;43;85m[38;2;228;204;255m [1m✧ [22m[38;2;110;97;163mDe[38;2;165;153;233ml[38;2;228;204;255mi[38;2;171;165;206mb[38;2;204;199;225me[38;2;255;255;255mr[38;2;234;218;255ma[38;2;171;165;206mt[38;2;228;204;255mi[38;2;165;153;233mn[38;2;110;97;163mg…[38;2;228;204;255m [39m[49m [1m[38;2;138;148;168mesc[39m[22m [38;2;138;148;168mto interrupt[39m [38;2;138;148;168m•[39m [38;2;138;148;168m1m 4s[39m [38;2;138;148;168m•[39m [38;2;138;148;168m↓[39m [38;2;138;148;168m17.6k[39m
[38;2;138;148;168m────────────────────────────────────────────────────────────────────────────────[39m
❯ [7mA[27m[38;2;138;148;168msk your question...[39m
[38;2;138;148;168m────────────────────────────────────────────────────────────────────────────────[39m
  [38;2;138;148;168m? for shortcuts · [38;2;2;136;142mtaste on[39m



[?2026l[?2026h[2K[1A[2K[1A[2K[1A[2K[1A[2K[1A[2K[1A[2K[1A[2K[1A[2K[1A[2K[1A[2K[G[38;2;228;204;255m✻ Thinking… (15 lines) [38;2;53;61;80m[[38;2;138;148;168mctrl+o to expand[38;2;53;61;80m][39m

[48;2;45;43;85m[38;2;228;204;255m [1m✧ [22m[38;2;110;97;163mDe[38;2;165;153;233ml[38;2;228;204;255mi[38;2;171;165;206mb[38;2;204;199;225me[38;2;255;255;255mr[38;2;234;218;255ma[38;2;171;165;206mt[38;2;228;204;255mi[38;2;165;153;233mn[38;2;110;97;163mg…[38;2;228;204;255m [39m[49m [1m[38;2;138;148;168mesc[39m[22m [38;2;138;148;168mto interrupt[39m [38;2;138;148;168m•[39m [38;2;138;148;168m1m 4s[39m [38;2;138;148;168m•[39m [38;2;138;148;168m↓[39m [38;2;138;148;168m17.6k[39m
[38;2;138;148;168m────────────────────────────────────────────────────────────────────────────────[39m
❯ [7mA[27m[38;2;138;148;168msk your question...[39m
[38;2;138;148;168m────────────────────────────────────────────────────────────────────────────────[39m
  [38;2;138;148;168m? for shortcuts · [38;2;2;136;142mtaste on[39m



[?2026l[?2026h[2K[1A[2K[1A[2K[1A[2K[1A[2K[1A[2K[1A[2K[1A[2K[1A[2K[1A[2K[1A[2K[G[38;2;228;204;255m✻ Thinking… (15 lines) [38;2;53;61;80m[[38;2;138;148;168mctrl+o to expand[38;2;53;61;80m][39m

[48;2;45;43;85m[38;2;228;204;255m [1m☆ [22m[38;2;110;97;163mDel[38;2;165;153;233mi[38;2;228;204;255mb[38;2;171;165;206me[38;2;204;199;225mr[38;2;255;255;255ma[38;2;234;218;255mt[38;2;171;165;206mi[38;2;228;204;255mn[38;2;165;153;233mg[38;2;110;97;163m…[38;2;228;204;255m [39m[49m [1m[38;2;138;148;168mesc[39m[22m [38;2;138;148;168mto interrupt[39m [38;2;138;148;168m•[39m [38;2;138;148;168m1m 4s[39m [38;2;138;148;168m•[39m [38;2;138;148;168m↓[39m [38;2;138;148;168m17.6k[39m
[38;2;138;148;168m────────────────────────────────────────────────────────────────────────────────[39m
❯ [7mA[27m[38;2;138;148;168msk your question...[39m
[38;2;138;148;168m────────────────────────────────────────────────────────────────────────────────[39m
  [38;2;138;148;168m? for shortcuts · [38;2;2;136;142mtaste on[39m



[?2026l[?2026h[2K[1A[2K[1A[2K[1A[2K[1A[2K[1A[2K[1A[2K[1A[2K[1A[2K[1A[2K[1A[2K[G[38;2;228;204;255m✻ Thinking… (15 lines) [38;2;53;61;80m[[38;2;138;148;168mctrl+o to expand[38;2;53;61;80m][39m

[48;2;45;43;85m[38;2;228;204;255m [1m◇ [22m[38;2;110;97;163mDeli[38;2;165;153;233mb[38;2;228;204;255me[38;2;171;165;206mr[38;2;204;199;225ma[38;2;255;255;255mt[38;2;234;218;255mi[38;2;171;165;206mn[38;2;228;204;255mg[38;2;165;153;233m…[38;2;228;204;255m [39m[49m [1m[38;2;138;148;168mesc[39m[22m [38;2;138;148;168mto interrupt[39m [38;2;138;148;168m•[39m [38;2;138;148;168m1m 4s[39m [38;2;138;148;168m•[39m [38;2;138;148;168m↓[39m [38;2;138;148;168m17.6k[39m
[38;2;138;148;168m────────────────────────────────────────────────────────────────────────────────[39m
❯ [7mA[27m[38;2;138;148;168msk your question...[39m
[38;2;138;148;168m────────────────────────────────────────────────────────────────────────────────[39m
  [38;2;138;148;168m? for shortcuts · [38;2;2;136;142mtaste on[39m



[?2026l[?2026h[2K[1A[2K[1A[2K[1A[2K[1A[2K[1A[2K[1A[2K[1A[2K[1A[2K[1A[2K[1A[2K[G[38;2;228;204;255m✻ Thinking… (17 lines) [38;2;53;61;80m[[38;2;138;148;168mctrl+o to expand[38;2;53;61;80m][39m

[48;2;45;43;85m[38;2;228;204;255m [1m◇ [22m[38;2;110;97;163mDeli[38;2;165;153;233mb[38;2;228;204;255me[38;2;171;165;206mr[38;2;204;199;225ma[38;2;255;255;255mt[38;2;234;218;255mi[38;2;171;165;206mn[38;2;228;204;255mg[38;2;165;153;233m…[38;2;228;204;255m [39m[49m [1m[38;2;138;148;168mesc[39m[22m [38;2;138;148;168mto interrupt[39m [38;2;138;148;168m•[39m [38;2;138;148;168m1m 4s[39m [38;2;138;148;168m•[39m [38;2;138;148;168m↓[39m [38;2;138;148;168m17.6k[39m
[38;2;138;148;168m────────────────────────────────────────────────────────────────────────────────[39m
❯ [7mA[27m[38;2;138;148;168msk your question...[39m
[38;2;138;148;168m────────────────────────────────────────────────────────────────────────────────[39m
  [38;2;138;148;168m? for shortcuts · [38;2;2;136;142mtaste on[39m



[?2026l[?2026h[2K[1A[2K[1A[2K[1A[2K[1A[2K[1A[2K[1A[2K[1A[2K[1A[2K[1A[2K[1A[2K[G[38;2;228;204;255m✻ Thinking… (17 lines) [38;2;53;61;80m[[38;2;138;148;168mctrl+o to expand[38;2;53;61;80m][39m

[48;2;45;43;85m[38;2;228;204;255m [1m○ [22m[38;2;110;97;163mDelib[38;2;165;153;233me[38;2;228;204;255mr[38;2;171;165;206ma[38;2;204;199;225mt[38;2;255;255;255mi[38;2;234;218;255mn[38;2;171;165;206mg[38;2;228;204;255m… [39m[49m [1m[38;2;138;148;168mesc[39m[22m [38;2;138;148;168mto interrupt[39m [38;2;138;148;168m•[39m [38;2;138;148;168m1m 4s[39m [38;2;138;148;168m•[39m [38;2;138;148;168m↓[39m [38;2;138;148;168m17.6k[39m
[38;2;138;148;168m────────────────────────────────────────────────────────────────────────────────[39m
❯ [7mA[27m[38;2;138;148;168msk your question...[39m
[38;2;138;148;168m────────────────────────────────────────────────────────────────────────────────[39m
  [38;2;138;148;168m? for shortcuts · [38;2;2;136;142mtaste on[39m



[?2026l[?2026h[2K[1A[2K[1A[2K[1A[2K[1A[2K[1A[2K[1A[2K[1A[2K[1A[2K[1A[2K[1A[2K[G[38;2;228;204;255m✻ Thinking… (19 lines) [38;2;53;61;80m[[38;2;138;148;168mctrl+o to expand[38;2;53;61;80m][39m

[48;2;45;43;85m[38;2;228;204;255m [1m○ [22m[38;2;110;97;163mDelib[38;2;165;153;233me[38;2;228;204;255mr[38;2;171;165;206ma[38;2;204;199;225mt[38;2;255;255;255mi[38;2;234;218;255mn[38;2;171;165;206mg[38;2;228;204;255m… [39m[49m [1m[38;2;138;148;168mesc[39m[22m [38;2;138;148;168mto interrupt[39m [38;2;138;148;168m•[39m [38;2;138;148;168m1m 4s[39m [38;2;138;148;168m•[39m [38;2;138;148;168m↓[39m [38;2;138;148;168m17.6k[39m
[38;2;138;148;168m────────────────────────────────────────────────────────────────────────────────[39m
❯ [7mA[27m[38;2;138;148;168msk your question...[39m
[38;2;138;148;168m────────────────────────────────────────────────────────────────────────────────[39m
  [38;2;138;148;168m? for shortcuts · [38;2;2;136;142mtaste on[39m



[?2026l[?2026h[2K[1A[2K[1A[2K[1A[2K[1A[2K[1A[2K[1A[2K[1A[2K[1A[2K[1A[2K[1A[2K[G[38;2;228;204;255m✻ Thinking… (21 lines) [38;2;53;61;80m[[38;2;138;148;168mctrl+o to expand[38;2;53;61;80m][39m

[48;2;45;43;85m[38;2;228;204;255m [1m⌘ [22m[38;2;110;97;163mDelibe[38;2;165;153;233mr[38;2;228;204;255ma[38;2;171;165;206mt[38;2;204;199;225mi[38;2;255;255;255mn[38;2;234;218;255mg[38;2;171;165;206m…[38;2;228;204;255m [39m[49m [1m[38;2;138;148;168mesc[39m[22m [38;2;138;148;168mto interrupt[39m [38;2;138;148;168m•[39m [38;2;138;148;168m1m 5s[39m [38;2;138;148;168m•[39m [38;2;138;148;168m↓[39m [38;2;138;148;168m17.7k[39m
[38;2;138;148;168m────────────────────────────────────────────────────────────────────────────────[39m
❯ [7mA[27m[38;2;138;148;168msk your question...[39m
[38;2;138;148;168m────────────────────────────────────────────────────────────────────────────────[39m
  [38;2;138;148;168m? for shortcuts · [38;2;2;136;142mtaste on[39m



[?2026l[?2026h[2K[1A[2K[1A[2K[1A[2K[1A[2K[1A[2K[1A[2K[1A[2K[1A[2K[1A[2K[1A[2K[G[38;2;228;204;255m✻ Thinking… (21 lines) [38;2;53;61;80m[[38;2;138;148;168mctrl+o to expand[38;2;53;61;80m][39m

[48;2;45;43;85m[38;2;228;204;255m [1m⌘ [22m[38;2;110;97;163mDeliber[38;2;165;153;233ma[38;2;228;204;255mt[38;2;171;165;206mi[38;2;204;199;225mn[38;2;255;255;255mg[38;2;234;218;255m…[38;2;228;204;255m [39m[49m [1m[38;2;138;148;168mesc[39m[22m [38;2;138;148;168mto interrupt[39m [38;2;138;148;168m•[39m [38;2;138;148;168m1m 5s[39m [38;2;138;148;168m•[39m [38;2;138;148;168m↓[39m [38;2;138;148;168m17.7k[39m
[38;2;138;148;168m────────────────────────────────────────────────────────────────────────────────[39m
❯ [7mA[27m[38;2;138;148;168msk your question...[39m
[38;2;138;148;168m────────────────────────────────────────────────────────────────────────────────[39m
  [38;2;138;148;168m? for shortcuts · [38;2;2;136;142mtaste on[39m



[?2026l[?2026h[2K[1A[2K[1A[2K[1A[2K[1A[2K[1A[2K[1A[2K[1A[2K[1A[2K[1A[2K[1A[2K[G[38;2;228;204;255m✻ Thinking… (21 lines) [38;2;53;61;80m[[38;2;138;148;168mctrl+o to expand[38;2;53;61;80m][39m

[48;2;45;43;85m[38;2;228;204;255m [1m⌘ [22m[38;2;110;97;163mDelibera[38;2;165;153;233mt[38;2;228;204;255mi[38;2;171;165;206mn[38;2;204;199;225mg[38;2;255;255;255m…[38;2;228;204;255m [39m[49m [1m[38;2;138;148;168mesc[39m[22m [38;2;138;148;168mto interrupt[39m [38;2;138;148;168m•[39m [38;2;138;148;168m1m 5s[39m [38;2;138;148;168m•[39m [38;2;138;148;168m↓[39m [38;2;138;148;168m17.7k[39m
[38;2;138;148;168m────────────────────────────────────────────────────────────────────────────────[39m
❯ [7mA[27m[38;2;138;148;168msk your question...[39m
[38;2;138;148;168m────────────────────────────────────────────────────────────────────────────────[39m
  [38;2;138;148;168m? for shortcuts · [38;2;2;136;142mtaste on[39m



[?2026l[?2026h[2K[1A[2K[1A[2K[1A[2K[1A[2K[1A[2K[1A[2K[1A[2K[1A[2K[1A[2K[1A[2K[G[38;2;228;204;255m✻ Thinking… (23 lines) [38;2;53;61;80m[[38;2;138;148;168mctrl+o to expand[38;2;53;61;80m][39m

[48;2;45;43;85m[38;2;228;204;255m [1m⌘ [22m[38;2;110;97;163mDelibera[38;2;165;153;233mt[38;2;228;204;255mi[38;2;171;165;206mn[38;2;204;199;225mg[38;2;255;255;255m…[38;2;228;204;255m [39m[49m [1m[38;2;138;148;168mesc[39m[22m [38;2;138;148;168mto interrupt[39m [38;2;138;148;168m•[39m [38;2;138;148;168m1m 5s[39m [38;2;138;148;168m•[39m [38;2;138;148;168m↓[39m [38;2;138;148;168m17.7k[39m
[38;2;138;148;168m────────────────────────────────────────────────────────────────────────────────[39m
❯ [7mA[27m[38;2;138;148;168msk your question...[39m
[38;2;138;148;168m────────────────────────────────────────────────────────────────────────────────[39m
  [38;2;138;148;168m? for shortcuts · [38;2;2;136;142mtaste on[39m



[?2026l[?2026h[2K[1A[2K[1A[2K[1A[2K[1A[2K[1A[2K[1A[2K[1A[2K[1A[2K[1A[2K[1A[2K[G[38;2;228;204;255m✻ Thinking… (23 lines) [38;2;53;61;80m[[38;2;138;148;168mctrl+o to expand[38;2;53;61;80m][39m

[48;2;45;43;85m[38;2;228;204;255m [1m⌘ [22m[38;2;110;97;163mDeliberat[38;2;165;153;233mi[38;2;228;204;255mn[38;2;171;165;206mg[38;2;204;199;225m…[38;2;228;204;255m [39m[49m [1m[38;2;138;148;168mesc[39m[22m [38;2;138;148;168mto interrupt[39m [38;2;138;148;168m•[39m [38;2;138;148;168m1m 5s[39m [38;2;138;148;168m•[39m [38;2;138;148;168m↓[39m [38;2;138;148;168m17.7k[39m
[38;2;138;148;168m────────────────────────────────────────────────────────────────────────────────[39m
❯ [7mA[27m[38;2;138;148;168msk your question...[39m
[38;2;138;148;168m────────────────────────────────────────────────────────────────────────────────[39m
  [38;2;138;148;168m? for shortcuts · [38;2;2;136;142mtaste on[39m



[?2026l[?2026h[2K[1A[2K[1A[2K[1A[2K[1A[2K[1A[2K[1A[2K[1A[2K[1A[2K[1A[2K[1A[2K[G[38;2;228;204;255m✻ Thinking… (23 lines) [38;2;53;61;80m[[38;2;138;148;168mctrl+o to expand[38;2;53;61;80m][39m

[48;2;45;43;85m[38;2;228;204;255m [1m○ [22m[38;2;110;97;163mDeliberati[38;2;165;153;233mn[38;2;228;204;255mg[38;2;171;165;206m…[38;2;228;204;255m [39m[49m [1m[38;2;138;148;168mesc[39m[22m [38;2;138;148;168mto interrupt[39m [38;2;138;148;168m•[39m [38;2;138;148;168m1m 5s[39m [38;2;138;148;168m•[39m [38;2;138;148;168m↓[39m [38;2;138;148;168m17.8k[39m
[38;2;138;148;168m────────────────────────────────────────────────────────────────────────────────[39m
❯ [7mA[27m[38;2;138;148;168msk your question...[39m
[38;2;138;148;168m────────────────────────────────────────────────────────────────────────────────[39m
  [38;2;138;148;168m? for shortcuts · [38;2;2;136;142mtaste on[39m



[?2026l[?2026h[2K[1A[2K[1A[2K[1A[2K[1A[2K[1A[2K[1A[2K[1A[2K[1A[2K[1A[2K[1A[2K[G[38;2;228;204;255m✻ Thinking… (25 lines) [38;2;53;61;80m[[38;2;138;148;168mctrl+o to expand[38;2;53;61;80m][39m

[48;2;45;43;85m[38;2;228;204;255m [1m○ [22m[38;2;110;97;163mDeliberati[38;2;165;153;233mn[38;2;228;204;255mg[38;2;171;165;206m…[38;2;228;204;255m [39m[49m [1m[38;2;138;148;168mesc[39m[22m [38;2;138;148;168mto interrupt[39m [38;2;138;148;168m•[39m [38;2;138;148;168m1m 5s[39m [38;2;138;148;168m•[39m [38;2;138;148;168m↓[39m [38;2;138;148;168m17.8k[39m
[38;2;138;148;168m────────────────────────────────────────────────────────────────────────────────[39m
❯ [7mA[27m[38;2;138;148;168msk your question...[39m
[38;2;138;148;168m────────────────────────────────────────────────────────────────────────────────[39m
  [38;2;138;148;168m? for shortcuts · [38;2;2;136;142mtaste on[39m



[?2026l[?2026h[2K[1A[2K[1A[2K[1A[2K[1A[2K[1A[2K[1A[2K[1A[2K[1A[2K[1A[2K[1A[2K[G[38;2;228;204;255m✻ Thinking… (27 lines) [38;2;53;61;80m[[38;2;138;148;168mctrl+o to expand[38;2;53;61;80m][39m

[48;2;45;43;85m[38;2;228;204;255m [1m◇ [22m[38;2;110;97;163mDeliberatin[38;2;165;153;233mg[38;2;228;204;255m… [39m[49m [1m[38;2;138;148;168mesc[39m[22m [38;2;138;148;168mto interrupt[39m [38;2;138;148;168m•[39m [38;2;138;148;168m1m 5s[39m [38;2;138;148;168m•[39m [38;2;138;148;168m↓[39m [38;2;138;148;168m17.8k[39m
[38;2;138;148;168m────────────────────────────────────────────────────────────────────────────────[39m
❯ [7mA[27m[38;2;138;148;168msk your question...[39m
[38;2;138;148;168m────────────────────────────────────────────────────────────────────────────────[39m
  [38;2;138;148;168m? for shortcuts · [38;2;2;136;142mtaste on[39m



[?2026l[?2026h[2K[1A[2K[1A[2K[1A[2K[1A[2K[1A[2K[1A[2K[1A[2K[1A[2K[1A[2K[1A[2K[G[38;2;228;204;255m✻ Thinking… (27 lines) [38;2;53;61;80m[[38;2;138;148;168mctrl+o to expand[38;2;53;61;80m][39m

[48;2;45;43;85m[38;2;228;204;255m [1m☆ [22m[38;2;110;97;163mDeliberating[38;2;165;153;233m…[38;2;228;204;255m [39m[49m [1m[38;2;138;148;168mesc[39m[22m [38;2;138;148;168mto interrupt[39m [38;2;138;148;168m•[39m [38;2;138;148;168m1m 5s[39m [38;2;138;148;168m•[39m [38;2;138;148;168m↓[39m [38;2;138;148;168m17.8k[39m
[38;2;138;148;168m────────────────────────────────────────────────────────────────────────────────[39m
❯ [7mA[27m[38;2;138;148;168msk your question...[39m
[38;2;138;148;168m────────────────────────────────────────────────────────────────────────────────[39m
  [38;2;138;148;168m? for shortcuts · [38;2;2;136;142mtaste on[39m



[?2026l[?2026h[2K[1A[2K[1A[2K[1A[2K[1A[2K[1A[2K[1A[2K[1A[2K[1A[2K[1A[2K[1A[2K[G[38;2;228;204;255m✻ Thinking… (29 lines) [38;2;53;61;80m[[38;2;138;148;168mctrl+o to expand[38;2;53;61;80m][39m

[48;2;45;43;85m[38;2;228;204;255m [1m☆ [22m[38;2;110;97;163mDeliberating[38;2;165;153;233m…[38;2;228;204;255m [39m[49m [1m[38;2;138;148;168mesc[39m[22m [38;2;138;148;168mto interrupt[39m [38;2;138;148;168m•[39m [38;2;138;148;168m1m 5s[39m [38;2;138;148;168m•[39m [38;2;138;148;168m↓[39m [38;2;138;148;168m17.8k[39m
[38;2;138;148;168m────────────────────────────────────────────────────────────────────────────────[39m
❯ [7mA[27m[38;2;138;148;168msk your question...[39m
[38;2;138;148;168m────────────────────────────────────────────────────────────────────────────────[39m
  [38;2;138;148;168m? for shortcuts · [38;2;2;136;142mtaste on[39m



[?2026l[?2026h[2K[1A[2K[1A[2K[1A[2K[1A[2K[1A[2K[1A[2K[1A[2K[1A[2K[1A[2K[1A[2K[G[38;2;228;204;255m✻ Thinking… (29 lines) [38;2;53;61;80m[[38;2;138;148;168mctrl+o to expand[38;2;53;61;80m][39m

[48;2;45;43;85m[38;2;228;204;255m [1m✧ [22m[38;2;110;97;163mDeliberating…[38;2;228;204;255m [39m[49m [1m[38;2;138;148;168mesc[39m[22m [38;2;138;148;168mto interrupt[39m [38;2;138;148;168m•[39m [38;2;138;148;168m1m 5s[39m [38;2;138;148;168m•[39m [38;2;138;148;168m↓[39m [38;2;138;148;168m17.9k[39m
[38;2;138;148;168m────────────────────────────────────────────────────────────────────────────────[39m
❯ [7mA[27m[38;2;138;148;168msk your question...[39m
[38;2;138;148;168m────────────────────────────────────────────────────────────────────────────────[39m
  [38;2;138;148;168m? for shortcuts · [38;2;2;136;142mtaste on[39m



[?2026l[?2026h[2K[1A[2K[1A[2K[1A[2K[1A[2K[1A[2K[1A[2K[1A[2K[1A[2K[1A[2K[1A[2K[G[38;2;228;204;255m✻ Thinking… (29 lines) [38;2;53;61;80m[[38;2;138;148;168mctrl+o to expand[38;2;53;61;80m][39m

[48;2;45;43;85m[38;2;228;204;255m [1m☆ [22m[38;2;110;97;163mDeliberating…[38;2;228;204;255m [39m[49m [1m[38;2;138;148;168mesc[39m[22m [38;2;138;148;168mto interrupt[39m [38;2;138;148;168m•[39m [38;2;138;148;168m1m 5s[39m [38;2;138;148;168m•[39m [38;2;138;148;168m↓[39m [38;2;138;148;168m17.9k[39m
[38;2;138;148;168m────────────────────────────────────────────────────────────────────────────────[39m
❯ [7mA[27m[38;2;138;148;168msk your question...[39m
[38;2;138;148;168m────────────────────────────────────────────────────────────────────────────────[39m
  [38;2;138;148;168m? for shortcuts · [38;2;2;136;142mtaste on[39m



[?2026l[?2026h[2K[1A[2K[1A[2K[1A[2K[1A[2K[1A[2K[1A[2K[1A[2K[1A[2K[1A[2K[1A[2K[G[38;2;228;204;255m✻ Thinking… (31 lines) [38;2;53;61;80m[[38;2;138;148;168mctrl+o to expand[38;2;53;61;80m][39m

[48;2;45;43;85m[38;2;228;204;255m [1m☆ [22m[38;2;110;97;163mDeliberating…[38;2;228;204;255m [39m[49m [1m[38;2;138;148;168mesc[39m[22m [38;2;138;148;168mto interrupt[39m [38;2;138;148;168m•[39m [38;2;138;148;168m1m 5s[39m [38;2;138;148;168m•[39m [38;2;138;148;168m↓[39m [38;2;138;148;168m17.9k[39m
[38;2;138;148;168m────────────────────────────────────────────────────────────────────────────────[39m
❯ [7mA[27m[38;2;138;148;168msk your question...[39m
[38;2;138;148;168m────────────────────────────────────────────────────────────────────────────────[39m
  [38;2;138;148;168m? for shortcuts · [38;2;2;136;142mtaste on[39m



[?2026l[?2026h[2K[1A[2K[1A[2K[1A[2K[1A[2K[1A[2K[1A[2K[1A[2K[1A[2K[1A[2K[1A[2K[G[38;2;228;204;255m✻ Thinking… (31 lines) [38;2;53;61;80m[[38;2;138;148;168mctrl+o to expand[38;2;53;61;80m][39m

[48;2;45;43;85m[38;2;228;204;255m [1m◇ [22m[38;2;110;97;163mDeliberating…[38;2;228;204;255m [39m[49m [1m[38;2;138;148;168mesc[39m[22m [38;2;138;148;168mto interrupt[39m [38;2;138;148;168m•[39m [38;2;138;148;168m1m 5s[39m [38;2;138;148;168m•[39m [38;2;138;148;168m↓[39m [38;2;138;148;168m17.9k[39m
[38;2;138;148;168m────────────────────────────────────────────────────────────────────────────────[39m
❯ [7mA[27m[38;2;138;148;168msk your question...[39m
[38;2;138;148;168m────────────────────────────────────────────────────────────────────────────────[39m
  [38;2;138;148;168m? for shortcuts · [38;2;2;136;142mtaste on[39m



[?2026l[?2026h[2K[1A[2K[1A[2K[1A[2K[1A[2K[1A[2K[1A[2K[1A[2K[1A[2K[1A[2K[1A[2K[G[38;2;228;204;255m✻ Thinking… (33 lines) [38;2;53;61;80m[[38;2;138;148;168mctrl+o to expand[38;2;53;61;80m][39m

[48;2;45;43;85m[38;2;228;204;255m [1m◇ [22m[38;2;110;97;163mDeliberating…[38;2;228;204;255m [39m[49m [1m[38;2;138;148;168mesc[39m[22m [38;2;138;148;168mto interrupt[39m [38;2;138;148;168m•[39m [38;2;138;148;168m1m 5s[39m [38;2;138;148;168m•[39m [38;2;138;148;168m↓[39m [38;2;138;148;168m17.9k[39m
[38;2;138;148;168m────────────────────────────────────────────────────────────────────────────────[39m
❯ [7mA[27m[38;2;138;148;168msk your question...[39m
[38;2;138;148;168m────────────────────────────────────────────────────────────────────────────────[39m
  [38;2;138;148;168m? for shortcuts · [38;2;2;136;142mtaste on[39m



[?2026l[?2026h[2K[1A[2K[1A[2K[1A[2K[1A[2K[1A[2K[1A[2K[1A[2K[1A[2K[1A[2K[1A[2K[G[38;2;228;204;255m✻ Thinking… (33 lines) [38;2;53;61;80m[[38;2;138;148;168mctrl+o to expand[38;2;53;61;80m][39m

[48;2;45;43;85m[38;2;228;204;255m [1m○ [22m[38;2;110;97;163mDeliberating…[38;2;228;204;255m [39m[49m [1m[38;2;138;148;168mesc[39m[22m [38;2;138;148;168mto interrupt[39m [38;2;138;148;168m•[39m [38;2;138;148;168m1m 5s[39m [38;2;138;148;168m•[39m [38;2;138;148;168m↓[39m [38;2;138;148;168m17.9k[39m
[38;2;138;148;168m────────────────────────────────────────────────────────────────────────────────[39m
❯ [7mA[27m[38;2;138;148;168msk your question...[39m
[38;2;138;148;168m────────────────────────────────────────────────────────────────────────────────[39m
  [38;2;138;148;168m? for shortcuts · [38;2;2;136;142mtaste on[39m



[?2026l[?2026h[2K[1A[2K[1A[2K[1A[2K[1A[2K[1A[2K[1A[2K[1A[2K[1A[2K[1A[2K[1A[2K[G[38;2;228;204;255m✻ Thinking… (33 lines) [38;2;53;61;80m[[38;2;138;148;168mctrl+o to expand[38;2;53;61;80m][39m

[48;2;45;43;85m[38;2;228;204;255m [1m· [22m[38;2;110;97;163mDeliberating…[38;2;228;204;255m [39m[49m [1m[38;2;138;148;168mesc[39m[22m [38;2;138;148;168mto interrupt[39m [38;2;138;148;168m•[39m [38;2;138;148;168m1m 5s[39m [38;2;138;148;168m•[39m [38;2;138;148;168m↓[39m [38;2;138;148;168m18.0k[39m
[38;2;138;148;168m────────────────────────────────────────────────────────────────────────────────[39m
❯ [7mA[27m[38;2;138;148;168msk your question...[39m
[38;2;138;148;168m────────────────────────────────────────────────────────────────────────────────[39m
  [38;2;138;148;168m? for shortcuts · [38;2;2;136;142mtaste on[39m



[?2026l[?2026h[2K[1A[2K[1A[2K[1A[2K[1A[2K[1A[2K[1A[2K[1A[2K[1A[2K[1A[2K[1A[2K[G[38;2;228;204;255m✻ Thinking… (33 lines) [38;2;53;61;80m[[38;2;138;148;168mctrl+o to expand[38;2;53;61;80m][39m

[48;2;45;43;85m[38;2;228;204;255m [1m· [22m[38;2;234;218;255mD[38;2;171;165;206me[38;2;228;204;255ml[38;2;165;153;233mi[38;2;110;97;163mberating…[38;2;228;204;255m [39m[49m [1m[38;2;138;148;168mesc[39m[22m [38;2;138;148;168mto interrupt[39m [38;2;138;148;168m•[39m [38;2;138;148;168m1m 5s[39m [38;2;138;148;168m•[39m [38;2;138;148;168m↓[39m [38;2;138;148;168m18.0k[39m
[38;2;138;148;168m────────────────────────────────────────────────────────────────────────────────[39m
❯ [7mA[27m[38;2;138;148;168msk your question...[39m
[38;2;138;148;168m────────────────────────────────────────────────────────────────────────────────[39m
  [38;2;138;148;168m? for shortcuts · [38;2;2;136;142mtaste on[39m



[?2026l[?2026h[2K[1A[2K[1A[2K[1A[2K[1A[2K[1A[2K[1A[2K[1A[2K[1A[2K[1A[2K[1A[2K[G[38;2;228;204;255m✻ Thinking… (33 lines) [38;2;53;61;80m[[38;2;138;148;168mctrl+o to expand[38;2;53;61;80m][39m

[48;2;45;43;85m[38;2;228;204;255m [1m· [22m[38;2;234;218;255mD[38;2;171;165;206me[38;2;228;204;255ml[38;2;165;153;233mi[38;2;110;97;163mberating…[38;2;228;204;255m [39m[49m [1m[38;2;138;148;168mesc[39m[22m [38;2;138;148;168mto interrupt[39m [38;2;138;148;168m•[39m [38;2;138;148;168m1m 6s[39m [38;2;138;148;168m•[39m [38;2;138;148;168m↓[39m [38;2;138;148;168m18.0k[39m
[38;2;138;148;168m────────────────────────────────────────────────────────────────────────────────[39m
❯ [7mA[27m[38;2;138;148;168msk your question...[39m
[38;2;138;148;168m────────────────────────────────────────────────────────────────────────────────[39m
  [38;2;138;148;168m? for shortcuts · [38;2;2;136;142mtaste on[39m



[?2026l[?2026h[2K[1A[2K[1A[2K[1A[2K[1A[2K[1A[2K[1A[2K[1A[2K[1A[2K[1A[2K[1A[2K[G[38;2;228;204;255m✻ Thinking… (35 lines) [38;2;53;61;80m[[38;2;138;148;168mctrl+o to expand[38;2;53;61;80m][39m

[48;2;45;43;85m[38;2;228;204;255m [1m· [22m[38;2;234;218;255mD[38;2;171;165;206me[38;2;228;204;255ml[38;2;165;153;233mi[38;2;110;97;163mberating…[38;2;228;204;255m [39m[49m [1m[38;2;138;148;168mesc[39m[22m [38;2;138;148;168mto interrupt[39m [38;2;138;148;168m•[39m [38;2;138;148;168m1m 6s[39m [38;2;138;148;168m•[39m [38;2;138;148;168m↓[39m [38;2;138;148;168m18.0k[39m
[38;2;138;148;168m────────────────────────────────────────────────────────────────────────────────[39m
❯ [7mA[27m[38;2;138;148;168msk your question...[39m
[38;2;138;148;168m────────────────────────────────────────────────────────────────────────────────[39m
  [38;2;138;148;168m? for shortcuts · [38;2;2;136;142mtaste on[39m



[?2026l[?2026h[2K[1A[2K[1A[2K[1A[2K[1A[2K[1A[2K[1A[2K[1A[2K[1A[2K[1A[2K[1A[2K[G[38;2;228;204;255m✻ Thinking… (35 lines) [38;2;53;61;80m[[38;2;138;148;168mctrl+o to expand[38;2;53;61;80m][39m

[48;2;45;43;85m[38;2;228;204;255m [1m· [22m[38;2;255;255;255mD[38;2;234;218;255me[38;2;171;165;206ml[38;2;228;204;255mi[38;2;165;153;233mb[38;2;110;97;163merating…[38;2;228;204;255m [39m[49m [1m[38;2;138;148;168mesc[39m[22m [38;2;138;148;168mto interrupt[39m [38;2;138;148;168m•[39m [38;2;138;148;168m1m 6s[39m [38;2;138;148;168m•[39m [38;2;138;148;168m↓[39m [38;2;138;148;168m18.0k[39m
[38;2;138;148;168m────────────────────────────────────────────────────────────────────────────────[39m
❯ [7mA[27m[38;2;138;148;168msk your question...[39m
[38;2;138;148;168m────────────────────────────────────────────────────────────────────────────────[39m
  [38;2;138;148;168m? for shortcuts · [38;2;2;136;142mtaste on[39m



[?2026l[?2026h[2K[1A[2K[1A[2K[1A[2K[1A[2K[1A[2K[1A[2K[1A[2K[1A[2K[1A[2K[1A[2K[G[38;2;228;204;255m✻ Thinking… (35 lines) [38;2;53;61;80m[[38;2;138;148;168mctrl+o to expand[38;2;53;61;80m][39m

[48;2;45;43;85m[38;2;228;204;255m [1m○ [22m[38;2;204;199;225mD[38;2;255;255;255me[38;2;234;218;255ml[38;2;171;165;206mi[38;2;228;204;255mb[38;2;165;153;233me[38;2;110;97;163mrating…[38;2;228;204;255m [39m[49m [1m[38;2;138;148;168mesc[39m[22m [38;2;138;148;168mto interrupt[39m [38;2;138;148;168m•[39m [38;2;138;148;168m1m 6s[39m [38;2;138;148;168m•[39m [38;2;138;148;168m↓[39m [38;2;138;148;168m18.1k[39m
[38;2;138;148;168m────────────────────────────────────────────────────────────────────────────────[39m
❯ [7mA[27m[38;2;138;148;168msk your question...[39m
[38;2;138;148;168m────────────────────────────────────────────────────────────────────────────────[39m
  [38;2;138;148;168m? for shortcuts · [38;2;2;136;142mtaste on[39m



[?2026l[?2026h[2K[1A[2K[1A[2K[1A[2K[1A[2K[1A[2K[1A[2K[1A[2K[1A[2K[1A[2K[1A[2K[G[38;2;228;204;255m✻ Thinking… (37 lines) [38;2;53;61;80m[[38;2;138;148;168mctrl+o to expand[38;2;53;61;80m][39m

[48;2;45;43;85m[38;2;228;204;255m [1m○ [22m[38;2;204;199;225mD[38;2;255;255;255me[38;2;234;218;255ml[38;2;171;165;206mi[38;2;228;204;255mb[38;2;165;153;233me[38;2;110;97;163mrating…[38;2;228;204;255m [39m[49m [1m[38;2;138;148;168mesc[39m[22m [38;2;138;148;168mto interrupt[39m [38;2;138;148;168m•[39m [38;2;138;148;168m1m 6s[39m [38;2;138;148;168m•[39m [38;2;138;148;168m↓[39m [38;2;138;148;168m18.1k[39m
[38;2;138;148;168m────────────────────────────────────────────────────────────────────────────────[39m
❯ [7mA[27m[38;2;138;148;168msk your question...[39m
[38;2;138;148;168m────────────────────────────────────────────────────────────────────────────────[39m
  [38;2;138;148;168m? for shortcuts · [38;2;2;136;142mtaste on[39m



[?2026l[?2026h[2K[1A[2K[1A[2K[1A[2K[1A[2K[1A[2K[1A[2K[1A[2K[1A[2K[1A[2K[1A[2K[G[38;2;228;204;255m✻ Thinking… (37 lines) [38;2;53;61;80m[[38;2;138;148;168mctrl+o to expand[38;2;53;61;80m][39m

[48;2;45;43;85m[38;2;228;204;255m [1m○ [22m[38;2;171;165;206mD[38;2;204;199;225me[38;2;255;255;255ml[38;2;234;218;255mi[38;2;171;165;206mb[38;2;228;204;255me[38;2;165;153;233mr[38;2;110;97;163mating…[38;2;228;204;255m [39m[49m [1m[38;2;138;148;168mesc[39m[22m [38;2;138;148;168mto interrupt[39m [38;2;138;148;168m•[39m [38;2;138;148;168m1m 6s[39m [38;2;138;148;168m•[39m [38;2;138;148;168m↓[39m [38;2;138;148;168m18.1k[39m
[38;2;138;148;168m────────────────────────────────────────────────────────────────────────────────[39m
❯ [7mA[27m[38;2;138;148;168msk your question...[39m
[38;2;138;148;168m────────────────────────────────────────────────────────────────────────────────[39m
  [38;2;138;148;168m? for shortcuts · [38;2;2;136;142mtaste on[39m



[?2026l[?2026h[2K[1A[2K[1A[2K[1A[2K[1A[2K[1A[2K[1A[2K[1A[2K[1A[2K[1A[2K[1A[2K[G[38;2;228;204;255m✻ Thinking… (37 lines) [38;2;53;61;80m[[38;2;138;148;168mctrl+o to expand[38;2;53;61;80m][39m

[48;2;45;43;85m[38;2;228;204;255m [1m◇ [22mD[38;2;171;165;206me[38;2;204;199;225ml[38;2;255;255;255mi[38;2;234;218;255mb[38;2;171;165;206me[38;2;228;204;255mr[38;2;165;153;233ma[38;2;110;97;163mting…[38;2;228;204;255m [39m[49m [1m[38;2;138;148;168mesc[39m[22m [38;2;138;148;168mto interrupt[39m [38;2;138;148;168m•[39m [38;2;138;148;168m1m 6s[39m [38;2;138;148;168m•[39m [38;2;138;148;168m↓[39m [38;2;138;148;168m18.1k[39m
[38;2;138;148;168m────────────────────────────────────────────────────────────────────────────────[39m
❯ [7mA[27m[38;2;138;148;168msk your question...[39m
[38;2;138;148;168m────────────────────────────────────────────────────────────────────────────────[39m
  [38;2;138;148;168m? for shortcuts · [38;2;2;136;142mtaste on[39m



[?2026l[?2026h[2K[1A[2K[1A[2K[1A[2K[1A[2K[1A[2K[1A[2K[1A[2K[1A[2K[1A[2K[1A[2K[G[38;2;228;204;255m✻ Thinking… (39 lines) [38;2;53;61;80m[[38;2;138;148;168mctrl+o to expand[38;2;53;61;80m][39m

[48;2;45;43;85m[38;2;228;204;255m [1m◇ [22mD[38;2;171;165;206me[38;2;204;199;225ml[38;2;255;255;255mi[38;2;234;218;255mb[38;2;171;165;206me[38;2;228;204;255mr[38;2;165;153;233ma[38;2;110;97;163mting…[38;2;228;204;255m [39m[49m [1m[38;2;138;148;168mesc[39m[22m [38;2;138;148;168mto interrupt[39m [38;2;138;148;168m•[39m [38;2;138;148;168m1m 6s[39m [38;2;138;148;168m•[39m [38;2;138;148;168m↓[39m [38;2;138;148;168m18.1k[39m
[38;2;138;148;168m────────────────────────────────────────────────────────────────────────────────[39m
❯ [7mA[27m[38;2;138;148;168msk your question...[39m
[38;2;138;148;168m────────────────────────────────────────────────────────────────────────────────[39m
  [38;2;138;148;168m? for shortcuts · [38;2;2;136;142mtaste on[39m



[?2026l[?2026h[2K[1A[2K[1A[2K[1A[2K[1A[2K[1A[2K[1A[2K[1A[2K[1A[2K[1A[2K[1A[2K[G[38;2;228;204;255m✻ Thinking… (39 lines) [38;2;53;61;80m[[38;2;138;148;168mctrl+o to expand[38;2;53;61;80m][39m

[48;2;45;43;85m[38;2;228;204;255m [1m☆ [22m[38;2;165;153;233mD[38;2;228;204;255me[38;2;171;165;206ml[38;2;204;199;225mi[38;2;255;255;255mb[38;2;234;218;255me[38;2;171;165;206mr[38;2;228;204;255ma[38;2;165;153;233mt[38;2;110;97;163ming…[38;2;228;204;255m [39m[49m [1m[38;2;138;148;168mesc[39m[22m [38;2;138;148;168mto interrupt[39m [38;2;138;148;168m•[39m [38;2;138;148;168m1m 6s[39m [38;2;138;148;168m•[39m [38;2;138;148;168m↓[39m [38;2;138;148;168m18.1k[39m
[38;2;138;148;168m────────────────────────────────────────────────────────────────────────────────[39m
❯ [7mA[27m[38;2;138;148;168msk your question...[39m
[38;2;138;148;168m────────────────────────────────────────────────────────────────────────────────[39m
  [38;2;138;148;168m? for shortcuts · [38;2;2;136;142mtaste on[39m



[?2026l[?2026h[2K[1A[2K[1A[2K[1A[2K[1A[2K[1A[2K[1A[2K[1A[2K[1A[2K[1A[2K[1A[2K[G[38;2;228;204;255m✻ Thinking… (39 lines) [38;2;53;61;80m[[38;2;138;148;168mctrl+o to expand[38;2;53;61;80m][39m

[48;2;45;43;85m[38;2;228;204;255m [1m✧ [22m[38;2;110;97;163mD[38;2;165;153;233me[38;2;228;204;255ml[38;2;171;165;206mi[38;2;204;199;225mb[38;2;255;255;255me[38;2;234;218;255mr[38;2;171;165;206ma[38;2;228;204;255mt[38;2;165;153;233mi[38;2;110;97;163mng…[38;2;228;204;255m [39m[49m [1m[38;2;138;148;168mesc[39m[22m [38;2;138;148;168mto interrupt[39m [38;2;138;148;168m•[39m [38;2;138;148;168m1m 6s[39m [38;2;138;148;168m•[39m [38;2;138;148;168m↓[39m [38;2;138;148;168m18.2k[39m
[38;2;138;148;168m────────────────────────────────────────────────────────────────────────────────[39m
❯ [7mA[27m[38;2;138;148;168msk your question...[39m
[38;2;138;148;168m────────────────────────────────────────────────────────────────────────────────[39m
  [38;2;138;148;168m? for shortcuts · [38;2;2;136;142mtaste on[39m



[?2026l[?2026h[2K[1A[2K[1A[2K[1A[2K[1A[2K[1A[2K[1A[2K[1A[2K[1A[2K[1A[2K[1A[2K[G[38;2;228;204;255m✻ Thinking… (39 lines) [38;2;53;61;80m[[38;2;138;148;168mctrl+o to expand[38;2;53;61;80m][39m

[48;2;45;43;85m[38;2;228;204;255m [1m☆ [22m[38;2;110;97;163mDe[38;2;165;153;233ml[38;2;228;204;255mi[38;2;171;165;206mb[38;2;204;199;225me[38;2;255;255;255mr[38;2;234;218;255ma[38;2;171;165;206mt[38;2;228;204;255mi[38;2;165;153;233mn[38;2;110;97;163mg…[38;2;228;204;255m [39m[49m [1m[38;2;138;148;168mesc[39m[22m [38;2;138;148;168mto interrupt[39m [38;2;138;148;168m•[39m [38;2;138;148;168m1m 6s[39m [38;2;138;148;168m•[39m [38;2;138;148;168m↓[39m [38;2;138;148;168m18.2k[39m
[38;2;138;148;168m────────────────────────────────────────────────────────────────────────────────[39m
❯ [7mA[27m[38;2;138;148;168msk your question...[39m
[38;2;138;148;168m────────────────────────────────────────────────────────────────────────────────[39m
  [38;2;138;148;168m? for shortcuts · [38;2;2;136;142mtaste on[39m



[?2026l[?2026h[2K[1A[2K[1A[2K[1A[2K[1A[2K[1A[2K[1A[2K[1A[2K[1A[2K[1A[2K[1A[2K[G[38;2;228;204;255m✻ Thought for 6 seconds [38;2;53;61;80m[[38;2;138;148;168mctrl+o to expand[38;2;53;61;80m][39m

[?2026h[38;2;165;153;233m⠶[39m All claims check out. Let me verify the [38;2;177;186;249m.orch[39m artifact directory

[48;2;45;43;85m[38;2;228;204;255m [1m☆ [22m[38;2;110;97;163mDe[38;2;165;153;233ml[38;2;228;204;255mi[38;2;171;165;206mb[38;2;204;199;225me[38;2;255;255;255mr[38;2;234;218;255ma[38;2;171;165;206mt[38;2;228;204;255mi[38;2;165;153;233mn[38;2;110;97;163mg…[38;2;228;204;255m [39m[49m [1m[38;2;138;148;168mesc[39m[22m [38;2;138;148;168mto interrupt[39m [38;2;138;148;168m•[39m [38;2;138;148;168m1m 6s[39m [38;2;138;148;168m•[39m [38;2;138;148;168m↓[39m [38;2;138;148;168m18.2k[39m
[38;2;138;148;168m────────────────────────────────────────────────────────────────────────────────[39m
❯ [7mA[27m[38;2;138;148;168msk your question...[39m
[38;2;138;148;168m────────────────────────────────────────────────────────────────────────────────[39m
  [38;2;138;148;168m? for shortcuts · [38;2;2;136;142mtaste on[39m



[?2026l[?2026l[?2026h[2K[1A[2K[1A[2K[1A[2K[1A[2K[1A[2K[1A[2K[1A[2K[1A[2K[1A[2K[1A[2K[G[38;2;165;153;233m⠶[39m All claims check out. Let me verify the [38;2;177;186;249m.orch[39m artifact directory

[48;2;45;43;85m[38;2;228;204;255m [1m◇ [22m[38;2;110;97;163mDel[38;2;165;153;233mi[38;2;228;204;255mb[38;2;171;165;206me[38;2;204;199;225mr[38;2;255;255;255ma[38;2;234;218;255mt[38;2;171;165;206mi[38;2;228;204;255mn[38;2;165;153;233mg[38;2;110;97;163m…[38;2;228;204;255m [39m[49m [1m[38;2;138;148;168mesc[39m[22m [38;2;138;148;168mto interrupt[39m [38;2;138;148;168m•[39m [38;2;138;148;168m1m 6s[39m [38;2;138;148;168m•[39m [38;2;138;148;168m↓[39m [38;2;138;148;168m18.2k[39m
[38;2;138;148;168m────────────────────────────────────────────────────────────────────────────────[39m
❯ [7mA[27m[38;2;138;148;168msk your question...[39m
[38;2;138;148;168m────────────────────────────────────────────────────────────────────────────────[39m
  [38;2;138;148;168m? for shortcuts · [38;2;2;136;142mtaste on[39m



[?2026l[?2026h[2K[1A[2K[1A[2K[1A[2K[1A[2K[1A[2K[1A[2K[1A[2K[1A[2K[1A[2K[1A[2K[G[38;2;165;153;233m⠶[39m All claims check out. Let me verify the [38;2;177;186;249m.orch[39m artifact directory and
  confirm the Go-diff hash matches the summary's claim.

[48;2;45;43;85m[38;2;228;204;255m [1m◇ [22m[38;2;110;97;163mDel[38;2;165;153;233mi[38;2;228;204;255mb[38;2;171;165;206me[38;2;204;199;225mr[38;2;255;255;255ma[38;2;234;218;255mt[38;2;171;165;206mi[38;2;228;204;255mn[38;2;165;153;233mg[38;2;110;97;163m…[38;2;228;204;255m [39m[49m [1m[38;2;138;148;168mesc[39m[22m [38;2;138;148;168mto interrupt[39m [38;2;138;148;168m•[39m [38;2;138;148;168m1m 6s[39m [38;2;138;148;168m•[39m [38;2;138;148;168m↓[39m [38;2;138;148;168m18.2k[39m
[38;2;138;148;168m────────────────────────────────────────────────────────────────────────────────[39m
❯ [7mA[27m[38;2;138;148;168msk your question...[39m
[38;2;138;148;168m────────────────────────────────────────────────────────────────────────────────[39m
  [38;2;138;148;168m? for shortcuts · [38;2;2;136;142mtaste on[39m



[?2026l[?2026h[2K[1A[2K[1A[2K[1A[2K[1A[2K[1A[2K[1A[2K[1A[2K[1A[2K[1A[2K[1A[2K[1A[2K[G[38;2;165;153;233m⠶[39m All claims check out. Let me verify the [38;2;177;186;249m.orch[39m artifact directory and
  confirm the Go-diff hash matches the summary's claim.

[48;2;45;43;85m[38;2;228;204;255m [1m○ [22m[38;2;110;97;163mDeli[38;2;165;153;233mb[38;2;228;204;255me[38;2;171;165;206mr[38;2;204;199;225ma[38;2;255;255;255mt[38;2;234;218;255mi[38;2;171;165;206mn[38;2;228;204;255mg[38;2;165;153;233m…[38;2;228;204;255m [39m[49m [1m[38;2;138;148;168mesc[39m[22m [38;2;138;148;168mto interrupt[39m [38;2;138;148;168m•[39m [38;2;138;148;168m1m 6s[39m [38;2;138;148;168m•[39m [38;2;138;148;168m↓[39m [38;2;138;148;168m18.2k[39m
[38;2;138;148;168m────────────────────────────────────────────────────────────────────────────────[39m
❯ [7mA[27m[38;2;138;148;168msk your question...[39m
[38;2;138;148;168m────────────────────────────────────────────────────────────────────────────────[39m
  [38;2;138;148;168m? for shortcuts · [38;2;2;136;142mtaste on[39m



[?2026l[?2026h[2K[1A[2K[1A[2K[1A[2K[1A[2K[1A[2K[1A[2K[1A[2K[1A[2K[1A[2K[1A[2K[1A[2K[G[38;2;165;153;233m⠶[39m All claims check out. Let me verify the [38;2;177;186;249m.orch[39m artifact directory and
  confirm the Go-diff hash matches the summary's claim.

[48;2;45;43;85m[38;2;228;204;255m [1m⌘ [22m[38;2;110;97;163mDelib[38;2;165;153;233me[38;2;228;204;255mr[38;2;171;165;206ma[38;2;204;199;225mt[38;2;255;255;255mi[38;2;234;218;255mn[38;2;171;165;206mg[38;2;228;204;255m… [39m[49m [1m[38;2;138;148;168mesc[39m[22m [38;2;138;148;168mto interrupt[39m [38;2;138;148;168m•[39m [38;2;138;148;168m1m 6s[39m [38;2;138;148;168m•[39m [38;2;138;148;168m↓[39m [38;2;138;148;168m18.3k[39m
[38;2;138;148;168m────────────────────────────────────────────────────────────────────────────────[39m
❯ [7mA[27m[38;2;138;148;168msk your question...[39m
[38;2;138;148;168m────────────────────────────────────────────────────────────────────────────────[39m
  [38;2;138;148;168m? for shortcuts · [38;2;2;136;142mtaste on[39m



[?2026l[?2026h[2K[1A[2K[1A[2K[1A[2K[1A[2K[1A[2K[1A[2K[1A[2K[1A[2K[1A[2K[1A[2K[1A[2K[G[38;2;165;153;233m⠶[39m All claims check out. Let me verify the [38;2;177;186;249m.orch[39m artifact directory and
  confirm the Go-diff hash matches the summary's claim.

[48;2;45;43;85m[38;2;228;204;255m [1m⌘ [22m[38;2;110;97;163mDelibe[38;2;165;153;233mr[38;2;228;204;255ma[38;2;171;165;206mt[38;2;204;199;225mi[38;2;255;255;255mn[38;2;234;218;255mg[38;2;171;165;206m…[38;2;228;204;255m [39m[49m [1m[38;2;138;148;168mesc[39m[22m [38;2;138;148;168mto interrupt[39m [38;2;138;148;168m•[39m [38;2;138;148;168m1m 6s[39m [38;2;138;148;168m•[39m [38;2;138;148;168m↓[39m [38;2;138;148;168m18.3k[39m
[38;2;138;148;168m────────────────────────────────────────────────────────────────────────────────[39m
❯ [7mA[27m[38;2;138;148;168msk your question...[39m
[38;2;138;148;168m────────────────────────────────────────────────────────────────────────────────[39m
  [38;2;138;148;168m? for shortcuts · [38;2;2;136;142mtaste on[39m



[?2026l[?2026h[2K[1A[2K[1A[2K[1A[2K[1A[2K[1A[2K[1A[2K[1A[2K[1A[2K[1A[2K[1A[2K[1A[2K[G[38;2;165;153;233m⠶[39m All claims check out. Let me verify the [38;2;177;186;249m.orch[39m artifact directory and
  confirm the Go-diff hash matches the summary's claim.

[48;2;45;43;85m[38;2;228;204;255m [1m⌘ [22m[38;2;110;97;163mDeliber[38;2;165;153;233ma[38;2;228;204;255mt[38;2;171;165;206mi[38;2;204;199;225mn[38;2;255;255;255mg[38;2;234;218;255m…[38;2;228;204;255m [39m[49m [1m[38;2;138;148;168mesc[39m[22m [38;2;138;148;168mto interrupt[39m [38;2;138;148;168m•[39m [38;2;138;148;168m1m 6s[39m [38;2;138;148;168m•[39m [38;2;138;148;168m↓[39m [38;2;138;148;168m18.3k[39m
[38;2;138;148;168m────────────────────────────────────────────────────────────────────────────────[39m
❯ [7mA[27m[38;2;138;148;168msk your question...[39m
[38;2;138;148;168m────────────────────────────────────────────────────────────────────────────────[39m
  [38;2;138;148;168m? for shortcuts · [38;2;2;136;142mtaste on[39m



[?2026l[?2026h[2K[1A[2K[1A[2K[1A[2K[1A[2K[1A[2K[1A[2K[1A[2K[1A[2K[1A[2K[1A[2K[1A[2K[G[38;2;165;153;233m⠶[39m All claims check out. Let me verify the [38;2;177;186;249m.orch[39m artifact directory and
  confirm the Go-diff hash matches the summary's claim.

[?2026h[1m[48;2;89;69;177m[38;2;244;244;244m LIST [39m[49m[22m [38;2;53;61;80m[[39m.orch/20260921-180819[38;2;53;61;80m][39m
 [38;2;138;148;168m└ [39m [38;2;138;148;168mProcessing…[39m

[48;2;45;43;85m[38;2;228;204;255m [1m⌘ [22m[38;2;110;97;163mDeliber[38;2;165;153;233ma[38;2;228;204;255mt[38;2;171;165;206mi[38;2;204;199;225mn[38;2;255;255;255mg[38;2;234;218;255m…[38;2;228;204;255m [39m[49m [1m[38;2;138;148;168mesc[39m[22m [38;2;138;148;168mto interrupt[39m [38;2;138;148;168m•[39m [38;2;138;148;168m1m 6s[39m [38;2;138;148;168m•[39m [38;2;138;148;168m↓[39m [38;2;138;148;168m18.3k[39m
[38;2;138;148;168m────────────────────────────────────────────────────────────────────────────────[39m
❯ [7mA[27m[38;2;138;148;168msk your question...[39m
[38;2;138;148;168m────────────────────────────────────────────────────────────────────────────────[39m
  [38;2;138;148;168m? for shortcuts · [38;2;2;136;142mtaste on[39m



[?2026l[?2026l[?2026h[2K[1A[2K[1A[2K[1A[2K[1A[2K[1A[2K[1A[2K[1A[2K[1A[2K[1A[2K[1A[2K[1A[2K[G[1m[48;2;89;69;177m[38;2;244;244;244m LIST [39m[49m[22m [38;2;53;61;80m[[39m.orch/20260921-180819[38;2;53;61;80m][39m
 [38;2;138;148;168m└ [39m [38;2;138;148;168mProcessing…[39m

[48;2;45;43;85m[38;2;228;204;255m [1m⌘ [22m[38;2;110;97;163mDeliber[38;2;165;153;233ma[38;2;228;204;255mt[38;2;171;165;206mi[38;2;204;199;225mn[38;2;255;255;255mg[38;2;234;218;255m…[38;2;228;204;255m [39m[49m [1m[38;2;138;148;168mesc[39m[22m [38;2;138;148;168mto interrupt[39m [38;2;138;148;168m•[39m [38;2;138;148;168m1m 7s[39m [38;2;138;148;168m•[39m [38;2;138;148;168m↓[39m [38;2;138;148;168m18.3k[39m
[38;2;138;148;168m────────────────────────────────────────────────────────────────────────────────[39m
❯ [7mA[27m[38;2;138;148;168msk your question...[39m
[38;2;138;148;168m────────────────────────────────────────────────────────────────────────────────[39m
  [38;2;138;148;168m? for shortcuts · [38;2;2;136;142mtaste on[39m



[?2026l[?2026h[2K[1A[2K[1A[2K[1A[2K[1A[2K[1A[2K[1A[2K[1A[2K[1A[2K[1A[2K[1A[2K[1A[2K[G[1m[48;2;89;69;177m[38;2;244;244;244m LIST [39m[49m[22m [38;2;53;61;80m[[39m.orch/20260921-180819[38;2;53;61;80m][39m
 [38;2;138;148;168m│[39m Found 7 items (0 dirs, 7 files)
 [38;2;138;148;168m│[39m Files:
 [38;2;138;148;168m└ [39m [38;2;138;148;168m... +7 lines [38;2;53;61;80m[[38;2;138;148;168mctrl+o to expand[38;2;53;61;80m][39m

[?2026h[48;2;45;43;85m[38;2;228;204;255m [1m⌘ [22m[38;2;110;97;163mDeliber[38;2;165;153;233ma[38;2;228;204;255mt[38;2;171;165;206mi[38;2;204;199;225mn[38;2;255;255;255mg[38;2;234;218;255m…[38;2;228;204;255m [39m[49m [1m[38;2;138;148;168mesc[39m[22m [38;2;138;148;168mto interrupt[39m [38;2;138;148;168m•[39m [38;2;138;148;168m1m 7s[39m [38;2;138;148;168m•[39m [38;2;138;148;168m↓[39m [38;2;138;148;168m18.3k[39m
[38;2;138;148;168m────────────────────────────────────────────────────────────────────────────────[39m
❯ [7mA[27m[38;2;138;148;168msk your question...[39m
[38;2;138;148;168m────────────────────────────────────────────────────────────────────────────────[39m
  [38;2;138;148;168m? for shortcuts · [38;2;2;136;142mtaste on[39m



[?2026l[?2026l[?2026h[2K[1A[2K[1A[2K[1A[2K[1A[2K[1A[2K[1A[2K[1A[2K[1A[2K[G[48;2;45;43;85m[38;2;228;204;255m [1m⌘ [22m[38;2;110;97;163mDelibera[38;2;165;153;233mt[38;2;228;204;255mi[38;2;171;165;206mn[38;2;204;199;225mg[38;2;255;255;255m…[38;2;228;204;255m [39m[49m [1m[38;2;138;148;168mesc[39m[22m [38;2;138;148;168mto interrupt[39m [38;2;138;148;168m•[39m [38;2;138;148;168m1m 7s[39m [38;2;138;148;168m•[39m [38;2;138;148;168m↓[39m [38;2;138;148;168m18.3k[39m
[38;2;138;148;168m────────────────────────────────────────────────────────────────────────────────[39m
❯ [7mA[27m[38;2;138;148;168msk your question...[39m
[38;2;138;148;168m────────────────────────────────────────────────────────────────────────────────[39m
  [38;2;138;148;168m? for shortcuts · [38;2;2;136;142mtaste on[39m



[?2026l[?2026h[2K[1A[2K[1A[2K[1A[2K[1A[2K[1A[2K[1A[2K[1A[2K[1A[2K[G[48;2;45;43;85m[38;2;228;204;255m [1m○ [22m[38;2;110;97;163mDeliberat[38;2;165;153;233mi[38;2;228;204;255mn[38;2;171;165;206mg[38;2;204;199;225m…[38;2;228;204;255m [39m[49m [1m[38;2;138;148;168mesc[39m[22m [38;2;138;148;168mto interrupt[39m [38;2;138;148;168m•[39m [38;2;138;148;168m1m 7s[39m [38;2;138;148;168m•[39m [38;2;138;148;168m↓[39m [38;2;138;148;168m18.3k[39m
[38;2;138;148;168m────────────────────────────────────────────────────────────────────────────────[39m
❯ [7mA[27m[38;2;138;148;168msk your question...[39m
[38;2;138;148;168m────────────────────────────────────────────────────────────────────────────────[39m
  [38;2;138;148;168m? for shortcuts · [38;2;2;136;142mtaste on[39m



[?2026l[?2026h[2K[1A[2K[1A[2K[1A[2K[1A[2K[1A[2K[1A[2K[1A[2K[1A[2K[G[48;2;45;43;85m[38;2;228;204;255m [1m◇ [22m[38;2;110;97;163mDeliberati[38;2;165;153;233mn[38;2;228;204;255mg[38;2;171;165;206m…[38;2;228;204;255m [39m[49m [1m[38;2;138;148;168mesc[39m[22m [38;2;138;148;168mto interrupt[39m [38;2;138;148;168m•[39m [38;2;138;148;168m1m 7s[39m [38;2;138;148;168m•[39m [38;2;138;148;168m↓[39m [38;2;138;148;168m18.3k[39m
[38;2;138;148;168m────────────────────────────────────────────────────────────────────────────────[39m
❯ [7mA[27m[38;2;138;148;168msk your question...[39m
[38;2;138;148;168m────────────────────────────────────────────────────────────────────────────────[39m
  [38;2;138;148;168m? for shortcuts · [38;2;2;136;142mtaste on[39m



[?2026l[?2026h[2K[1A[2K[1A[2K[1A[2K[1A[2K[1A[2K[1A[2K[1A[2K[1A[2K[G[48;2;45;43;85m[38;2;228;204;255m [1m☆ [22m[38;2;110;97;163mDeliberatin[38;2;165;153;233mg[38;2;228;204;255m… [39m[49m [1m[38;2;138;148;168mesc[39m[22m [38;2;138;148;168mto interrupt[39m [38;2;138;148;168m•[39m [38;2;138;148;168m1m 7s[39m [38;2;138;148;168m•[39m [38;2;138;148;168m↓[39m [38;2;138;148;168m18.4k[39m
[38;2;138;148;168m────────────────────────────────────────────────────────────────────────────────[39m
❯ [7mA[27m[38;2;138;148;168msk your question...[39m
[38;2;138;148;168m────────────────────────────────────────────────────────────────────────────────[39m
  [38;2;138;148;168m? for shortcuts · [38;2;2;136;142mtaste on[39m



[?2026l[?2026h[2K[1A[2K[1A[2K[1A[2K[1A[2K[1A[2K[1A[2K[1A[2K[1A[2K[G[48;2;45;43;85m[38;2;228;204;255m [1m✧ [22m[38;2;110;97;163mDeliberating[38;2;165;153;233m…[38;2;228;204;255m [39m[49m [1m[38;2;138;148;168mesc[39m[22m [38;2;138;148;168mto interrupt[39m [38;2;138;148;168m•[39m [38;2;138;148;168m1m 7s[39m [38;2;138;148;168m•[39m [38;2;138;148;168m↓[39m [38;2;138;148;168m18.4k[39m
[38;2;138;148;168m────────────────────────────────────────────────────────────────────────────────[39m
❯ [7mA[27m[38;2;138;148;168msk your question...[39m
[38;2;138;148;168m────────────────────────────────────────────────────────────────────────────────[39m
  [38;2;138;148;168m? for shortcuts · [38;2;2;136;142mtaste on[39m



[?2026l[?2026h[2K[1A[2K[1A[2K[1A[2K[1A[2K[1A[2K[1A[2K[1A[2K[1A[2K[G[48;2;45;43;85m[38;2;228;204;255m [1m☆ [22m[38;2;110;97;163mDeliberating…[38;2;228;204;255m [39m[49m [1m[38;2;138;148;168mesc[39m[22m [38;2;138;148;168mto interrupt[39m [38;2;138;148;168m•[39m [38;2;138;148;168m1m 7s[39m [38;2;138;148;168m•[39m [38;2;138;148;168m↓[39m [38;2;138;148;168m18.4k[39m
[38;2;138;148;168m────────────────────────────────────────────────────────────────────────────────[39m
❯ [7mA[27m[38;2;138;148;168msk your question...[39m
[38;2;138;148;168m────────────────────────────────────────────────────────────────────────────────[39m
  [38;2;138;148;168m? for shortcuts · [38;2;2;136;142mtaste on[39m



[?2026l[?2026h[2K[1A[2K[1A[2K[1A[2K[1A[2K[1A[2K[1A[2K[1A[2K[1A[2K[G[48;2;45;43;85m[38;2;228;204;255m [1m◇ [22m[38;2;110;97;163mDeliberating…[38;2;228;204;255m [39m[49m [1m[38;2;138;148;168mesc[39m[22m [38;2;138;148;168mto interrupt[39m [38;2;138;148;168m•[39m [38;2;138;148;168m1m 7s[39m [38;2;138;148;168m•[39m [38;2;138;148;168m↓[39m [38;2;138;148;168m18.4k[39m
[38;2;138;148;168m────────────────────────────────────────────────────────────────────────────────[39m
❯ [7mA[27m[38;2;138;148;168msk your question...[39m
[38;2;138;148;168m────────────────────────────────────────────────────────────────────────────────[39m
  [38;2;138;148;168m? for shortcuts · [38;2;2;136;142mtaste on[39m



[?2026l[?2026h[2K[1A[2K[1A[2K[1A[2K[1A[2K[1A[2K[1A[2K[1A[2K[1A[2K[G[48;2;45;43;85m[38;2;228;204;255m [1m○ [22m[38;2;110;97;163mDeliberating…[38;2;228;204;255m [39m[49m [1m[38;2;138;148;168mesc[39m[22m [38;2;138;148;168mto interrupt[39m [38;2;138;148;168m•[39m [38;2;138;148;168m1m 7s[39m [38;2;138;148;168m•[39m [38;2;138;148;168m↓[39m [38;2;138;148;168m18.4k[39m
[38;2;138;148;168m────────────────────────────────────────────────────────────────────────────────[39m
❯ [7mA[27m[38;2;138;148;168msk your question...[39m
[38;2;138;148;168m────────────────────────────────────────────────────────────────────────────────[39m
  [38;2;138;148;168m? for shortcuts · [38;2;2;136;142mtaste on[39m



[?2026l[?2026h[2K[1A[2K[1A[2K[1A[2K[1A[2K[1A[2K[1A[2K[1A[2K[1A[2K[G[48;2;45;43;85m[38;2;228;204;255m [1m· [22m[38;2;110;97;163mDeliberating…[38;2;228;204;255m [39m[49m [1m[38;2;138;148;168mesc[39m[22m [38;2;138;148;168mto interrupt[39m [38;2;138;148;168m•[39m [38;2;138;148;168m1m 7s[39m [38;2;138;148;168m•[39m [38;2;138;148;168m↓[39m [38;2;138;148;168m18.4k[39m
[38;2;138;148;168m────────────────────────────────────────────────────────────────────────────────[39m
❯ [7mA[27m[38;2;138;148;168msk your question...[39m
[38;2;138;148;168m────────────────────────────────────────────────────────────────────────────────[39m
  [38;2;138;148;168m? for shortcuts · [38;2;2;136;142mtaste on[39m



[?2026l[?2026h[2K[1A[2K[1A[2K[1A[2K[1A[2K[1A[2K[1A[2K[1A[2K[1A[2K[G[48;2;45;43;85m[38;2;228;204;255m [1m· [22m[38;2;234;218;255mD[38;2;171;165;206me[38;2;228;204;255ml[38;2;165;153;233mi[38;2;110;97;163mberating…[38;2;228;204;255m [39m[49m [1m[38;2;138;148;168mesc[39m[22m [38;2;138;148;168mto interrupt[39m [38;2;138;148;168m•[39m [38;2;138;148;168m1m 7s[39m [38;2;138;148;168m•[39m [38;2;138;148;168m↓[39m [38;2;138;148;168m18.4k[39m
[38;2;138;148;168m────────────────────────────────────────────────────────────────────────────────[39m
❯ [7mA[27m[38;2;138;148;168msk your question...[39m
[38;2;138;148;168m────────────────────────────────────────────────────────────────────────────────[39m
  [38;2;138;148;168m? for shortcuts · [38;2;2;136;142mtaste on[39m



[?2026l[?2026h[2K[1A[2K[1A[2K[1A[2K[1A[2K[1A[2K[1A[2K[1A[2K[1A[2K[G[48;2;45;43;85m[38;2;228;204;255m [1m○ [22m[38;2;255;255;255mD[38;2;234;218;255me[38;2;171;165;206ml[38;2;228;204;255mi[38;2;165;153;233mb[38;2;110;97;163merating…[38;2;228;204;255m [39m[49m [1m[38;2;138;148;168mesc[39m[22m [38;2;138;148;168mto interrupt[39m [38;2;138;148;168m•[39m [38;2;138;148;168m1m 7s[39m [38;2;138;148;168m•[39m [38;2;138;148;168m↓[39m [38;2;138;148;168m18.4k[39m
[38;2;138;148;168m────────────────────────────────────────────────────────────────────────────────[39m
❯ [7mA[27m[38;2;138;148;168msk your question...[39m
[38;2;138;148;168m────────────────────────────────────────────────────────────────────────────────[39m
  [38;2;138;148;168m? for shortcuts · [38;2;2;136;142mtaste on[39m



[?2026l[?2026h[2K[1A[2K[1A[2K[1A[2K[1A[2K[1A[2K[1A[2K[1A[2K[1A[2K[G[48;2;45;43;85m[38;2;228;204;255m [1m○ [22m[38;2;204;199;225mD[38;2;255;255;255me[38;2;234;218;255ml[38;2;171;165;206mi[38;2;228;204;255mb[38;2;165;153;233me[38;2;110;97;163mrating…[38;2;228;204;255m [39m[49m [1m[38;2;138;148;168mesc[39m[22m [38;2;138;148;168mto interrupt[39m [38;2;138;148;168m•[39m [38;2;138;148;168m1m 8s[39m [38;2;138;148;168m•[39m [38;2;138;148;168m↓[39m [38;2;138;148;168m18.4k[39m
[38;2;138;148;168m────────────────────────────────────────────────────────────────────────────────[39m
❯ [7mA[27m[38;2;138;148;168msk your question...[39m
[38;2;138;148;168m────────────────────────────────────────────────────────────────────────────────[39m
  [38;2;138;148;168m? for shortcuts · [38;2;2;136;142mtaste on[39m



[?2026l[?2026h[2K[1A[2K[1A[2K[1A[2K[1A[2K[1A[2K[1A[2K[1A[2K[1A[2K[G[48;2;45;43;85m[38;2;228;204;255m [1m◇ [22m[38;2;171;165;206mD[38;2;204;199;225me[38;2;255;255;255ml[38;2;234;218;255mi[38;2;171;165;206mb[38;2;228;204;255me[38;2;165;153;233mr[38;2;110;97;163mating…[38;2;228;204;255m [39m[49m [1m[38;2;138;148;168mesc[39m[22m [38;2;138;148;168mto interrupt[39m [38;2;138;148;168m•[39m [38;2;138;148;168m1m 8s[39m [38;2;138;148;168m•[39m [38;2;138;148;168m↓[39m [38;2;138;148;168m18.4k[39m
[38;2;138;148;168m────────────────────────────────────────────────────────────────────────────────[39m
❯ [7mA[27m[38;2;138;148;168msk your question...[39m
[38;2;138;148;168m────────────────────────────────────────────────────────────────────────────────[39m
  [38;2;138;148;168m? for shortcuts · [38;2;2;136;142mtaste on[39m



[?2026l[?2026h[2K[1A[2K[1A[2K[1A[2K[1A[2K[1A[2K[1A[2K[1A[2K[1A[2K[G[48;2;45;43;85m[38;2;228;204;255m [1m☆ [22mD[38;2;171;165;206me[38;2;204;199;225ml[38;2;255;255;255mi[38;2;234;218;255mb[38;2;171;165;206me[38;2;228;204;255mr[38;2;165;153;233ma[38;2;110;97;163mting…[38;2;228;204;255m [39m[49m [1m[38;2;138;148;168mesc[39m[22m [38;2;138;148;168mto interrupt[39m [38;2;138;148;168m•[39m [38;2;138;148;168m1m 8s[39m [38;2;138;148;168m•[39m [38;2;138;148;168m↓[39m [38;2;138;148;168m18.5k[39m
[38;2;138;148;168m────────────────────────────────────────────────────────────────────────────────[39m
❯ [7mA[27m[38;2;138;148;168msk your question...[39m
[38;2;138;148;168m────────────────────────────────────────────────────────────────────────────────[39m
  [38;2;138;148;168m? for shortcuts · [38;2;2;136;142mtaste on[39m



[?2026l[?2026h[2K[1A[2K[1A[2K[1A[2K[1A[2K[1A[2K[1A[2K[1A[2K[1A[2K[G[48;2;45;43;85m[38;2;228;204;255m [1m✧ [22m[38;2;165;153;233mD[38;2;228;204;255me[38;2;171;165;206ml[38;2;204;199;225mi[38;2;255;255;255mb[38;2;234;218;255me[38;2;171;165;206mr[38;2;228;204;255ma[38;2;165;153;233mt[38;2;110;97;163ming…[38;2;228;204;255m [39m[49m [1m[38;2;138;148;168mesc[39m[22m [38;2;138;148;168mto interrupt[39m [38;2;138;148;168m•[39m [38;2;138;148;168m1m 8s[39m [38;2;138;148;168m•[39m [38;2;138;148;168m↓[39m [38;2;138;148;168m18.5k[39m
[38;2;138;148;168m────────────────────────────────────────────────────────────────────────────────[39m
❯ [7mA[27m[38;2;138;148;168msk your question...[39m
[38;2;138;148;168m────────────────────────────────────────────────────────────────────────────────[39m
  [38;2;138;148;168m? for shortcuts · [38;2;2;136;142mtaste on[39m



[?2026l[?2026h[2K[1A[2K[1A[2K[1A[2K[1A[2K[1A[2K[1A[2K[1A[2K[1A[2K[G[48;2;45;43;85m[38;2;228;204;255m [1m☆ [22m[38;2;110;97;163mD[38;2;165;153;233me[38;2;228;204;255ml[38;2;171;165;206mi[38;2;204;199;225mb[38;2;255;255;255me[38;2;234;218;255mr[38;2;171;165;206ma[38;2;228;204;255mt[38;2;165;153;233mi[38;2;110;97;163mng…[38;2;228;204;255m [39m[49m [1m[38;2;138;148;168mesc[39m[22m [38;2;138;148;168mto interrupt[39m [38;2;138;148;168m•[39m [38;2;138;148;168m1m 8s[39m [38;2;138;148;168m•[39m [38;2;138;148;168m↓[39m [38;2;138;148;168m18.5k[39m
[38;2;138;148;168m────────────────────────────────────────────────────────────────────────────────[39m
❯ [7mA[27m[38;2;138;148;168msk your question...[39m
[38;2;138;148;168m────────────────────────────────────────────────────────────────────────────────[39m
  [38;2;138;148;168m? for shortcuts · [38;2;2;136;142mtaste on[39m



[?2026l[?2026h[2K[1A[2K[1A[2K[1A[2K[1A[2K[1A[2K[1A[2K[1A[2K[1A[2K[G[48;2;45;43;85m[38;2;228;204;255m [1m◇ [22m[38;2;110;97;163mDe[38;2;165;153;233ml[38;2;228;204;255mi[38;2;171;165;206mb[38;2;204;199;225me[38;2;255;255;255mr[38;2;234;218;255ma[38;2;171;165;206mt[38;2;228;204;255mi[38;2;165;153;233mn[38;2;110;97;163mg…[38;2;228;204;255m [39m[49m [1m[38;2;138;148;168mesc[39m[22m [38;2;138;148;168mto interrupt[39m [38;2;138;148;168m•[39m [38;2;138;148;168m1m 8s[39m [38;2;138;148;168m•[39m [38;2;138;148;168m↓[39m [38;2;138;148;168m18.5k[39m
[38;2;138;148;168m────────────────────────────────────────────────────────────────────────────────[39m
❯ [7mA[27m[38;2;138;148;168msk your question...[39m
[38;2;138;148;168m────────────────────────────────────────────────────────────────────────────────[39m
  [38;2;138;148;168m? for shortcuts · [38;2;2;136;142mtaste on[39m



[?2026l[?2026h[2K[1A[2K[1A[2K[1A[2K[1A[2K[1A[2K[1A[2K[1A[2K[1A[2K[G[48;2;45;43;85m[38;2;228;204;255m [1m○ [22m[38;2;110;97;163mDel[38;2;165;153;233mi[38;2;228;204;255mb[38;2;171;165;206me[38;2;204;199;225mr[38;2;255;255;255ma[38;2;234;218;255mt[38;2;171;165;206mi[38;2;228;204;255mn[38;2;165;153;233mg[38;2;110;97;163m…[38;2;228;204;255m [39m[49m [1m[38;2;138;148;168mesc[39m[22m [38;2;138;148;168mto interrupt[39m [38;2;138;148;168m•[39m [38;2;138;148;168m1m 8s[39m [38;2;138;148;168m•[39m [38;2;138;148;168m↓[39m [38;2;138;148;168m18.5k[39m
[38;2;138;148;168m────────────────────────────────────────────────────────────────────────────────[39m
❯ [7mA[27m[38;2;138;148;168msk your question...[39m
[38;2;138;148;168m────────────────────────────────────────────────────────────────────────────────[39m
  [38;2;138;148;168m? for shortcuts · [38;2;2;136;142mtaste on[39m



[?2026l[?2026h[2K[1A[2K[1A[2K[1A[2K[1A[2K[1A[2K[1A[2K[1A[2K[1A[2K[G[48;2;45;43;85m[38;2;228;204;255m [1m⌘ [22m[38;2;110;97;163mDeli[38;2;165;153;233mb[38;2;228;204;255me[38;2;171;165;206mr[38;2;204;199;225ma[38;2;255;255;255mt[38;2;234;218;255mi[38;2;171;165;206mn[38;2;228;204;255mg[38;2;165;153;233m…[38;2;228;204;255m [39m[49m [1m[38;2;138;148;168mesc[39m[22m [38;2;138;148;168mto interrupt[39m [38;2;138;148;168m•[39m [38;2;138;148;168m1m 8s[39m [38;2;138;148;168m•[39m [38;2;138;148;168m↓[39m [38;2;138;148;168m18.5k[39m
[38;2;138;148;168m────────────────────────────────────────────────────────────────────────────────[39m
❯ [7mA[27m[38;2;138;148;168msk your question...[39m
[38;2;138;148;168m────────────────────────────────────────────────────────────────────────────────[39m
  [38;2;138;148;168m? for shortcuts · [38;2;2;136;142mtaste on[39m



[?2026l[?2026h[2K[1A[2K[1A[2K[1A[2K[1A[2K[1A[2K[1A[2K[1A[2K[1A[2K[G[48;2;45;43;85m[38;2;228;204;255m [1m⌘ [22m[38;2;110;97;163mDelib[38;2;165;153;233me[38;2;228;204;255mr[38;2;171;165;206ma[38;2;204;199;225mt[38;2;255;255;255mi[38;2;234;218;255mn[38;2;171;165;206mg[38;2;228;204;255m… [39m[49m [1m[38;2;138;148;168mesc[39m[22m [38;2;138;148;168mto interrupt[39m [38;2;138;148;168m•[39m [38;2;138;148;168m1m 8s[39m [38;2;138;148;168m•[39m [38;2;138;148;168m↓[39m [38;2;138;148;168m18.5k[39m
[38;2;138;148;168m────────────────────────────────────────────────────────────────────────────────[39m
❯ [7mA[27m[38;2;138;148;168msk your question...[39m
[38;2;138;148;168m────────────────────────────────────────────────────────────────────────────────[39m
  [38;2;138;148;168m? for shortcuts · [38;2;2;136;142mtaste on[39m



[?2026l[?2026h[2K[1A[2K[1A[2K[1A[2K[1A[2K[1A[2K[1A[2K[1A[2K[1A[2K[G[48;2;45;43;85m[38;2;228;204;255m [1m⌘ [22m[38;2;110;97;163mDelibe[38;2;165;153;233mr[38;2;228;204;255ma[38;2;171;165;206mt[38;2;204;199;225mi[38;2;255;255;255mn[38;2;234;218;255mg[38;2;171;165;206m…[38;2;228;204;255m [39m[49m [1m[38;2;138;148;168mesc[39m[22m [38;2;138;148;168mto interrupt[39m [38;2;138;148;168m•[39m [38;2;138;148;168m1m 8s[39m [38;2;138;148;168m•[39m [38;2;138;148;168m↓[39m [38;2;138;148;168m18.5k[39m
[38;2;138;148;168m────────────────────────────────────────────────────────────────────────────────[39m
❯ [7mA[27m[38;2;138;148;168msk your question...[39m
[38;2;138;148;168m────────────────────────────────────────────────────────────────────────────────[39m
  [38;2;138;148;168m? for shortcuts · [38;2;2;136;142mtaste on[39m



[?2026l[?2026h[2K[1A[2K[1A[2K[1A[2K[1A[2K[1A[2K[1A[2K[1A[2K[1A[2K[G[48;2;45;43;85m[38;2;228;204;255m [1m⌘ [22m[38;2;110;97;163mDeliber[38;2;165;153;233ma[38;2;228;204;255mt[38;2;171;165;206mi[38;2;204;199;225mn[38;2;255;255;255mg[38;2;234;218;255m…[38;2;228;204;255m [39m[49m [1m[38;2;138;148;168mesc[39m[22m [38;2;138;148;168mto interrupt[39m [38;2;138;148;168m•[39m [38;2;138;148;168m1m 8s[39m [38;2;138;148;168m•[39m [38;2;138;148;168m↓[39m [38;2;138;148;168m18.5k[39m
[38;2;138;148;168m────────────────────────────────────────────────────────────────────────────────[39m
❯ [7mA[27m[38;2;138;148;168msk your question...[39m
[38;2;138;148;168m────────────────────────────────────────────────────────────────────────────────[39m
  [38;2;138;148;168m? for shortcuts · [38;2;2;136;142mtaste on[39m



[?2026l[?2026h[2K[1A[2K[1A[2K[1A[2K[1A[2K[1A[2K[1A[2K[1A[2K[1A[2K[G[48;2;45;43;85m[38;2;228;204;255m [1m○ [22m[38;2;110;97;163mDelibera[38;2;165;153;233mt[38;2;228;204;255mi[38;2;171;165;206mn[38;2;204;199;225mg[38;2;255;255;255m…[38;2;228;204;255m [39m[49m [1m[38;2;138;148;168mesc[39m[22m [38;2;138;148;168mto interrupt[39m [38;2;138;148;168m•[39m [38;2;138;148;168m1m 8s[39m [38;2;138;148;168m•[39m [38;2;138;148;168m↓[39m [38;2;138;148;168m18.5k[39m
[38;2;138;148;168m────────────────────────────────────────────────────────────────────────────────[39m
❯ [7mA[27m[38;2;138;148;168msk your question...[39m
[38;2;138;148;168m────────────────────────────────────────────────────────────────────────────────[39m
  [38;2;138;148;168m? for shortcuts · [38;2;2;136;142mtaste on[39m



[?2026l[?2026h[2K[1A[2K[1A[2K[1A[2K[1A[2K[1A[2K[1A[2K[1A[2K[1A[2K[G[48;2;45;43;85m[38;2;228;204;255m [1m◇ [22m[38;2;110;97;163mDeliberat[38;2;165;153;233mi[38;2;228;204;255mn[38;2;171;165;206mg[38;2;204;199;225m…[38;2;228;204;255m [39m[49m [1m[38;2;138;148;168mesc[39m[22m [38;2;138;148;168mto interrupt[39m [38;2;138;148;168m•[39m [38;2;138;148;168m1m 8s[39m [38;2;138;148;168m•[39m [38;2;138;148;168m↓[39m [38;2;138;148;168m18.5k[39m
[38;2;138;148;168m────────────────────────────────────────────────────────────────────────────────[39m
❯ [7mA[27m[38;2;138;148;168msk your question...[39m
[38;2;138;148;168m────────────────────────────────────────────────────────────────────────────────[39m
  [38;2;138;148;168m? for shortcuts · [38;2;2;136;142mtaste on[39m



[?2026l[?2026h[2K[1A[2K[1A[2K[1A[2K[1A[2K[1A[2K[1A[2K[1A[2K[1A[2K[G[48;2;45;43;85m[38;2;228;204;255m [1m◇ [22m[38;2;110;97;163mDeliberat[38;2;165;153;233mi[38;2;228;204;255mn[38;2;171;165;206mg[38;2;204;199;225m…[38;2;228;204;255m [39m[49m [1m[38;2;138;148;168mesc[39m[22m [38;2;138;148;168mto interrupt[39m [38;2;138;148;168m•[39m [38;2;138;148;168m1m 9s[39m [38;2;138;148;168m•[39m [38;2;138;148;168m↓[39m [38;2;138;148;168m18.5k[39m
[38;2;138;148;168m────────────────────────────────────────────────────────────────────────────────[39m
❯ [7mA[27m[38;2;138;148;168msk your question...[39m
[38;2;138;148;168m────────────────────────────────────────────────────────────────────────────────[39m
  [38;2;138;148;168m? for shortcuts · [38;2;2;136;142mtaste on[39m



[?2026l[?2026h[2K[1A[2K[1A[2K[1A[2K[1A[2K[1A[2K[1A[2K[1A[2K[1A[2K[G[48;2;45;43;85m[38;2;228;204;255m [1m☆ [22m[38;2;110;97;163mDeliberati[38;2;165;153;233mn[38;2;228;204;255mg[38;2;171;165;206m…[38;2;228;204;255m [39m[49m [1m[38;2;138;148;168mesc[39m[22m [38;2;138;148;168mto interrupt[39m [38;2;138;148;168m•[39m [38;2;138;148;168m1m 9s[39m [38;2;138;148;168m•[39m [38;2;138;148;168m↓[39m [38;2;138;148;168m18.5k[39m
[38;2;138;148;168m────────────────────────────────────────────────────────────────────────────────[39m
❯ [7mA[27m[38;2;138;148;168msk your question...[39m
[38;2;138;148;168m────────────────────────────────────────────────────────────────────────────────[39m
  [38;2;138;148;168m? for shortcuts · [38;2;2;136;142mtaste on[39m



[?2026l[?2026h[2K[1A[2K[1A[2K[1A[2K[1A[2K[1A[2K[1A[2K[1A[2K[1A[2K[G[48;2;45;43;85m[38;2;228;204;255m [1m✧ [22m[38;2;110;97;163mDeliberatin[38;2;165;153;233mg[38;2;228;204;255m… [39m[49m [1m[38;2;138;148;168mesc[39m[22m [38;2;138;148;168mto interrupt[39m [38;2;138;148;168m•[39m [38;2;138;148;168m1m 9s[39m [38;2;138;148;168m•[39m [38;2;138;148;168m↓[39m [38;2;138;148;168m18.5k[39m
[38;2;138;148;168m────────────────────────────────────────────────────────────────────────────────[39m
❯ [7mA[27m[38;2;138;148;168msk your question...[39m
[38;2;138;148;168m────────────────────────────────────────────────────────────────────────────────[39m
  [38;2;138;148;168m? for shortcuts · [38;2;2;136;142mtaste on[39m



[?2026l[?2026h[2K[1A[2K[1A[2K[1A[2K[1A[2K[1A[2K[1A[2K[1A[2K[1A[2K[G[48;2;45;43;85m[38;2;228;204;255m [1m☆ [22m[38;2;110;97;163mDeliberating[38;2;165;153;233m…[38;2;228;204;255m [39m[49m [1m[38;2;138;148;168mesc[39m[22m [38;2;138;148;168mto interrupt[39m [38;2;138;148;168m•[39m [38;2;138;148;168m1m 9s[39m [38;2;138;148;168m•[39m [38;2;138;148;168m↓[39m [38;2;138;148;168m18.5k[39m
[38;2;138;148;168m────────────────────────────────────────────────────────────────────────────────[39m
❯ [7mA[27m[38;2;138;148;168msk your question...[39m
[38;2;138;148;168m────────────────────────────────────────────────────────────────────────────────[39m
  [38;2;138;148;168m? for shortcuts · [38;2;2;136;142mtaste on[39m



[?2026l[?2026h[2K[1A[2K[1A[2K[1A[2K[1A[2K[1A[2K[1A[2K[1A[2K[1A[2K[G[48;2;45;43;85m[38;2;228;204;255m [1m◇ [22m[38;2;110;97;163mDeliberating…[38;2;228;204;255m [39m[49m [1m[38;2;138;148;168mesc[39m[22m [38;2;138;148;168mto interrupt[39m [38;2;138;148;168m•[39m [38;2;138;148;168m1m 9s[39m [38;2;138;148;168m•[39m [38;2;138;148;168m↓[39m [38;2;138;148;168m18.5k[39m
[38;2;138;148;168m────────────────────────────────────────────────────────────────────────────────[39m
❯ [7mA[27m[38;2;138;148;168msk your question...[39m
[38;2;138;148;168m────────────────────────────────────────────────────────────────────────────────[39m
  [38;2;138;148;168m? for shortcuts · [38;2;2;136;142mtaste on[39m



[?2026l[?2026h[2K[1A[2K[1A[2K[1A[2K[1A[2K[1A[2K[1A[2K[1A[2K[1A[2K[G[48;2;45;43;85m[38;2;228;204;255m [1m○ [22m[38;2;110;97;163mDeliberating…[38;2;228;204;255m [39m[49m [1m[38;2;138;148;168mesc[39m[22m [38;2;138;148;168mto interrupt[39m [38;2;138;148;168m•[39m [38;2;138;148;168m1m 9s[39m [38;2;138;148;168m•[39m [38;2;138;148;168m↓[39m [38;2;138;148;168m18.5k[39m
[38;2;138;148;168m────────────────────────────────────────────────────────────────────────────────[39m
❯ [7mA[27m[38;2;138;148;168msk your question...[39m
[38;2;138;148;168m────────────────────────────────────────────────────────────────────────────────[39m
  [38;2;138;148;168m? for shortcuts · [38;2;2;136;142mtaste on[39m



[?2026l]0;⌘ Command Code · orch-go · deepseek-v4-flash-(latest)]2;⌘ Command Code · orch-go · deepseek-v4-flash-(latest)[?2026h[2K[1A[2K[1A[2K[1A[2K[1A[2K[1A[2K[1A[2K[1A[2K[1A[2K[G[48;2;45;43;85m[38;2;228;204;255m [1m· [22m[38;2;110;97;163mDeliberating…[38;2;228;204;255m [39m[49m [1m[38;2;138;148;168mesc[39m[22m [38;2;138;148;168mto interrupt[39m [38;2;138;148;168m•[39m [38;2;138;148;168m1m 9s[39m [38;2;138;148;168m•[39m [38;2;138;148;168m↓[39m [38;2;138;148;168m18.5k[39m
[38;2;138;148;168m────────────────────────────────────────────────────────────────────────────────[39m
❯ [7mA[27m[38;2;138;148;168msk your question...[39m
[38;2;138;148;168m────────────────────────────────────────────────────────────────────────────────[39m
  [38;2;138;148;168m? for shortcuts · [38;2;2;136;142mtaste on[39m



[?2026l[?2026h[2K[1A[2K[1A[2K[1A[2K[1A[2K[1A[2K[1A[2K[1A[2K[1A[2K[G[48;2;45;43;85m[38;2;228;204;255m [1m· [22m[38;2;165;153;233mC[38;2;228;204;255mo[38;2;171;165;206mg[38;2;204;199;225mi[38;2;255;255;255mt[38;2;234;218;255ma[38;2;171;165;206mt[38;2;228;204;255mi[38;2;165;153;233mn[38;2;110;97;163mg…[38;2;228;204;255m [39m[49m [1m[38;2;138;148;168mesc[39m[22m [38;2;138;148;168mto interrupt[39m [38;2;138;148;168m•[39m [38;2;138;148;168m1m 9s[39m [38;2;138;148;168m•[39m [38;2;138;148;168m↓[39m [38;2;138;148;168m18.5k[39m
[38;2;138;148;168m────────────────────────────────────────────────────────────────────────────────[39m
❯ [7mA[27m[38;2;138;148;168msk your question...[39m
[38;2;138;148;168m────────────────────────────────────────────────────────────────────────────────[39m
  [38;2;138;148;168m? for shortcuts · [38;2;2;136;142mtaste on[39m



[?2026l[?2026h[2K[1A[2K[1A[2K[1A[2K[1A[2K[1A[2K[1A[2K[1A[2K[1A[2K[G[48;2;45;43;85m[38;2;228;204;255m [1m○ [22m[38;2;110;97;163mC[38;2;165;153;233mo[38;2;228;204;255mg[38;2;171;165;206mi[38;2;204;199;225mt[38;2;255;255;255ma[38;2;234;218;255mt[38;2;171;165;206mi[38;2;228;204;255mn[38;2;165;153;233mg[38;2;110;97;163m…[38;2;228;204;255m [39m[49m [1m[38;2;138;148;168mesc[39m[22m [38;2;138;148;168mto interrupt[39m [38;2;138;148;168m•[39m [38;2;138;148;168m1m 9s[39m [38;2;138;148;168m•[39m [38;2;138;148;168m↓[39m [38;2;138;148;168m18.5k[39m
[38;2;138;148;168m────────────────────────────────────────────────────────────────────────────────[39m
❯ [7mA[27m[38;2;138;148;168msk your question...[39m
[38;2;138;148;168m────────────────────────────────────────────────────────────────────────────────[39m
  [38;2;138;148;168m? for shortcuts · [38;2;2;136;142mtaste on[39m



[?2026l[?2026h[2K[1A[2K[1A[2K[1A[2K[1A[2K[1A[2K[1A[2K[1A[2K[1A[2K[G[48;2;45;43;85m[38;2;228;204;255m [1m○ [22m[38;2;110;97;163mCo[38;2;165;153;233mg[38;2;228;204;255mi[38;2;171;165;206mt[38;2;204;199;225ma[38;2;255;255;255mt[38;2;234;218;255mi[38;2;171;165;206mn[38;2;228;204;255mg[38;2;165;153;233m…[38;2;228;204;255m [39m[49m [1m[38;2;138;148;168mesc[39m[22m [38;2;138;148;168mto interrupt[39m [38;2;138;148;168m•[39m [38;2;138;148;168m1m 9s[39m [38;2;138;148;168m•[39m [38;2;138;148;168m↓[39m [38;2;138;148;168m18.5k[39m
[38;2;138;148;168m────────────────────────────────────────────────────────────────────────────────[39m
❯ [7mA[27m[38;2;138;148;168msk your question...[39m
[38;2;138;148;168m────────────────────────────────────────────────────────────────────────────────[39m
  [38;2;138;148;168m? for shortcuts · [38;2;2;136;142mtaste on[39m



[?2026l[?2026h[2K[1A[2K[1A[2K[1A[2K[1A[2K[1A[2K[1A[2K[1A[2K[1A[2K[G[48;2;45;43;85m[38;2;228;204;255m [1m◇ [22m[38;2;110;97;163mCog[38;2;165;153;233mi[38;2;228;204;255mt[38;2;171;165;206ma[38;2;204;199;225mt[38;2;255;255;255mi[38;2;234;218;255mn[38;2;171;165;206mg[38;2;228;204;255m… [39m[49m [1m[38;2;138;148;168mesc[39m[22m [38;2;138;148;168mto interrupt[39m [38;2;138;148;168m•[39m [38;2;138;148;168m1m 9s[39m [38;2;138;148;168m•[39m [38;2;138;148;168m↓[39m [38;2;138;148;168m18.5k[39m
[38;2;138;148;168m────────────────────────────────────────────────────────────────────────────────[39m
❯ [7mA[27m[38;2;138;148;168msk your question...[39m
[38;2;138;148;168m────────────────────────────────────────────────────────────────────────────────[39m
  [38;2;138;148;168m? for shortcuts · [38;2;2;136;142mtaste on[39m



[?2026l[?2026h[2K[1A[2K[1A[2K[1A[2K[1A[2K[1A[2K[1A[2K[1A[2K[1A[2K[G[48;2;45;43;85m[38;2;228;204;255m [1m☆ [22m[38;2;110;97;163mCogi[38;2;165;153;233mt[38;2;228;204;255ma[38;2;171;165;206mt[38;2;204;199;225mi[38;2;255;255;255mn[38;2;234;218;255mg[38;2;171;165;206m…[38;2;228;204;255m [39m[49m [1m[38;2;138;148;168mesc[39m[22m [38;2;138;148;168mto interrupt[39m [38;2;138;148;168m•[39m [38;2;138;148;168m1m 9s[39m [38;2;138;148;168m•[39m [38;2;138;148;168m↓[39m [38;2;138;148;168m18.5k[39m
[38;2;138;148;168m────────────────────────────────────────────────────────────────────────────────[39m
❯ [7mA[27m[38;2;138;148;168msk your question...[39m
[38;2;138;148;168m────────────────────────────────────────────────────────────────────────────────[39m
  [38;2;138;148;168m? for shortcuts · [38;2;2;136;142mtaste on[39m



[?2026l[?2026h[2K[1A[2K[1A[2K[1A[2K[1A[2K[1A[2K[1A[2K[1A[2K[1A[2K[G[48;2;45;43;85m[38;2;228;204;255m [1m✧ [22m[38;2;110;97;163mCogit[38;2;165;153;233ma[38;2;228;204;255mt[38;2;171;165;206mi[38;2;204;199;225mn[38;2;255;255;255mg[38;2;234;218;255m…[38;2;228;204;255m [39m[49m [1m[38;2;138;148;168mesc[39m[22m [38;2;138;148;168mto interrupt[39m [38;2;138;148;168m•[39m [38;2;138;148;168m1m 10s[39m [38;2;138;148;168m•[39m [38;2;138;148;168m↓[39m [38;2;138;148;168m18.5k[39m
[38;2;138;148;168m────────────────────────────────────────────────────────────────────────────────[39m
❯ [7mA[27m[38;2;138;148;168msk your question...[39m
[38;2;138;148;168m────────────────────────────────────────────────────────────────────────────────[39m
  [38;2;138;148;168m? for shortcuts · [38;2;2;136;142mtaste on[39m



[?2026l[?2026h[2K[1A[2K[1A[2K[1A[2K[1A[2K[1A[2K[1A[2K[1A[2K[1A[2K[G[48;2;45;43;85m[38;2;228;204;255m [1m☆ [22m[38;2;110;97;163mCogita[38;2;165;153;233mt[38;2;228;204;255mi[38;2;171;165;206mn[38;2;204;199;225mg[38;2;255;255;255m…[38;2;228;204;255m [39m[49m [1m[38;2;138;148;168mesc[39m[22m [38;2;138;148;168mto interrupt[39m [38;2;138;148;168m•[39m [38;2;138;148;168m1m 10s[39m [38;2;138;148;168m•[39m [38;2;138;148;168m↓[39m [38;2;138;148;168m18.5k[39m
[38;2;138;148;168m────────────────────────────────────────────────────────────────────────────────[39m
❯ [7mA[27m[38;2;138;148;168msk your question...[39m
[38;2;138;148;168m────────────────────────────────────────────────────────────────────────────────[39m
  [38;2;138;148;168m? for shortcuts · [38;2;2;136;142mtaste on[39m



[?2026l[?2026h[2K[1A[2K[1A[2K[1A[2K[1A[2K[1A[2K[1A[2K[1A[2K[1A[2K[G[48;2;45;43;85m[38;2;228;204;255m [1m◇ [22m[38;2;110;97;163mCogitat[38;2;165;153;233mi[38;2;228;204;255mn[38;2;171;165;206mg[38;2;204;199;225m…[38;2;228;204;255m [39m[49m [1m[38;2;138;148;168mesc[39m[22m [38;2;138;148;168mto interrupt[39m [38;2;138;148;168m•[39m [38;2;138;148;168m1m 10s[39m [38;2;138;148;168m•[39m [38;2;138;148;168m↓[39m [38;2;138;148;168m18.5k[39m
[38;2;138;148;168m────────────────────────────────────────────────────────────────────────────────[39m
❯ [7mA[27m[38;2;138;148;168msk your question...[39m
[38;2;138;148;168m────────────────────────────────────────────────────────────────────────────────[39m
  [38;2;138;148;168m? for shortcuts · [38;2;2;136;142mtaste on[39m



[?2026l[?2026h[2K[1A[2K[1A[2K[1A[2K[1A[2K[1A[2K[1A[2K[1A[2K[1A[2K[G[48;2;45;43;85m[38;2;228;204;255m [1m○ [22m[38;2;110;97;163mCogitati[38;2;165;153;233mn[38;2;228;204;255mg[38;2;171;165;206m…[38;2;228;204;255m [39m[49m [1m[38;2;138;148;168mesc[39m[22m [38;2;138;148;168mto interrupt[39m [38;2;138;148;168m•[39m [38;2;138;148;168m1m 10s[39m [38;2;138;148;168m•[39m [38;2;138;148;168m↓[39m [38;2;138;148;168m18.5k[39m
[38;2;138;148;168m────────────────────────────────────────────────────────────────────────────────[39m
❯ [7mA[27m[38;2;138;148;168msk your question...[39m
[38;2;138;148;168m────────────────────────────────────────────────────────────────────────────────[39m
  [38;2;138;148;168m? for shortcuts · [38;2;2;136;142mtaste on[39m



[?2026l[?2026h[2K[1A[2K[1A[2K[1A[2K[1A[2K[1A[2K[1A[2K[1A[2K[1A[2K[G[48;2;45;43;85m[38;2;228;204;255m [1m⌘ [22m[38;2;110;97;163mCogitatin[38;2;165;153;233mg[38;2;228;204;255m… [39m[49m [1m[38;2;138;148;168mesc[39m[22m [38;2;138;148;168mto interrupt[39m [38;2;138;148;168m•[39m [38;2;138;148;168m1m 10s[39m [38;2;138;148;168m•[39m [38;2;138;148;168m↓[39m [38;2;138;148;168m18.5k[39m
[38;2;138;148;168m────────────────────────────────────────────────────────────────────────────────[39m
❯ [7mA[27m[38;2;138;148;168msk your question...[39m
[38;2;138;148;168m────────────────────────────────────────────────────────────────────────────────[39m
  [38;2;138;148;168m? for shortcuts · [38;2;2;136;142mtaste on[39m



[?2026l[?2026h[2K[1A[2K[1A[2K[1A[2K[1A[2K[1A[2K[1A[2K[1A[2K[1A[2K[G[38;2;228;204;255m✻ Thinking… (1 line) [38;2;53;61;80m[[38;2;138;148;168mctrl+o to expand[38;2;53;61;80m][39m

[48;2;45;43;85m[38;2;228;204;255m [1m⌘ [22m[38;2;110;97;163mCogitatin[38;2;165;153;233mg[38;2;228;204;255m… [39m[49m [1m[38;2;138;148;168mesc[39m[22m [38;2;138;148;168mto interrupt[39m [38;2;138;148;168m•[39m [38;2;138;148;168m1m 10s[39m [38;2;138;148;168m•[39m [38;2;138;148;168m↓[39m [38;2;138;148;168m18.5k[39m
[38;2;138;148;168m────────────────────────────────────────────────────────────────────────────────[39m
❯ [7mA[27m[38;2;138;148;168msk your question...[39m
[38;2;138;148;168m────────────────────────────────────────────────────────────────────────────────[39m
  [38;2;138;148;168m? for shortcuts · [38;2;2;136;142mtaste on[39m



[?2026l[?2026h[2K[1A[2K[1A[2K[1A[2K[1A[2K[1A[2K[1A[2K[1A[2K[1A[2K[1A[2K[1A[2K[G[38;2;228;204;255m✻ Thinking… (1 line) [38;2;53;61;80m[[38;2;138;148;168mctrl+o to expand[38;2;53;61;80m][39m

[48;2;45;43;85m[38;2;228;204;255m [1m⌘ [22m[38;2;110;97;163mCogitating[38;2;165;153;233m…[38;2;228;204;255m [39m[49m [1m[38;2;138;148;168mesc[39m[22m [38;2;138;148;168mto interrupt[39m [38;2;138;148;168m•[39m [38;2;138;148;168m1m 10s[39m [38;2;138;148;168m•[39m [38;2;138;148;168m↓[39m [38;2;138;148;168m18.5k[39m
[38;2;138;148;168m────────────────────────────────────────────────────────────────────────────────[39m
❯ [7mA[27m[38;2;138;148;168msk your question...[39m
[38;2;138;148;168m────────────────────────────────────────────────────────────────────────────────[39m
  [38;2;138;148;168m? for shortcuts · [38;2;2;136;142mtaste on[39m



[?2026l[?2026h[2K[1A[2K[1A[2K[1A[2K[1A[2K[1A[2K[1A[2K[1A[2K[1A[2K[1A[2K[1A[2K[G[38;2;228;204;255m✻ Thinking… (1 line) [38;2;53;61;80m[[38;2;138;148;168mctrl+o to expand[38;2;53;61;80m][39m

[48;2;45;43;85m[38;2;228;204;255m [1m⌘ [22m[38;2;110;97;163mCogitating…[38;2;228;204;255m [39m[49m [1m[38;2;138;148;168mesc[39m[22m [38;2;138;148;168mto interrupt[39m [38;2;138;148;168m•[39m [38;2;138;148;168m1m 10s[39m [38;2;138;148;168m•[39m [38;2;138;148;168m↓[39m [38;2;138;148;168m18.5k[39m
[38;2;138;148;168m────────────────────────────────────────────────────────────────────────────────[39m
❯ [7mA[27m[38;2;138;148;168msk your question...[39m
[38;2;138;148;168m────────────────────────────────────────────────────────────────────────────────[39m
  [38;2;138;148;168m? for shortcuts · [38;2;2;136;142mtaste on[39m



[?2026l[?2026h[2K[1A[2K[1A[2K[1A[2K[1A[2K[1A[2K[1A[2K[1A[2K[1A[2K[1A[2K[1A[2K[G[38;2;228;204;255m✻ Thinking… (1 line) [38;2;53;61;80m[[38;2;138;148;168mctrl+o to expand[38;2;53;61;80m][39m

[48;2;45;43;85m[38;2;228;204;255m [1m○ [22m[38;2;110;97;163mCogitating…[38;2;228;204;255m [39m[49m [1m[38;2;138;148;168mesc[39m[22m [38;2;138;148;168mto interrupt[39m [38;2;138;148;168m•[39m [38;2;138;148;168m1m 10s[39m [38;2;138;148;168m•[39m [38;2;138;148;168m↓[39m [38;2;138;148;168m18.5k[39m
[38;2;138;148;168m────────────────────────────────────────────────────────────────────────────────[39m
❯ [7mA[27m[38;2;138;148;168msk your question...[39m
[38;2;138;148;168m────────────────────────────────────────────────────────────────────────────────[39m
  [38;2;138;148;168m? for shortcuts · [38;2;2;136;142mtaste on[39m



[?2026l[?2026h[2K[1A[2K[1A[2K[1A[2K[1A[2K[1A[2K[1A[2K[1A[2K[1A[2K[1A[2K[1A[2K[G[38;2;228;204;255m✻ Thinking… (3 lines) [38;2;53;61;80m[[38;2;138;148;168mctrl+o to expand[38;2;53;61;80m][39m

[48;2;45;43;85m[38;2;228;204;255m [1m○ [22m[38;2;110;97;163mCogitating…[38;2;228;204;255m [39m[49m [1m[38;2;138;148;168mesc[39m[22m [38;2;138;148;168mto interrupt[39m [38;2;138;148;168m•[39m [38;2;138;148;168m1m 10s[39m [38;2;138;148;168m•[39m [38;2;138;148;168m↓[39m [38;2;138;148;168m18.5k[39m
[38;2;138;148;168m────────────────────────────────────────────────────────────────────────────────[39m
❯ [7mA[27m[38;2;138;148;168msk your question...[39m
[38;2;138;148;168m────────────────────────────────────────────────────────────────────────────────[39m
  [38;2;138;148;168m? for shortcuts · [38;2;2;136;142mtaste on[39m



[?2026l[?2026h[2K[1A[2K[1A[2K[1A[2K[1A[2K[1A[2K[1A[2K[1A[2K[1A[2K[1A[2K[1A[2K[G[38;2;228;204;255m✻ Thinking… (3 lines) [38;2;53;61;80m[[38;2;138;148;168mctrl+o to expand[38;2;53;61;80m][39m

[48;2;45;43;85m[38;2;228;204;255m [1m◇ [22m[38;2;110;97;163mCogitating…[38;2;228;204;255m [39m[49m [1m[38;2;138;148;168mesc[39m[22m [38;2;138;148;168mto interrupt[39m [38;2;138;148;168m•[39m [38;2;138;148;168m1m 10s[39m [38;2;138;148;168m•[39m [38;2;138;148;168m↓[39m [38;2;138;148;168m18.5k[39m
[38;2;138;148;168m────────────────────────────────────────────────────────────────────────────────[39m
❯ [7mA[27m[38;2;138;148;168msk your question...[39m
[38;2;138;148;168m────────────────────────────────────────────────────────────────────────────────[39m
  [38;2;138;148;168m? for shortcuts · [38;2;2;136;142mtaste on[39m



[?2026l[?2026h[2K[1A[2K[1A[2K[1A[2K[1A[2K[1A[2K[1A[2K[1A[2K[1A[2K[1A[2K[1A[2K[G[38;2;228;204;255m✻ Thought for 1 second [38;2;53;61;80m[[38;2;138;148;168mctrl+o to expand[38;2;53;61;80m][39m

[?2026h[38;2;165;153;233m⠶[39m Everything verified independently

[48;2;45;43;85m[38;2;228;204;255m [1m◇ [22m[38;2;110;97;163mCogitating…[38;2;228;204;255m [39m[49m [1m[38;2;138;148;168mesc[39m[22m [38;2;138;148;168mto interrupt[39m [38;2;138;148;168m•[39m [38;2;138;148;168m1m 10s[39m [38;2;138;148;168m•[39m [38;2;138;148;168m↓[39m [38;2;138;148;168m18.5k[39m
[38;2;138;148;168m────────────────────────────────────────────────────────────────────────────────[39m
❯ [7mA[27m[38;2;138;148;168msk your question...[39m
[38;2;138;148;168m────────────────────────────────────────────────────────────────────────────────[39m
  [38;2;138;148;168m? for shortcuts · [38;2;2;136;142mtaste on[39m



[?2026l[?2026l[?2026h[2K[1A[2K[1A[2K[1A[2K[1A[2K[1A[2K[1A[2K[1A[2K[1A[2K[1A[2K[1A[2K[G[38;2;165;153;233m⠶[39m Everything verified independently

[48;2;45;43;85m[38;2;228;204;255m [1m☆ [22m[38;2;110;97;163mCogitating…[38;2;228;204;255m [39m[49m [1m[38;2;138;148;168mesc[39m[22m [38;2;138;148;168mto interrupt[39m [38;2;138;148;168m•[39m [38;2;138;148;168m1m 10s[39m [38;2;138;148;168m•[39m [38;2;138;148;168m↓[39m [38;2;138;148;168m18.5k[39m
[38;2;138;148;168m────────────────────────────────────────────────────────────────────────────────[39m
❯ [7mA[27m[38;2;138;148;168msk your question...[39m
[38;2;138;148;168m────────────────────────────────────────────────────────────────────────────────[39m
  [38;2;138;148;168m? for shortcuts · [38;2;2;136;142mtaste on[39m



[?2026l[?2026h[2K[1A[2K[1A[2K[1A[2K[1A[2K[1A[2K[1A[2K[1A[2K[1A[2K[1A[2K[1A[2K[G[38;2;165;153;233m⠶[39m Everything verified independently. Writing the review now.

[48;2;45;43;85m[38;2;228;204;255m [1m☆ [22m[38;2;110;97;163mCogitating…[38;2;228;204;255m [39m[49m [1m[38;2;138;148;168mesc[39m[22m [38;2;138;148;168mto interrupt[39m [38;2;138;148;168m•[39m [38;2;138;148;168m1m 10s[39m [38;2;138;148;168m•[39m [38;2;138;148;168m↓[39m [38;2;138;148;168m18.5k[39m
[38;2;138;148;168m────────────────────────────────────────────────────────────────────────────────[39m
❯ [7mA[27m[38;2;138;148;168msk your question...[39m
[38;2;138;148;168m────────────────────────────────────────────────────────────────────────────────[39m
  [38;2;138;148;168m? for shortcuts · [38;2;2;136;142mtaste on[39m



[?2026l[?2026h[2K[1A[2K[1A[2K[1A[2K[1A[2K[1A[2K[1A[2K[1A[2K[1A[2K[1A[2K[1A[2K[G[38;2;165;153;233m⠶[39m Everything verified independently. Writing the review now.

[48;2;45;43;85m[38;2;228;204;255m [1m✧ [22m[38;2;234;218;255mC[38;2;171;165;206mo[38;2;228;204;255mg[38;2;165;153;233mi[38;2;110;97;163mtating…[38;2;228;204;255m [39m[49m [1m[38;2;138;148;168mesc[39m[22m [38;2;138;148;168mto interrupt[39m [38;2;138;148;168m•[39m [38;2;138;148;168m1m 10s[39m [38;2;138;148;168m•[39m [38;2;138;148;168m↓[39m [38;2;138;148;168m18.5k[39m
[38;2;138;148;168m────────────────────────────────────────────────────────────────────────────────[39m
❯ [7mA[27m[38;2;138;148;168msk your question...[39m
[38;2;138;148;168m────────────────────────────────────────────────────────────────────────────────[39m
  [38;2;138;148;168m? for shortcuts · [38;2;2;136;142mtaste on[39m



[?2026l[?2026h[2K[1A[2K[1A[2K[1A[2K[1A[2K[1A[2K[1A[2K[1A[2K[1A[2K[1A[2K[1A[2K[G[38;2;165;153;233m⠶[39m Everything verified independently. Writing the review now.

[48;2;45;43;85m[38;2;228;204;255m [1m☆ [22m[38;2;255;255;255mC[38;2;234;218;255mo[38;2;171;165;206mg[38;2;228;204;255mi[38;2;165;153;233mt[38;2;110;97;163mating…[38;2;228;204;255m [39m[49m [1m[38;2;138;148;168mesc[39m[22m [38;2;138;148;168mto interrupt[39m [38;2;138;148;168m•[39m [38;2;138;148;168m1m 11s[39m [38;2;138;148;168m•[39m [38;2;138;148;168m↓[39m [38;2;138;148;168m18.5k[39m
[38;2;138;148;168m────────────────────────────────────────────────────────────────────────────────[39m
❯ [7mA[27m[38;2;138;148;168msk your question...[39m
[38;2;138;148;168m────────────────────────────────────────────────────────────────────────────────[39m
  [38;2;138;148;168m? for shortcuts · [38;2;2;136;142mtaste on[39m



[?2026l[?2026h[2K[1A[2K[1A[2K[1A[2K[1A[2K[1A[2K[1A[2K[1A[2K[1A[2K[1A[2K[1A[2K[G[38;2;165;153;233m⠶[39m Everything verified independently. Writing the review now.

[48;2;45;43;85m[38;2;228;204;255m [1m◇ [22m[38;2;204;199;225mC[38;2;255;255;255mo[38;2;234;218;255mg[38;2;171;165;206mi[38;2;228;204;255mt[38;2;165;153;233ma[38;2;110;97;163mting…[38;2;228;204;255m [39m[49m [1m[38;2;138;148;168mesc[39m[22m [38;2;138;148;168mto interrupt[39m [38;2;138;148;168m•[39m [38;2;138;148;168m1m 11s[39m [38;2;138;148;168m•[39m [38;2;138;148;168m↓[39m [38;2;138;148;168m18.6k[39m
[38;2;138;148;168m────────────────────────────────────────────────────────────────────────────────[39m
❯ [7mA[27m[38;2;138;148;168msk your question...[39m
[38;2;138;148;168m────────────────────────────────────────────────────────────────────────────────[39m
  [38;2;138;148;168m? for shortcuts · [38;2;2;136;142mtaste on[39m



[?2026l[?2026h[2K[1A[2K[1A[2K[1A[2K[1A[2K[1A[2K[1A[2K[1A[2K[1A[2K[1A[2K[1A[2K[G[38;2;165;153;233m⠶[39m Everything verified independently. Writing the review now.

[48;2;45;43;85m[38;2;228;204;255m [1m○ [22m[38;2;171;165;206mC[38;2;204;199;225mo[38;2;255;255;255mg[38;2;234;218;255mi[38;2;171;165;206mt[38;2;228;204;255ma[38;2;165;153;233mt[38;2;110;97;163ming…[38;2;228;204;255m [39m[49m [1m[38;2;138;148;168mesc[39m[22m [38;2;138;148;168mto interrupt[39m [38;2;138;148;168m•[39m [38;2;138;148;168m1m 11s[39m [38;2;138;148;168m•[39m [38;2;138;148;168m↓[39m [38;2;138;148;168m18.6k[39m
[38;2;138;148;168m────────────────────────────────────────────────────────────────────────────────[39m
❯ [7mA[27m[38;2;138;148;168msk your question...[39m
[38;2;138;148;168m────────────────────────────────────────────────────────────────────────────────[39m
  [38;2;138;148;168m? for shortcuts · [38;2;2;136;142mtaste on[39m



[?2026l[?2026h[2K[1A[2K[1A[2K[1A[2K[1A[2K[1A[2K[1A[2K[1A[2K[1A[2K[1A[2K[1A[2K[G[38;2;165;153;233m⠶[39m Everything verified independently. Writing the review now.

[48;2;45;43;85m[38;2;228;204;255m [1m· [22m[38;2;234;218;255mC[38;2;171;165;206mo[38;2;228;204;255mg[38;2;165;153;233mi[38;2;110;97;163mtating…[38;2;228;204;255m [39m[49m [1m[38;2;138;148;168mesc[39m[22m [38;2;138;148;168mto interrupt[39m [38;2;138;148;168m•[39m [38;2;138;148;168m1m 11s[39m [38;2;138;148;168m•[39m [38;2;138;148;168m↓[39m [38;2;138;148;168m18.6k[39m
[38;2;138;148;168m────────────────────────────────────────────────────────────────────────────────[39m
❯ [7mA[27m[38;2;138;148;168msk your question...[39m
[38;2;138;148;168m────────────────────────────────────────────────────────────────────────────────[39m
  [38;2;138;148;168m? for shortcuts · [38;2;2;136;142mtaste on[39m



[?2026l[?2026h[2K[1A[2K[1A[2K[1A[2K[1A[2K[1A[2K[1A[2K[1A[2K[1A[2K[1A[2K[1A[2K[G[38;2;165;153;233m⠶[39m Everything verified independently. Writing the review now.

[48;2;45;43;85m[38;2;228;204;255m [1m· [22m[38;2;255;255;255mC[38;2;234;218;255mo[38;2;171;165;206mg[38;2;228;204;255mi[38;2;165;153;233mt[38;2;110;97;163mating…[38;2;228;204;255m [39m[49m [1m[38;2;138;148;168mesc[39m[22m [38;2;138;148;168mto interrupt[39m [38;2;138;148;168m•[39m [38;2;138;148;168m1m 11s[39m [38;2;138;148;168m•[39m [38;2;138;148;168m↓[39m [38;2;138;148;168m18.6k[39m
[38;2;138;148;168m────────────────────────────────────────────────────────────────────────────────[39m
❯ [7mA[27m[38;2;138;148;168msk your question...[39m
[38;2;138;148;168m────────────────────────────────────────────────────────────────────────────────[39m
  [38;2;138;148;168m? for shortcuts · [38;2;2;136;142mtaste on[39m



[?2026l[?2026h[2K[1A[2K[1A[2K[1A[2K[1A[2K[1A[2K[1A[2K[1A[2K[1A[2K[1A[2K[1A[2K[G[38;2;165;153;233m⠶[39m Everything verified independently. Writing the review now.

[48;2;45;43;85m[38;2;228;204;255m [1m· [22m[38;2;204;199;225mC[38;2;255;255;255mo[38;2;234;218;255mg[38;2;171;165;206mi[38;2;228;204;255mt[38;2;165;153;233ma[38;2;110;97;163mting…[38;2;228;204;255m [39m[49m [1m[38;2;138;148;168mesc[39m[22m [38;2;138;148;168mto interrupt[39m [38;2;138;148;168m•[39m [38;2;138;148;168m1m 11s[39m [38;2;138;148;168m•[39m [38;2;138;148;168m↓[39m [38;2;138;148;168m18.6k[39m
[38;2;138;148;168m────────────────────────────────────────────────────────────────────────────────[39m
❯ [7mA[27m[38;2;138;148;168msk your question...[39m
[38;2;138;148;168m────────────────────────────────────────────────────────────────────────────────[39m
  [38;2;138;148;168m? for shortcuts · [38;2;2;136;142mtaste on[39m



[?2026l[?2026h[2K[1A[2K[1A[2K[1A[2K[1A[2K[1A[2K[1A[2K[1A[2K[1A[2K[1A[2K[1A[2K[G[38;2;165;153;233m⠶[39m Everything verified independently. Writing the review now.

[48;2;45;43;85m[38;2;228;204;255m [1m○ [22m[38;2;171;165;206mC[38;2;204;199;225mo[38;2;255;255;255mg[38;2;234;218;255mi[38;2;171;165;206mt[38;2;228;204;255ma[38;2;165;153;233mt[38;2;110;97;163ming…[38;2;228;204;255m [39m[49m [1m[38;2;138;148;168mesc[39m[22m [38;2;138;148;168mto interrupt[39m [38;2;138;148;168m•[39m [38;2;138;148;168m1m 11s[39m [38;2;138;148;168m•[39m [38;2;138;148;168m↓[39m [38;2;138;148;168m18.6k[39m
[38;2;138;148;168m────────────────────────────────────────────────────────────────────────────────[39m
❯ [7mA[27m[38;2;138;148;168msk your question...[39m
[38;2;138;148;168m────────────────────────────────────────────────────────────────────────────────[39m
  [38;2;138;148;168m? for shortcuts · [38;2;2;136;142mtaste on[39m



[?2026l[?2026h[2K[1A[2K[1A[2K[1A[2K[1A[2K[1A[2K[1A[2K[1A[2K[1A[2K[1A[2K[1A[2K[G[38;2;165;153;233m⠶[39m Everything verified independently. Writing the review now.

[48;2;45;43;85m[38;2;228;204;255m [1m○ [22mC[38;2;171;165;206mo[38;2;204;199;225mg[38;2;255;255;255mi[38;2;234;218;255mt[38;2;171;165;206ma[38;2;228;204;255mt[38;2;165;153;233mi[38;2;110;97;163mng…[38;2;228;204;255m [39m[49m [1m[38;2;138;148;168mesc[39m[22m [38;2;138;148;168mto interrupt[39m [38;2;138;148;168m•[39m [38;2;138;148;168m1m 11s[39m [38;2;138;148;168m•[39m [38;2;138;148;168m↓[39m [38;2;138;148;168m18.6k[39m
[38;2;138;148;168m────────────────────────────────────────────────────────────────────────────────[39m
❯ [7mA[27m[38;2;138;148;168msk your question...[39m
[38;2;138;148;168m────────────────────────────────────────────────────────────────────────────────[39m
  [38;2;138;148;168m? for shortcuts · [38;2;2;136;142mtaste on[39m



[?2026l[?2026h[2K[1A[2K[1A[2K[1A[2K[1A[2K[1A[2K[1A[2K[1A[2K[1A[2K[1A[2K[1A[2K[G[38;2;165;153;233m⠶[39m Everything verified independently. Writing the review now.

[48;2;45;43;85m[38;2;228;204;255m [1m◇ [22m[38;2;165;153;233mC[38;2;228;204;255mo[38;2;171;165;206mg[38;2;204;199;225mi[38;2;255;255;255mt[38;2;234;218;255ma[38;2;171;165;206mt[38;2;228;204;255mi[38;2;165;153;233mn[38;2;110;97;163mg…[38;2;228;204;255m [39m[49m [1m[38;2;138;148;168mesc[39m[22m [38;2;138;148;168mto interrupt[39m [38;2;138;148;168m•[39m [38;2;138;148;168m1m 11s[39m [38;2;138;148;168m•[39m [38;2;138;148;168m↓[39m [38;2;138;148;168m18.6k[39m
[38;2;138;148;168m────────────────────────────────────────────────────────────────────────────────[39m
❯ [7mA[27m[38;2;138;148;168msk your question...[39m
[38;2;138;148;168m────────────────────────────────────────────────────────────────────────────────[39m
  [38;2;138;148;168m? for shortcuts · [38;2;2;136;142mtaste on[39m



[?2026l[?2026h[2K[1A[2K[1A[2K[1A[2K[1A[2K[1A[2K[1A[2K[1A[2K[1A[2K[1A[2K[1A[2K[G[38;2;165;153;233m⠶[39m Everything verified independently. Writing the review now.

[48;2;45;43;85m[38;2;228;204;255m [1m☆ [22m[38;2;110;97;163mC[38;2;165;153;233mo[38;2;228;204;255mg[38;2;171;165;206mi[38;2;204;199;225mt[38;2;255;255;255ma[38;2;234;218;255mt[38;2;171;165;206mi[38;2;228;204;255mn[38;2;165;153;233mg[38;2;110;97;163m…[38;2;228;204;255m [39m[49m [1m[38;2;138;148;168mesc[39m[22m [38;2;138;148;168mto interrupt[39m [38;2;138;148;168m•[39m [38;2;138;148;168m1m 11s[39m [38;2;138;148;168m•[39m [38;2;138;148;168m↓[39m [38;2;138;148;168m18.6k[39m
[38;2;138;148;168m────────────────────────────────────────────────────────────────────────────────[39m
❯ [7mA[27m[38;2;138;148;168msk your question...[39m
[38;2;138;148;168m────────────────────────────────────────────────────────────────────────────────[39m
  [38;2;138;148;168m? for shortcuts · [38;2;2;136;142mtaste on[39m



[?2026l[?2026h[2K[1A[2K[1A[2K[1A[2K[1A[2K[1A[2K[1A[2K[1A[2K[1A[2K[1A[2K[1A[2K[G[38;2;165;153;233m⠶[39m Everything verified independently. Writing the review now.

[48;2;45;43;85m[38;2;228;204;255m [1m✧ [22m[38;2;110;97;163mCo[38;2;165;153;233mg[38;2;228;204;255mi[38;2;171;165;206mt[38;2;204;199;225ma[38;2;255;255;255mt[38;2;234;218;255mi[38;2;171;165;206mn[38;2;228;204;255mg[38;2;165;153;233m…[38;2;228;204;255m [39m[49m [1m[38;2;138;148;168mesc[39m[22m [38;2;138;148;168mto interrupt[39m [38;2;138;148;168m•[39m [38;2;138;148;168m1m 11s[39m [38;2;138;148;168m•[39m [38;2;138;148;168m↓[39m [38;2;138;148;168m18.6k[39m
[38;2;138;148;168m────────────────────────────────────────────────────────────────────────────────[39m
❯ [7mA[27m[38;2;138;148;168msk your question...[39m
[38;2;138;148;168m────────────────────────────────────────────────────────────────────────────────[39m
  [38;2;138;148;168m? for shortcuts · [38;2;2;136;142mtaste on[39m



[?2026l[?2026h[2K[1A[2K[1A[2K[1A[2K[1A[2K[1A[2K[1A[2K[1A[2K[1A[2K[1A[2K[1A[2K[G[38;2;165;153;233m⠶[39m Everything verified independently. Writing the review now.

[48;2;45;43;85m[38;2;228;204;255m [1m☆ [22m[38;2;110;97;163mCog[38;2;165;153;233mi[38;2;228;204;255mt[38;2;171;165;206ma[38;2;204;199;225mt[38;2;255;255;255mi[38;2;234;218;255mn[38;2;171;165;206mg[38;2;228;204;255m… [39m[49m [1m[38;2;138;148;168mesc[39m[22m [38;2;138;148;168mto interrupt[39m [38;2;138;148;168m•[39m [38;2;138;148;168m1m 11s[39m [38;2;138;148;168m•[39m [38;2;138;148;168m↓[39m [38;2;138;148;168m18.6k[39m
[38;2;138;148;168m────────────────────────────────────────────────────────────────────────────────[39m
❯ [7mA[27m[38;2;138;148;168msk your question...[39m
[38;2;138;148;168m────────────────────────────────────────────────────────────────────────────────[39m
  [38;2;138;148;168m? for shortcuts · [38;2;2;136;142mtaste on[39m



[?2026l[?2026h[2K[1A[2K[1A[2K[1A[2K[1A[2K[1A[2K[1A[2K[1A[2K[1A[2K[1A[2K[1A[2K[G[38;2;165;153;233m⠶[39m Everything verified independently. Writing the review now.

[48;2;45;43;85m[38;2;228;204;255m [1m◇ [22m[38;2;110;97;163mCogi[38;2;165;153;233mt[38;2;228;204;255ma[38;2;171;165;206mt[38;2;204;199;225mi[38;2;255;255;255mn[38;2;234;218;255mg[38;2;171;165;206m…[38;2;228;204;255m [39m[49m [1m[38;2;138;148;168mesc[39m[22m [38;2;138;148;168mto interrupt[39m [38;2;138;148;168m•[39m [38;2;138;148;168m1m 11s[39m [38;2;138;148;168m•[39m [38;2;138;148;168m↓[39m [38;2;138;148;168m18.6k[39m
[38;2;138;148;168m────────────────────────────────────────────────────────────────────────────────[39m
❯ [7mA[27m[38;2;138;148;168msk your question...[39m
[38;2;138;148;168m────────────────────────────────────────────────────────────────────────────────[39m
  [38;2;138;148;168m? for shortcuts · [38;2;2;136;142mtaste on[39m



[?2026l[?2026h[2K[1A[2K[1A[2K[1A[2K[1A[2K[1A[2K[1A[2K[1A[2K[1A[2K[1A[2K[1A[2K[G[38;2;165;153;233m⠶[39m Everything verified independently. Writing the review now.

[48;2;45;43;85m[38;2;228;204;255m [1m◇ [22m[38;2;110;97;163mCogi[38;2;165;153;233mt[38;2;228;204;255ma[38;2;171;165;206mt[38;2;204;199;225mi[38;2;255;255;255mn[38;2;234;218;255mg[38;2;171;165;206m…[38;2;228;204;255m [39m[49m [1m[38;2;138;148;168mesc[39m[22m [38;2;138;148;168mto interrupt[39m [38;2;138;148;168m•[39m [38;2;138;148;168m1m 12s[39m [38;2;138;148;168m•[39m [38;2;138;148;168m↓[39m [38;2;138;148;168m18.6k[39m
[38;2;138;148;168m────────────────────────────────────────────────────────────────────────────────[39m
❯ [7mA[27m[38;2;138;148;168msk your question...[39m
[38;2;138;148;168m────────────────────────────────────────────────────────────────────────────────[39m
  [38;2;138;148;168m? for shortcuts · [38;2;2;136;142mtaste on[39m



[?2026l[?2026h[2K[1A[2K[1A[2K[1A[2K[1A[2K[1A[2K[1A[2K[1A[2K[1A[2K[1A[2K[1A[2K[G[38;2;165;153;233m⠶[39m Everything verified independently. Writing the review now.

[48;2;45;43;85m[38;2;228;204;255m [1m○ [22m[38;2;110;97;163mCogit[38;2;165;153;233ma[38;2;228;204;255mt[38;2;171;165;206mi[38;2;204;199;225mn[38;2;255;255;255mg[38;2;234;218;255m…[38;2;228;204;255m [39m[49m [1m[38;2;138;148;168mesc[39m[22m [38;2;138;148;168mto interrupt[39m [38;2;138;148;168m•[39m [38;2;138;148;168m1m 12s[39m [38;2;138;148;168m•[39m [38;2;138;148;168m↓[39m [38;2;138;148;168m18.6k[39m
[38;2;138;148;168m────────────────────────────────────────────────────────────────────────────────[39m
❯ [7mA[27m[38;2;138;148;168msk your question...[39m
[38;2;138;148;168m────────────────────────────────────────────────────────────────────────────────[39m
  [38;2;138;148;168m? for shortcuts · [38;2;2;136;142mtaste on[39m



[?2026l[?2026h[2K[1A[2K[1A[2K[1A[2K[1A[2K[1A[2K[1A[2K[1A[2K[1A[2K[1A[2K[1A[2K[G[38;2;165;153;233m⠶[39m Everything verified independently. Writing the review now.

[48;2;45;43;85m[38;2;228;204;255m [1m⌘ [22m[38;2;110;97;163mCogita[38;2;165;153;233mt[38;2;228;204;255mi[38;2;171;165;206mn[38;2;204;199;225mg[38;2;255;255;255m…[38;2;228;204;255m [39m[49m [1m[38;2;138;148;168mesc[39m[22m [38;2;138;148;168mto interrupt[39m [38;2;138;148;168m•[39m [38;2;138;148;168m1m 12s[39m [38;2;138;148;168m•[39m [38;2;138;148;168m↓[39m [38;2;138;148;168m18.6k[39m
[38;2;138;148;168m────────────────────────────────────────────────────────────────────────────────[39m
❯ [7mA[27m[38;2;138;148;168msk your question...[39m
[38;2;138;148;168m────────────────────────────────────────────────────────────────────────────────[39m
  [38;2;138;148;168m? for shortcuts · [38;2;2;136;142mtaste on[39m



[?2026l[?2026h[2K[1A[2K[1A[2K[1A[2K[1A[2K[1A[2K[1A[2K[1A[2K[1A[2K[1A[2K[1A[2K[G[38;2;165;153;233m⠶[39m Everything verified independently. Writing the review now.

[48;2;45;43;85m[38;2;228;204;255m [1m⌘ [22m[38;2;110;97;163mCogitat[38;2;165;153;233mi[38;2;228;204;255mn[38;2;171;165;206mg[38;2;204;199;225m…[38;2;228;204;255m [39m[49m [1m[38;2;138;148;168mesc[39m[22m [38;2;138;148;168mto interrupt[39m [38;2;138;148;168m•[39m [38;2;138;148;168m1m 12s[39m [38;2;138;148;168m•[39m [38;2;138;148;168m↓[39m [38;2;138;148;168m18.6k[39m
[38;2;138;148;168m────────────────────────────────────────────────────────────────────────────────[39m
❯ [7mA[27m[38;2;138;148;168msk your question...[39m
[38;2;138;148;168m────────────────────────────────────────────────────────────────────────────────[39m
  [38;2;138;148;168m? for shortcuts · [38;2;2;136;142mtaste on[39m



[?2026l[?2026h[2K[1A[2K[1A[2K[1A[2K[1A[2K[1A[2K[1A[2K[1A[2K[1A[2K[1A[2K[1A[2K[G[38;2;165;153;233m⠶[39m Everything verified independently. Writing the review now.

[48;2;45;43;85m[38;2;228;204;255m [1m⌘ [22m[38;2;110;97;163mCogitati[38;2;165;153;233mn[38;2;228;204;255mg[38;2;171;165;206m…[38;2;228;204;255m [39m[49m [1m[38;2;138;148;168mesc[39m[22m [38;2;138;148;168mto interrupt[39m [38;2;138;148;168m•[39m [38;2;138;148;168m1m 12s[39m [38;2;138;148;168m•[39m [38;2;138;148;168m↓[39m [38;2;138;148;168m18.6k[39m
[38;2;138;148;168m────────────────────────────────────────────────────────────────────────────────[39m
❯ [7mA[27m[38;2;138;148;168msk your question...[39m
[38;2;138;148;168m────────────────────────────────────────────────────────────────────────────────[39m
  [38;2;138;148;168m? for shortcuts · [38;2;2;136;142mtaste on[39m



[?2026l[?2026h[2K[1A[2K[1A[2K[1A[2K[1A[2K[1A[2K[1A[2K[1A[2K[1A[2K[1A[2K[1A[2K[G[38;2;165;153;233m⠶[39m Everything verified independently. Writing the review now.

[48;2;45;43;85m[38;2;228;204;255m [1m⌘ [22m[38;2;110;97;163mCogitatin[38;2;165;153;233mg[38;2;228;204;255m… [39m[49m [1m[38;2;138;148;168mesc[39m[22m [38;2;138;148;168mto interrupt[39m [38;2;138;148;168m•[39m [38;2;138;148;168m1m 12s[39m [38;2;138;148;168m•[39m [38;2;138;148;168m↓[39m [38;2;138;148;168m18.6k[39m
[38;2;138;148;168m────────────────────────────────────────────────────────────────────────────────[39m
❯ [7mA[27m[38;2;138;148;168msk your question...[39m
[38;2;138;148;168m────────────────────────────────────────────────────────────────────────────────[39m
  [38;2;138;148;168m? for shortcuts · [38;2;2;136;142mtaste on[39m



[?2026l[?2026h[2K[1A[2K[1A[2K[1A[2K[1A[2K[1A[2K[1A[2K[1A[2K[1A[2K[1A[2K[1A[2K[G[38;2;165;153;233m⠶[39m Everything verified independently. Writing the review now.

[48;2;45;43;85m[38;2;228;204;255m [1m○ [22m[38;2;110;97;163mCogitating[38;2;165;153;233m…[38;2;228;204;255m [39m[49m [1m[38;2;138;148;168mesc[39m[22m [38;2;138;148;168mto interrupt[39m [38;2;138;148;168m•[39m [38;2;138;148;168m1m 12s[39m [38;2;138;148;168m•[39m [38;2;138;148;168m↓[39m [38;2;138;148;168m18.6k[39m
[38;2;138;148;168m────────────────────────────────────────────────────────────────────────────────[39m
❯ [7mA[27m[38;2;138;148;168msk your question...[39m
[38;2;138;148;168m────────────────────────────────────────────────────────────────────────────────[39m
  [38;2;138;148;168m? for shortcuts · [38;2;2;136;142mtaste on[39m



[?2026l[?2026h[2K[1A[2K[1A[2K[1A[2K[1A[2K[1A[2K[1A[2K[1A[2K[1A[2K[1A[2K[1A[2K[G[38;2;165;153;233m⠶[39m Everything verified independently. Writing the review now.

[48;2;45;43;85m[38;2;228;204;255m [1m◇ [22m[38;2;110;97;163mCogitating…[38;2;228;204;255m [39m[49m [1m[38;2;138;148;168mesc[39m[22m [38;2;138;148;168mto interrupt[39m [38;2;138;148;168m•[39m [38;2;138;148;168m1m 12s[39m [38;2;138;148;168m•[39m [38;2;138;148;168m↓[39m [38;2;138;148;168m18.6k[39m
[38;2;138;148;168m────────────────────────────────────────────────────────────────────────────────[39m
❯ [7mA[27m[38;2;138;148;168msk your question...[39m
[38;2;138;148;168m────────────────────────────────────────────────────────────────────────────────[39m
  [38;2;138;148;168m? for shortcuts · [38;2;2;136;142mtaste on[39m



[?2026l[?2026h[2K[1A[2K[1A[2K[1A[2K[1A[2K[1A[2K[1A[2K[1A[2K[1A[2K[1A[2K[1A[2K[G[38;2;165;153;233m⠶[39m Everything verified independently. Writing the review now.

[48;2;45;43;85m[38;2;228;204;255m [1m☆ [22m[38;2;110;97;163mCogitating…[38;2;228;204;255m [39m[49m [1m[38;2;138;148;168mesc[39m[22m [38;2;138;148;168mto interrupt[39m [38;2;138;148;168m•[39m [38;2;138;148;168m1m 12s[39m [38;2;138;148;168m•[39m [38;2;138;148;168m↓[39m [38;2;138;148;168m18.6k[39m
[38;2;138;148;168m────────────────────────────────────────────────────────────────────────────────[39m
❯ [7mA[27m[38;2;138;148;168msk your question...[39m
[38;2;138;148;168m────────────────────────────────────────────────────────────────────────────────[39m
  [38;2;138;148;168m? for shortcuts · [38;2;2;136;142mtaste on[39m



[?2026l[?2026h[2K[1A[2K[1A[2K[1A[2K[1A[2K[1A[2K[1A[2K[1A[2K[1A[2K[1A[2K[1A[2K[G[38;2;165;153;233m⠶[39m Everything verified independently. Writing the review now.

[48;2;45;43;85m[38;2;228;204;255m [1m✧ [22m[38;2;110;97;163mCogitating…[38;2;228;204;255m [39m[49m [1m[38;2;138;148;168mesc[39m[22m [38;2;138;148;168mto interrupt[39m [38;2;138;148;168m•[39m [38;2;138;148;168m1m 12s[39m [38;2;138;148;168m•[39m [38;2;138;148;168m↓[39m [38;2;138;148;168m18.6k[39m
[38;2;138;148;168m────────────────────────────────────────────────────────────────────────────────[39m
❯ [7mA[27m[38;2;138;148;168msk your question...[39m
[38;2;138;148;168m────────────────────────────────────────────────────────────────────────────────[39m
  [38;2;138;148;168m? for shortcuts · [38;2;2;136;142mtaste on[39m



[?2026l[?2026h[2K[1A[2K[1A[2K[1A[2K[1A[2K[1A[2K[1A[2K[1A[2K[1A[2K[1A[2K[1A[2K[G[38;2;165;153;233m⠶[39m Everything verified independently. Writing the review now.

[48;2;45;43;85m[38;2;228;204;255m [1m☆ [22m[38;2;110;97;163mCogitating…[38;2;228;204;255m [39m[49m [1m[38;2;138;148;168mesc[39m[22m [38;2;138;148;168mto interrupt[39m [38;2;138;148;168m•[39m [38;2;138;148;168m1m 12s[39m [38;2;138;148;168m•[39m [38;2;138;148;168m↓[39m [38;2;138;148;168m18.6k[39m
[38;2;138;148;168m────────────────────────────────────────────────────────────────────────────────[39m
❯ [7mA[27m[38;2;138;148;168msk your question...[39m
[38;2;138;148;168m────────────────────────────────────────────────────────────────────────────────[39m
  [38;2;138;148;168m? for shortcuts · [38;2;2;136;142mtaste on[39m



[?2026l[?2026h[2K[1A[2K[1A[2K[1A[2K[1A[2K[1A[2K[1A[2K[1A[2K[1A[2K[1A[2K[1A[2K[G[38;2;165;153;233m⠶[39m Everything verified independently. Writing the review now.

[48;2;45;43;85m[38;2;228;204;255m [1m◇ [22m[38;2;110;97;163mCogitating…[38;2;228;204;255m [39m[49m [1m[38;2;138;148;168mesc[39m[22m [38;2;138;148;168mto interrupt[39m [38;2;138;148;168m•[39m [38;2;138;148;168m1m 12s[39m [38;2;138;148;168m•[39m [38;2;138;148;168m↓[39m [38;2;138;148;168m18.6k[39m
[38;2;138;148;168m────────────────────────────────────────────────────────────────────────────────[39m
❯ [7mA[27m[38;2;138;148;168msk your question...[39m
[38;2;138;148;168m────────────────────────────────────────────────────────────────────────────────[39m
  [38;2;138;148;168m? for shortcuts · [38;2;2;136;142mtaste on[39m



[?2026l[?2026h[2K[1A[2K[1A[2K[1A[2K[1A[2K[1A[2K[1A[2K[1A[2K[1A[2K[1A[2K[1A[2K[G[38;2;165;153;233m⠶[39m Everything verified independently. Writing the review now.

[48;2;45;43;85m[38;2;228;204;255m [1m○ [22m[38;2;234;218;255mC[38;2;171;165;206mo[38;2;228;204;255mg[38;2;165;153;233mi[38;2;110;97;163mtating…[38;2;228;204;255m [39m[49m [1m[38;2;138;148;168mesc[39m[22m [38;2;138;148;168mto interrupt[39m [38;2;138;148;168m•[39m [38;2;138;148;168m1m 12s[39m [38;2;138;148;168m•[39m [38;2;138;148;168m↓[39m [38;2;138;148;168m18.6k[39m
[38;2;138;148;168m────────────────────────────────────────────────────────────────────────────────[39m
❯ [7mA[27m[38;2;138;148;168msk your question...[39m
[38;2;138;148;168m────────────────────────────────────────────────────────────────────────────────[39m
  [38;2;138;148;168m? for shortcuts · [38;2;2;136;142mtaste on[39m



[?2026l[?2026h[2K[1A[2K[1A[2K[1A[2K[1A[2K[1A[2K[1A[2K[1A[2K[1A[2K[1A[2K[1A[2K[G[38;2;165;153;233m⠶[39m Everything verified independently. Writing the review now.

[48;2;45;43;85m[38;2;228;204;255m [1m· [22m[38;2;255;255;255mC[38;2;234;218;255mo[38;2;171;165;206mg[38;2;228;204;255mi[38;2;165;153;233mt[38;2;110;97;163mating…[38;2;228;204;255m [39m[49m [1m[38;2;138;148;168mesc[39m[22m [38;2;138;148;168mto interrupt[39m [38;2;138;148;168m•[39m [38;2;138;148;168m1m 13s[39m [38;2;138;148;168m•[39m [38;2;138;148;168m↓[39m [38;2;138;148;168m18.6k[39m
[38;2;138;148;168m────────────────────────────────────────────────────────────────────────────────[39m
❯ [7mA[27m[38;2;138;148;168msk your question...[39m
[38;2;138;148;168m────────────────────────────────────────────────────────────────────────────────[39m
  [38;2;138;148;168m? for shortcuts · [38;2;2;136;142mtaste on[39m



[?2026l[?2026h[2K[1A[2K[1A[2K[1A[2K[1A[2K[1A[2K[1A[2K[1A[2K[1A[2K[1A[2K[1A[2K[G[38;2;165;153;233m⠶[39m Everything verified independently. Writing the review now.

[48;2;45;43;85m[38;2;228;204;255m [1m· [22m[38;2;204;199;225mC[38;2;255;255;255mo[38;2;234;218;255mg[38;2;171;165;206mi[38;2;228;204;255mt[38;2;165;153;233ma[38;2;110;97;163mting…[38;2;228;204;255m [39m[49m [1m[38;2;138;148;168mesc[39m[22m [38;2;138;148;168mto interrupt[39m [38;2;138;148;168m•[39m [38;2;138;148;168m1m 13s[39m [38;2;138;148;168m•[39m [38;2;138;148;168m↓[39m [38;2;138;148;168m18.6k[39m
[38;2;138;148;168m────────────────────────────────────────────────────────────────────────────────[39m
❯ [7mA[27m[38;2;138;148;168msk your question...[39m
[38;2;138;148;168m────────────────────────────────────────────────────────────────────────────────[39m
  [38;2;138;148;168m? for shortcuts · [38;2;2;136;142mtaste on[39m



[?2026l[?2026h[2K[1A[2K[1A[2K[1A[2K[1A[2K[1A[2K[1A[2K[1A[2K[1A[2K[1A[2K[1A[2K[G[38;2;165;153;233m⠶[39m Everything verified independently. Writing the review now.

[48;2;45;43;85m[38;2;228;204;255m [1m· [22m[38;2;171;165;206mC[38;2;204;199;225mo[38;2;255;255;255mg[38;2;234;218;255mi[38;2;171;165;206mt[38;2;228;204;255ma[38;2;165;153;233mt[38;2;110;97;163ming…[38;2;228;204;255m [39m[49m [1m[38;2;138;148;168mesc[39m[22m [38;2;138;148;168mto interrupt[39m [38;2;138;148;168m•[39m [38;2;138;148;168m1m 13s[39m [38;2;138;148;168m•[39m [38;2;138;148;168m↓[39m [38;2;138;148;168m18.6k[39m
[38;2;138;148;168m────────────────────────────────────────────────────────────────────────────────[39m
❯ [7mA[27m[38;2;138;148;168msk your question...[39m
[38;2;138;148;168m────────────────────────────────────────────────────────────────────────────────[39m
  [38;2;138;148;168m? for shortcuts · [38;2;2;136;142mtaste on[39m



[?2026l[?2026h[2K[1A[2K[1A[2K[1A[2K[1A[2K[1A[2K[1A[2K[1A[2K[1A[2K[1A[2K[1A[2K[G[38;2;165;153;233m⠶[39m Everything verified independently. Writing the review now.

[48;2;45;43;85m[38;2;228;204;255m [1m○ [22mC[38;2;171;165;206mo[38;2;204;199;225mg[38;2;255;255;255mi[38;2;234;218;255mt[38;2;171;165;206ma[38;2;228;204;255mt[38;2;165;153;233mi[38;2;110;97;163mng…[38;2;228;204;255m [39m[49m [1m[38;2;138;148;168mesc[39m[22m [38;2;138;148;168mto interrupt[39m [38;2;138;148;168m•[39m [38;2;138;148;168m1m 13s[39m [38;2;138;148;168m•[39m [38;2;138;148;168m↓[39m [38;2;138;148;168m18.6k[39m
[38;2;138;148;168m────────────────────────────────────────────────────────────────────────────────[39m
❯ [7mA[27m[38;2;138;148;168msk your question...[39m
[38;2;138;148;168m────────────────────────────────────────────────────────────────────────────────[39m
  [38;2;138;148;168m? for shortcuts · [38;2;2;136;142mtaste on[39m



[?2026l[?2026h[2K[1A[2K[1A[2K[1A[2K[1A[2K[1A[2K[1A[2K[1A[2K[1A[2K[1A[2K[1A[2K[G[38;2;165;153;233m⠶[39m Everything verified independently. Writing the review now.

[48;2;45;43;85m[38;2;228;204;255m [1m○ [22m[38;2;165;153;233mC[38;2;228;204;255mo[38;2;171;165;206mg[38;2;204;199;225mi[38;2;255;255;255mt[38;2;234;218;255ma[38;2;171;165;206mt[38;2;228;204;255mi[38;2;165;153;233mn[38;2;110;97;163mg…[38;2;228;204;255m [39m[49m [1m[38;2;138;148;168mesc[39m[22m [38;2;138;148;168mto interrupt[39m [38;2;138;148;168m•[39m [38;2;138;148;168m1m 13s[39m [38;2;138;148;168m•[39m [38;2;138;148;168m↓[39m [38;2;138;148;168m18.6k[39m
[38;2;138;148;168m────────────────────────────────────────────────────────────────────────────────[39m
❯ [7mA[27m[38;2;138;148;168msk your question...[39m
[38;2;138;148;168m────────────────────────────────────────────────────────────────────────────────[39m
  [38;2;138;148;168m? for shortcuts · [38;2;2;136;142mtaste on[39m



[?2026l[?2026h[2K[1A[2K[1A[2K[1A[2K[1A[2K[1A[2K[1A[2K[1A[2K[1A[2K[1A[2K[1A[2K[G[38;2;165;153;233m⠶[39m Everything verified independently. Writing the review now.

[48;2;45;43;85m[38;2;228;204;255m [1m◇ [22m[38;2;110;97;163mC[38;2;165;153;233mo[38;2;228;204;255mg[38;2;171;165;206mi[38;2;204;199;225mt[38;2;255;255;255ma[38;2;234;218;255mt[38;2;171;165;206mi[38;2;228;204;255mn[38;2;165;153;233mg[38;2;110;97;163m…[38;2;228;204;255m [39m[49m [1m[38;2;138;148;168mesc[39m[22m [38;2;138;148;168mto interrupt[39m [38;2;138;148;168m•[39m [38;2;138;148;168m1m 13s[39m [38;2;138;148;168m•[39m [38;2;138;148;168m↓[39m [38;2;138;148;168m18.6k[39m
[38;2;138;148;168m────────────────────────────────────────────────────────────────────────────────[39m
❯ [7mA[27m[38;2;138;148;168msk your question...[39m
[38;2;138;148;168m────────────────────────────────────────────────────────────────────────────────[39m
  [38;2;138;148;168m? for shortcuts · [38;2;2;136;142mtaste on[39m



[?2026l[?2026h[2K[1A[2K[1A[2K[1A[2K[1A[2K[1A[2K[1A[2K[1A[2K[1A[2K[1A[2K[1A[2K[G[38;2;165;153;233m⠶[39m Everything verified independently. Writing the review now.

[48;2;45;43;85m[38;2;228;204;255m [1m☆ [22m[38;2;110;97;163mCo[38;2;165;153;233mg[38;2;228;204;255mi[38;2;171;165;206mt[38;2;204;199;225ma[38;2;255;255;255mt[38;2;234;218;255mi[38;2;171;165;206mn[38;2;228;204;255mg[38;2;165;153;233m…[38;2;228;204;255m [39m[49m [1m[38;2;138;148;168mesc[39m[22m [38;2;138;148;168mto interrupt[39m [38;2;138;148;168m•[39m [38;2;138;148;168m1m 13s[39m [38;2;138;148;168m•[39m [38;2;138;148;168m↓[39m [38;2;138;148;168m18.6k[39m
[38;2;138;148;168m────────────────────────────────────────────────────────────────────────────────[39m
❯ [7mA[27m[38;2;138;148;168msk your question...[39m
[38;2;138;148;168m────────────────────────────────────────────────────────────────────────────────[39m
  [38;2;138;148;168m? for shortcuts · [38;2;2;136;142mtaste on[39m



[?2026l[?2026h[2K[1A[2K[1A[2K[1A[2K[1A[2K[1A[2K[1A[2K[1A[2K[1A[2K[1A[2K[1A[2K[G[38;2;165;153;233m⠶[39m Everything verified independently. Writing the review now.

[48;2;45;43;85m[38;2;228;204;255m [1m✧ [22m[38;2;110;97;163mCog[38;2;165;153;233mi[38;2;228;204;255mt[38;2;171;165;206ma[38;2;204;199;225mt[38;2;255;255;255mi[38;2;234;218;255mn[38;2;171;165;206mg[38;2;228;204;255m… [39m[49m [1m[38;2;138;148;168mesc[39m[22m [38;2;138;148;168mto interrupt[39m [38;2;138;148;168m•[39m [38;2;138;148;168m1m 13s[39m [38;2;138;148;168m•[39m [38;2;138;148;168m↓[39m [38;2;138;148;168m18.6k[39m
[38;2;138;148;168m────────────────────────────────────────────────────────────────────────────────[39m
❯ [7mA[27m[38;2;138;148;168msk your question...[39m
[38;2;138;148;168m────────────────────────────────────────────────────────────────────────────────[39m
  [38;2;138;148;168m? for shortcuts · [38;2;2;136;142mtaste on[39m



[?2026l[?2026h[2K[1A[2K[1A[2K[1A[2K[1A[2K[1A[2K[1A[2K[1A[2K[1A[2K[1A[2K[1A[2K[G[38;2;165;153;233m⠶[39m Everything verified independently. Writing the review now.

[48;2;45;43;85m[38;2;228;204;255m [1m☆ [22m[38;2;110;97;163mCogi[38;2;165;153;233mt[38;2;228;204;255ma[38;2;171;165;206mt[38;2;204;199;225mi[38;2;255;255;255mn[38;2;234;218;255mg[38;2;171;165;206m…[38;2;228;204;255m [39m[49m [1m[38;2;138;148;168mesc[39m[22m [38;2;138;148;168mto interrupt[39m [38;2;138;148;168m•[39m [38;2;138;148;168m1m 13s[39m [38;2;138;148;168m•[39m [38;2;138;148;168m↓[39m [38;2;138;148;168m18.6k[39m
[38;2;138;148;168m────────────────────────────────────────────────────────────────────────────────[39m
❯ [7mA[27m[38;2;138;148;168msk your question...[39m
[38;2;138;148;168m────────────────────────────────────────────────────────────────────────────────[39m
  [38;2;138;148;168m? for shortcuts · [38;2;2;136;142mtaste on[39m



[?2026l[?2026h[2K[1A[2K[1A[2K[1A[2K[1A[2K[1A[2K[1A[2K[1A[2K[1A[2K[1A[2K[1A[2K[G[38;2;165;153;233m⠶[39m Everything verified independently. Writing the review now.

[48;2;45;43;85m[38;2;228;204;255m [1m◇ [22m[38;2;110;97;163mCogit[38;2;165;153;233ma[38;2;228;204;255mt[38;2;171;165;206mi[38;2;204;199;225mn[38;2;255;255;255mg[38;2;234;218;255m…[38;2;228;204;255m [39m[49m [1m[38;2;138;148;168mesc[39m[22m [38;2;138;148;168mto interrupt[39m [38;2;138;148;168m•[39m [38;2;138;148;168m1m 13s[39m [38;2;138;148;168m•[39m [38;2;138;148;168m↓[39m [38;2;138;148;168m18.6k[39m
[38;2;138;148;168m────────────────────────────────────────────────────────────────────────────────[39m
❯ [7mA[27m[38;2;138;148;168msk your question...[39m
[38;2;138;148;168m────────────────────────────────────────────────────────────────────────────────[39m
  [38;2;138;148;168m? for shortcuts · [38;2;2;136;142mtaste on[39m



[?2026l[?2026h[2K[1A[2K[1A[2K[1A[2K[1A[2K[1A[2K[1A[2K[1A[2K[1A[2K[1A[2K[1A[2K[G[38;2;165;153;233m⠶[39m Everything verified independently. Writing the review now.

[48;2;45;43;85m[38;2;228;204;255m [1m○ [22m[38;2;110;97;163mCogita[38;2;165;153;233mt[38;2;228;204;255mi[38;2;171;165;206mn[38;2;204;199;225mg[38;2;255;255;255m…[38;2;228;204;255m [39m[49m [1m[38;2;138;148;168mesc[39m[22m [38;2;138;148;168mto interrupt[39m [38;2;138;148;168m•[39m [38;2;138;148;168m1m 13s[39m [38;2;138;148;168m•[39m [38;2;138;148;168m↓[39m [38;2;138;148;168m18.6k[39m
[38;2;138;148;168m────────────────────────────────────────────────────────────────────────────────[39m
❯ [7mA[27m[38;2;138;148;168msk your question...[39m
[38;2;138;148;168m────────────────────────────────────────────────────────────────────────────────[39m
  [38;2;138;148;168m? for shortcuts · [38;2;2;136;142mtaste on[39m



[?2026l[?2026h[2K[1A[2K[1A[2K[1A[2K[1A[2K[1A[2K[1A[2K[1A[2K[1A[2K[1A[2K[1A[2K[G[38;2;165;153;233m⠶[39m Everything verified independently. Writing the review now.

[48;2;45;43;85m[38;2;228;204;255m [1m⌘ [22m[38;2;110;97;163mCogitat[38;2;165;153;233mi[38;2;228;204;255mn[38;2;171;165;206mg[38;2;204;199;225m…[38;2;228;204;255m [39m[49m [1m[38;2;138;148;168mesc[39m[22m [38;2;138;148;168mto interrupt[39m [38;2;138;148;168m•[39m [38;2;138;148;168m1m 13s[39m [38;2;138;148;168m•[39m [38;2;138;148;168m↓[39m [38;2;138;148;168m18.6k[39m
[38;2;138;148;168m────────────────────────────────────────────────────────────────────────────────[39m
❯ [7mA[27m[38;2;138;148;168msk your question...[39m
[38;2;138;148;168m────────────────────────────────────────────────────────────────────────────────[39m
  [38;2;138;148;168m? for shortcuts · [38;2;2;136;142mtaste on[39m



[?2026l[?2026h[2K[1A[2K[1A[2K[1A[2K[1A[2K[1A[2K[1A[2K[1A[2K[1A[2K[1A[2K[1A[2K[G[38;2;165;153;233m⠶[39m Everything verified independently. Writing the review now.

[48;2;45;43;85m[38;2;228;204;255m [1m⌘ [22m[38;2;110;97;163mCogitati[38;2;165;153;233mn[38;2;228;204;255mg[38;2;171;165;206m…[38;2;228;204;255m [39m[49m [1m[38;2;138;148;168mesc[39m[22m [38;2;138;148;168mto interrupt[39m [38;2;138;148;168m•[39m [38;2;138;148;168m1m 14s[39m [38;2;138;148;168m•[39m [38;2;138;148;168m↓[39m [38;2;138;148;168m18.6k[39m
[38;2;138;148;168m────────────────────────────────────────────────────────────────────────────────[39m
❯ [7mA[27m[38;2;138;148;168msk your question...[39m
[38;2;138;148;168m────────────────────────────────────────────────────────────────────────────────[39m
  [38;2;138;148;168m? for shortcuts · [38;2;2;136;142mtaste on[39m



[?2026l[?2026h[2K[1A[2K[1A[2K[1A[2K[1A[2K[1A[2K[1A[2K[1A[2K[1A[2K[1A[2K[1A[2K[G[38;2;165;153;233m⠶[39m Everything verified independently. Writing the review now.

[48;2;45;43;85m[38;2;228;204;255m [1m⌘ [22m[38;2;110;97;163mCogitatin[38;2;165;153;233mg[38;2;228;204;255m… [39m[49m [1m[38;2;138;148;168mesc[39m[22m [38;2;138;148;168mto interrupt[39m [38;2;138;148;168m•[39m [38;2;138;148;168m1m 14s[39m [38;2;138;148;168m•[39m [38;2;138;148;168m↓[39m [38;2;138;148;168m18.6k[39m
[38;2;138;148;168m────────────────────────────────────────────────────────────────────────────────[39m
❯ [7mA[27m[38;2;138;148;168msk your question...[39m
[38;2;138;148;168m────────────────────────────────────────────────────────────────────────────────[39m
  [38;2;138;148;168m? for shortcuts · [38;2;2;136;142mtaste on[39m



[?2026l[?2026h[2K[1A[2K[1A[2K[1A[2K[1A[2K[1A[2K[1A[2K[1A[2K[1A[2K[1A[2K[1A[2K[G[38;2;165;153;233m⠶[39m Everything verified independently. Writing the review now.

[48;2;45;43;85m[38;2;228;204;255m [1m⌘ [22m[38;2;110;97;163mCogitating[38;2;165;153;233m…[38;2;228;204;255m [39m[49m [1m[38;2;138;148;168mesc[39m[22m [38;2;138;148;168mto interrupt[39m [38;2;138;148;168m•[39m [38;2;138;148;168m1m 14s[39m [38;2;138;148;168m•[39m [38;2;138;148;168m↓[39m [38;2;138;148;168m18.6k[39m
[38;2;138;148;168m────────────────────────────────────────────────────────────────────────────────[39m
❯ [7mA[27m[38;2;138;148;168msk your question...[39m
[38;2;138;148;168m────────────────────────────────────────────────────────────────────────────────[39m
  [38;2;138;148;168m? for shortcuts · [38;2;2;136;142mtaste on[39m



[?2026l[?2026h[2K[1A[2K[1A[2K[1A[2K[1A[2K[1A[2K[1A[2K[1A[2K[1A[2K[1A[2K[1A[2K[G[38;2;165;153;233m⠶[39m Everything verified independently. Writing the review now.

[48;2;45;43;85m[38;2;228;204;255m [1m○ [22m[38;2;110;97;163mCogitating…[38;2;228;204;255m [39m[49m [1m[38;2;138;148;168mesc[39m[22m [38;2;138;148;168mto interrupt[39m [38;2;138;148;168m•[39m [38;2;138;148;168m1m 14s[39m [38;2;138;148;168m•[39m [38;2;138;148;168m↓[39m [38;2;138;148;168m18.6k[39m
[38;2;138;148;168m────────────────────────────────────────────────────────────────────────────────[39m
❯ [7mA[27m[38;2;138;148;168msk your question...[39m
[38;2;138;148;168m────────────────────────────────────────────────────────────────────────────────[39m
  [38;2;138;148;168m? for shortcuts · [38;2;2;136;142mtaste on[39m



[?2026l[?2026h[2K[1A[2K[1A[2K[1A[2K[1A[2K[1A[2K[1A[2K[1A[2K[1A[2K[1A[2K[1A[2K[G[38;2;165;153;233m⠶[39m Everything verified independently. Writing the review now.

[48;2;45;43;85m[38;2;228;204;255m [1m◇ [22m[38;2;110;97;163mCogitating…[38;2;228;204;255m [39m[49m [1m[38;2;138;148;168mesc[39m[22m [38;2;138;148;168mto interrupt[39m [38;2;138;148;168m•[39m [38;2;138;148;168m1m 14s[39m [38;2;138;148;168m•[39m [38;2;138;148;168m↓[39m [38;2;138;148;168m18.6k[39m
[38;2;138;148;168m────────────────────────────────────────────────────────────────────────────────[39m
❯ [7mA[27m[38;2;138;148;168msk your question...[39m
[38;2;138;148;168m────────────────────────────────────────────────────────────────────────────────[39m
  [38;2;138;148;168m? for shortcuts · [38;2;2;136;142mtaste on[39m



[?2026l[?2026h[2K[1A[2K[1A[2K[1A[2K[1A[2K[1A[2K[1A[2K[1A[2K[1A[2K[1A[2K[1A[2K[G[38;2;165;153;233m⠶[39m Everything verified independently. Writing the review now.

[48;2;45;43;85m[38;2;228;204;255m [1m☆ [22m[38;2;110;97;163mCogitating…[38;2;228;204;255m [39m[49m [1m[38;2;138;148;168mesc[39m[22m [38;2;138;148;168mto interrupt[39m [38;2;138;148;168m•[39m [38;2;138;148;168m1m 14s[39m [38;2;138;148;168m•[39m [38;2;138;148;168m↓[39m [38;2;138;148;168m18.6k[39m
[38;2;138;148;168m────────────────────────────────────────────────────────────────────────────────[39m
❯ [7mA[27m[38;2;138;148;168msk your question...[39m
[38;2;138;148;168m────────────────────────────────────────────────────────────────────────────────[39m
  [38;2;138;148;168m? for shortcuts · [38;2;2;136;142mtaste on[39m



[?2026l]0;⌘ Command Code · orch-go · deepseek-v4-flash-(latest)]2;⌘ Command Code · orch-go · deepseek-v4-flash-(latest)[?2026h[2K[1A[2K[1A[2K[1A[2K[1A[2K[1A[2K[1A[2K[1A[2K[1A[2K[1A[2K[1A[2K[G[38;2;165;153;233m⠶[39m Everything verified independently. Writing the review now.

[48;2;45;43;85m[38;2;228;204;255m [1m✧ [22m[38;2;110;97;163mCogitating…[38;2;228;204;255m [39m[49m [1m[38;2;138;148;168mesc[39m[22m [38;2;138;148;168mto interrupt[39m [38;2;138;148;168m•[39m [38;2;138;148;168m1m 14s[39m [38;2;138;148;168m•[39m [38;2;138;148;168m↓[39m [38;2;138;148;168m18.6k[39m
[38;2;138;148;168m────────────────────────────────────────────────────────────────────────────────[39m
❯ [7mA[27m[38;2;138;148;168msk your question...[39m
[38;2;138;148;168m────────────────────────────────────────────────────────────────────────────────[39m
  [38;2;138;148;168m? for shortcuts · [38;2;2;136;142mtaste on[39m



[?2026l[?2026h[2K[1A[2K[1A[2K[1A[2K[1A[2K[1A[2K[1A[2K[1A[2K[1A[2K[1A[2K[1A[2K[G[38;2;165;153;233m⠶[39m Everything verified independently. Writing the review now.

[48;2;45;43;85m[38;2;228;204;255m [1m☆ [22m[38;2;110;97;163mCogitating…[38;2;228;204;255m [39m[49m [1m[38;2;138;148;168mesc[39m[22m [38;2;138;148;168mto interrupt[39m [38;2;138;148;168m•[39m [38;2;138;148;168m1m 14s[39m [38;2;138;148;168m•[39m [38;2;138;148;168m↓[39m [38;2;138;148;168m18.6k[39m
[38;2;138;148;168m────────────────────────────────────────────────────────────────────────────────[39m
❯ [7mA[27m[38;2;138;148;168msk your question...[39m
[38;2;138;148;168m────────────────────────────────────────────────────────────────────────────────[39m
  [38;2;138;148;168m? for shortcuts · [38;2;2;136;142mtaste on[39m



[?2026l[?2026h[2K[1A[2K[1A[2K[1A[2K[1A[2K[1A[2K[1A[2K[1A[2K[1A[2K[1A[2K[1A[2K[G[38;2;165;153;233m⠶[39m Everything verified independently. Writing the review now.

[48;2;45;43;85m[38;2;228;204;255m [1m◇ [22m[38;2;234;218;255mC[38;2;171;165;206mo[38;2;228;204;255mg[38;2;165;153;233mi[38;2;110;97;163mtating…[38;2;228;204;255m [39m[49m [1m[38;2;138;148;168mesc[39m[22m [38;2;138;148;168mto interrupt[39m [38;2;138;148;168m•[39m [38;2;138;148;168m1m 14s[39m [38;2;138;148;168m•[39m [38;2;138;148;168m↓[39m [38;2;138;148;168m18.6k[39m
[38;2;138;148;168m────────────────────────────────────────────────────────────────────────────────[39m
❯ [7mA[27m[38;2;138;148;168msk your question...[39m
[38;2;138;148;168m────────────────────────────────────────────────────────────────────────────────[39m
  [38;2;138;148;168m? for shortcuts · [38;2;2;136;142mtaste on[39m



[?2026l[?2026h[2K[1A[2K[1A[2K[1A[2K[1A[2K[1A[2K[1A[2K[1A[2K[1A[2K[1A[2K[1A[2K[G[38;2;165;153;233m⠶[39m Everything verified independently. Writing the review now.

[48;2;45;43;85m[38;2;228;204;255m [1m○ [22m[38;2;255;255;255mC[38;2;234;218;255mo[38;2;171;165;206mg[38;2;228;204;255mi[38;2;165;153;233mt[38;2;110;97;163mating…[38;2;228;204;255m [39m[49m [1m[38;2;138;148;168mesc[39m[22m [38;2;138;148;168mto interrupt[39m [38;2;138;148;168m•[39m [38;2;138;148;168m1m 14s[39m [38;2;138;148;168m•[39m [38;2;138;148;168m↓[39m [38;2;138;148;168m18.6k[39m
[38;2;138;148;168m────────────────────────────────────────────────────────────────────────────────[39m
❯ [7mA[27m[38;2;138;148;168msk your question...[39m
[38;2;138;148;168m────────────────────────────────────────────────────────────────────────────────[39m
  [38;2;138;148;168m? for shortcuts · [38;2;2;136;142mtaste on[39m



[?2026l[?2026h[2K[1A[2K[1A[2K[1A[2K[1A[2K[1A[2K[1A[2K[1A[2K[1A[2K[1A[2K[1A[2K[G[38;2;165;153;233m⠶[39m Everything verified independently. Writing the review now.

[48;2;45;43;85m[38;2;228;204;255m [1m· [22m[38;2;204;199;225mC[38;2;255;255;255mo[38;2;234;218;255mg[38;2;171;165;206mi[38;2;228;204;255mt[38;2;165;153;233ma[38;2;110;97;163mting…[38;2;228;204;255m [39m[49m [1m[38;2;138;148;168mesc[39m[22m [38;2;138;148;168mto interrupt[39m [38;2;138;148;168m•[39m [38;2;138;148;168m1m 14s[39m [38;2;138;148;168m•[39m [38;2;138;148;168m↓[39m [38;2;138;148;168m18.6k[39m
[38;2;138;148;168m────────────────────────────────────────────────────────────────────────────────[39m
❯ [7mA[27m[38;2;138;148;168msk your question...[39m
[38;2;138;148;168m────────────────────────────────────────────────────────────────────────────────[39m
  [38;2;138;148;168m? for shortcuts · [38;2;2;136;142mtaste on[39m



[?2026l[?2026h[2K[1A[2K[1A[2K[1A[2K[1A[2K[1A[2K[1A[2K[1A[2K[1A[2K[1A[2K[1A[2K[G[38;2;165;153;233m⠶[39m Everything verified independently. Writing the review now.

[48;2;45;43;85m[38;2;228;204;255m [1m· [22m[38;2;171;165;206mC[38;2;204;199;225mo[38;2;255;255;255mg[38;2;234;218;255mi[38;2;171;165;206mt[38;2;228;204;255ma[38;2;165;153;233mt[38;2;110;97;163ming…[38;2;228;204;255m [39m[49m [1m[38;2;138;148;168mesc[39m[22m [38;2;138;148;168mto interrupt[39m [38;2;138;148;168m•[39m [38;2;138;148;168m1m 14s[39m [38;2;138;148;168m•[39m [38;2;138;148;168m↓[39m [38;2;138;148;168m18.6k[39m
[38;2;138;148;168m────────────────────────────────────────────────────────────────────────────────[39m
❯ [7mA[27m[38;2;138;148;168msk your question...[39m
[38;2;138;148;168m────────────────────────────────────────────────────────────────────────────────[39m
  [38;2;138;148;168m? for shortcuts · [38;2;2;136;142mtaste on[39m



[?2026l[?2026h[2K[1A[2K[1A[2K[1A[2K[1A[2K[1A[2K[1A[2K[1A[2K[1A[2K[1A[2K[1A[2K[G[38;2;165;153;233m⠶[39m Everything verified independently. Writing the review now.

[48;2;45;43;85m[38;2;228;204;255m [1m· [22mC[38;2;171;165;206mo[38;2;204;199;225mg[38;2;255;255;255mi[38;2;234;218;255mt[38;2;171;165;206ma[38;2;228;204;255mt[38;2;165;153;233mi[38;2;110;97;163mng…[38;2;228;204;255m [39m[49m [1m[38;2;138;148;168mesc[39m[22m [38;2;138;148;168mto interrupt[39m [38;2;138;148;168m•[39m [38;2;138;148;168m1m 14s[39m [38;2;138;148;168m•[39m [38;2;138;148;168m↓[39m [38;2;138;148;168m18.6k[39m
[38;2;138;148;168m────────────────────────────────────────────────────────────────────────────────[39m
❯ [7mA[27m[38;2;138;148;168msk your question...[39m
[38;2;138;148;168m────────────────────────────────────────────────────────────────────────────────[39m
  [38;2;138;148;168m? for shortcuts · [38;2;2;136;142mtaste on[39m



[?2026l[?2026h[2K[1A[2K[1A[2K[1A[2K[1A[2K[1A[2K[1A[2K[1A[2K[1A[2K[1A[2K[1A[2K[G[38;2;165;153;233m⠶[39m Everything verified independently. Writing the review now.

[48;2;45;43;85m[38;2;228;204;255m [1m· [22mC[38;2;171;165;206mo[38;2;204;199;225mg[38;2;255;255;255mi[38;2;234;218;255mt[38;2;171;165;206ma[38;2;228;204;255mt[38;2;165;153;233mi[38;2;110;97;163mng…[38;2;228;204;255m [39m[49m [1m[38;2;138;148;168mesc[39m[22m [38;2;138;148;168mto interrupt[39m [38;2;138;148;168m•[39m [38;2;138;148;168m1m 15s[39m [38;2;138;148;168m•[39m [38;2;138;148;168m↓[39m [38;2;138;148;168m18.6k[39m
[38;2;138;148;168m────────────────────────────────────────────────────────────────────────────────[39m
❯ [7mA[27m[38;2;138;148;168msk your question...[39m
[38;2;138;148;168m────────────────────────────────────────────────────────────────────────────────[39m
  [38;2;138;148;168m? for shortcuts · [38;2;2;136;142mtaste on[39m



[?2026l[?2026h[2K[1A[2K[1A[2K[1A[2K[1A[2K[1A[2K[1A[2K[1A[2K[1A[2K[1A[2K[1A[2K[G[38;2;165;153;233m⠶[39m Everything verified independently. Writing the review now.

[48;2;45;43;85m[38;2;228;204;255m [1m○ [22m[38;2;165;153;233mC[38;2;228;204;255mo[38;2;171;165;206mg[38;2;204;199;225mi[38;2;255;255;255mt[38;2;234;218;255ma[38;2;171;165;206mt[38;2;228;204;255mi[38;2;165;153;233mn[38;2;110;97;163mg…[38;2;228;204;255m [39m[49m [1m[38;2;138;148;168mesc[39m[22m [38;2;138;148;168mto interrupt[39m [38;2;138;148;168m•[39m [38;2;138;148;168m1m 15s[39m [38;2;138;148;168m•[39m [38;2;138;148;168m↓[39m [38;2;138;148;168m18.6k[39m
[38;2;138;148;168m────────────────────────────────────────────────────────────────────────────────[39m
❯ [7mA[27m[38;2;138;148;168msk your question...[39m
[38;2;138;148;168m────────────────────────────────────────────────────────────────────────────────[39m
  [38;2;138;148;168m? for shortcuts · [38;2;2;136;142mtaste on[39m



[?2026l[?2026h[2K[1A[2K[1A[2K[1A[2K[1A[2K[1A[2K[1A[2K[1A[2K[1A[2K[1A[2K[1A[2K[G[38;2;165;153;233m⠶[39m Everything verified independently. Writing the review now.

[48;2;45;43;85m[38;2;228;204;255m [1m○ [22m[38;2;110;97;163mC[38;2;165;153;233mo[38;2;228;204;255mg[38;2;171;165;206mi[38;2;204;199;225mt[38;2;255;255;255ma[38;2;234;218;255mt[38;2;171;165;206mi[38;2;228;204;255mn[38;2;165;153;233mg[38;2;110;97;163m…[38;2;228;204;255m [39m[49m [1m[38;2;138;148;168mesc[39m[22m [38;2;138;148;168mto interrupt[39m [38;2;138;148;168m•[39m [38;2;138;148;168m1m 15s[39m [38;2;138;148;168m•[39m [38;2;138;148;168m↓[39m [38;2;138;148;168m18.6k[39m
[38;2;138;148;168m────────────────────────────────────────────────────────────────────────────────[39m
❯ [7mA[27m[38;2;138;148;168msk your question...[39m
[38;2;138;148;168m────────────────────────────────────────────────────────────────────────────────[39m
  [38;2;138;148;168m? for shortcuts · [38;2;2;136;142mtaste on[39m



[?2026l[?2026h[2K[1A[2K[1A[2K[1A[2K[1A[2K[1A[2K[1A[2K[1A[2K[1A[2K[1A[2K[1A[2K[G[38;2;165;153;233m⠶[39m Everything verified independently. Writing the review now.

[48;2;45;43;85m[38;2;228;204;255m [1m◇ [22m[38;2;110;97;163mCo[38;2;165;153;233mg[38;2;228;204;255mi[38;2;171;165;206mt[38;2;204;199;225ma[38;2;255;255;255mt[38;2;234;218;255mi[38;2;171;165;206mn[38;2;228;204;255mg[38;2;165;153;233m…[38;2;228;204;255m [39m[49m [1m[38;2;138;148;168mesc[39m[22m [38;2;138;148;168mto interrupt[39m [38;2;138;148;168m•[39m [38;2;138;148;168m1m 15s[39m [38;2;138;148;168m•[39m [38;2;138;148;168m↓[39m [38;2;138;148;168m18.6k[39m
[38;2;138;148;168m────────────────────────────────────────────────────────────────────────────────[39m
❯ [7mA[27m[38;2;138;148;168msk your question...[39m
[38;2;138;148;168m────────────────────────────────────────────────────────────────────────────────[39m
  [38;2;138;148;168m? for shortcuts · [38;2;2;136;142mtaste on[39m



[?2026l[?2026h[2K[1A[2K[1A[2K[1A[2K[1A[2K[1A[2K[1A[2K[1A[2K[1A[2K[1A[2K[1A[2K[G[38;2;165;153;233m⠶[39m Everything verified independently. Writing the review now.

[48;2;45;43;85m[38;2;228;204;255m [1m☆ [22m[38;2;110;97;163mCog[38;2;165;153;233mi[38;2;228;204;255mt[38;2;171;165;206ma[38;2;204;199;225mt[38;2;255;255;255mi[38;2;234;218;255mn[38;2;171;165;206mg[38;2;228;204;255m… [39m[49m [1m[38;2;138;148;168mesc[39m[22m [38;2;138;148;168mto interrupt[39m [38;2;138;148;168m•[39m [38;2;138;148;168m1m 15s[39m [38;2;138;148;168m•[39m [38;2;138;148;168m↓[39m [38;2;138;148;168m18.6k[39m
[38;2;138;148;168m────────────────────────────────────────────────────────────────────────────────[39m
❯ [7mA[27m[38;2;138;148;168msk your question...[39m
[38;2;138;148;168m────────────────────────────────────────────────────────────────────────────────[39m
  [38;2;138;148;168m? for shortcuts · [38;2;2;136;142mtaste on[39m



[?2026l[?2026h[2K[1A[2K[1A[2K[1A[2K[1A[2K[1A[2K[1A[2K[1A[2K[1A[2K[1A[2K[1A[2K[G[38;2;165;153;233m⠶[39m Everything verified independently. Writing the review now.

[48;2;45;43;85m[38;2;228;204;255m [1m✧ [22m[38;2;110;97;163mCogi[38;2;165;153;233mt[38;2;228;204;255ma[38;2;171;165;206mt[38;2;204;199;225mi[38;2;255;255;255mn[38;2;234;218;255mg[38;2;171;165;206m…[38;2;228;204;255m [39m[49m [1m[38;2;138;148;168mesc[39m[22m [38;2;138;148;168mto interrupt[39m [38;2;138;148;168m•[39m [38;2;138;148;168m1m 15s[39m [38;2;138;148;168m•[39m [38;2;138;148;168m↓[39m [38;2;138;148;168m18.6k[39m
[38;2;138;148;168m────────────────────────────────────────────────────────────────────────────────[39m
❯ [7mA[27m[38;2;138;148;168msk your question...[39m
[38;2;138;148;168m────────────────────────────────────────────────────────────────────────────────[39m
  [38;2;138;148;168m? for shortcuts · [38;2;2;136;142mtaste on[39m



[?2026l[?2026h[2K[1A[2K[1A[2K[1A[2K[1A[2K[1A[2K[1A[2K[1A[2K[1A[2K[1A[2K[1A[2K[G[38;2;165;153;233m⠶[39m Everything verified independently. Writing the review now.

[48;2;45;43;85m[38;2;228;204;255m [1m☆ [22m[38;2;110;97;163mCogit[38;2;165;153;233ma[38;2;228;204;255mt[38;2;171;165;206mi[38;2;204;199;225mn[38;2;255;255;255mg[38;2;234;218;255m…[38;2;228;204;255m [39m[49m [1m[38;2;138;148;168mesc[39m[22m [38;2;138;148;168mto interrupt[39m [38;2;138;148;168m•[39m [38;2;138;148;168m1m 15s[39m [38;2;138;148;168m•[39m [38;2;138;148;168m↓[39m [38;2;138;148;168m18.6k[39m
[38;2;138;148;168m────────────────────────────────────────────────────────────────────────────────[39m
❯ [7mA[27m[38;2;138;148;168msk your question...[39m
[38;2;138;148;168m────────────────────────────────────────────────────────────────────────────────[39m
  [38;2;138;148;168m? for shortcuts · [38;2;2;136;142mtaste on[39m



[?2026l[?2026h[2K[1A[2K[1A[2K[1A[2K[1A[2K[1A[2K[1A[2K[1A[2K[1A[2K[1A[2K[1A[2K[G[38;2;165;153;233m⠶[39m Everything verified independently. Writing the review now.

[48;2;45;43;85m[38;2;228;204;255m [1m◇ [22m[38;2;110;97;163mCogita[38;2;165;153;233mt[38;2;228;204;255mi[38;2;171;165;206mn[38;2;204;199;225mg[38;2;255;255;255m…[38;2;228;204;255m [39m[49m [1m[38;2;138;148;168mesc[39m[22m [38;2;138;148;168mto interrupt[39m [38;2;138;148;168m•[39m [38;2;138;148;168m1m 15s[39m [38;2;138;148;168m•[39m [38;2;138;148;168m↓[39m [38;2;138;148;168m18.6k[39m
[38;2;138;148;168m────────────────────────────────────────────────────────────────────────────────[39m
❯ [7mA[27m[38;2;138;148;168msk your question...[39m
[38;2;138;148;168m────────────────────────────────────────────────────────────────────────────────[39m
  [38;2;138;148;168m? for shortcuts · [38;2;2;136;142mtaste on[39m



[?2026l[?2026h[2K[1A[2K[1A[2K[1A[2K[1A[2K[1A[2K[1A[2K[1A[2K[1A[2K[1A[2K[1A[2K[G[38;2;165;153;233m⠶[39m Everything verified independently. Writing the review now.

[48;2;45;43;85m[38;2;228;204;255m [1m○ [22m[38;2;110;97;163mCogitat[38;2;165;153;233mi[38;2;228;204;255mn[38;2;171;165;206mg[38;2;204;199;225m…[38;2;228;204;255m [39m[49m [1m[38;2;138;148;168mesc[39m[22m [38;2;138;148;168mto interrupt[39m [38;2;138;148;168m•[39m [38;2;138;148;168m1m 15s[39m [38;2;138;148;168m•[39m [38;2;138;148;168m↓[39m [38;2;138;148;168m18.6k[39m
[38;2;138;148;168m────────────────────────────────────────────────────────────────────────────────[39m
❯ [7mA[27m[38;2;138;148;168msk your question...[39m
[38;2;138;148;168m────────────────────────────────────────────────────────────────────────────────[39m
  [38;2;138;148;168m? for shortcuts · [38;2;2;136;142mtaste on[39m



[?2026l[?2026h[2K[1A[2K[1A[2K[1A[2K[1A[2K[1A[2K[1A[2K[1A[2K[1A[2K[1A[2K[1A[2K[G[38;2;165;153;233m⠶[39m Everything verified independently. Writing the review now.

[?2026h
[38;2;76;85;106m────────────────────────────────────────────────────────────────────────────────[39m

[1m[38;2;228;204;255mCreate File[39m[22m

[1mDo you want to create [38;2;228;204;255m.orch/20260921-180819/4-review.md[39m?[22m

[38;2;228;204;255m❯ 1. Yes[39m
[38;2;138;148;168m [38;2;229;229;229m 2. Yes, allow all edits this session [1m[38;2;53;61;80m[[38;2;229;229;229mshift+tab[38;2;53;61;80m][39m[22m
[38;2;138;148;168m [38;2;229;229;229m 3. No, tell Command Code what to do differently[39m

[3m[38;2;138;148;168m↑/↓ navigate · enter select · Run [38;2;229;229;229mcmd --yolo[38;2;138;148;168m to bypass all permissions (]8;;https://commandcode.ai/docs/permissions#permission-modesDocs ↗]8;;)[39m[23m

[?2026l[?2026l]0;⌘ Command Code · orch-go · deepseek-v4-flash-(latest)]2;⌘ Command Code · orch-go · deepseek-v4-flash-(latest)]0;⌘ Command Code · orch-go · deepseek-v4-flash-(latest)]2;⌘ Command Code · orch-go · deepseek-v4-flash-(latest)[?2026h[2K[1A[2K[1A[2K[1A[2K[1A[2K[1A[2K[1A[2K[1A[2K[1A[2K[1A[2K[1A[2K[1A[2K[1A[2K[1A[2K[G[48;2;45;43;85m[38;2;228;204;255m [1m· [22m[38;2;234;218;255mF[38;2;171;165;206mi[38;2;228;204;255ml[38;2;165;153;233me[38;2;110;97;163m operation allowed[38;2;228;204;255m [39m[49m [1m[38;2;138;148;168mesc[39m[22m [38;2;138;148;168mto interrupt[39m [38;2;138;148;168m•[39m [38;2;138;148;168m1m 29s[39m [38;2;138;148;168m•[39m [38;2;138;148;168m↓[39m [38;2;138;148;168m18.6k[39m
 [38;2;138;148;168m ⎿  Tip: Use shift+tab to enable auto-accept[39m
[38;2;138;148;168m────────────────────────────────────────────────────────────────────────────────[39m
❯ [7mA[27m[38;2;138;148;168msk your question...[39m
[38;2;138;148;168m────────────────────────────────────────────────────────────────────────────────[39m
  [38;2;138;148;168m? for shortcuts · [38;2;2;136;142mtaste on[39m



[?2026l[?2026h[2K[1A[2K[1A[2K[1A[2K[1A[2K[1A[2K[1A[2K[1A[2K[1A[2K[1A[2K[G[1m[48;2;89;69;177m[38;2;244;244;244m WRITE [39m[49m[22m [38;2;53;61;80m[[39m.orch/20260921-180819/4-review.md[38;2;53;61;80m][39m
 [38;2;138;148;168m└ [39m [38;2;138;148;168mCreated [1m[38;2;229;229;229m.orch/20260921-180819/4-review.md[22m[38;2;138;148;168m (49 lines)[39m

    [48;2;4;71;58m[38;2;76;200;142m  1[38;2;138;148;168m │ [38;2;76;200;142m# Implementation Review: README.md for orch[39m                   [49m
    [48;2;4;71;58m[38;2;76;200;142m  2[38;2;138;148;168m │ [39m                                                              [49m
    [48;2;4;71;58m[38;2;76;200;142m  3[38;2;138;148;168m │ [38;2;76;200;142m## Verdict[39m                                                    [49m
    [48;2;4;71;58m[38;2;76;200;142m  4[38;2;138;148;168m │ [38;2;227;223;255mThe task is complete and correct. [38;2;76;200;142m`README.md`[38;2;227;223;255m documents all f…[39m[49m
    [48;2;4;71;58m[38;2;76;200;142m  5[38;2;138;148;168m │ [39m                                                              [49m
    [48;2;4;71;58m[38;2;76;200;142m  6[38;2;138;148;168m │ [38;2;76;200;142m## What I verified (against the real repository, not the summ…[39m[49m
    [48;2;4;71;58m[38;2;76;200;142m  7[38;2;138;148;168m │ [39m                                                              [49m
    [48;2;4;71;58m[38;2;76;200;142m  8[38;2;138;148;168m │ [38;2;76;200;142m### 1. README exists at repo root and is valid Markdown[39m       [49m
    [48;2;4;71;58m[38;2;76;200;142m  9[38;2;138;148;168m │ [38;2;76;200;142m-[38;2;227;223;255m [38;2;76;200;142m`README.md`[38;2;227;223;255m exists with 146 lines, balanced fenced code blo…[39m[49m
    [48;2;4;71;58m[38;2;76;200;142m 10[38;2;138;148;168m │ [38;2;76;200;142m-[38;2;227;223;255m It is a modification of the pre-existing file (from commit …[39m[49m

    [38;2;138;148;168m… (39 more lines) [38;2;53;61;80m[[38;2;138;148;168mctrl+o to expand[38;2;53;61;80m][39m

[?2026h[48;2;45;43;85m[38;2;228;204;255m [1m· [22m[38;2;234;218;255mF[38;2;171;165;206mi[38;2;228;204;255ml[38;2;165;153;233me[38;2;110;97;163m operation allowed[38;2;228;204;255m [39m[49m [1m[38;2;138;148;168mesc[39m[22m [38;2;138;148;168mto interrupt[39m [38;2;138;148;168m•[39m [38;2;138;148;168m1m 29s[39m [38;2;138;148;168m•[39m [38;2;138;148;168m↓[39m [38;2;138;148;168m18.6k[39m
 [38;2;138;148;168m ⎿  Tip: Use shift+tab to enable auto-accept[39m
[38;2;138;148;168m────────────────────────────────────────────────────────────────────────────────[39m
❯ [7mA[27m[38;2;138;148;168msk your question...[39m
[38;2;138;148;168m────────────────────────────────────────────────────────────────────────────────[39m
  [38;2;138;148;168m? for shortcuts · [38;2;2;136;142mtaste on[39m



[?2026l[?2026l[?2026h[2K[1A[2K[1A[2K[1A[2K[1A[2K[1A[2K[1A[2K[1A[2K[1A[2K[1A[2K[G[48;2;45;43;85m[38;2;228;204;255m [1m· [22m[38;2;255;255;255mF[38;2;234;218;255mi[38;2;171;165;206ml[38;2;228;204;255me[38;2;165;153;233m [38;2;110;97;163moperation allowed[38;2;228;204;255m [39m[49m [1m[38;2;138;148;168mesc[39m[22m [38;2;138;148;168mto interrupt[39m [38;2;138;148;168m•[39m [38;2;138;148;168m1m 29s[39m [38;2;138;148;168m•[39m [38;2;138;148;168m↓[39m [38;2;138;148;168m18.6k[39m
 [38;2;138;148;168m ⎿  Tip: Use shift+tab to enable auto-accept[39m
[38;2;138;148;168m────────────────────────────────────────────────────────────────────────────────[39m
❯ [7mA[27m[38;2;138;148;168msk your question...[39m
[38;2;138;148;168m────────────────────────────────────────────────────────────────────────────────[39m
  [38;2;138;148;168m? for shortcuts · [38;2;2;136;142mtaste on[39m



[?2026l[?2026h[2K[1A[2K[1A[2K[1A[2K[1A[2K[1A[2K[1A[2K[1A[2K[1A[2K[1A[2K[G[48;2;45;43;85m[38;2;228;204;255m [1m· [22m[38;2;204;199;225mF[38;2;255;255;255mi[38;2;234;218;255ml[38;2;171;165;206me[38;2;228;204;255m [38;2;165;153;233mo[38;2;110;97;163mperation allowed[38;2;228;204;255m [39m[49m [1m[38;2;138;148;168mesc[39m[22m [38;2;138;148;168mto interrupt[39m [38;2;138;148;168m•[39m [38;2;138;148;168m1m 29s[39m [38;2;138;148;168m•[39m [38;2;138;148;168m↓[39m [38;2;138;148;168m18.6k[39m
 [38;2;138;148;168m ⎿  Tip: Use shift+tab to enable auto-accept[39m
[38;2;138;148;168m────────────────────────────────────────────────────────────────────────────────[39m
❯ [7mA[27m[38;2;138;148;168msk your question...[39m
[38;2;138;148;168m────────────────────────────────────────────────────────────────────────────────[39m
  [38;2;138;148;168m? for shortcuts · [38;2;2;136;142mtaste on[39m



[?2026l[?2026h[2K[1A[2K[1A[2K[1A[2K[1A[2K[1A[2K[1A[2K[1A[2K[1A[2K[1A[2K[G[48;2;45;43;85m[38;2;228;204;255m [1m○ [22m[38;2;171;165;206mF[38;2;204;199;225mi[38;2;255;255;255ml[38;2;234;218;255me[38;2;171;165;206m [38;2;228;204;255mo[38;2;165;153;233mp[38;2;110;97;163meration allowed[38;2;228;204;255m [39m[49m [1m[38;2;138;148;168mesc[39m[22m [38;2;138;148;168mto interrupt[39m [38;2;138;148;168m•[39m [38;2;138;148;168m1m 29s[39m [38;2;138;148;168m•[39m [38;2;138;148;168m↓[39m [38;2;138;148;168m18.6k[39m
 [38;2;138;148;168m ⎿  Tip: Use shift+tab to enable auto-accept[39m
[38;2;138;148;168m────────────────────────────────────────────────────────────────────────────────[39m
❯ [7mA[27m[38;2;138;148;168msk your question...[39m
[38;2;138;148;168m────────────────────────────────────────────────────────────────────────────────[39m
  [38;2;138;148;168m? for shortcuts · [38;2;2;136;142mtaste on[39m



[?2026l[?2026h[2K[1A[2K[1A[2K[1A[2K[1A[2K[1A[2K[1A[2K[1A[2K[1A[2K[1A[2K[G[48;2;45;43;85m[38;2;228;204;255m [1m○ [22mF[38;2;171;165;206mi[38;2;204;199;225ml[38;2;255;255;255me[38;2;234;218;255m [38;2;171;165;206mo[38;2;228;204;255mp[38;2;165;153;233me[38;2;110;97;163mration allowed[38;2;228;204;255m [39m[49m [1m[38;2;138;148;168mesc[39m[22m [38;2;138;148;168mto interrupt[39m [38;2;138;148;168m•[39m [38;2;138;148;168m1m 29s[39m [38;2;138;148;168m•[39m [38;2;138;148;168m↓[39m [38;2;138;148;168m18.6k[39m
 [38;2;138;148;168m ⎿  Tip: Use shift+tab to enable auto-accept[39m
[38;2;138;148;168m────────────────────────────────────────────────────────────────────────────────[39m
❯ [7mA[27m[38;2;138;148;168msk your question...[39m
[38;2;138;148;168m────────────────────────────────────────────────────────────────────────────────[39m
  [38;2;138;148;168m? for shortcuts · [38;2;2;136;142mtaste on[39m



[?2026l[?2026h[2K[1A[2K[1A[2K[1A[2K[1A[2K[1A[2K[1A[2K[1A[2K[1A[2K[1A[2K[G[48;2;45;43;85m[38;2;228;204;255m [1m◇ [22m[38;2;165;153;233mF[38;2;228;204;255mi[38;2;171;165;206ml[38;2;204;199;225me[38;2;255;255;255m [38;2;234;218;255mo[38;2;171;165;206mp[38;2;228;204;255me[38;2;165;153;233mr[38;2;110;97;163mation allowed[38;2;228;204;255m [39m[49m [1m[38;2;138;148;168mesc[39m[22m [38;2;138;148;168mto interrupt[39m [38;2;138;148;168m•[39m [38;2;138;148;168m1m 29s[39m [38;2;138;148;168m•[39m [38;2;138;148;168m↓[39m [38;2;138;148;168m18.6k[39m
 [38;2;138;148;168m ⎿  Tip: Use shift+tab to enable auto-accept[39m
[38;2;138;148;168m────────────────────────────────────────────────────────────────────────────────[39m
❯ [7mA[27m[38;2;138;148;168msk your question...[39m
[38;2;138;148;168m────────────────────────────────────────────────────────────────────────────────[39m
  [38;2;138;148;168m? for shortcuts · [38;2;2;136;142mtaste on[39m



[?2026l[?2026h[2K[1A[2K[1A[2K[1A[2K[1A[2K[1A[2K[1A[2K[1A[2K[1A[2K[1A[2K[G[48;2;45;43;85m[38;2;228;204;255m [1m☆ [22m[38;2;110;97;163mF[38;2;165;153;233mi[38;2;228;204;255ml[38;2;171;165;206me[38;2;204;199;225m [38;2;255;255;255mo[38;2;234;218;255mp[38;2;171;165;206me[38;2;228;204;255mr[38;2;165;153;233ma[38;2;110;97;163mtion allowed[38;2;228;204;255m [39m[49m [1m[38;2;138;148;168mesc[39m[22m [38;2;138;148;168mto interrupt[39m [38;2;138;148;168m•[39m [38;2;138;148;168m1m 29s[39m [38;2;138;148;168m•[39m [38;2;138;148;168m↓[39m [38;2;138;148;168m18.6k[39m
 [38;2;138;148;168m ⎿  Tip: Use shift+tab to enable auto-accept[39m
[38;2;138;148;168m────────────────────────────────────────────────────────────────────────────────[39m
❯ [7mA[27m[38;2;138;148;168msk your question...[39m
[38;2;138;148;168m────────────────────────────────────────────────────────────────────────────────[39m
  [38;2;138;148;168m? for shortcuts · [38;2;2;136;142mtaste on[39m



[?2026l[?2026h[2K[1A[2K[1A[2K[1A[2K[1A[2K[1A[2K[1A[2K[1A[2K[1A[2K[1A[2K[G[48;2;45;43;85m[38;2;228;204;255m [1m✧ [22m[38;2;110;97;163mFi[38;2;165;153;233ml[38;2;228;204;255me[38;2;171;165;206m [38;2;204;199;225mo[38;2;255;255;255mp[38;2;234;218;255me[38;2;171;165;206mr[38;2;228;204;255ma[38;2;165;153;233mt[38;2;110;97;163mion allowed[38;2;228;204;255m [39m[49m [1m[38;2;138;148;168mesc[39m[22m [38;2;138;148;168mto interrupt[39m [38;2;138;148;168m•[39m [38;2;138;148;168m1m 29s[39m [38;2;138;148;168m•[39m [38;2;138;148;168m↓[39m [38;2;138;148;168m18.6k[39m
 [38;2;138;148;168m ⎿  Tip: Use shift+tab to enable auto-accept[39m
[38;2;138;148;168m────────────────────────────────────────────────────────────────────────────────[39m
❯ [7mA[27m[38;2;138;148;168msk your question...[39m
[38;2;138;148;168m────────────────────────────────────────────────────────────────────────────────[39m
  [38;2;138;148;168m? for shortcuts · [38;2;2;136;142mtaste on[39m



[?2026l]0;⌘ Command Code · orch-go · deepseek-v4-flash-(latest)]2;⌘ Command Code · orch-go · deepseek-v4-flash-(latest)[?2026h[2K[1A[2K[1A[2K[1A[2K[1A[2K[1A[2K[1A[2K[1A[2K[1A[2K[1A[2K[G[48;2;45;43;85m[38;2;228;204;255m [1m☆ [22m[38;2;110;97;163mFil[38;2;165;153;233me[38;2;228;204;255m [38;2;171;165;206mo[38;2;204;199;225mp[38;2;255;255;255me[38;2;234;218;255mr[38;2;171;165;206ma[38;2;228;204;255mt[38;2;165;153;233mi[38;2;110;97;163mon allowed[38;2;228;204;255m [39m[49m [1m[38;2;138;148;168mesc[39m[22m [38;2;138;148;168mto interrupt[39m [38;2;138;148;168m•[39m [38;2;138;148;168m1m 29s[39m [38;2;138;148;168m•[39m [38;2;138;148;168m↓[39m [38;2;138;148;168m18.6k[39m
 [38;2;138;148;168m ⎿  Tip: Use shift+tab to enable auto-accept[39m
[38;2;138;148;168m────────────────────────────────────────────────────────────────────────────────[39m
❯ [7mA[27m[38;2;138;148;168msk your question...[39m
[38;2;138;148;168m────────────────────────────────────────────────────────────────────────────────[39m
  [38;2;138;148;168m? for shortcuts · [38;2;2;136;142mtaste on[39m



[?2026l[?2026h[2K[1A[2K[1A[2K[1A[2K[1A[2K[1A[2K[1A[2K[1A[2K[1A[2K[1A[2K[G[48;2;45;43;85m[38;2;228;204;255m [1m◇ [22m[38;2;110;97;163mFile[38;2;165;153;233m [38;2;228;204;255mo[38;2;171;165;206mp[38;2;204;199;225me[38;2;255;255;255mr[38;2;234;218;255ma[38;2;171;165;206mt[38;2;228;204;255mi[38;2;165;153;233mo[38;2;110;97;163mn allowed[38;2;228;204;255m [39m[49m [1m[38;2;138;148;168mesc[39m[22m [38;2;138;148;168mto interrupt[39m [38;2;138;148;168m•[39m [38;2;138;148;168m1m 29s[39m [38;2;138;148;168m•[39m [38;2;138;148;168m↓[39m [38;2;138;148;168m18.6k[39m
 [38;2;138;148;168m ⎿  Tip: Use shift+tab to enable auto-accept[39m
[38;2;138;148;168m────────────────────────────────────────────────────────────────────────────────[39m
❯ [7mA[27m[38;2;138;148;168msk your question...[39m
[38;2;138;148;168m────────────────────────────────────────────────────────────────────────────────[39m
  [38;2;138;148;168m? for shortcuts · [38;2;2;136;142mtaste on[39m



[?2026l[?2026h[2K[1A[2K[1A[2K[1A[2K[1A[2K[1A[2K[1A[2K[1A[2K[1A[2K[1A[2K[G[48;2;45;43;85m[38;2;228;204;255m [1m○ [22m[38;2;110;97;163mFile [38;2;165;153;233mo[38;2;228;204;255mp[38;2;171;165;206me[38;2;204;199;225mr[38;2;255;255;255ma[38;2;234;218;255mt[38;2;171;165;206mi[38;2;228;204;255mo[38;2;165;153;233mn[38;2;110;97;163m allowed[38;2;228;204;255m [39m[49m [1m[38;2;138;148;168mesc[39m[22m [38;2;138;148;168mto interrupt[39m [38;2;138;148;168m•[39m [38;2;138;148;168m1m 29s[39m [38;2;138;148;168m•[39m [38;2;138;148;168m↓[39m [38;2;138;148;168m18.6k[39m
 [38;2;138;148;168m ⎿  Tip: Use shift+tab to enable auto-accept[39m
[38;2;138;148;168m────────────────────────────────────────────────────────────────────────────────[39m
❯ [7mA[27m[38;2;138;148;168msk your question...[39m
[38;2;138;148;168m────────────────────────────────────────────────────────────────────────────────[39m
  [38;2;138;148;168m? for shortcuts · [38;2;2;136;142mtaste on[39m



[?2026l[?2026h[2K[1A[2K[1A[2K[1A[2K[1A[2K[1A[2K[1A[2K[1A[2K[1A[2K[1A[2K[G[48;2;45;43;85m[38;2;228;204;255m [1m⌘ [22m[38;2;110;97;163mFile o[38;2;165;153;233mp[38;2;228;204;255me[38;2;171;165;206mr[38;2;204;199;225ma[38;2;255;255;255mt[38;2;234;218;255mi[38;2;171;165;206mo[38;2;228;204;255mn[38;2;165;153;233m [38;2;110;97;163mallowed[38;2;228;204;255m [39m[49m [1m[38;2;138;148;168mesc[39m[22m [38;2;138;148;168mto interrupt[39m [38;2;138;148;168m•[39m [38;2;138;148;168m1m 29s[39m [38;2;138;148;168m•[39m [38;2;138;148;168m↓[39m [38;2;138;148;168m18.6k[39m
 [38;2;138;148;168m ⎿  Tip: Use shift+tab to enable auto-accept[39m
[38;2;138;148;168m────────────────────────────────────────────────────────────────────────────────[39m
❯ [7mA[27m[38;2;138;148;168msk your question...[39m
[38;2;138;148;168m────────────────────────────────────────────────────────────────────────────────[39m
  [38;2;138;148;168m? for shortcuts · [38;2;2;136;142mtaste on[39m



[?2026l[?2026h[2K[1A[2K[1A[2K[1A[2K[1A[2K[1A[2K[1A[2K[1A[2K[1A[2K[1A[2K[G[48;2;45;43;85m[38;2;228;204;255m [1m⌘ [22m[38;2;110;97;163mFile op[38;2;165;153;233me[38;2;228;204;255mr[38;2;171;165;206ma[38;2;204;199;225mt[38;2;255;255;255mi[38;2;234;218;255mo[38;2;171;165;206mn[38;2;228;204;255m [38;2;165;153;233ma[38;2;110;97;163mllowed[38;2;228;204;255m [39m[49m [1m[38;2;138;148;168mesc[39m[22m [38;2;138;148;168mto interrupt[39m [38;2;138;148;168m•[39m [38;2;138;148;168m1m 29s[39m [38;2;138;148;168m•[39m [38;2;138;148;168m↓[39m [38;2;138;148;168m18.6k[39m
 [38;2;138;148;168m ⎿  Tip: Use shift+tab to enable auto-accept[39m
[38;2;138;148;168m────────────────────────────────────────────────────────────────────────────────[39m
❯ [7mA[27m[38;2;138;148;168msk your question...[39m
[38;2;138;148;168m────────────────────────────────────────────────────────────────────────────────[39m
  [38;2;138;148;168m? for shortcuts · [38;2;2;136;142mtaste on[39m



[?2026l[?2026h[2K[1A[2K[1A[2K[1A[2K[1A[2K[1A[2K[1A[2K[1A[2K[1A[2K[1A[2K[G[48;2;45;43;85m[38;2;228;204;255m [1m⌘ [22m[38;2;110;97;163mFile op[38;2;165;153;233me[38;2;228;204;255mr[38;2;171;165;206ma[38;2;204;199;225mt[38;2;255;255;255mi[38;2;234;218;255mo[38;2;171;165;206mn[38;2;228;204;255m [38;2;165;153;233ma[38;2;110;97;163mllowed[38;2;228;204;255m [39m[49m [1m[38;2;138;148;168mesc[39m[22m [38;2;138;148;168mto interrupt[39m [38;2;138;148;168m•[39m [38;2;138;148;168m1m 30s[39m [38;2;138;148;168m•[39m [38;2;138;148;168m↓[39m [38;2;138;148;168m18.6k[39m
 [38;2;138;148;168m ⎿  Tip: Use shift+tab to enable auto-accept[39m
[38;2;138;148;168m────────────────────────────────────────────────────────────────────────────────[39m
❯ [7mA[27m[38;2;138;148;168msk your question...[39m
[38;2;138;148;168m────────────────────────────────────────────────────────────────────────────────[39m
  [38;2;138;148;168m? for shortcuts · [38;2;2;136;142mtaste on[39m



[?2026l[?2026h[2K[1A[2K[1A[2K[1A[2K[1A[2K[1A[2K[1A[2K[1A[2K[1A[2K[1A[2K[G[48;2;45;43;85m[38;2;228;204;255m [1m⌘ [22m[38;2;110;97;163mFile ope[38;2;165;153;233mr[38;2;228;204;255ma[38;2;171;165;206mt[38;2;204;199;225mi[38;2;255;255;255mo[38;2;234;218;255mn[38;2;171;165;206m [38;2;228;204;255ma[38;2;165;153;233ml[38;2;110;97;163mlowed[38;2;228;204;255m [39m[49m [1m[38;2;138;148;168mesc[39m[22m [38;2;138;148;168mto interrupt[39m [38;2;138;148;168m•[39m [38;2;138;148;168m1m 30s[39m [38;2;138;148;168m•[39m [38;2;138;148;168m↓[39m [38;2;138;148;168m18.6k[39m
 [38;2;138;148;168m ⎿  Tip: Use shift+tab to enable auto-accept[39m
[38;2;138;148;168m────────────────────────────────────────────────────────────────────────────────[39m
❯ [7mA[27m[38;2;138;148;168msk your question...[39m
[38;2;138;148;168m────────────────────────────────────────────────────────────────────────────────[39m
  [38;2;138;148;168m? for shortcuts · [38;2;2;136;142mtaste on[39m



[?2026l[?2026h[2K[1A[2K[1A[2K[1A[2K[1A[2K[1A[2K[1A[2K[1A[2K[1A[2K[1A[2K[G[48;2;45;43;85m[38;2;228;204;255m [1m⌘ [22m[38;2;110;97;163mFile oper[38;2;165;153;233ma[38;2;228;204;255mt[38;2;171;165;206mi[38;2;204;199;225mo[38;2;255;255;255mn[38;2;234;218;255m [38;2;171;165;206ma[38;2;228;204;255ml[38;2;165;153;233ml[38;2;110;97;163mowed[38;2;228;204;255m [39m[49m [1m[38;2;138;148;168mesc[39m[22m [38;2;138;148;168mto interrupt[39m [38;2;138;148;168m•[39m [38;2;138;148;168m1m 30s[39m [38;2;138;148;168m•[39m [38;2;138;148;168m↓[39m [38;2;138;148;168m18.7k[39m
 [38;2;138;148;168m ⎿  Tip: Use shift+tab to enable auto-accept[39m
[38;2;138;148;168m────────────────────────────────────────────────────────────────────────────────[39m
❯ [7mA[27m[38;2;138;148;168msk your question...[39m
[38;2;138;148;168m────────────────────────────────────────────────────────────────────────────────[39m
  [38;2;138;148;168m? for shortcuts · [38;2;2;136;142mtaste on[39m



[?2026l[?2026h[2K[1A[2K[1A[2K[1A[2K[1A[2K[1A[2K[1A[2K[1A[2K[1A[2K[1A[2K[G[48;2;45;43;85m[38;2;228;204;255m [1m○ [22m[38;2;110;97;163mFile opera[38;2;165;153;233mt[38;2;228;204;255mi[38;2;171;165;206mo[38;2;204;199;225mn[38;2;255;255;255m [38;2;234;218;255ma[38;2;171;165;206ml[38;2;228;204;255ml[38;2;165;153;233mo[38;2;110;97;163mwed[38;2;228;204;255m [39m[49m [1m[38;2;138;148;168mesc[39m[22m [38;2;138;148;168mto interrupt[39m [38;2;138;148;168m•[39m [38;2;138;148;168m1m 30s[39m [38;2;138;148;168m•[39m [38;2;138;148;168m↓[39m [38;2;138;148;168m18.7k[39m
 [38;2;138;148;168m ⎿  Tip: Use shift+tab to enable auto-accept[39m
[38;2;138;148;168m────────────────────────────────────────────────────────────────────────────────[39m
❯ [7mA[27m[38;2;138;148;168msk your question...[39m
[38;2;138;148;168m────────────────────────────────────────────────────────────────────────────────[39m
  [38;2;138;148;168m? for shortcuts · [38;2;2;136;142mtaste on[39m



[?2026l[?2026h[2K[1A[2K[1A[2K[1A[2K[1A[2K[1A[2K[1A[2K[1A[2K[1A[2K[1A[2K[G[48;2;45;43;85m[38;2;228;204;255m [1m◇ [22m[38;2;110;97;163mFile operat[38;2;165;153;233mi[38;2;228;204;255mo[38;2;171;165;206mn[38;2;204;199;225m [38;2;255;255;255ma[38;2;234;218;255ml[38;2;171;165;206ml[38;2;228;204;255mo[38;2;165;153;233mw[38;2;110;97;163med[38;2;228;204;255m [39m[49m [1m[38;2;138;148;168mesc[39m[22m [38;2;138;148;168mto interrupt[39m [38;2;138;148;168m•[39m [38;2;138;148;168m1m 30s[39m [38;2;138;148;168m•[39m [38;2;138;148;168m↓[39m [38;2;138;148;168m18.7k[39m
 [38;2;138;148;168m ⎿  Tip: Use shift+tab to enable auto-accept[39m
[38;2;138;148;168m────────────────────────────────────────────────────────────────────────────────[39m
❯ [7mA[27m[38;2;138;148;168msk your question...[39m
[38;2;138;148;168m────────────────────────────────────────────────────────────────────────────────[39m
  [38;2;138;148;168m? for shortcuts · [38;2;2;136;142mtaste on[39m



[?2026l[?2026h[2K[1A[2K[1A[2K[1A[2K[1A[2K[1A[2K[1A[2K[1A[2K[1A[2K[1A[2K[G[48;2;45;43;85m[38;2;228;204;255m [1m☆ [22m[38;2;110;97;163mFile operati[38;2;165;153;233mo[38;2;228;204;255mn[38;2;171;165;206m [38;2;204;199;225ma[38;2;255;255;255ml[38;2;234;218;255ml[38;2;171;165;206mo[38;2;228;204;255mw[38;2;165;153;233me[38;2;110;97;163md[38;2;228;204;255m [39m[49m [1m[38;2;138;148;168mesc[39m[22m [38;2;138;148;168mto interrupt[39m [38;2;138;148;168m•[39m [38;2;138;148;168m1m 30s[39m [38;2;138;148;168m•[39m [38;2;138;148;168m↓[39m [38;2;138;148;168m18.7k[39m
 [38;2;138;148;168m ⎿  Tip: Use shift+tab to enable auto-accept[39m
[38;2;138;148;168m────────────────────────────────────────────────────────────────────────────────[39m
❯ [7mA[27m[38;2;138;148;168msk your question...[39m
[38;2;138;148;168m────────────────────────────────────────────────────────────────────────────────[39m
  [38;2;138;148;168m? for shortcuts · [38;2;2;136;142mtaste on[39m



[?2026l[?2026h[2K[1A[2K[1A[2K[1A[2K[1A[2K[1A[2K[1A[2K[1A[2K[1A[2K[1A[2K[G[48;2;45;43;85m[38;2;228;204;255m [1m✧ [22m[38;2;110;97;163mFile operatio[38;2;165;153;233mn[38;2;228;204;255m [38;2;171;165;206ma[38;2;204;199;225ml[38;2;255;255;255ml[38;2;234;218;255mo[38;2;171;165;206mw[38;2;228;204;255me[38;2;165;153;233md[38;2;228;204;255m [39m[49m [1m[38;2;138;148;168mesc[39m[22m [38;2;138;148;168mto interrupt[39m [38;2;138;148;168m•[39m [38;2;138;148;168m1m 30s[39m [38;2;138;148;168m•[39m [38;2;138;148;168m↓[39m [38;2;138;148;168m18.7k[39m
 [38;2;138;148;168m ⎿  Tip: Use shift+tab to enable auto-accept[39m
[38;2;138;148;168m────────────────────────────────────────────────────────────────────────────────[39m
❯ [7mA[27m[38;2;138;148;168msk your question...[39m
[38;2;138;148;168m────────────────────────────────────────────────────────────────────────────────[39m
  [38;2;138;148;168m? for shortcuts · [38;2;2;136;142mtaste on[39m



[?2026l[?2026h[2K[1A[2K[1A[2K[1A[2K[1A[2K[1A[2K[1A[2K[1A[2K[1A[2K[1A[2K[G[48;2;45;43;85m[38;2;228;204;255m [1m☆ [22m[38;2;110;97;163mFile operation[38;2;165;153;233m [38;2;228;204;255ma[38;2;171;165;206ml[38;2;204;199;225ml[38;2;255;255;255mo[38;2;234;218;255mw[38;2;171;165;206me[38;2;228;204;255md [39m[49m [1m[38;2;138;148;168mesc[39m[22m [38;2;138;148;168mto interrupt[39m [38;2;138;148;168m•[39m [38;2;138;148;168m1m 30s[39m [38;2;138;148;168m•[39m [38;2;138;148;168m↓[39m [38;2;138;148;168m18.7k[39m
 [38;2;138;148;168m ⎿  Tip: Use shift+tab to enable auto-accept[39m
[38;2;138;148;168m────────────────────────────────────────────────────────────────────────────────[39m
❯ [7mA[27m[38;2;138;148;168msk your question...[39m
[38;2;138;148;168m────────────────────────────────────────────────────────────────────────────────[39m
  [38;2;138;148;168m? for shortcuts · [38;2;2;136;142mtaste on[39m



[?2026l[?2026h[2K[1A[2K[1A[2K[1A[2K[1A[2K[1A[2K[1A[2K[1A[2K[1A[2K[1A[2K[G[48;2;45;43;85m[38;2;228;204;255m [1m◇ [22m[38;2;110;97;163mFile operation [38;2;165;153;233ma[38;2;228;204;255ml[38;2;171;165;206ml[38;2;204;199;225mo[38;2;255;255;255mw[38;2;234;218;255me[38;2;171;165;206md[38;2;228;204;255m [39m[49m [1m[38;2;138;148;168mesc[39m[22m [38;2;138;148;168mto interrupt[39m [38;2;138;148;168m•[39m [38;2;138;148;168m1m 30s[39m [38;2;138;148;168m•[39m [38;2;138;148;168m↓[39m [38;2;138;148;168m18.7k[39m
 [38;2;138;148;168m ⎿  Tip: Use shift+tab to enable auto-accept[39m
[38;2;138;148;168m────────────────────────────────────────────────────────────────────────────────[39m
❯ [7mA[27m[38;2;138;148;168msk your question...[39m
[38;2;138;148;168m────────────────────────────────────────────────────────────────────────────────[39m
  [38;2;138;148;168m? for shortcuts · [38;2;2;136;142mtaste on[39m



[?2026l[?2026h[2K[1A[2K[1A[2K[1A[2K[1A[2K[1A[2K[1A[2K[1A[2K[1A[2K[1A[2K[G[48;2;45;43;85m[38;2;228;204;255m [1m○ [22m[38;2;110;97;163mFile operation a[38;2;165;153;233ml[38;2;228;204;255ml[38;2;171;165;206mo[38;2;204;199;225mw[38;2;255;255;255me[38;2;234;218;255md[38;2;228;204;255m [39m[49m [1m[38;2;138;148;168mesc[39m[22m [38;2;138;148;168mto interrupt[39m [38;2;138;148;168m•[39m [38;2;138;148;168m1m 30s[39m [38;2;138;148;168m•[39m [38;2;138;148;168m↓[39m [38;2;138;148;168m18.7k[39m
 [38;2;138;148;168m ⎿  Tip: Use shift+tab to enable auto-accept[39m
[38;2;138;148;168m────────────────────────────────────────────────────────────────────────────────[39m
❯ [7mA[27m[38;2;138;148;168msk your question...[39m
[38;2;138;148;168m────────────────────────────────────────────────────────────────────────────────[39m
  [38;2;138;148;168m? for shortcuts · [38;2;2;136;142mtaste on[39m



[?2026l[?2026h[2K[1A[2K[1A[2K[1A[2K[1A[2K[1A[2K[1A[2K[1A[2K[1A[2K[1A[2K[G[48;2;45;43;85m[38;2;228;204;255m [1m· [22m[38;2;110;97;163mFile operation al[38;2;165;153;233ml[38;2;228;204;255mo[38;2;171;165;206mw[38;2;204;199;225me[38;2;255;255;255md[38;2;228;204;255m [39m[49m [1m[38;2;138;148;168mesc[39m[22m [38;2;138;148;168mto interrupt[39m [38;2;138;148;168m•[39m [38;2;138;148;168m1m 30s[39m [38;2;138;148;168m•[39m [38;2;138;148;168m↓[39m [38;2;138;148;168m18.7k[39m
 [38;2;138;148;168m ⎿  Tip: Use shift+tab to enable auto-accept[39m
[38;2;138;148;168m────────────────────────────────────────────────────────────────────────────────[39m
❯ [7mA[27m[38;2;138;148;168msk your question...[39m
[38;2;138;148;168m────────────────────────────────────────────────────────────────────────────────[39m
  [38;2;138;148;168m? for shortcuts · [38;2;2;136;142mtaste on[39m



[?2026l[?2026h[2K[1A[2K[1A[2K[1A[2K[1A[2K[1A[2K[1A[2K[1A[2K[1A[2K[1A[2K[G[48;2;45;43;85m[38;2;228;204;255m [1m· [22m[38;2;110;97;163mMaterializing…[38;2;228;204;255m [39m[49m [1m[38;2;138;148;168mesc[39m[22m [38;2;138;148;168mto interrupt[39m [38;2;138;148;168m•[39m [38;2;138;148;168m1m 30s[39m [38;2;138;148;168m•[39m [38;2;138;148;168m↓[39m [38;2;138;148;168m18.7k[39m
 [38;2;138;148;168m ⎿  Tip: Use shift+tab to enable auto-accept[39m
[38;2;138;148;168m────────────────────────────────────────────────────────────────────────────────[39m
❯ [7mA[27m[38;2;138;148;168msk your question...[39m
[38;2;138;148;168m────────────────────────────────────────────────────────────────────────────────[39m
  [38;2;138;148;168m? for shortcuts · [38;2;2;136;142mtaste on[39m



[?2026l[?2026h[2K[1A[2K[1A[2K[1A[2K[1A[2K[1A[2K[1A[2K[1A[2K[1A[2K[1A[2K[G[48;2;45;43;85m[38;2;228;204;255m [1m· [22m[38;2;234;218;255mM[38;2;171;165;206ma[38;2;228;204;255mt[38;2;165;153;233me[38;2;110;97;163mrializing…[38;2;228;204;255m [39m[49m [1m[38;2;138;148;168mesc[39m[22m [38;2;138;148;168mto interrupt[39m [38;2;138;148;168m•[39m [38;2;138;148;168m1m 30s[39m [38;2;138;148;168m•[39m [38;2;138;148;168m↓[39m [38;2;138;148;168m18.7k[39m
 [38;2;138;148;168m ⎿  Tip: Use shift+tab to enable auto-accept[39m
[38;2;138;148;168m────────────────────────────────────────────────────────────────────────────────[39m
❯ [7mA[27m[38;2;138;148;168msk your question...[39m
[38;2;138;148;168m────────────────────────────────────────────────────────────────────────────────[39m
  [38;2;138;148;168m? for shortcuts · [38;2;2;136;142mtaste on[39m



[?2026l[?2026h[2K[1A[2K[1A[2K[1A[2K[1A[2K[1A[2K[1A[2K[1A[2K[1A[2K[1A[2K[G[48;2;45;43;85m[38;2;228;204;255m [1m○ [22m[38;2;255;255;255mM[38;2;234;218;255ma[38;2;171;165;206mt[38;2;228;204;255me[38;2;165;153;233mr[38;2;110;97;163mializing…[38;2;228;204;255m [39m[49m [1m[38;2;138;148;168mesc[39m[22m [38;2;138;148;168mto interrupt[39m [38;2;138;148;168m•[39m [38;2;138;148;168m1m 31s[39m [38;2;138;148;168m•[39m [38;2;138;148;168m↓[39m [38;2;138;148;168m18.7k[39m
 [38;2;138;148;168m ⎿  Tip: Use shift+tab to enable auto-accept[39m
[38;2;138;148;168m────────────────────────────────────────────────────────────────────────────────[39m
❯ [7mA[27m[38;2;138;148;168msk your question...[39m
[38;2;138;148;168m────────────────────────────────────────────────────────────────────────────────[39m
  [38;2;138;148;168m? for shortcuts · [38;2;2;136;142mtaste on[39m



[?2026l